,Document Date,XDoc No.,Document Number Sap,Amount
0,2026-09-01,1800000042.0,1800000042.0,1857.51
1,2026-09-01,1800000193.0,1800000193.0,4295.93
2,2026-09-01,1800000278.0,1800000278.0,2640.17
3,2026-09-01,1800000289.0,1800000289.0,3507.27
4,2026-09-01,1800000362.0,1800000362.0,1322.57
5,2026-09-01,1800000412.0,1800000412.0,1218.08
6,2026-09-01,1800000426.0,1800000426.0,1122.94
7,2026-09-01,1800000450.0,1800000450.0,2355.31
8,2026-09-01,1800000632.0,1800000632.0,18518.42
9,2026-09-01,1800000955.0,1800000955.0,1568.62
10,2026-09-01,1800000986.0,1800000986.0,2516.31
11,2026-09-01,1800001163.0,1800001163.0,978.74
12,2026-09-01,1800001220.0,1800001220.0,4043.19
13,2026-09-01,1800001372.0,1800001372.0,374.22
14,2026-09-01,1800001390.0,1800001390.0,530.72
15,2026-09-01,1800001514.0,1800001514.0,7498.39
16,2026-09-01,1800001539.0,1800001539.0,1452.0
17,2026-09-01,1800001556.0,1800001556.0,12486.09
18,2026-09-01,1800001604.0,1800001604.0,2213.9
19,2026-09-01,1800001642.0,1800001642.0,5661.26
20,2026-09-01,1800001649.0,1800001649.0,1556.53
21,2026-09-01,1800001720.0,1800001720.0,5389.74
22,2026-09-01,1800001724.0,1800001724.0,2844.76
23,2026-09-01,1800001749.0,1800001749.0,8136.59
24,2026-09-01,1800001818.0,1800001818.0,1798.61
25,2026-09-01,1800001855.0,1800001855.0,9596.6
26,2026-09-01,1800001976.0,1800001976.0,1698.26
27,2026-09-01,1800002137.0,1800002137.0,6799.35
28,2026-09-01,1800002153.0,1800002153.0,593.37
29,2026-09-01,1800002156.0,1800002156.0,150.51
30,2026-09-01,1800002184.0,1800002184.0,1784.55
31,2026-09-01,1800002279.0,1800002279.0,2620.91
32,2026-09-01,1800002379.0,1800002379.0,172.8
33,2026-09-01,1800002540.0,1800002540.0,4740.3
34,2026-09-01,1800002551.0,1800002551.0,390.26
35,2026-09-01,1800002733.0,1800002733.0,4559.63
36,2026-09-01,1800003080.0,1800003080.0,3069.53
37,2026-09-01,1800003128.0,1800003128.0,5769.33
38,2026-09-01,1800003134.0,1800003134.0,3013.91
39,2026-09-01,1800003224.0,1800003224.0,2296.11
40,2026-09-01,1800003293.0,1800003293.0,2805.59
41,2026-09-01,1800003297.0,1800003297.0,2364.65
42,2026-09-01,1800003450.0,1800003450.0,9814.19
43,2026-09-01,1800003790.0,1800003790.0,2612.6
44,2026-09-01,1800003820.0,1800003820.0,2943.02
45,2026-09-01,1800003905.0,1800003905.0,878.73
46,2026-09-01,1800003984.0,1800003984.0,1158.69
47,2026-09-01,1800004077.0,1800004077.0,5418.95
48,2026-09-01,1800004172.0,1800004172.0,3776.66
49,2026-09-01,1800004328.0,1800004328.0,1508.08
50,2026-09-01,1800004347.0,1800004347.0,1403.0
51,2026-09-01,1800004384.0,1800004384.0,355.85
52,2026-09-01,1800004509.0,1800004509.0,1588.37
53,2026-09-01,1800004588.0,1800004588.0,1826.99
54,2026-09-01,1800004593.0,1800004593.0,1594.68
55,2026-09-01,1800004652.0,1800004652.0,8446.3
56,2026-09-01,1800004656.0,1800004656.0,1921.02
57,2026-09-01,1800004722.0,1800004722.0,669.87
58,2026-09-01,1800004759.0,1800004759.0,1147.06
59,2026-09-01,1800004823.0,1800004823.0,4560.15
60,2026-09-01,1800004952.0,1800004952.0,2460.01
61,2026-09-01,1800004982.0,1800004982.0,6508.97
62,2026-09-01,1800005018.0,1800005018.0,893.68
63,2026-09-01,1800005076.0,1800005076.0,2867.45
64,2026-09-01,1800005255.0,1800005255.0,8258.71
65,2026-09-01,1800005298.0,1800005298.0,7031.28
66,2026-09-01,1800005441.0,1800005441.0,1910.87
67,2026-09-01,1800005526.0,1800005526.0,255.6
68,2026-09-01,1800005594.0,1800005594.0,407.87
69,2026-09-01,1800005611.0,1800005611.0,3653.48
70,2026-09-01,1800005874.0,1800005874.0,3139.61
71,2026-09-01,1800005884.0,1800005884.0,3553.34
72,2026-09-01,1800005894.0,1800005894.0,1743.53
73,2026-09-01,1800006150.0,1800006150.0,1871.0
74,2026-09-01,1800006159.0,1800006159.0,556.05
75,2026-09-01,1800006172.0,1800006172.0,605.02
76,2026-09-01,1800006182.0,1800006182.0,561.54
77,2026-09-02,1800000014.0,1800000014.0,586.67
78,2026-09-02,1800000054.0,1800000054.0,1989.1
79,2026-09-02,1800000323.0,1800000323.0,1784.34
80,2026-09-02,1800000612.0,1800000612.0,1356.5
81,2026-09-02,1800000668.0,1800000668.0,2057.28
82,2026-09-02,1800000746.0,1800000746.0,4809.46
83,2026-09-02,1800000861.0,1800000861.0,2899.97
84,2026-09-02,1800000874.0,1800000874.0,5062.02
85,2026-09-02,1800000879.0,1800000879.0,4523.93
86,2026-09-02,1800000886.0,1800000886.0,404.12
87,2026-09-02,1800000902.0,1800000902.0,6158.26
88,2026-09-02,1800001063.0,1800001063.0,6386.35
89,2026-09-02,1800001234.0,1800001234.0,295.79
90,2026-09-02,1800001535.0,1800001535.0,5454.41
91,2026-09-02,1800001639.0,1800001639.0,11318.61
92,2026-09-02,1800001681.0,1800001681.0,12139.75
93,2026-09-02,1800001751.0,1800001751.0,10221.07
94,2026-09-02,1800001831.0,1800001831.0,1220.64
95,2026-09-02,1800002085.0,1800002085.0,4846.01
96,2026-09-02,1800002109.0,1800002109.0,5913.94
97,2026-09-02,1800002143.0,1800002143.0,29936.47
98,2026-09-02,1800002219.0,1800002219.0,8103.69
99,2026-09-02,1800002313.0,1800002313.0,11810.28
100,2026-09-02,1800002336.0,1800002336.0,717.62
101,2026-09-02,1800002372.0,1800002372.0,1018.66
102,2026-09-02,1800002378.0,1800002378.0,1790.28
103,2026-09-02,1800002549.0,1800002549.0,1915.13
104,2026-09-02,1800002559.0,1800002559.0,10185.31
105,2026-09-02,1800002633.0,1800002633.0,8561.45
106,2026-09-02,1800002700.0,1800002700.0,1527.56
107,2026-09-02,1800003072.0,1800003072.0,7148.77
108,2026-09-02,1800003184.0,1800003184.0,6921.24
109,2026-09-02,1800003317.0,1800003317.0,5452.6
110,2026-09-02,1800003441.0,1800003441.0,982.61
111,2026-09-02,1800003490.0,1800003490.0,1990.85
112,2026-09-02,1800003863.0,1800003863.0,556.68
113,2026-09-02,1800004038.0,1800004038.0,10465.06
114,2026-09-02,1800004120.0,1800004120.0,16687.83
115,2026-09-02,1800004132.0,1800004132.0,5212.98
116,2026-09-02,1800004155.0,1800004155.0,1269.58
117,2026-09-02,1800004320.0,1800004320.0,1084.73
118,2026-09-02,1800004386.0,1800004386.0,1862.49
119,2026-09-02,1800004408.0,1800004408.0,4809.48
120,2026-09-02,1800004598.0,1800004598.0,6347.89
121,2026-09-02,1800004740.0,1800004740.0,5274.33
122,2026-09-02,1800004797.0,1800004797.0,1325.54
123,2026-09-02,1800004815.0,1800004815.0,4016.67
124,2026-09-02,1800004963.0,1800004963.0,5403.48
125,2026-09-02,1800005080.0,1800005080.0,4812.66
126,2026-09-02,1800005119.0,1800005119.0,4215.97
127,2026-09-02,1800005233.0,1800005233.0,3704.29
128,2026-09-02,1800005473.0,1800005473.0,1688.25
129,2026-09-02,1800005590.0,1800005590.0,8045.64
130,2026-09-02,1800005605.0,1800005605.0,2788.41
131,2026-09-02,1800005674.0,1800005674.0,600.86
132,2026-09-02,1800005706.0,1800005706.0,3263.37
133,2026-09-02,1800005788.0,1800005788.0,5971.5
134,2026-09-02,1800005906.0,1800005906.0,2600.43
135,2026-09-02,1800005962.0,1800005962.0,2687.13
136,2026-09-02,1800006195.0,1800006195.0,7484.86
137,2026-09-02,1800006199.0,1800006199.0,2443.77
138,2026-09-03,1800000003.0,1800000003.0,2508.14
139,2026-09-03,1800000214.0,1800000214.0,3407.33
140,2026-09-03,1800000285.0,1800000285.0,12541.49
141,2026-09-03,1800000419.0,1800000419.0,1460.56
142,2026-09-03,1800000424.0,1800000424.0,1306.04
143,2026-09-03,1800000479.0,1800000479.0,2505.39
144,2026-09-03,1800000516.0,1800000516.0,6746.79
145,2026-09-03,1800000593.0,1800000593.0,1212.48
146,2026-09-03,1800000690.0,1800000690.0,227.17
147,2026-09-03,1800000702.0,1800000702.0,3825.08
148,2026-09-03,1800001000.0,1800001000.0,527.72
149,2026-09-03,1800001014.0,1800001014.0,5543.64
150,2026-09-03,1800001081.0,1800001081.0,12478.07
151,2026-09-03,1800001140.0,1800001140.0,596.34
152,2026-09-03,1800001193.0,1800001193.0,3147.78
153,2026-09-03,1800001459.0,1800001459.0,1796.35
154,2026-09-03,1800001651.0,1800001651.0,346.1
155,2026-09-03,1800001783.0,1800001783.0,308.61
156,2026-09-03,1800002092.0,1800002092.0,7861.78
157,2026-09-03,1800002102.0,1800002102.0,437.5
158,2026-09-03,1800002221.0,1800002221.0,11958.16
159,2026-09-03,1800002289.0,1800002289.0,3199.91
160,2026-09-03,1800002298.0,1800002298.0,5229.63
161,2026-09-03,1800002304.0,1800002304.0,7781.71
162,2026-09-03,1800002312.0,1800002312.0,306.15
163,2026-09-03,1800002418.0,1800002418.0,719.53
164,2026-09-03,1800002445.0,1800002445.0,2011.25
165,2026-09-03,1800002448.0,1800002448.0,2534.9
166,2026-09-03,1800002454.0,1800002454.0,636.93
167,2026-09-03,1800002513.0,1800002513.0,319.43
168,2026-09-03,1800002628.0,1800002628.0,5556.34
169,2026-09-03,1800002664.0,1800002664.0,22419.4
170,2026-09-03,1800002714.0,1800002714.0,1431.53
171,2026-09-03,1800002808.0,1800002808.0,12337.17
172,2026-09-03,1800002811.0,1800002811.0,804.69
173,2026-09-03,1800002977.0,1800002977.0,1352.39
174,2026-09-03,1800003191.0,1800003191.0,2252.46
175,2026-09-03,1800003239.0,1800003239.0,3579.38
176,2026-09-03,1800003278.0,1800003278.0,3787.28
177,2026-09-03,1800003286.0,1800003286.0,4895.16
178,2026-09-03,1800003431.0,1800003431.0,2778.9
179,2026-09-03,1800003521.0,1800003521.0,326.22
180,2026-09-03,1800003556.0,1800003556.0,3985.58
181,2026-09-03,1800003584.0,1800003584.0,340.0
182,2026-09-03,1800003765.0,1800003765.0,6197.46
183,2026-09-03,1800003808.0,1800003808.0,1788.33
184,2026-09-03,1800003875.0,1800003875.0,843.17
185,2026-09-03,1800003883.0,1800003883.0,3110.51
186,2026-09-03,1800003973.0,1800003973.0,3211.42
187,2026-09-03,1800004037.0,1800004037.0,4697.79
188,2026-09-03,1800004042.0,1800004042.0,1350.95
189,2026-09-03,1800004236.0,1800004236.0,1111.88
190,2026-09-03,1800004241.0,1800004241.0,7755.32
191,2026-09-03,1800004252.0,1800004252.0,5274.58
192,2026-09-03,1800004289.0,1800004289.0,3837.49
193,2026-09-03,1800004425.0,1800004425.0,4131.68
194,2026-09-03,1800004518.0,1800004518.0,2500.48
195,2026-09-03,1800004673.0,1800004673.0,1275.15
196,2026-09-03,1800004816.0,1800004816.0,787.14
197,2026-09-03,1800004831.0,1800004831.0,1917.69
198,2026-09-03,1800004889.0,1800004889.0,5374.84
199,2026-09-03,1800004908.0,1800004908.0,1207.61
200,2026-09-03,1800005051.0,1800005051.0,6604.71
201,2026-09-03,1800005122.0,1800005122.0,2199.26
202,2026-09-03,1800005147.0,1800005147.0,754.33
203,2026-09-03,1800005238.0,1800005238.0,3488.29
204,2026-09-03,1800005268.0,1800005268.0,1529.09
205,2026-09-03,1800005272.0,1800005272.0,1511.86
206,2026-09-03,1800005325.0,1800005325.0,3202.02
207,2026-09-03,1800005347.0,1800005347.0,1360.17
208,2026-09-03,1800005353.0,1800005353.0,3923.49
209,2026-09-03,1800005355.0,1800005355.0,3312.08
210,2026-09-03,1800005382.0,1800005382.0,5457.88
211,2026-09-03,1800005493.0,1800005493.0,2271.28
212,2026-09-03,1800005528.0,1800005528.0,6666.92
213,2026-09-03,1800005827.0,1800005827.0,6754.69
214,2026-09-03,1800005880.0,1800005880.0,1335.83
215,2026-09-03,1800005917.0,1800005917.0,1696.48
216,2026-09-03,1800005939.0,1800005939.0,2506.76
217,2026-09-04,1800000076.0,1800000076.0,3902.58
218,2026-09-04,1800000153.0,1800000153.0,2596.48
219,2026-09-04,1800000159.0,1800000159.0,610.26
220,2026-09-04,1800000182.0,1800000182.0,2642.97
221,2026-09-04,1800000395.0,1800000395.0,1414.08
222,2026-09-04,1800000480.0,1800000480.0,1048.22
223,2026-09-04,1800000609.0,1800000609.0,2525.36
224,2026-09-04,1800000616.0,1800000616.0,8523.82
225,2026-09-04,1800000767.0,1800000767.0,1429.03
226,2026-09-04,1800000787.0,1800000787.0,7149.34
227,2026-09-04,1800000788.0,1800000788.0,7153.54
228,2026-09-04,1800000940.0,1800000940.0,7660.65
229,2026-09-04,1800000980.0,1800000980.0,4242.88
230,2026-09-04,1800001325.0,1800001325.0,6380.09
231,2026-09-04,1800001330.0,1800001330.0,4445.32
232,2026-09-04,1800001374.0,1800001374.0,1798.78
233,2026-09-04,1800001405.0,1800001405.0,2449.34
234,2026-09-04,1800001479.0,1800001479.0,1784.49
235,2026-09-04,1800001529.0,1800001529.0,1915.65
236,2026-09-04,1800001586.0,1800001586.0,3203.09
237,2026-09-04,1800001669.0,1800001669.0,11850.71
238,2026-09-04,1800001700.0,1800001700.0,2104.94
239,2026-09-04,1800002004.0,1800002004.0,3699.86
240,2026-09-04,1800002033.0,1800002033.0,816.51
241,2026-09-04,1800002226.0,1800002226.0,6056.93
242,2026-09-04,1800002229.0,1800002229.0,3919.71
243,2026-09-04,1800002235.0,1800002235.0,2286.91
244,2026-09-04,1800002266.0,1800002266.0,702.26
245,2026-09-04,1800002394.0,1800002394.0,1949.7
246,2026-09-04,1800002458.0,1800002458.0,4458.21
247,2026-09-04,1800002650.0,1800002650.0,3070.39
248,2026-09-04,1800002679.0,1800002679.0,2084.52
249,2026-09-04,1800002785.0,1800002785.0,1045.54
250,2026-09-04,1800002955.0,1800002955.0,1609.66
251,2026-09-04,1800003020.0,1800003020.0,7495.21
252,2026-09-04,1800003144.0,1800003144.0,3418.71
253,2026-09-04,1800003172.0,1800003172.0,1848.71
254,2026-09-04,1800003374.0,1800003374.0,210.67
255,2026-09-04,1800003593.0,1800003593.0,2229.64
256,2026-09-04,1800003783.0,1800003783.0,25026.94
257,2026-09-04,1800003811.0,1800003811.0,16847.66
258,2026-09-04,1800003941.0,1800003941.0,2574.41
259,2026-09-04,1800003951.0,1800003951.0,1492.27
260,2026-09-04,1800004025.0,1800004025.0,286.26
261,2026-09-04,1800004107.0,1800004107.0,3364.36
262,2026-09-04,1800004153.0,1800004153.0,1566.84
263,2026-09-04,1800004170.0,1800004170.0,1453.63
264,2026-09-04,1800004227.0,1800004227.0,1328.44
265,2026-09-04,1800004288.0,1800004288.0,1122.18
266,2026-09-04,1800004290.0,1800004290.0,7951.89
267,2026-09-04,1800004312.0,1800004312.0,5568.66
268,2026-09-04,1800004350.0,1800004350.0,2952.15
269,2026-09-04,1800004365.0,1800004365.0,1821.9
270,2026-09-04,1800004416.0,1800004416.0,2291.37
271,2026-09-04,1800004417.0,1800004417.0,1169.24
272,2026-09-04,1800004429.0,1800004429.0,5311.51
273,2026-09-04,1800004587.0,1800004587.0,7610.61
274,2026-09-04,1800004747.0,1800004747.0,1506.48
275,2026-09-04,1800004965.0,1800004965.0,2190.64
276,2026-09-04,1800005047.0,1800005047.0,7083.6
277,2026-09-04,1800005098.0,1800005098.0,1341.94
278,2026-09-04,1800005144.0,1800005144.0,3597.79
279,2026-09-04,1800005220.0,1800005220.0,408.05
280,2026-09-04,1800005445.0,1800005445.0,871.5
281,2026-09-04,1800005448.0,1800005448.0,700.71
282,2026-09-04,1800005488.0,1800005488.0,968.41
283,2026-09-04,1800005631.0,1800005631.0,1874.66
284,2026-09-04,1800005636.0,1800005636.0,3739.99
285,2026-09-04,1800005646.0,1800005646.0,3844.81
286,2026-09-04,1800005802.0,1800005802.0,4834.04
287,2026-09-04,1800006001.0,1800006001.0,3387.45
288,2026-09-04,1800006057.0,1800006057.0,981.08
289,2026-09-04,1800006122.0,1800006122.0,2810.05
290,2026-09-04,1800006193.0,1800006193.0,1293.79
291,2026-09-05,1800000085.0,1800000085.0,950.37
292,2026-09-05,1800000143.0,1800000143.0,5730.95
293,2026-09-05,1800000262.0,1800000262.0,3289.14
294,2026-09-05,1800000274.0,1800000274.0,3068.31
295,2026-09-05,1800000290.0,1800000290.0,582.78
296,2026-09-05,1800000351.0,1800000351.0,9082.87
297,2026-09-05,1800000366.0,1800000366.0,415.9
298,2026-09-05,1800000630.0,1800000630.0,3961.5
299,2026-09-05,1800000638.0,1800000638.0,1581.78
300,2026-09-05,1800000713.0,1800000713.0,1628.29
301,2026-09-05,1800000827.0,1800000827.0,3266.8
302,2026-09-05,1800000972.0,1800000972.0,4601.33
303,2026-09-05,1800001184.0,1800001184.0,4836.64
304,2026-09-05,1800001266.0,1800001266.0,15935.01
305,2026-09-05,1800001366.0,1800001366.0,1169.2
306,2026-09-05,1800001389.0,1800001389.0,2717.24
307,2026-09-05,1800001421.0,1800001421.0,4879.65
308,2026-09-05,1800001472.0,1800001472.0,3056.74
309,2026-09-05,1800001605.0,1800001605.0,1682.05
310,2026-09-05,1800001629.0,1800001629.0,14921.92
311,2026-09-05,1800001718.0,1800001718.0,311.28
312,2026-09-05,1800001972.0,1800001972.0,1173.49
313,2026-09-05,1800001978.0,1800001978.0,1419.23
314,2026-09-05,1800002147.0,1800002147.0,10947.1
315,2026-09-05,1800002215.0,1800002215.0,1691.5
316,2026-09-05,1800002328.0,1800002328.0,9819.55
317,2026-09-05,1800002472.0,1800002472.0,5514.35
318,2026-09-05,1800002572.0,1800002572.0,2630.6
319,2026-09-05,1800002588.0,1800002588.0,866.67
320,2026-09-05,1800002636.0,1800002636.0,3658.76
321,2026-09-05,1800002643.0,1800002643.0,2450.34
322,2026-09-05,1800002768.0,1800002768.0,1059.11
323,2026-09-05,1800002858.0,1800002858.0,1238.17
324,2026-09-05,1800002959.0,1800002959.0,3823.82
325,2026-09-05,1800003031.0,1800003031.0,4013.07
326,2026-09-05,1800003058.0,1800003058.0,1283.64
327,2026-09-05,1800003150.0,1800003150.0,1366.87
328,2026-09-05,1800003304.0,1800003304.0,1067.23
329,2026-09-05,1800003311.0,1800003311.0,1264.24
330,2026-09-05,1800003362.0,1800003362.0,9961.08
331,2026-09-05,1800003373.0,1800003373.0,5210.24
332,2026-09-05,1800003500.0,1800003500.0,2918.81
333,2026-09-05,1800003861.0,1800003861.0,1555.31
334,2026-09-05,1800004081.0,1800004081.0,2621.78
335,2026-09-05,1800004204.0,1800004204.0,3399.19
336,2026-09-05,1800004343.0,1800004343.0,2044.7
337,2026-09-05,1800004483.0,1800004483.0,4260.17
338,2026-09-05,1800004495.0,1800004495.0,4066.44
339,2026-09-05,1800004526.0,1800004526.0,4151.95
340,2026-09-05,1800004666.0,1800004666.0,925.8
341,2026-09-05,1800004818.0,1800004818.0,5442.43
342,2026-09-05,1800005034.0,1800005034.0,2964.33
343,2026-09-05,1800005081.0,1800005081.0,1540.31
344,2026-09-05,1800005190.0,1800005190.0,5916.38
345,2026-09-05,1800005280.0,1800005280.0,5126.88
346,2026-09-05,1800005362.0,1800005362.0,10683.05
347,2026-09-05,1800005691.0,1800005691.0,1826.09
348,2026-09-05,1800005723.0,1800005723.0,195.79
349,2026-09-05,1800005727.0,1800005727.0,542.65
350,2026-09-05,1800005753.0,1800005753.0,256.78
351,2026-09-05,1800005801.0,1800005801.0,3912.41
352,2026-09-05,1800006051.0,1800006051.0,1653.96
353,2026-09-05,1800006163.0,1800006163.0,432.27
354,2026-09-05,1800006174.0,1800006174.0,1617.09
355,2026-09-06,1800000006.0,1800000006.0,216.2
356,2026-09-06,1800000130.0,1800000130.0,2237.47
357,2026-09-06,1800000160.0,1800000160.0,11388.7
358,2026-09-06,1800000207.0,1800000207.0,5818.52
359,2026-09-06,1800000251.0,1800000251.0,216.32
360,2026-09-06,1800000666.0,1800000666.0,204.19
361,2026-09-06,1800000928.0,1800000928.0,505.38
362,2026-09-06,1800000996.0,1800000996.0,909.49
363,2026-09-06,1800001115.0,1800001115.0,1269.59
364,2026-09-06,1800001124.0,1800001124.0,8395.77
365,2026-09-06,1800001137.0,1800001137.0,1572.23
366,2026-09-06,1800001297.0,1800001297.0,749.36
367,2026-09-06,1800001398.0,1800001398.0,1477.04
368,2026-09-06,1800001591.0,1800001591.0,5798.52
369,2026-09-06,1800001611.0,1800001611.0,1640.44
370,2026-09-06,1800001643.0,1800001643.0,842.39
371,2026-09-06,1800001741.0,1800001741.0,18363.02
372,2026-09-06,1800001742.0,1800001742.0,4722.77
373,2026-09-06,1800001901.0,1800001901.0,2640.23
374,2026-09-06,1800001922.0,1800001922.0,2424.68
375,2026-09-06,1800002166.0,1800002166.0,787.97
376,2026-09-06,1800002306.0,1800002306.0,2674.54
377,2026-09-06,1800002566.0,1800002566.0,5610.23
378,2026-09-06,1800002669.0,1800002669.0,1347.14
379,2026-09-06,1800003014.0,1800003014.0,534.03
380,2026-09-06,1800003180.0,1800003180.0,2330.98
381,2026-09-06,1800003226.0,1800003226.0,2658.41
382,2026-09-06,1800003453.0,1800003453.0,3545.18
383,2026-09-06,1800003509.0,1800003509.0,1660.35
384,2026-09-06,1800003597.0,1800003597.0,463.65
385,2026-09-06,1800003745.0,1800003745.0,2109.63
386,2026-09-06,1800004098.0,1800004098.0,848.44
387,2026-09-06,1800004345.0,1800004345.0,2417.54
388,2026-09-06,1800004450.0,1800004450.0,2633.17
389,2026-09-06,1800004484.0,1800004484.0,4237.72
390,2026-09-06,1800004510.0,1800004510.0,1203.47
391,2026-09-06,1800004681.0,1800004681.0,3095.24
392,2026-09-06,1800004692.0,1800004692.0,15677.28
393,2026-09-06,1800004751.0,1800004751.0,5177.32
394,2026-09-06,1800004966.0,1800004966.0,7412.6
395,2026-09-06,1800005265.0,1800005265.0,1234.55
396,2026-09-06,1800005267.0,1800005267.0,2049.47
397,2026-09-06,1800005361.0,1800005361.0,4313.05
398,2026-09-06,1800005437.0,1800005437.0,495.47
399,2026-09-06,1800005536.0,1800005536.0,1169.12
400,2026-09-06,1800005669.0,1800005669.0,761.09
401,2026-09-06,1800005672.0,1800005672.0,6272.73
402,2026-09-06,1800005794.0,1800005794.0,2632.3
403,2026-09-06,1800005868.0,1800005868.0,4940.77
404,2026-09-07,1800000000.0,1800000000.0,5255.19
405,2026-09-07,1800000022.0,1800000022.0,4215.05
406,2026-09-07,1800000024.0,1800000024.0,2368.74
407,2026-09-07,1800000191.0,1800000191.0,1591.64
408,2026-09-07,1800000224.0,1800000224.0,1314.74
409,2026-09-07,1800000241.0,1800000241.0,2925.1
410,2026-09-07,1800000281.0,1800000281.0,4936.95
411,2026-09-07,1800000444.0,1800000444.0,6679.51
412,2026-09-07,1800000557.0,1800000557.0,4013.13
413,2026-09-07,1800000602.0,1800000602.0,3554.76
414,2026-09-07,1800000610.0,1800000610.0,1186.14
415,2026-09-07,1800000786.0,1800000786.0,10834.63
416,2026-09-07,1800000982.0,1800000982.0,1632.91
417,2026-09-07,1800001017.0,1800001017.0,3426.43
418,2026-09-07,1800001108.0,1800001108.0,4427.26
419,2026-09-07,1800001242.0,1800001242.0,385.25
420,2026-09-07,1800001564.0,1800001564.0,8931.36
421,2026-09-07,1800001570.0,1800001570.0,2464.11
422,2026-09-07,1800001574.0,1800001574.0,1964.26
423,2026-09-07,1800001662.0,1800001662.0,2360.31
424,2026-09-07,1800001827.0,1800001827.0,576.1
425,2026-09-07,1800001876.0,1800001876.0,856.6
426,2026-09-07,1800002007.0,1800002007.0,331.06
427,2026-09-07,1800002240.0,1800002240.0,4176.71
428,2026-09-07,1800002245.0,1800002245.0,5946.59
429,2026-09-07,1800002488.0,1800002488.0,6134.24
430,2026-09-07,1800002489.0,1800002489.0,489.36
431,2026-09-07,1800002593.0,1800002593.0,2229.62
432,2026-09-07,1800002732.0,1800002732.0,4948.93
433,2026-09-07,1800003138.0,1800003138.0,12612.07
434,2026-09-07,1800003298.0,1800003298.0,797.58
435,2026-09-07,1800003321.0,1800003321.0,1136.34
436,2026-09-07,1800003338.0,1800003338.0,1418.57
437,2026-09-07,1800003343.0,1800003343.0,5614.31
438,2026-09-07,1800003604.0,1800003604.0,512.0
439,2026-09-07,1800003617.0,1800003617.0,8227.95
440,2026-09-07,1800003624.0,1800003624.0,1636.93
441,2026-09-07,1800003652.0,1800003652.0,2010.67
442,2026-09-07,1800003692.0,1800003692.0,1391.86
443,2026-09-07,1800003710.0,1800003710.0,249.28
444,2026-09-07,1800003762.0,1800003762.0,6090.69
445,2026-09-07,1800003825.0,1800003825.0,4977.66
446,2026-09-07,1800003841.0,1800003841.0,873.88
447,2026-09-07,1800003908.0,1800003908.0,1125.81
448,2026-09-07,1800004235.0,1800004235.0,800.54
449,2026-09-07,1800004295.0,1800004295.0,2744.55
450,2026-09-07,1800004419.0,1800004419.0,2579.35
451,2026-09-07,1800004600.0,1800004600.0,11156.43
452,2026-09-07,1800004695.0,1800004695.0,7360.95
453,2026-09-07,1800004822.0,1800004822.0,662.52
454,2026-09-07,1800004861.0,1800004861.0,1775.9
455,2026-09-07,1800004958.0,1800004958.0,675.72
456,2026-09-07,1800004976.0,1800004976.0,271.37
457,2026-09-07,1800005008.0,1800005008.0,4817.31
458,2026-09-07,1800005084.0,1800005084.0,815.56
459,2026-09-07,1800005114.0,1800005114.0,379.3
460,2026-09-07,1800005142.0,1800005142.0,5339.21
461,2026-09-07,1800005159.0,1800005159.0,1058.04
462,2026-09-07,1800005240.0,1800005240.0,2802.35
463,2026-09-07,1800005273.0,1800005273.0,720.57
464,2026-09-07,1800005390.0,1800005390.0,2549.09
465,2026-09-07,1800005612.0,1800005612.0,2651.58
466,2026-09-07,1800005620.0,1800005620.0,566.06
467,2026-09-07,1800005625.0,1800005625.0,8998.7
468,2026-09-07,1800005705.0,1800005705.0,523.94
469,2026-09-07,1800005736.0,1800005736.0,1832.58
470,2026-09-08,1800000200.0,1800000200.0,7918.41
471,2026-09-08,1800000376.0,1800000376.0,3405.66
472,2026-09-08,1800000425.0,1800000425.0,5195.34
473,2026-09-08,1800000783.0,1800000783.0,13317.58
474,2026-09-08,1800000821.0,1800000821.0,3905.75
475,2026-09-08,1800000873.0,1800000873.0,4930.48
476,2026-09-08,1800000881.0,1800000881.0,3926.52
477,2026-09-08,1800000885.0,1800000885.0,1274.89
478,2026-09-08,1800000922.0,1800000922.0,3166.62
479,2026-09-08,1800001335.0,1800001335.0,4453.4
480,2026-09-08,1800001353.0,1800001353.0,234.55
481,2026-09-08,1800001369.0,1800001369.0,3165.3
482,2026-09-08,1800001628.0,1800001628.0,4531.18
483,2026-09-08,1800001660.0,1800001660.0,2992.65
484,2026-09-08,1800001714.0,1800001714.0,1539.26
485,2026-09-08,1800002063.0,1800002063.0,2001.0
486,2026-09-08,1800002065.0,1800002065.0,2780.8
487,2026-09-08,1800002071.0,1800002071.0,1355.57
488,2026-09-08,1800002144.0,1800002144.0,841.8
489,2026-09-08,1800002169.0,1800002169.0,489.19
490,2026-09-08,1800002216.0,1800002216.0,9155.98
491,2026-09-08,1800002244.0,1800002244.0,2317.03
492,2026-09-08,1800002389.0,1800002389.0,6762.69
493,2026-09-08,1800002446.0,1800002446.0,1638.13
494,2026-09-08,1800002481.0,1800002481.0,3077.3
495,2026-09-08,1800002630.0,1800002630.0,6244.05
496,2026-09-08,1800002737.0,1800002737.0,540.01
497,2026-09-08,1800003011.0,1800003011.0,5775.29
498,2026-09-08,1800003074.0,1800003074.0,8768.32
499,2026-09-08,1800003162.0,1800003162.0,1507.67
500,2026-09-08,1800003199.0,1800003199.0,6469.14
501,2026-09-08,1800003212.0,1800003212.0,2354.47
502,2026-09-08,1800003386.0,1800003386.0,3926.6
503,2026-09-08,1800003507.0,1800003507.0,1734.63
504,2026-09-08,1800003573.0,1800003573.0,3334.7
505,2026-09-08,1800003645.0,1800003645.0,3153.39
506,2026-09-08,1800003735.0,1800003735.0,622.02
507,2026-09-08,1800003851.0,1800003851.0,1584.68
508,2026-09-08,1800003857.0,1800003857.0,987.87
509,2026-09-08,1800003922.0,1800003922.0,3750.54
510,2026-09-08,1800003936.0,1800003936.0,2809.53
511,2026-09-08,1800003971.0,1800003971.0,6472.28
512,2026-09-08,1800004046.0,1800004046.0,3725.11
513,2026-09-08,1800004427.0,1800004427.0,4477.89
514,2026-09-08,1800004445.0,1800004445.0,6113.71
515,2026-09-08,1800004481.0,1800004481.0,205.33
516,2026-09-08,1800004513.0,1800004513.0,8711.5
517,2026-09-08,1800004617.0,1800004617.0,384.16
518,2026-09-08,1800004801.0,1800004801.0,2266.76
519,2026-09-08,1800004873.0,1800004873.0,4923.5
520,2026-09-08,1800004947.0,1800004947.0,5470.92
521,2026-09-08,1800005211.0,1800005211.0,358.76
522,2026-09-08,1800005227.0,1800005227.0,7371.43
523,2026-09-08,1800005360.0,1800005360.0,7313.25
524,2026-09-08,1800005456.0,1800005456.0,5773.52
525,2026-09-08,1800005483.0,1800005483.0,13526.67
526,2026-09-08,1800005520.0,1800005520.0,6957.03
527,2026-09-08,1800005726.0,1800005726.0,1902.36
528,2026-09-08,1800005817.0,1800005817.0,1506.29
529,2026-09-08,1800005855.0,1800005855.0,6655.41
530,2026-09-08,1800005856.0,1800005856.0,2887.96
531,2026-09-08,1800006010.0,1800006010.0,4461.51
532,2026-09-08,1800006033.0,1800006033.0,159.47
533,2026-09-09,1800000101.0,1800000101.0,9418.38
534,2026-09-09,1800000137.0,1800000137.0,4661.99
535,2026-09-09,1800000139.0,1800000139.0,3105.39
536,2026-09-09,1800000181.0,1800000181.0,1581.56
537,2026-09-09,1800000309.0,1800000309.0,2565.05
538,2026-09-09,1800000428.0,1800000428.0,4891.64
539,2026-09-09,1800000686.0,1800000686.0,729.69
540,2026-09-09,1800000757.0,1800000757.0,626.71
541,2026-09-09,1800000772.0,1800000772.0,8638.18
542,2026-09-09,1800000854.0,1800000854.0,1377.16
543,2026-09-09,1800001307.0,1800001307.0,10913.72
544,2026-09-09,1800001328.0,1800001328.0,3152.37
545,2026-09-09,1800001426.0,1800001426.0,3543.47
546,2026-09-09,1800001572.0,1800001572.0,2885.88
547,2026-09-09,1800001708.0,1800001708.0,845.79
548,2026-09-09,1800001821.0,1800001821.0,1825.57
549,2026-09-09,1800002006.0,1800002006.0,1454.4
550,2026-09-09,1800002055.0,1800002055.0,1719.66
551,2026-09-09,1800002077.0,1800002077.0,3258.19
552,2026-09-09,1800002247.0,1800002247.0,1670.12
553,2026-09-09,1800002263.0,1800002263.0,821.95
554,2026-09-09,1800002595.0,1800002595.0,2295.37
555,2026-09-09,1800002629.0,1800002629.0,3418.14
556,2026-09-09,1800002758.0,1800002758.0,8015.12
557,2026-09-09,1800002792.0,1800002792.0,9136.35
558,2026-09-09,1800002840.0,1800002840.0,445.85
559,2026-09-09,1800002932.0,1800002932.0,1614.3
560,2026-09-09,1800003060.0,1800003060.0,2385.16
561,2026-09-09,1800003063.0,1800003063.0,332.44
562,2026-09-09,1800003085.0,1800003085.0,3113.56
563,2026-09-09,1800003095.0,1800003095.0,6753.55
564,2026-09-09,1800003195.0,1800003195.0,4473.43
565,2026-09-09,1800003339.0,1800003339.0,3065.18
566,2026-09-09,1800003359.0,1800003359.0,3829.5
567,2026-09-09,1800003520.0,1800003520.0,3610.27
568,2026-09-09,1800003534.0,1800003534.0,240.11
569,2026-09-09,1800003562.0,1800003562.0,2628.82
570,2026-09-09,1800003569.0,1800003569.0,3608.39
571,2026-09-09,1800003718.0,1800003718.0,14182.0
572,2026-09-09,1800003764.0,1800003764.0,10067.76
573,2026-09-09,1800003785.0,1800003785.0,521.44
574,2026-09-09,1800003813.0,1800003813.0,2588.36
575,2026-09-09,1800003879.0,1800003879.0,316.05
576,2026-09-09,1800003892.0,1800003892.0,1098.62
577,2026-09-09,1800003999.0,1800003999.0,1223.41
578,2026-09-09,1800004189.0,1800004189.0,2007.05
579,2026-09-09,1800004277.0,1800004277.0,3941.84
580,2026-09-09,1800004311.0,1800004311.0,1882.33
581,2026-09-09,1800004319.0,1800004319.0,8624.8
582,2026-09-09,1800004337.0,1800004337.0,15512.49
583,2026-09-09,1800004353.0,1800004353.0,975.66
584,2026-09-09,1800004355.0,1800004355.0,6340.9
585,2026-09-09,1800004530.0,1800004530.0,18688.54
586,2026-09-09,1800004639.0,1800004639.0,1583.19
587,2026-09-09,1800004869.0,1800004869.0,1817.62
588,2026-09-09,1800004872.0,1800004872.0,433.87
589,2026-09-09,1800005017.0,1800005017.0,6877.25
590,2026-09-09,1800005161.0,1800005161.0,1888.7
591,2026-09-09,1800005276.0,1800005276.0,6082.42
592,2026-09-09,1800005480.0,1800005480.0,443.8
593,2026-09-09,1800005502.0,1800005502.0,957.03
594,2026-09-09,1800005524.0,1800005524.0,2610.62
595,2026-09-09,1800005573.0,1800005573.0,3256.01
596,2026-09-09,1800005820.0,1800005820.0,4367.34
597,2026-09-09,1800005990.0,1800005990.0,1650.46
598,2026-09-09,1800006145.0,1800006145.0,2262.0
599,2026-09-10,1800000069.0,1800000069.0,7180.13
600,2026-09-10,1800000104.0,1800000104.0,12559.16
601,2026-09-10,1800000245.0,1800000245.0,1972.81
602,2026-09-10,1800000659.0,1800000659.0,2642.74
603,2026-09-10,1800000707.0,1800000707.0,6788.04
604,2026-09-10,1800000864.0,1800000864.0,406.35
605,2026-09-10,1800000903.0,1800000903.0,8281.52
606,2026-09-10,1800000933.0,1800000933.0,8851.77
607,2026-09-10,1800000958.0,1800000958.0,466.08
608,2026-09-10,1800001008.0,1800001008.0,317.51
609,2026-09-10,1800001064.0,1800001064.0,2248.65
610,2026-09-10,1800001102.0,1800001102.0,3031.9
611,2026-09-10,1800001371.0,1800001371.0,279.79
612,2026-09-10,1800001407.0,1800001407.0,1279.53
613,2026-09-10,1800001622.0,1800001622.0,2033.36
614,2026-09-10,1800001768.0,1800001768.0,5621.98
615,2026-09-10,1800001853.0,1800001853.0,3848.32
616,2026-09-10,1800001874.0,1800001874.0,1309.31
617,2026-09-10,1800001897.0,1800001897.0,3487.79
618,2026-09-10,1800002003.0,1800002003.0,937.35
619,2026-09-10,1800002028.0,1800002028.0,899.8
620,2026-09-10,1800002043.0,1800002043.0,2747.36
621,2026-09-10,1800002051.0,1800002051.0,4162.44
622,2026-09-10,1800002243.0,1800002243.0,853.27
623,2026-09-10,1800002492.0,1800002492.0,4322.23
624,2026-09-10,1800002725.0,1800002725.0,2373.02
625,2026-09-10,1800002846.0,1800002846.0,193.5
626,2026-09-10,1800002885.0,1800002885.0,740.26
627,2026-09-10,1800002970.0,1800002970.0,7922.91
628,2026-09-10,1800003119.0,1800003119.0,13388.64
629,2026-09-10,1800003234.0,1800003234.0,1120.85
630,2026-09-10,1800003382.0,1800003382.0,3364.77
631,2026-09-10,1800003405.0,1800003405.0,191.21
632,2026-09-10,1800003470.0,1800003470.0,2328.02
633,2026-09-10,1800003554.0,1800003554.0,1313.08
634,2026-09-10,1800003574.0,1800003574.0,6167.75
635,2026-09-10,1800003579.0,1800003579.0,13456.63
636,2026-09-10,1800003585.0,1800003585.0,12535.82
637,2026-09-10,1800003608.0,1800003608.0,1691.73
638,2026-09-10,1800003712.0,1800003712.0,5028.07
639,2026-09-10,1800003724.0,1800003724.0,4064.03
640,2026-09-10,1800003828.0,1800003828.0,10645.54
641,2026-09-10,1800003832.0,1800003832.0,1923.38
642,2026-09-10,1800004033.0,1800004033.0,2755.75
643,2026-09-10,1800004140.0,1800004140.0,427.12
644,2026-09-10,1800004274.0,1800004274.0,4708.35
645,2026-09-10,1800004333.0,1800004333.0,3534.18
646,2026-09-10,1800004360.0,1800004360.0,593.99
647,2026-09-10,1800004377.0,1800004377.0,8382.5
648,2026-09-10,1800004398.0,1800004398.0,6795.93
649,2026-09-10,1800004411.0,1800004411.0,1714.14
650,2026-09-10,1800004458.0,1800004458.0,5358.79
651,2026-09-10,1800004463.0,1800004463.0,4302.18
652,2026-09-10,1800004492.0,1800004492.0,3640.94
653,2026-09-10,1800004536.0,1800004536.0,3062.17
654,2026-09-10,1800004614.0,1800004614.0,6139.19
655,2026-09-10,1800004641.0,1800004641.0,843.82
656,2026-09-10,1800004677.0,1800004677.0,1065.75
657,2026-09-10,1800004870.0,1800004870.0,5143.61
658,2026-09-10,1800004940.0,1800004940.0,648.55
659,2026-09-10,1800004960.0,1800004960.0,1878.39
660,2026-09-10,1800005169.0,1800005169.0,503.48
661,2026-09-10,1800005378.0,1800005378.0,7883.56
662,2026-09-10,1800005537.0,1800005537.0,2192.45
663,2026-09-10,1800005540.0,1800005540.0,888.16
664,2026-09-10,1800005648.0,1800005648.0,3135.16
665,2026-09-10,1800005775.0,1800005775.0,10692.63
666,2026-09-10,1800005792.0,1800005792.0,3176.0
667,2026-09-10,1800005849.0,1800005849.0,621.79
668,2026-09-10,1800006028.0,1800006028.0,1694.38
669,2026-09-10,1800006192.0,1800006192.0,4137.86
670,2026-09-11,1800000226.0,1800000226.0,5591.05
671,2026-09-11,1800000345.0,1800000345.0,6472.07
672,2026-09-11,1800000535.0,1800000535.0,25091.39
673,2026-09-11,1800000574.0,1800000574.0,7907.33
674,2026-09-11,1800000600.0,1800000600.0,8262.29
675,2026-09-11,1800000658.0,1800000658.0,302.31
676,2026-09-11,1800000726.0,1800000726.0,2033.67
677,2026-09-11,1800000935.0,1800000935.0,7660.99
678,2026-09-11,1800001100.0,1800001100.0,1961.4
679,2026-09-11,1800001168.0,1800001168.0,1306.87
680,2026-09-11,1800001313.0,1800001313.0,4536.09
681,2026-09-11,1800001379.0,1800001379.0,1694.98
682,2026-09-11,1800001525.0,1800001525.0,958.81
683,2026-09-11,1800001582.0,1800001582.0,3524.93
684,2026-09-11,1800001657.0,1800001657.0,2856.98
685,2026-09-11,1800001693.0,1800001693.0,4373.46
686,2026-09-11,1800001790.0,1800001790.0,798.34
687,2026-09-11,1800001859.0,1800001859.0,3679.81
688,2026-09-11,1800001910.0,1800001910.0,4499.8
689,2026-09-11,1800001923.0,1800001923.0,7979.11
690,2026-09-11,1800001924.0,1800001924.0,1412.22
691,2026-09-11,1800001934.0,1800001934.0,248.37
692,2026-09-11,1800002238.0,1800002238.0,17580.95
693,2026-09-11,1800002326.0,1800002326.0,2299.96
694,2026-09-11,1800002371.0,1800002371.0,226.97
695,2026-09-11,1800002467.0,1800002467.0,6958.57
696,2026-09-11,1800002574.0,1800002574.0,1586.64
697,2026-09-11,1800002627.0,1800002627.0,3924.41
698,2026-09-11,1800002736.0,1800002736.0,4152.35
699,2026-09-11,1800002826.0,1800002826.0,2032.62
700,2026-09-11,1800002879.0,1800002879.0,4184.91
701,2026-09-11,1800002944.0,1800002944.0,5178.46
702,2026-09-11,1800002983.0,1800002983.0,1298.9
703,2026-09-11,1800003023.0,1800003023.0,1019.67
704,2026-09-11,1800003147.0,1800003147.0,4932.78
705,2026-09-11,1800003276.0,1800003276.0,2397.22
706,2026-09-11,1800003396.0,1800003396.0,2576.25
707,2026-09-11,1800003504.0,1800003504.0,11776.96
708,2026-09-11,1800003613.0,1800003613.0,1972.71
709,2026-09-11,1800003672.0,1800003672.0,189.32
710,2026-09-11,1800003756.0,1800003756.0,435.76
711,2026-09-11,1800003814.0,1800003814.0,2164.13
712,2026-09-11,1800003866.0,1800003866.0,193.6
713,2026-09-11,1800003870.0,1800003870.0,1436.81
714,2026-09-11,1800003926.0,1800003926.0,3550.33
715,2026-09-11,1800004007.0,1800004007.0,373.77
716,2026-09-11,1800004116.0,1800004116.0,5065.97
717,2026-09-11,1800004137.0,1800004137.0,5225.76
718,2026-09-11,1800004273.0,1800004273.0,6262.16
719,2026-09-11,1800004438.0,1800004438.0,4038.15
720,2026-09-11,1800004468.0,1800004468.0,2719.32
721,2026-09-11,1800004480.0,1800004480.0,7224.93
722,2026-09-11,1800004548.0,1800004548.0,801.18
723,2026-09-11,1800004610.0,1800004610.0,7687.9
724,2026-09-11,1800004698.0,1800004698.0,6081.56
725,2026-09-11,1800004732.0,1800004732.0,3567.26
726,2026-09-11,1800004765.0,1800004765.0,7014.59
727,2026-09-11,1800005035.0,1800005035.0,443.76
728,2026-09-11,1800005075.0,1800005075.0,1670.06
729,2026-09-11,1800005212.0,1800005212.0,6785.51
730,2026-09-11,1800005453.0,1800005453.0,5331.3
731,2026-09-11,1800005458.0,1800005458.0,3716.84
732,2026-09-11,1800005546.0,1800005546.0,2147.29
733,2026-09-11,1800005578.0,1800005578.0,599.36
734,2026-09-11,1800005760.0,1800005760.0,7875.68
735,2026-09-11,1800005831.0,1800005831.0,535.5
736,2026-09-11,1800005841.0,1800005841.0,1135.58
737,2026-09-11,1800005967.0,1800005967.0,2722.59
738,2026-09-11,1800006036.0,1800006036.0,2927.54
739,2026-09-12,1800000001.0,1800000001.0,5190.94
740,2026-09-12,1800000011.0,1800000011.0,363.84
741,2026-09-12,1800000272.0,1800000272.0,2896.72
742,2026-09-12,1800000280.0,1800000280.0,1603.54
743,2026-09-12,1800000294.0,1800000294.0,1182.93
744,2026-09-12,1800000353.0,1800000353.0,4499.77
745,2026-09-12,1800000514.0,1800000514.0,14674.17
746,2026-09-12,1800000551.0,1800000551.0,5673.04
747,2026-09-12,1800000577.0,1800000577.0,1689.45
748,2026-09-12,1800000634.0,1800000634.0,2289.55
749,2026-09-12,1800000636.0,1800000636.0,9722.74
750,2026-09-12,1800000650.0,1800000650.0,8206.38
751,2026-09-12,1800000656.0,1800000656.0,3618.47
752,2026-09-12,1800000675.0,1800000675.0,9671.21
753,2026-09-12,1800000684.0,1800000684.0,4412.8
754,2026-09-12,1800000687.0,1800000687.0,738.63
755,2026-09-12,1800000828.0,1800000828.0,1430.26
756,2026-09-12,1800000843.0,1800000843.0,436.52
757,2026-09-12,1800000999.0,1800000999.0,1028.39
758,2026-09-12,1800001020.0,1800001020.0,3455.26
759,2026-09-12,1800001199.0,1800001199.0,8184.66
760,2026-09-12,1800001382.0,1800001382.0,1561.74
761,2026-09-12,1800001418.0,1800001418.0,244.21
762,2026-09-12,1800001540.0,1800001540.0,14022.34
763,2026-09-12,1800001619.0,1800001619.0,2266.17
764,2026-09-12,1800001666.0,1800001666.0,6035.13
765,2026-09-12,1800001679.0,1800001679.0,4130.61
766,2026-09-12,1800001845.0,1800001845.0,2267.84
767,2026-09-12,1800001848.0,1800001848.0,1566.08
768,2026-09-12,1800001871.0,1800001871.0,1932.55
769,2026-09-12,1800001954.0,1800001954.0,4020.84
770,2026-09-12,1800001993.0,1800001993.0,7076.06
771,2026-09-12,1800002079.0,1800002079.0,780.23
772,2026-09-12,1800002327.0,1800002327.0,2131.26
773,2026-09-12,1800002335.0,1800002335.0,1026.49
774,2026-09-12,1800002386.0,1800002386.0,1781.5
775,2026-09-12,1800002429.0,1800002429.0,714.21
776,2026-09-12,1800002501.0,1800002501.0,11148.18
777,2026-09-12,1800002526.0,1800002526.0,1382.19
778,2026-09-12,1800002546.0,1800002546.0,715.2
779,2026-09-12,1800002577.0,1800002577.0,1608.52
780,2026-09-12,1800002670.0,1800002670.0,2431.25
781,2026-09-12,1800002694.0,1800002694.0,1320.33
782,2026-09-12,1800002739.0,1800002739.0,3489.99
783,2026-09-12,1800002851.0,1800002851.0,3728.89
784,2026-09-12,1800002870.0,1800002870.0,3617.12
785,2026-09-12,1800002947.0,1800002947.0,458.63
786,2026-09-12,1800003001.0,1800003001.0,2041.15
787,2026-09-12,1800003086.0,1800003086.0,2554.35
788,2026-09-12,1800003436.0,1800003436.0,1275.71
789,2026-09-12,1800003610.0,1800003610.0,1404.23
790,2026-09-12,1800003682.0,1800003682.0,4436.65
791,2026-09-12,1800003705.0,1800003705.0,3558.46
792,2026-09-12,1800003746.0,1800003746.0,3841.69
793,2026-09-12,1800003838.0,1800003838.0,4558.94
794,2026-09-12,1800003894.0,1800003894.0,3825.6
795,2026-09-12,1800004018.0,1800004018.0,670.86
796,2026-09-12,1800004074.0,1800004074.0,819.24
797,2026-09-12,1800004220.0,1800004220.0,3678.7
798,2026-09-12,1800004453.0,1800004453.0,1220.82
799,2026-09-12,1800004552.0,1800004552.0,1668.85
800,2026-09-12,1800004612.0,1800004612.0,2418.99
801,2026-09-12,1800004619.0,1800004619.0,190.63
802,2026-09-12,1800004628.0,1800004628.0,5746.79
803,2026-09-12,1800004647.0,1800004647.0,5393.21
804,2026-09-12,1800004946.0,1800004946.0,1517.6
805,2026-09-12,1800004980.0,1800004980.0,3687.56
806,2026-09-12,1800005024.0,1800005024.0,4452.77
807,2026-09-12,1800005041.0,1800005041.0,7158.03
808,2026-09-12,1800005127.0,1800005127.0,7206.99
809,2026-09-12,1800005151.0,1800005151.0,914.48
810,2026-09-12,1800005312.0,1800005312.0,150.53
811,2026-09-12,1800005386.0,1800005386.0,2445.15
812,2026-09-12,1800005435.0,1800005435.0,3069.04
813,2026-09-12,1800005541.0,1800005541.0,8234.56
814,2026-09-12,1800005555.0,1800005555.0,4008.78
815,2026-09-12,1800005569.0,1800005569.0,1408.59
816,2026-09-12,1800005649.0,1800005649.0,1193.19
817,2026-09-12,1800005652.0,1800005652.0,2401.78
818,2026-09-12,1800005682.0,1800005682.0,2854.27
819,2026-09-12,1800005731.0,1800005731.0,488.75
820,2026-09-12,1800005803.0,1800005803.0,3102.21
821,2026-09-12,1800005809.0,1800005809.0,3224.31
822,2026-09-12,1800005922.0,1800005922.0,865.02
823,2026-09-13,1800000112.0,1800000112.0,1338.14
824,2026-09-13,1800000256.0,1800000256.0,4303.48
825,2026-09-13,1800000329.0,1800000329.0,827.65
826,2026-09-13,1800000352.0,1800000352.0,3381.03
827,2026-09-13,1800000367.0,1800000367.0,403.85
828,2026-09-13,1800000380.0,1800000380.0,408.51
829,2026-09-13,1800000467.0,1800000467.0,1219.19
830,2026-09-13,1800000533.0,1800000533.0,1381.79
831,2026-09-13,1800000685.0,1800000685.0,4216.76
832,2026-09-13,1800000931.0,1800000931.0,4515.4
833,2026-09-13,1800000961.0,1800000961.0,393.9
834,2026-09-13,1800001172.0,1800001172.0,669.91
835,2026-09-13,1800001271.0,1800001271.0,3551.36
836,2026-09-13,1800001437.0,1800001437.0,2540.87
837,2026-09-13,1800001568.0,1800001568.0,3154.82
838,2026-09-13,1800001851.0,1800001851.0,1702.7
839,2026-09-13,1800001894.0,1800001894.0,7450.09
840,2026-09-13,1800001906.0,1800001906.0,15293.99
841,2026-09-13,1800001961.0,1800001961.0,3736.97
842,2026-09-13,1800001970.0,1800001970.0,1192.09
843,2026-09-13,1800001992.0,1800001992.0,329.24
844,2026-09-13,1800001997.0,1800001997.0,842.64
845,2026-09-13,1800002023.0,1800002023.0,1587.19
846,2026-09-13,1800002094.0,1800002094.0,6419.13
847,2026-09-13,1800002183.0,1800002183.0,4137.94
848,2026-09-13,1800002218.0,1800002218.0,4039.59
849,2026-09-13,1800002270.0,1800002270.0,954.47
850,2026-09-13,1800002291.0,1800002291.0,5479.3
851,2026-09-13,1800002435.0,1800002435.0,2877.6
852,2026-09-13,1800002787.0,1800002787.0,5876.36
853,2026-09-13,1800002856.0,1800002856.0,4445.58
854,2026-09-13,1800002915.0,1800002915.0,6777.47
855,2026-09-13,1800003089.0,1800003089.0,1155.74
856,2026-09-13,1800003099.0,1800003099.0,4977.53
857,2026-09-13,1800003189.0,1800003189.0,4482.52
858,2026-09-13,1800003267.0,1800003267.0,3839.49
859,2026-09-13,1800003334.0,1800003334.0,353.87
860,2026-09-13,1800003365.0,1800003365.0,1936.69
861,2026-09-13,1800003387.0,1800003387.0,2341.97
862,2026-09-13,1800003454.0,1800003454.0,608.54
863,2026-09-13,1800003751.0,1800003751.0,2431.74
864,2026-09-13,1800003809.0,1800003809.0,3913.18
865,2026-09-13,1800003893.0,1800003893.0,1384.38
866,2026-09-13,1800003895.0,1800003895.0,1032.72
867,2026-09-13,1800003938.0,1800003938.0,7130.87
868,2026-09-13,1800004124.0,1800004124.0,3039.14
869,2026-09-13,1800004243.0,1800004243.0,936.64
870,2026-09-13,1800004344.0,1800004344.0,2358.54
871,2026-09-13,1800004362.0,1800004362.0,3856.71
872,2026-09-13,1800004436.0,1800004436.0,563.56
873,2026-09-13,1800004503.0,1800004503.0,3851.25
874,2026-09-13,1800004957.0,1800004957.0,642.17
875,2026-09-13,1800004973.0,1800004973.0,13234.11
876,2026-09-13,1800005062.0,1800005062.0,684.77
877,2026-09-13,1800005064.0,1800005064.0,4112.86
878,2026-09-13,1800005126.0,1800005126.0,2562.84
879,2026-09-13,1800005128.0,1800005128.0,924.57
880,2026-09-13,1800005189.0,1800005189.0,3755.36
881,2026-09-13,1800005431.0,1800005431.0,1233.46
882,2026-09-13,1800005464.0,1800005464.0,1887.97
883,2026-09-13,1800005494.0,1800005494.0,12246.42
884,2026-09-13,1800005545.0,1800005545.0,360.72
885,2026-09-13,1800005576.0,1800005576.0,1760.25
886,2026-09-13,1800005627.0,1800005627.0,583.5
887,2026-09-13,1800005676.0,1800005676.0,2555.79
888,2026-09-13,1800005690.0,1800005690.0,5329.41
889,2026-09-13,1800005707.0,1800005707.0,1367.65
890,2026-09-13,1800005799.0,1800005799.0,1359.5
891,2026-09-13,1800006130.0,1800006130.0,2257.85
892,2026-09-14,1800000004.0,1800000004.0,3833.99
893,2026-09-14,1800000028.0,1800000028.0,9715.26
894,2026-09-14,1800000053.0,1800000053.0,2956.28
895,2026-09-14,1800000057.0,1800000057.0,861.37
896,2026-09-14,1800000269.0,1800000269.0,13988.7
897,2026-09-14,1800000356.0,1800000356.0,5869.78
898,2026-09-14,1800000378.0,1800000378.0,2778.89
899,2026-09-14,1800000439.0,1800000439.0,642.46
900,2026-09-14,1800000460.0,1800000460.0,8743.33
901,2026-09-14,1800000534.0,1800000534.0,503.23
902,2026-09-14,1800000689.0,1800000689.0,9513.22
903,2026-09-14,1800000704.0,1800000704.0,1096.43
904,2026-09-14,1800000716.0,1800000716.0,7268.24
905,2026-09-14,1800000717.0,1800000717.0,13348.01
906,2026-09-14,1800000724.0,1800000724.0,1924.22
907,2026-09-14,1800000805.0,1800000805.0,879.95
908,2026-09-14,1800000858.0,1800000858.0,4439.87
909,2026-09-14,1800000989.0,1800000989.0,2479.43
910,2026-09-14,1800000997.0,1800000997.0,2804.34
911,2026-09-14,1800001030.0,1800001030.0,1714.58
912,2026-09-14,1800001269.0,1800001269.0,1740.79
913,2026-09-14,1800001291.0,1800001291.0,1092.59
914,2026-09-14,1800001309.0,1800001309.0,439.08
915,2026-09-14,1800001499.0,1800001499.0,1516.62
916,2026-09-14,1800001500.0,1800001500.0,167.66
917,2026-09-14,1800001858.0,1800001858.0,2307.53
918,2026-09-14,1800001998.0,1800001998.0,11689.58
919,2026-09-14,1800002113.0,1800002113.0,3035.31
920,2026-09-14,1800002619.0,1800002619.0,5428.51
921,2026-09-14,1800002644.0,1800002644.0,1897.97
922,2026-09-14,1800002810.0,1800002810.0,522.06
923,2026-09-14,1800002934.0,1800002934.0,4140.28
924,2026-09-14,1800002973.0,1800002973.0,948.93
925,2026-09-14,1800002991.0,1800002991.0,283.45
926,2026-09-14,1800003044.0,1800003044.0,4675.18
927,2026-09-14,1800003474.0,1800003474.0,1367.98
928,2026-09-14,1800003707.0,1800003707.0,4387.64
929,2026-09-14,1800003752.0,1800003752.0,14020.74
930,2026-09-14,1800003859.0,1800003859.0,2503.52
931,2026-09-14,1800003882.0,1800003882.0,5487.68
932,2026-09-14,1800003909.0,1800003909.0,370.9
933,2026-09-14,1800003954.0,1800003954.0,238.34
934,2026-09-14,1800004112.0,1800004112.0,4627.09
935,2026-09-14,1800004232.0,1800004232.0,5784.91
936,2026-09-14,1800004876.0,1800004876.0,4320.31
937,2026-09-14,1800005287.0,1800005287.0,749.29
938,2026-09-14,1800005704.0,1800005704.0,12977.67
939,2026-09-14,1800005771.0,1800005771.0,1443.71
940,2026-09-14,1800005825.0,1800005825.0,207.07
941,2026-09-14,1800005844.0,1800005844.0,349.89
942,2026-09-14,1800005971.0,1800005971.0,17695.8
943,2026-09-14,1800006161.0,1800006161.0,11216.71
944,2026-09-15,1800000072.0,1800000072.0,551.98
945,2026-09-15,1800000237.0,1800000237.0,961.53
946,2026-09-15,1800000291.0,1800000291.0,5137.5
947,2026-09-15,1800000576.0,1800000576.0,838.56
948,2026-09-15,1800000625.0,1800000625.0,453.43
949,2026-09-15,1800000678.0,1800000678.0,1090.28
950,2026-09-15,1800000681.0,1800000681.0,2040.39
951,2026-09-15,1800000760.0,1800000760.0,482.6
952,2026-09-15,1800000804.0,1800000804.0,376.02
953,2026-09-15,1800000869.0,1800000869.0,1968.7
954,2026-09-15,1800000944.0,1800000944.0,1738.39
955,2026-09-15,1800000966.0,1800000966.0,6827.03
956,2026-09-15,1800001077.0,1800001077.0,752.62
957,2026-09-15,1800001088.0,1800001088.0,9536.49
958,2026-09-15,1800001116.0,1800001116.0,4701.34
959,2026-09-15,1800001285.0,1800001285.0,1397.42
960,2026-09-15,1800001571.0,1800001571.0,1252.86
961,2026-09-15,1800001793.0,1800001793.0,2487.86
962,2026-09-15,1800001794.0,1800001794.0,241.47
963,2026-09-15,1800001892.0,1800001892.0,1857.29
964,2026-09-15,1800001909.0,1800001909.0,1945.62
965,2026-09-15,1800001932.0,1800001932.0,1411.63
966,2026-09-15,1800002108.0,1800002108.0,5659.44
967,2026-09-15,1800002115.0,1800002115.0,6930.95
968,2026-09-15,1800002275.0,1800002275.0,874.99
969,2026-09-15,1800002362.0,1800002362.0,3989.5
970,2026-09-15,1800002449.0,1800002449.0,2232.08
971,2026-09-15,1800002584.0,1800002584.0,2678.09
972,2026-09-15,1800002637.0,1800002637.0,587.88
973,2026-09-15,1800002779.0,1800002779.0,1511.66
974,2026-09-15,1800002799.0,1800002799.0,806.11
975,2026-09-15,1800002836.0,1800002836.0,529.54
976,2026-09-15,1800002954.0,1800002954.0,5724.66
977,2026-09-15,1800003002.0,1800003002.0,1908.28
978,2026-09-15,1800003046.0,1800003046.0,3254.22
979,2026-09-15,1800003052.0,1800003052.0,5257.15
980,2026-09-15,1800003161.0,1800003161.0,4812.37
981,2026-09-15,1800003277.0,1800003277.0,7905.99
982,2026-09-15,1800003310.0,1800003310.0,2172.94
983,2026-09-15,1800003366.0,1800003366.0,1868.59
984,2026-09-15,1800003465.0,1800003465.0,1365.67
985,2026-09-15,1800003488.0,1800003488.0,3564.32
986,2026-09-15,1800003541.0,1800003541.0,3292.65
987,2026-09-15,1800003551.0,1800003551.0,13616.48
988,2026-09-15,1800003723.0,1800003723.0,215.14
989,2026-09-15,1800003985.0,1800003985.0,8620.87
990,2026-09-15,1800004143.0,1800004143.0,6973.02
991,2026-09-15,1800004150.0,1800004150.0,2349.82
992,2026-09-15,1800004186.0,1800004186.0,390.8
993,2026-09-15,1800004265.0,1800004265.0,3589.17
994,2026-09-15,1800004275.0,1800004275.0,6041.76
995,2026-09-15,1800004409.0,1800004409.0,4365.5
996,2026-09-15,1800004547.0,1800004547.0,2265.4
997,2026-09-15,1800004890.0,1800004890.0,5495.43
998,2026-09-15,1800004924.0,1800004924.0,1578.89
999,2026-09-15,1800004954.0,1800004954.0,953.58
1000,2026-09-15,1800004955.0,1800004955.0,502.41
1001,2026-09-15,1800005101.0,1800005101.0,12649.51
1002,2026-09-15,1800005181.0,1800005181.0,12167.83
1003,2026-09-15,1800005370.0,1800005370.0,1321.54
1004,2026-09-15,1800005474.0,1800005474.0,1387.31
1005,2026-09-15,1800005481.0,1800005481.0,8870.3
1006,2026-09-15,1800005607.0,1800005607.0,11474.08
1007,2026-09-15,1800005632.0,1800005632.0,3372.37
1008,2026-09-15,1800005637.0,1800005637.0,5814.71
1009,2026-09-15,1800005999.0,1800005999.0,2867.76
1010,2026-09-15,1800006119.0,1800006119.0,5375.01
1011,2026-09-15,1800006186.0,1800006186.0,1003.93
1012,2026-09-15,1800006196.0,1800006196.0,7974.75
1013,2026-09-16,1800000169.0,1800000169.0,8302.92
1014,2026-09-16,1800000267.0,1800000267.0,1354.52
1015,2026-09-16,1800000546.0,1800000546.0,1346.94
1016,2026-09-16,1800000585.0,1800000585.0,7554.36
1017,2026-09-16,1800000604.0,1800000604.0,8186.84
1018,2026-09-16,1800000708.0,1800000708.0,3852.33
1019,2026-09-16,1800000761.0,1800000761.0,2548.13
1020,2026-09-16,1800000825.0,1800000825.0,3281.49
1021,2026-09-16,1800000826.0,1800000826.0,8124.26
1022,2026-09-16,1800000832.0,1800000832.0,5119.98
1023,2026-09-16,1800000837.0,1800000837.0,4184.57
1024,2026-09-16,1800001052.0,1800001052.0,3059.72
1025,2026-09-16,1800001076.0,1800001076.0,543.07
1026,2026-09-16,1800001079.0,1800001079.0,919.84
1027,2026-09-16,1800001096.0,1800001096.0,918.83
1028,2026-09-16,1800001123.0,1800001123.0,4485.7
1029,2026-09-16,1800001289.0,1800001289.0,7242.48
1030,2026-09-16,1800001536.0,1800001536.0,1385.4
1031,2026-09-16,1800001581.0,1800001581.0,931.59
1032,2026-09-16,1800001658.0,1800001658.0,3088.61
1033,2026-09-16,1800001713.0,1800001713.0,321.16
1034,2026-09-16,1800001762.0,1800001762.0,6404.09
1035,2026-09-16,1800001767.0,1800001767.0,1740.14
1036,2026-09-16,1800001789.0,1800001789.0,7386.98
1037,2026-09-16,1800001849.0,1800001849.0,17562.24
1038,2026-09-16,1800001913.0,1800001913.0,545.97
1039,2026-09-16,1800002026.0,1800002026.0,13627.54
1040,2026-09-16,1800002110.0,1800002110.0,846.04
1041,2026-09-16,1800002140.0,1800002140.0,548.48
1042,2026-09-16,1800002164.0,1800002164.0,24957.46
1043,2026-09-16,1800002192.0,1800002192.0,1651.88
1044,2026-09-16,1800002290.0,1800002290.0,538.7
1045,2026-09-16,1800002296.0,1800002296.0,283.47
1046,2026-09-16,1800002460.0,1800002460.0,1582.24
1047,2026-09-16,1800002530.0,1800002530.0,5980.79
1048,2026-09-16,1800002756.0,1800002756.0,6385.9
1049,2026-09-16,1800002891.0,1800002891.0,7243.5
1050,2026-09-16,1800003206.0,1800003206.0,12587.39
1051,2026-09-16,1800003245.0,1800003245.0,529.39
1052,2026-09-16,1800003345.0,1800003345.0,1393.54
1053,2026-09-16,1800003428.0,1800003428.0,2127.72
1054,2026-09-16,1800003459.0,1800003459.0,4469.23
1055,2026-09-16,1800003469.0,1800003469.0,227.07
1056,2026-09-16,1800003535.0,1800003535.0,222.57
1057,2026-09-16,1800003611.0,1800003611.0,938.19
1058,2026-09-16,1800003619.0,1800003619.0,1755.04
1059,2026-09-16,1800003731.0,1800003731.0,6336.97
1060,2026-09-16,1800003837.0,1800003837.0,276.73
1061,2026-09-16,1800003852.0,1800003852.0,6621.22
1062,2026-09-16,1800003901.0,1800003901.0,2589.97
1063,2026-09-16,1800003930.0,1800003930.0,10998.56
1064,2026-09-16,1800004028.0,1800004028.0,3068.93
1065,2026-09-16,1800004030.0,1800004030.0,1791.79
1066,2026-09-16,1800004051.0,1800004051.0,770.16
1067,2026-09-16,1800004191.0,1800004191.0,1844.49
1068,2026-09-16,1800004226.0,1800004226.0,430.54
1069,2026-09-16,1800004297.0,1800004297.0,1777.38
1070,2026-09-16,1800004313.0,1800004313.0,533.35
1071,2026-09-16,1800004460.0,1800004460.0,6071.06
1072,2026-09-16,1800004557.0,1800004557.0,1411.62
1073,2026-09-16,1800004631.0,1800004631.0,1399.78
1074,2026-09-16,1800004659.0,1800004659.0,175.87
1075,2026-09-16,1800004688.0,1800004688.0,3608.29
1076,2026-09-16,1800004704.0,1800004704.0,4326.19
1077,2026-09-16,1800004713.0,1800004713.0,6582.41
1078,2026-09-16,1800004798.0,1800004798.0,927.12
1079,2026-09-16,1800004910.0,1800004910.0,2585.04
1080,2026-09-16,1800004993.0,1800004993.0,6529.79
1081,2026-09-16,1800005059.0,1800005059.0,1011.56
1082,2026-09-16,1800005131.0,1800005131.0,4796.21
1083,2026-09-16,1800005229.0,1800005229.0,1259.21
1084,2026-09-16,1800005397.0,1800005397.0,3478.94
1085,2026-09-16,1800005593.0,1800005593.0,2466.71
1086,2026-09-16,1800005656.0,1800005656.0,1241.49
1087,2026-09-16,1800005689.0,1800005689.0,6303.03
1088,2026-09-16,1800005721.0,1800005721.0,2195.11
1089,2026-09-16,1800005842.0,1800005842.0,7554.21
1090,2026-09-17,1800000228.0,1800000228.0,3458.15
1091,2026-09-17,1800000243.0,1800000243.0,2354.68
1092,2026-09-17,1800000273.0,1800000273.0,1603.75
1093,2026-09-17,1800000355.0,1800000355.0,3250.45
1094,2026-09-17,1800000568.0,1800000568.0,9992.32
1095,2026-09-17,1800000570.0,1800000570.0,2073.2
1096,2026-09-17,1800000715.0,1800000715.0,4305.34
1097,2026-09-17,1800000737.0,1800000737.0,1963.2
1098,2026-09-17,1800000794.0,1800000794.0,9482.0
1099,2026-09-17,1800000795.0,1800000795.0,3111.05
1100,2026-09-17,1800001037.0,1800001037.0,6212.74
1101,2026-09-17,1800001095.0,1800001095.0,1399.25
1102,2026-09-17,1800001121.0,1800001121.0,966.91
1103,2026-09-17,1800001127.0,1800001127.0,1232.63
1104,2026-09-17,1800001167.0,1800001167.0,3788.99
1105,2026-09-17,1800001229.0,1800001229.0,2514.63
1106,2026-09-17,1800001306.0,1800001306.0,1282.89
1107,2026-09-17,1800001626.0,1800001626.0,2002.3
1108,2026-09-17,1800001771.0,1800001771.0,4612.03
1109,2026-09-17,1800001868.0,1800001868.0,9949.8
1110,2026-09-17,1800001895.0,1800001895.0,579.0
1111,2026-09-17,1800001911.0,1800001911.0,633.02
1112,2026-09-17,1800002000.0,1800002000.0,5050.9
1113,2026-09-17,1800002123.0,1800002123.0,227.71
1114,2026-09-17,1800002255.0,1800002255.0,4649.74
1115,2026-09-17,1800002434.0,1800002434.0,1247.12
1116,2026-09-17,1800002491.0,1800002491.0,3257.03
1117,2026-09-17,1800002512.0,1800002512.0,7837.15
1118,2026-09-17,1800002519.0,1800002519.0,3089.6
1119,2026-09-17,1800002522.0,1800002522.0,232.53
1120,2026-09-17,1800002573.0,1800002573.0,3235.51
1121,2026-09-17,1800002603.0,1800002603.0,533.08
1122,2026-09-17,1800002618.0,1800002618.0,8364.04
1123,2026-09-17,1800002665.0,1800002665.0,2642.0
1124,2026-09-17,1800002684.0,1800002684.0,3800.88
1125,2026-09-17,1800002834.0,1800002834.0,7288.91
1126,2026-09-17,1800002835.0,1800002835.0,746.56
1127,2026-09-17,1800002939.0,1800002939.0,14427.25
1128,2026-09-17,1800003042.0,1800003042.0,800.8
1129,2026-09-17,1800003053.0,1800003053.0,2824.62
1130,2026-09-17,1800003306.0,1800003306.0,4049.52
1131,2026-09-17,1800003337.0,1800003337.0,2455.91
1132,2026-09-17,1800003412.0,1800003412.0,5910.63
1133,2026-09-17,1800003448.0,1800003448.0,2972.33
1134,2026-09-17,1800003527.0,1800003527.0,1387.99
1135,2026-09-17,1800003552.0,1800003552.0,430.95
1136,2026-09-17,1800003934.0,1800003934.0,1736.08
1137,2026-09-17,1800004055.0,1800004055.0,1525.97
1138,2026-09-17,1800004067.0,1800004067.0,1575.65
1139,2026-09-17,1800004115.0,1800004115.0,427.85
1140,2026-09-17,1800004194.0,1800004194.0,6955.38
1141,2026-09-17,1800004342.0,1800004342.0,285.37
1142,2026-09-17,1800004414.0,1800004414.0,3906.76
1143,2026-09-17,1800004632.0,1800004632.0,2114.26
1144,2026-09-17,1800004683.0,1800004683.0,10384.81
1145,2026-09-17,1800004753.0,1800004753.0,3085.87
1146,2026-09-17,1800005013.0,1800005013.0,544.83
1147,2026-09-17,1800005130.0,1800005130.0,1301.13
1148,2026-09-17,1800005132.0,1800005132.0,7613.18
1149,2026-09-17,1800005165.0,1800005165.0,890.63
1150,2026-09-17,1800005193.0,1800005193.0,261.02
1151,2026-09-17,1800005277.0,1800005277.0,1083.37
1152,2026-09-17,1800005471.0,1800005471.0,257.74
1153,2026-09-17,1800005531.0,1800005531.0,8283.8
1154,2026-09-17,1800005544.0,1800005544.0,611.05
1155,2026-09-17,1800005603.0,1800005603.0,1577.01
1156,2026-09-17,1800005628.0,1800005628.0,823.85
1157,2026-09-17,1800005762.0,1800005762.0,3057.49
1158,2026-09-17,1800005772.0,1800005772.0,8719.6
1159,2026-09-17,1800005852.0,1800005852.0,2773.38
1160,2026-09-17,1800005881.0,1800005881.0,887.04
1161,2026-09-17,1800006101.0,1800006101.0,241.21
1162,2026-09-17,1800006102.0,1800006102.0,635.31
1163,2026-09-17,1800006134.0,1800006134.0,597.5
1164,2026-09-17,1800006135.0,1800006135.0,8809.67
1165,2026-09-17,1800006198.0,1800006198.0,6261.42
1166,2026-09-18,1800000210.0,1800000210.0,2624.31
1167,2026-09-18,1800000233.0,1800000233.0,7409.0
1168,2026-09-18,1800000240.0,1800000240.0,4200.89
1169,2026-09-18,1800000282.0,1800000282.0,3195.94
1170,2026-09-18,1800000373.0,1800000373.0,1768.44
1171,2026-09-18,1800000415.0,1800000415.0,3890.18
1172,2026-09-18,1800000443.0,1800000443.0,284.1
1173,2026-09-18,1800000508.0,1800000508.0,2324.18
1174,2026-09-18,1800000614.0,1800000614.0,1594.8
1175,2026-09-18,1800000722.0,1800000722.0,1932.48
1176,2026-09-18,1800000818.0,1800000818.0,2438.66
1177,2026-09-18,1800000871.0,1800000871.0,2443.41
1178,2026-09-18,1800000877.0,1800000877.0,5839.95
1179,2026-09-18,1800000895.0,1800000895.0,2588.2
1180,2026-09-18,1800001013.0,1800001013.0,7013.34
1181,2026-09-18,1800001105.0,1800001105.0,1036.91
1182,2026-09-18,1800001144.0,1800001144.0,626.88
1183,2026-09-18,1800001150.0,1800001150.0,5020.75
1184,2026-09-18,1800001339.0,1800001339.0,1264.13
1185,2026-09-18,1800001559.0,1800001559.0,3022.41
1186,2026-09-18,1800001757.0,1800001757.0,2586.46
1187,2026-09-18,1800002061.0,1800002061.0,12033.11
1188,2026-09-18,1800002098.0,1800002098.0,5471.45
1189,2026-09-18,1800002322.0,1800002322.0,7312.4
1190,2026-09-18,1800002365.0,1800002365.0,432.88
1191,2026-09-18,1800002367.0,1800002367.0,3913.27
1192,2026-09-18,1800002399.0,1800002399.0,8467.1
1193,2026-09-18,1800002426.0,1800002426.0,1007.19
1194,2026-09-18,1800002477.0,1800002477.0,4462.17
1195,2026-09-18,1800002562.0,1800002562.0,625.02
1196,2026-09-18,1800002631.0,1800002631.0,821.02
1197,2026-09-18,1800002661.0,1800002661.0,2913.87
1198,2026-09-18,1800002750.0,1800002750.0,16886.64
1199,2026-09-18,1800002757.0,1800002757.0,307.17
1200,2026-09-18,1800002774.0,1800002774.0,2129.12
1201,2026-09-18,1800003101.0,1800003101.0,7323.17
1202,2026-09-18,1800003106.0,1800003106.0,739.91
1203,2026-09-18,1800003324.0,1800003324.0,1084.96
1204,2026-09-18,1800003349.0,1800003349.0,4004.58
1205,2026-09-18,1800003399.0,1800003399.0,276.77
1206,2026-09-18,1800003477.0,1800003477.0,418.94
1207,2026-09-18,1800003630.0,1800003630.0,4487.76
1208,2026-09-18,1800003655.0,1800003655.0,6335.75
1209,2026-09-18,1800003747.0,1800003747.0,3455.07
1210,2026-09-18,1800003862.0,1800003862.0,1840.51
1211,2026-09-18,1800003953.0,1800003953.0,4791.92
1212,2026-09-18,1800003986.0,1800003986.0,6812.13
1213,2026-09-18,1800004012.0,1800004012.0,8549.55
1214,2026-09-18,1800004070.0,1800004070.0,12855.87
1215,2026-09-18,1800004151.0,1800004151.0,3525.62
1216,2026-09-18,1800004234.0,1800004234.0,529.4
1217,2026-09-18,1800004459.0,1800004459.0,4581.11
1218,2026-09-18,1800004528.0,1800004528.0,10405.84
1219,2026-09-18,1800004563.0,1800004563.0,1413.06
1220,2026-09-18,1800004675.0,1800004675.0,1638.95
1221,2026-09-18,1800004719.0,1800004719.0,3777.31
1222,2026-09-18,1800004735.0,1800004735.0,504.99
1223,2026-09-18,1800004780.0,1800004780.0,7588.89
1224,2026-09-18,1800004841.0,1800004841.0,6890.21
1225,2026-09-18,1800004862.0,1800004862.0,1334.32
1226,2026-09-18,1800004899.0,1800004899.0,2276.35
1227,2026-09-18,1800005067.0,1800005067.0,5327.38
1228,2026-09-18,1800005090.0,1800005090.0,5809.16
1229,2026-09-18,1800005201.0,1800005201.0,299.08
1230,2026-09-18,1800005208.0,1800005208.0,1826.62
1231,2026-09-18,1800005241.0,1800005241.0,3552.6
1232,2026-09-18,1800005253.0,1800005253.0,2336.21
1233,2026-09-18,1800005266.0,1800005266.0,1211.2
1234,2026-09-18,1800005308.0,1800005308.0,584.48
1235,2026-09-18,1800005341.0,1800005341.0,3073.25
1236,2026-09-18,1800005343.0,1800005343.0,1803.68
1237,2026-09-18,1800005389.0,1800005389.0,962.08
1238,2026-09-18,1800005398.0,1800005398.0,1437.19
1239,2026-09-18,1800005654.0,1800005654.0,392.46
1240,2026-09-18,1800005730.0,1800005730.0,2223.47
1241,2026-09-18,1800005761.0,1800005761.0,8667.79
1242,2026-09-18,1800005877.0,1800005877.0,5792.86
1243,2026-09-18,1800006077.0,1800006077.0,3727.67
1244,2026-09-18,1800006086.0,1800006086.0,1206.87
1245,2026-09-19,1800000065.0,1800000065.0,6395.62
1246,2026-09-19,1800000105.0,1800000105.0,1661.53
1247,2026-09-19,1800000106.0,1800000106.0,498.74
1248,2026-09-19,1800000189.0,1800000189.0,858.77
1249,2026-09-19,1800000300.0,1800000300.0,3818.95
1250,2026-09-19,1800000316.0,1800000316.0,3396.46
1251,2026-09-19,1800000327.0,1800000327.0,2731.86
1252,2026-09-19,1800000404.0,1800000404.0,1479.99
1253,2026-09-19,1800000438.0,1800000438.0,2973.89
1254,2026-09-19,1800000670.0,1800000670.0,514.8
1255,2026-09-19,1800000735.0,1800000735.0,3604.76
1256,2026-09-19,1800000738.0,1800000738.0,1887.09
1257,2026-09-19,1800000780.0,1800000780.0,9510.92
1258,2026-09-19,1800000988.0,1800000988.0,4471.27
1259,2026-09-19,1800001007.0,1800001007.0,723.32
1260,2026-09-19,1800001055.0,1800001055.0,2500.36
1261,2026-09-19,1800001112.0,1800001112.0,1088.52
1262,2026-09-19,1800001252.0,1800001252.0,400.07
1263,2026-09-19,1800001272.0,1800001272.0,6033.9
1264,2026-09-19,1800001342.0,1800001342.0,6343.82
1265,2026-09-19,1800001455.0,1800001455.0,2842.69
1266,2026-09-19,1800001477.0,1800001477.0,7874.77
1267,2026-09-19,1800001561.0,1800001561.0,6823.77
1268,2026-09-19,1800001625.0,1800001625.0,15163.32
1269,2026-09-19,1800001674.0,1800001674.0,1530.62
1270,2026-09-19,1800001722.0,1800001722.0,386.74
1271,2026-09-19,1800001879.0,1800001879.0,7783.86
1272,2026-09-19,1800001959.0,1800001959.0,2478.96
1273,2026-09-19,1800002191.0,1800002191.0,1757.34
1274,2026-09-19,1800002400.0,1800002400.0,2882.5
1275,2026-09-19,1800002525.0,1800002525.0,3153.28
1276,2026-09-19,1800002689.0,1800002689.0,686.49
1277,2026-09-19,1800002749.0,1800002749.0,8553.96
1278,2026-09-19,1800002859.0,1800002859.0,4159.17
1279,2026-09-19,1800002933.0,1800002933.0,1894.44
1280,2026-09-19,1800003124.0,1800003124.0,5776.35
1281,2026-09-19,1800003167.0,1800003167.0,3989.73
1282,2026-09-19,1800003291.0,1800003291.0,8413.96
1283,2026-09-19,1800003378.0,1800003378.0,3602.3
1284,2026-09-19,1800003656.0,1800003656.0,284.24
1285,2026-09-19,1800003694.0,1800003694.0,10209.33
1286,2026-09-19,1800003696.0,1800003696.0,7129.89
1287,2026-09-19,1800003795.0,1800003795.0,5719.02
1288,2026-09-19,1800003807.0,1800003807.0,3721.7
1289,2026-09-19,1800003992.0,1800003992.0,6702.93
1290,2026-09-19,1800004224.0,1800004224.0,4419.15
1291,2026-09-19,1800004230.0,1800004230.0,6941.2
1292,2026-09-19,1800004354.0,1800004354.0,3854.14
1293,2026-09-19,1800004529.0,1800004529.0,4341.52
1294,2026-09-19,1800004670.0,1800004670.0,2679.12
1295,2026-09-19,1800004824.0,1800004824.0,5000.74
1296,2026-09-19,1800004896.0,1800004896.0,4656.82
1297,2026-09-19,1800004997.0,1800004997.0,843.68
1298,2026-09-19,1800005066.0,1800005066.0,7758.21
1299,2026-09-19,1800005257.0,1800005257.0,10387.11
1300,2026-09-19,1800005304.0,1800005304.0,2148.76
1301,2026-09-19,1800005387.0,1800005387.0,4697.35
1302,2026-09-19,1800005588.0,1800005588.0,3486.45
1303,2026-09-19,1800005747.0,1800005747.0,1934.98
1304,2026-09-19,1800005748.0,1800005748.0,2914.74
1305,2026-09-19,1800005869.0,1800005869.0,598.51
1306,2026-09-19,1800005937.0,1800005937.0,6674.01
1307,2026-09-19,1800006071.0,1800006071.0,2689.47
1308,2026-09-20,1800000046.0,1800000046.0,2125.46
1309,2026-09-20,1800000136.0,1800000136.0,8232.92
1310,2026-09-20,1800000435.0,1800000435.0,2223.43
1311,2026-09-20,1800000451.0,1800000451.0,838.21
1312,2026-09-20,1800000624.0,1800000624.0,2076.59
1313,2026-09-20,1800000771.0,1800000771.0,4399.69
1314,2026-09-20,1800000923.0,1800000923.0,1124.58
1315,2026-09-20,1800001146.0,1800001146.0,196.13
1316,2026-09-20,1800001177.0,1800001177.0,3676.86
1317,2026-09-20,1800001205.0,1800001205.0,2407.28
1318,2026-09-20,1800001465.0,1800001465.0,511.62
1319,2026-09-20,1800001510.0,1800001510.0,1308.13
1320,2026-09-20,1800001511.0,1800001511.0,8065.15
1321,2026-09-20,1800001592.0,1800001592.0,2289.31
1322,2026-09-20,1800001905.0,1800001905.0,6262.68
1323,2026-09-20,1800001990.0,1800001990.0,872.84
1324,2026-09-20,1800002036.0,1800002036.0,3574.87
1325,2026-09-20,1800002072.0,1800002072.0,996.71
1326,2026-09-20,1800002128.0,1800002128.0,1802.83
1327,2026-09-20,1800002134.0,1800002134.0,482.84
1328,2026-09-20,1800002149.0,1800002149.0,4014.05
1329,2026-09-20,1800002161.0,1800002161.0,3607.3
1330,2026-09-20,1800002256.0,1800002256.0,1853.94
1331,2026-09-20,1800002257.0,1800002257.0,400.58
1332,2026-09-20,1800002285.0,1800002285.0,1800.15
1333,2026-09-20,1800002752.0,1800002752.0,3810.17
1334,2026-09-20,1800002766.0,1800002766.0,1719.27
1335,2026-09-20,1800002833.0,1800002833.0,391.89
1336,2026-09-20,1800002867.0,1800002867.0,7134.22
1337,2026-09-20,1800002906.0,1800002906.0,380.68
1338,2026-09-20,1800003070.0,1800003070.0,2162.66
1339,2026-09-20,1800003132.0,1800003132.0,1677.49
1340,2026-09-20,1800003156.0,1800003156.0,671.68
1341,2026-09-20,1800003312.0,1800003312.0,507.26
1342,2026-09-20,1800003358.0,1800003358.0,10616.43
1343,2026-09-20,1800003414.0,1800003414.0,2346.06
1344,2026-09-20,1800003476.0,1800003476.0,10167.86
1345,2026-09-20,1800003536.0,1800003536.0,5195.23
1346,2026-09-20,1800003568.0,1800003568.0,428.54
1347,2026-09-20,1800003687.0,1800003687.0,3218.09
1348,2026-09-20,1800003910.0,1800003910.0,2606.04
1349,2026-09-20,1800003927.0,1800003927.0,1179.24
1350,2026-09-20,1800003950.0,1800003950.0,10026.94
1351,2026-09-20,1800004065.0,1800004065.0,2155.78
1352,2026-09-20,1800004126.0,1800004126.0,1192.5
1353,2026-09-20,1800004188.0,1800004188.0,3147.91
1354,2026-09-20,1800004251.0,1800004251.0,1625.09
1355,2026-09-20,1800004367.0,1800004367.0,5678.5
1356,2026-09-20,1800004412.0,1800004412.0,10726.97
1357,2026-09-20,1800004485.0,1800004485.0,506.03
1358,2026-09-20,1800004493.0,1800004493.0,648.11
1359,2026-09-20,1800004522.0,1800004522.0,2016.33
1360,2026-09-20,1800004535.0,1800004535.0,6305.93
1361,2026-09-20,1800004662.0,1800004662.0,5718.62
1362,2026-09-20,1800004794.0,1800004794.0,3294.15
1363,2026-09-20,1800004882.0,1800004882.0,10041.7
1364,2026-09-20,1800004962.0,1800004962.0,1185.81
1365,2026-09-20,1800005043.0,1800005043.0,9091.95
1366,2026-09-20,1800005085.0,1800005085.0,3242.06
1367,2026-09-20,1800005171.0,1800005171.0,774.68
1368,2026-09-20,1800005345.0,1800005345.0,5525.73
1369,2026-09-20,1800005385.0,1800005385.0,1402.27
1370,2026-09-20,1800005457.0,1800005457.0,3747.3
1371,2026-09-20,1800005534.0,1800005534.0,3944.12
1372,2026-09-20,1800005572.0,1800005572.0,2252.52
1373,2026-09-20,1800005597.0,1800005597.0,1057.94
1374,2026-09-20,1800005708.0,1800005708.0,284.61
1375,2026-09-20,1800005834.0,1800005834.0,958.05
1376,2026-09-20,1800005865.0,1800005865.0,285.73
1377,2026-09-20,1800006054.0,1800006054.0,3310.03
1378,2026-09-20,1800006110.0,1800006110.0,252.93
1379,2026-09-20,1800006129.0,1800006129.0,5851.55
1380,2026-09-21,1800000075.0,1800000075.0,10200.3
1381,2026-09-21,1800000092.0,1800000092.0,2790.99
1382,2026-09-21,1800000119.0,1800000119.0,663.34
1383,2026-09-21,1800000503.0,1800000503.0,1697.21
1384,2026-09-21,1800000549.0,1800000549.0,652.1
1385,2026-09-21,1800000554.0,1800000554.0,5968.98
1386,2026-09-21,1800000808.0,1800000808.0,293.7
1387,2026-09-21,1800000920.0,1800000920.0,1139.73
1388,2026-09-21,1800000937.0,1800000937.0,814.6
1389,2026-09-21,1800001033.0,1800001033.0,4961.89
1390,2026-09-21,1800001053.0,1800001053.0,2348.23
1391,2026-09-21,1800001058.0,1800001058.0,179.56
1392,2026-09-21,1800001130.0,1800001130.0,9331.63
1393,2026-09-21,1800001217.0,1800001217.0,961.99
1394,2026-09-21,1800001320.0,1800001320.0,4635.1
1395,2026-09-21,1800001496.0,1800001496.0,4459.22
1396,2026-09-21,1800001576.0,1800001576.0,742.19
1397,2026-09-21,1800001715.0,1800001715.0,240.59
1398,2026-09-21,1800001748.0,1800001748.0,2772.3
1399,2026-09-21,1800001811.0,1800001811.0,10561.59
1400,2026-09-21,1800001822.0,1800001822.0,269.0
1401,2026-09-21,1800001889.0,1800001889.0,4345.01
1402,2026-09-21,1800001937.0,1800001937.0,1629.81
1403,2026-09-21,1800002009.0,1800002009.0,4697.38
1404,2026-09-21,1800002294.0,1800002294.0,5456.61
1405,2026-09-21,1800002511.0,1800002511.0,3662.43
1406,2026-09-21,1800002550.0,1800002550.0,5169.79
1407,2026-09-21,1800002695.0,1800002695.0,1476.11
1408,2026-09-21,1800002823.0,1800002823.0,2555.63
1409,2026-09-21,1800002886.0,1800002886.0,1467.99
1410,2026-09-21,1800002979.0,1800002979.0,890.95
1411,2026-09-21,1800003000.0,1800003000.0,5224.1
1412,2026-09-21,1800003153.0,1800003153.0,9917.89
1413,2026-09-21,1800003193.0,1800003193.0,3849.09
1414,2026-09-21,1800003240.0,1800003240.0,945.37
1415,2026-09-21,1800003265.0,1800003265.0,7812.29
1416,2026-09-21,1800003330.0,1800003330.0,2895.62
1417,2026-09-21,1800003417.0,1800003417.0,7085.31
1418,2026-09-21,1800003614.0,1800003614.0,1121.91
1419,2026-09-21,1800003673.0,1800003673.0,13657.32
1420,2026-09-21,1800003708.0,1800003708.0,531.63
1421,2026-09-21,1800003948.0,1800003948.0,883.75
1422,2026-09-21,1800004011.0,1800004011.0,1124.8
1423,2026-09-21,1800004392.0,1800004392.0,181.94
1424,2026-09-21,1800004420.0,1800004420.0,6498.33
1425,2026-09-21,1800004422.0,1800004422.0,921.27
1426,2026-09-21,1800004428.0,1800004428.0,1362.43
1427,2026-09-21,1800004465.0,1800004465.0,609.52
1428,2026-09-21,1800004599.0,1800004599.0,663.76
1429,2026-09-21,1800004754.0,1800004754.0,233.85
1430,2026-09-21,1800004781.0,1800004781.0,875.03
1431,2026-09-21,1800004803.0,1800004803.0,364.84
1432,2026-09-21,1800004863.0,1800004863.0,1266.45
1433,2026-09-21,1800004888.0,1800004888.0,6975.86
1434,2026-09-21,1800005049.0,1800005049.0,2293.85
1435,2026-09-21,1800005110.0,1800005110.0,3559.16
1436,2026-09-21,1800005173.0,1800005173.0,1128.28
1437,2026-09-21,1800005270.0,1800005270.0,1969.85
1438,2026-09-21,1800005556.0,1800005556.0,1075.55
1439,2026-09-21,1800005694.0,1800005694.0,903.71
1440,2026-09-21,1800005713.0,1800005713.0,4895.19
1441,2026-09-21,1800005850.0,1800005850.0,1712.35
1442,2026-09-21,1800006140.0,1800006140.0,618.8
1443,2026-09-21,1800006185.0,1800006185.0,3919.55
1444,2026-09-22,1800000079.0,1800000079.0,4666.69
1445,2026-09-22,1800000227.0,1800000227.0,3103.25
1446,2026-09-22,1800000452.0,1800000452.0,688.79
1447,2026-09-22,1800000493.0,1800000493.0,749.99
1448,2026-09-22,1800000552.0,1800000552.0,5112.23
1449,2026-09-22,1800000646.0,1800000646.0,275.81
1450,2026-09-22,1800000733.0,1800000733.0,1060.05
1451,2026-09-22,1800000814.0,1800000814.0,1873.85
1452,2026-09-22,1800000860.0,1800000860.0,2480.08
1453,2026-09-22,1800000862.0,1800000862.0,2456.17
1454,2026-09-22,1800000909.0,1800000909.0,5299.34
1455,2026-09-22,1800000912.0,1800000912.0,1855.66
1456,2026-09-22,1800000967.0,1800000967.0,8122.01
1457,2026-09-22,1800001061.0,1800001061.0,3259.56
1458,2026-09-22,1800001067.0,1800001067.0,435.16
1459,2026-09-22,1800001191.0,1800001191.0,2182.43
1460,2026-09-22,1800001197.0,1800001197.0,880.4
1461,2026-09-22,1800001267.0,1800001267.0,323.77
1462,2026-09-22,1800001373.0,1800001373.0,8833.54
1463,2026-09-22,1800001460.0,1800001460.0,9423.88
1464,2026-09-22,1800001515.0,1800001515.0,1060.79
1465,2026-09-22,1800001520.0,1800001520.0,1953.21
1466,2026-09-22,1800001723.0,1800001723.0,3268.78
1467,2026-09-22,1800001949.0,1800001949.0,2018.81
1468,2026-09-22,1800002044.0,1800002044.0,4716.47
1469,2026-09-22,1800002090.0,1800002090.0,1261.32
1470,2026-09-22,1800002207.0,1800002207.0,4835.25
1471,2026-09-22,1800002278.0,1800002278.0,7983.4
1472,2026-09-22,1800002591.0,1800002591.0,948.75
1473,2026-09-22,1800002748.0,1800002748.0,5202.86
1474,2026-09-22,1800002786.0,1800002786.0,1062.31
1475,2026-09-22,1800002807.0,1800002807.0,1747.8
1476,2026-09-22,1800002822.0,1800002822.0,929.64
1477,2026-09-22,1800002847.0,1800002847.0,6159.82
1478,2026-09-22,1800002897.0,1800002897.0,6119.15
1479,2026-09-22,1800003032.0,1800003032.0,858.27
1480,2026-09-22,1800003040.0,1800003040.0,3818.52
1481,2026-09-22,1800003149.0,1800003149.0,320.01
1482,2026-09-22,1800003272.0,1800003272.0,3938.56
1483,2026-09-22,1800003289.0,1800003289.0,444.19
1484,2026-09-22,1800003352.0,1800003352.0,828.3
1485,2026-09-22,1800003364.0,1800003364.0,3902.99
1486,2026-09-22,1800003457.0,1800003457.0,2721.9
1487,2026-09-22,1800003464.0,1800003464.0,6243.67
1488,2026-09-22,1800003482.0,1800003482.0,4054.98
1489,2026-09-22,1800003525.0,1800003525.0,6536.92
1490,2026-09-22,1800003547.0,1800003547.0,10643.37
1491,2026-09-22,1800003567.0,1800003567.0,569.43
1492,2026-09-22,1800003653.0,1800003653.0,340.75
1493,2026-09-22,1800003780.0,1800003780.0,1150.24
1494,2026-09-22,1800003897.0,1800003897.0,2068.05
1495,2026-09-22,1800003982.0,1800003982.0,522.17
1496,2026-09-22,1800004078.0,1800004078.0,662.77
1497,2026-09-22,1800004111.0,1800004111.0,1401.01
1498,2026-09-22,1800004161.0,1800004161.0,1172.51
1499,2026-09-22,1800004589.0,1800004589.0,7799.29
1500,2026-09-22,1800004667.0,1800004667.0,11736.95
1501,2026-09-22,1800004733.0,1800004733.0,933.68
1502,2026-09-22,1800004851.0,1800004851.0,1493.87
1503,2026-09-22,1800005138.0,1800005138.0,7374.57
1504,2026-09-22,1800005152.0,1800005152.0,1220.0
1505,2026-09-22,1800005206.0,1800005206.0,922.26
1506,2026-09-22,1800005366.0,1800005366.0,4928.99
1507,2026-09-22,1800005371.0,1800005371.0,6314.69
1508,2026-09-22,1800005460.0,1800005460.0,5751.02
1509,2026-09-22,1800005490.0,1800005490.0,2378.68
1510,2026-09-22,1800005770.0,1800005770.0,3012.44
1511,2026-09-22,1800005857.0,1800005857.0,1356.45
1512,2026-09-22,1800006149.0,1800006149.0,1298.64
1513,2026-09-23,1800000303.0,1800000303.0,6558.0
1514,2026-09-23,1800000402.0,1800000402.0,1710.12
1515,2026-09-23,1800000453.0,1800000453.0,1540.47
1516,2026-09-23,1800000573.0,1800000573.0,1319.47
1517,2026-09-23,1800000615.0,1800000615.0,2897.59
1518,2026-09-23,1800000621.0,1800000621.0,7309.68
1519,2026-09-23,1800000914.0,1800000914.0,2096.86
1520,2026-09-23,1800000924.0,1800000924.0,2995.32
1521,2026-09-23,1800001006.0,1800001006.0,193.71
1522,2026-09-23,1800001024.0,1800001024.0,4217.22
1523,2026-09-23,1800001092.0,1800001092.0,2719.6
1524,2026-09-23,1800001413.0,1800001413.0,9616.13
1525,2026-09-23,1800001703.0,1800001703.0,5290.22
1526,2026-09-23,1800001885.0,1800001885.0,7341.02
1527,2026-09-23,1800001950.0,1800001950.0,949.66
1528,2026-09-23,1800002019.0,1800002019.0,14364.42
1529,2026-09-23,1800002038.0,1800002038.0,2514.01
1530,2026-09-23,1800002070.0,1800002070.0,4338.23
1531,2026-09-23,1800002114.0,1800002114.0,748.55
1532,2026-09-23,1800002193.0,1800002193.0,403.85
1533,2026-09-23,1800002264.0,1800002264.0,432.36
1534,2026-09-23,1800002344.0,1800002344.0,5551.4
1535,2026-09-23,1800002505.0,1800002505.0,9516.26
1536,2026-09-23,1800002557.0,1800002557.0,749.07
1537,2026-09-23,1800002570.0,1800002570.0,3250.36
1538,2026-09-23,1800002658.0,1800002658.0,853.28
1539,2026-09-23,1800002678.0,1800002678.0,1502.27
1540,2026-09-23,1800002712.0,1800002712.0,2323.26
1541,2026-09-23,1800002746.0,1800002746.0,3608.19
1542,2026-09-23,1800002974.0,1800002974.0,4047.57
1543,2026-09-23,1800003222.0,1800003222.0,4512.28
1544,2026-09-23,1800003368.0,1800003368.0,5769.42
1545,2026-09-23,1800003411.0,1800003411.0,1881.39
1546,2026-09-23,1800003423.0,1800003423.0,2356.51
1547,2026-09-23,1800003442.0,1800003442.0,6388.92
1548,2026-09-23,1800003487.0,1800003487.0,22223.95
1549,2026-09-23,1800003546.0,1800003546.0,1565.64
1550,2026-09-23,1800003581.0,1800003581.0,1178.4
1551,2026-09-23,1800003583.0,1800003583.0,1314.34
1552,2026-09-23,1800003788.0,1800003788.0,1302.29
1553,2026-09-23,1800003843.0,1800003843.0,4582.53
1554,2026-09-23,1800003940.0,1800003940.0,4546.69
1555,2026-09-23,1800004009.0,1800004009.0,4095.5
1556,2026-09-23,1800004019.0,1800004019.0,4556.09
1557,2026-09-23,1800004071.0,1800004071.0,9230.4
1558,2026-09-23,1800004133.0,1800004133.0,5253.44
1559,2026-09-23,1800004316.0,1800004316.0,2588.19
1560,2026-09-23,1800004325.0,1800004325.0,2723.28
1561,2026-09-23,1800004434.0,1800004434.0,3737.4
1562,2026-09-23,1800004515.0,1800004515.0,918.41
1563,2026-09-23,1800004566.0,1800004566.0,311.0
1564,2026-09-23,1800004601.0,1800004601.0,4151.55
1565,2026-09-23,1800004606.0,1800004606.0,167.48
1566,2026-09-23,1800004655.0,1800004655.0,1665.68
1567,2026-09-23,1800004777.0,1800004777.0,1557.64
1568,2026-09-23,1800004825.0,1800004825.0,3357.31
1569,2026-09-23,1800004930.0,1800004930.0,5248.14
1570,2026-09-23,1800005029.0,1800005029.0,3296.6
1571,2026-09-23,1800005232.0,1800005232.0,457.2
1572,2026-09-23,1800005291.0,1800005291.0,1844.84
1573,2026-09-23,1800005316.0,1800005316.0,4962.57
1574,2026-09-23,1800005331.0,1800005331.0,1473.97
1575,2026-09-23,1800005374.0,1800005374.0,222.74
1576,2026-09-23,1800005426.0,1800005426.0,4053.46
1577,2026-09-23,1800005496.0,1800005496.0,2750.01
1578,2026-09-23,1800005552.0,1800005552.0,6492.85
1579,2026-09-23,1800005701.0,1800005701.0,1998.43
1580,2026-09-23,1800005901.0,1800005901.0,9445.55
1581,2026-09-23,1800005932.0,1800005932.0,3840.68
1582,2026-09-23,1800006052.0,1800006052.0,4098.71
1583,2026-09-24,1800000078.0,1800000078.0,596.47
1584,2026-09-24,1800000147.0,1800000147.0,3700.04
1585,2026-09-24,1800000150.0,1800000150.0,9910.26
1586,2026-09-24,1800000208.0,1800000208.0,3271.24
1587,2026-09-24,1800000259.0,1800000259.0,3122.51
1588,2026-09-24,1800000359.0,1800000359.0,1473.59
1589,2026-09-24,1800000370.0,1800000370.0,2665.19
1590,2026-09-24,1800000377.0,1800000377.0,522.58
1591,2026-09-24,1800000382.0,1800000382.0,2530.78
1592,2026-09-24,1800000410.0,1800000410.0,1405.6
1593,2026-09-24,1800000555.0,1800000555.0,2538.59
1594,2026-09-24,1800000904.0,1800000904.0,1514.03
1595,2026-09-24,1800001043.0,1800001043.0,2236.09
1596,2026-09-24,1800001103.0,1800001103.0,4842.74
1597,2026-09-24,1800001118.0,1800001118.0,7176.2
1598,2026-09-24,1800001134.0,1800001134.0,6247.44
1599,2026-09-24,1800001255.0,1800001255.0,3697.79
1600,2026-09-24,1800001595.0,1800001595.0,6882.78
1601,2026-09-24,1800001732.0,1800001732.0,2082.9
1602,2026-09-24,1800001890.0,1800001890.0,554.56
1603,2026-09-24,1800001939.0,1800001939.0,1805.86
1604,2026-09-24,1800001967.0,1800001967.0,15334.82
1605,2026-09-24,1800002017.0,1800002017.0,382.05
1606,2026-09-24,1800002049.0,1800002049.0,787.75
1607,2026-09-24,1800002059.0,1800002059.0,1575.68
1608,2026-09-24,1800002382.0,1800002382.0,6582.46
1609,2026-09-24,1800002496.0,1800002496.0,2784.93
1610,2026-09-24,1800002556.0,1800002556.0,1460.33
1611,2026-09-24,1800002560.0,1800002560.0,5750.84
1612,2026-09-24,1800002565.0,1800002565.0,2329.57
1613,2026-09-24,1800002682.0,1800002682.0,621.56
1614,2026-09-24,1800002729.0,1800002729.0,5469.71
1615,2026-09-24,1800002802.0,1800002802.0,3374.3
1616,2026-09-24,1800002857.0,1800002857.0,1995.5
1617,2026-09-24,1800002981.0,1800002981.0,1646.48
1618,2026-09-24,1800003034.0,1800003034.0,1974.36
1619,2026-09-24,1800003316.0,1800003316.0,12154.25
1620,2026-09-24,1800003376.0,1800003376.0,9685.5
1621,2026-09-24,1800003384.0,1800003384.0,3608.75
1622,2026-09-24,1800003452.0,1800003452.0,3301.25
1623,2026-09-24,1800003550.0,1800003550.0,4017.97
1624,2026-09-24,1800003559.0,1800003559.0,11086.74
1625,2026-09-24,1800003572.0,1800003572.0,397.89
1626,2026-09-24,1800003616.0,1800003616.0,290.7
1627,2026-09-24,1800003683.0,1800003683.0,2989.21
1628,2026-09-24,1800003691.0,1800003691.0,10571.41
1629,2026-09-24,1800003964.0,1800003964.0,2714.12
1630,2026-09-24,1800003974.0,1800003974.0,14086.35
1631,2026-09-24,1800004054.0,1800004054.0,3165.01
1632,2026-09-24,1800004209.0,1800004209.0,622.91
1633,2026-09-24,1800004294.0,1800004294.0,379.19
1634,2026-09-24,1800004348.0,1800004348.0,1096.67
1635,2026-09-24,1800004616.0,1800004616.0,742.47
1636,2026-09-24,1800004637.0,1800004637.0,3715.71
1637,2026-09-24,1800004682.0,1800004682.0,2550.62
1638,2026-09-24,1800004819.0,1800004819.0,8141.16
1639,2026-09-24,1800004854.0,1800004854.0,3947.32
1640,2026-09-24,1800004897.0,1800004897.0,932.69
1641,2026-09-24,1800004932.0,1800004932.0,282.76
1642,2026-09-24,1800005004.0,1800005004.0,8529.44
1643,2026-09-24,1800005072.0,1800005072.0,6166.99
1644,2026-09-24,1800005093.0,1800005093.0,460.56
1645,2026-09-24,1800005242.0,1800005242.0,1442.32
1646,2026-09-24,1800005336.0,1800005336.0,8699.31
1647,2026-09-24,1800005449.0,1800005449.0,1770.47
1648,2026-09-24,1800005601.0,1800005601.0,3104.73
1649,2026-09-24,1800005610.0,1800005610.0,1890.01
1650,2026-09-24,1800005698.0,1800005698.0,816.18
1651,2026-09-24,1800005728.0,1800005728.0,12731.9
1652,2026-09-24,1800005741.0,1800005741.0,2425.49
1653,2026-09-24,1800005875.0,1800005875.0,1162.65
1654,2026-09-24,1800005897.0,1800005897.0,1110.84
1655,2026-09-24,1800006034.0,1800006034.0,8591.55
1656,2026-09-24,1800006087.0,1800006087.0,5059.24
1657,2026-09-25,1800000048.0,1800000048.0,856.26
1658,2026-09-25,1800000144.0,1800000144.0,7001.93
1659,2026-09-25,1800000190.0,1800000190.0,1057.98
1660,2026-09-25,1800000383.0,1800000383.0,2580.4
1661,2026-09-25,1800000390.0,1800000390.0,3355.4
1662,2026-09-25,1800000587.0,1800000587.0,3239.07
1663,2026-09-25,1800000926.0,1800000926.0,2667.31
1664,2026-09-25,1800000927.0,1800000927.0,382.16
1665,2026-09-25,1800000934.0,1800000934.0,3866.96
1666,2026-09-25,1800001195.0,1800001195.0,2200.46
1667,2026-09-25,1800001231.0,1800001231.0,418.41
1668,2026-09-25,1800001243.0,1800001243.0,4079.1
1669,2026-09-25,1800001363.0,1800001363.0,4119.23
1670,2026-09-25,1800001381.0,1800001381.0,5527.65
1671,2026-09-25,1800001476.0,1800001476.0,6307.41
1672,2026-09-25,1800001486.0,1800001486.0,335.85
1673,2026-09-25,1800001494.0,1800001494.0,1399.39
1674,2026-09-25,1800001597.0,1800001597.0,4197.17
1675,2026-09-25,1800001609.0,1800001609.0,3957.43
1676,2026-09-25,1800001770.0,1800001770.0,1352.16
1677,2026-09-25,1800001772.0,1800001772.0,873.18
1678,2026-09-25,1800001878.0,1800001878.0,2353.58
1679,2026-09-25,1800001896.0,1800001896.0,1264.73
1680,2026-09-25,1800002008.0,1800002008.0,6709.99
1681,2026-09-25,1800002022.0,1800002022.0,557.52
1682,2026-09-25,1800002057.0,1800002057.0,4617.87
1683,2026-09-25,1800002074.0,1800002074.0,11083.68
1684,2026-09-25,1800002107.0,1800002107.0,7265.91
1685,2026-09-25,1800002274.0,1800002274.0,8384.71
1686,2026-09-25,1800002476.0,1800002476.0,4098.96
1687,2026-09-25,1800002600.0,1800002600.0,3533.64
1688,2026-09-25,1800002616.0,1800002616.0,3202.17
1689,2026-09-25,1800002626.0,1800002626.0,345.91
1690,2026-09-25,1800002715.0,1800002715.0,8196.72
1691,2026-09-25,1800002751.0,1800002751.0,3109.73
1692,2026-09-25,1800002872.0,1800002872.0,8718.24
1693,2026-09-25,1800002927.0,1800002927.0,2465.87
1694,2026-09-25,1800002967.0,1800002967.0,257.02
1695,2026-09-25,1800003055.0,1800003055.0,1662.67
1696,2026-09-25,1800003073.0,1800003073.0,5747.09
1697,2026-09-25,1800003169.0,1800003169.0,1351.17
1698,2026-09-25,1800003209.0,1800003209.0,3398.17
1699,2026-09-25,1800003271.0,1800003271.0,6534.14
1700,2026-09-25,1800003340.0,1800003340.0,1447.33
1701,2026-09-25,1800003510.0,1800003510.0,608.7
1702,2026-09-25,1800003545.0,1800003545.0,3738.97
1703,2026-09-25,1800003586.0,1800003586.0,1101.77
1704,2026-09-25,1800003713.0,1800003713.0,5435.25
1705,2026-09-25,1800003763.0,1800003763.0,14156.72
1706,2026-09-25,1800003794.0,1800003794.0,1757.09
1707,2026-09-25,1800003869.0,1800003869.0,832.73
1708,2026-09-25,1800003942.0,1800003942.0,11468.91
1709,2026-09-25,1800004017.0,1800004017.0,5180.41
1710,2026-09-25,1800004084.0,1800004084.0,1255.41
1711,2026-09-25,1800004135.0,1800004135.0,2415.98
1712,2026-09-25,1800004146.0,1800004146.0,6937.42
1713,2026-09-25,1800004390.0,1800004390.0,8378.11
1714,2026-09-25,1800004554.0,1800004554.0,3423.45
1715,2026-09-25,1800004622.0,1800004622.0,5310.61
1716,2026-09-25,1800004624.0,1800004624.0,1150.08
1717,2026-09-25,1800004687.0,1800004687.0,5901.34
1718,2026-09-25,1800004814.0,1800004814.0,8256.22
1719,2026-09-25,1800005129.0,1800005129.0,943.18
1720,2026-09-25,1800005205.0,1800005205.0,6347.26
1721,2026-09-25,1800005221.0,1800005221.0,8281.21
1722,2026-09-25,1800005337.0,1800005337.0,1852.27
1723,2026-09-25,1800005356.0,1800005356.0,4877.05
1724,2026-09-25,1800005375.0,1800005375.0,4648.5
1725,2026-09-25,1800005462.0,1800005462.0,1191.87
1726,2026-09-25,1800005508.0,1800005508.0,7371.64
1727,2026-09-25,1800005511.0,1800005511.0,1508.39
1728,2026-09-25,1800005630.0,1800005630.0,2096.58
1729,2026-09-25,1800005798.0,1800005798.0,6254.39
1730,2026-09-25,1800005858.0,1800005858.0,1588.83
1731,2026-09-25,1800005893.0,1800005893.0,321.37
1732,2026-09-25,1800006089.0,1800006089.0,7841.41
1733,2026-09-25,1800006120.0,1800006120.0,2646.76
1734,2026-09-25,1800006176.0,1800006176.0,3067.8
1735,2026-09-26,1800000124.0,1800000124.0,703.69
1736,2026-09-26,1800000209.0,1800000209.0,5393.48
1737,2026-09-26,1800000221.0,1800000221.0,1560.9
1738,2026-09-26,1800000302.0,1800000302.0,1859.11
1739,2026-09-26,1800000305.0,1800000305.0,8223.85
1740,2026-09-26,1800000348.0,1800000348.0,1564.65
1741,2026-09-26,1800000563.0,1800000563.0,4782.5
1742,2026-09-26,1800000629.0,1800000629.0,3055.81
1743,2026-09-26,1800000672.0,1800000672.0,4662.36
1744,2026-09-26,1800000706.0,1800000706.0,6370.02
1745,2026-09-26,1800000728.0,1800000728.0,1019.24
1746,2026-09-26,1800000742.0,1800000742.0,6200.09
1747,2026-09-26,1800000756.0,1800000756.0,163.82
1748,2026-09-26,1800000834.0,1800000834.0,7546.96
1749,2026-09-26,1800000872.0,1800000872.0,636.35
1750,2026-09-26,1800001021.0,1800001021.0,6780.34
1751,2026-09-26,1800001044.0,1800001044.0,1305.52
1752,2026-09-26,1800001128.0,1800001128.0,1604.05
1753,2026-09-26,1800001132.0,1800001132.0,11493.51
1754,2026-09-26,1800001149.0,1800001149.0,4040.63
1755,2026-09-26,1800001261.0,1800001261.0,4146.81
1756,2026-09-26,1800001386.0,1800001386.0,8723.05
1757,2026-09-26,1800001447.0,1800001447.0,2213.63
1758,2026-09-26,1800001522.0,1800001522.0,4770.56
1759,2026-09-26,1800001754.0,1800001754.0,1934.71
1760,2026-09-26,1800001819.0,1800001819.0,2257.89
1761,2026-09-26,1800001996.0,1800001996.0,877.88
1762,2026-09-26,1800002032.0,1800002032.0,4069.75
1763,2026-09-26,1800002111.0,1800002111.0,4118.54
1764,2026-09-26,1800002213.0,1800002213.0,1231.28
1765,2026-09-26,1800002369.0,1800002369.0,293.85
1766,2026-09-26,1800002408.0,1800002408.0,5216.65
1767,2026-09-26,1800002417.0,1800002417.0,1217.92
1768,2026-09-26,1800002503.0,1800002503.0,404.94
1769,2026-09-26,1800002765.0,1800002765.0,674.91
1770,2026-09-26,1800002957.0,1800002957.0,5928.84
1771,2026-09-26,1800003213.0,1800003213.0,723.53
1772,2026-09-26,1800003241.0,1800003241.0,3802.55
1773,2026-09-26,1800003305.0,1800003305.0,2123.04
1774,2026-09-26,1800003357.0,1800003357.0,917.75
1775,2026-09-26,1800003419.0,1800003419.0,3462.62
1776,2026-09-26,1800003439.0,1800003439.0,1726.62
1777,2026-09-26,1800003505.0,1800003505.0,8557.58
1778,2026-09-26,1800003576.0,1800003576.0,7159.29
1779,2026-09-26,1800003856.0,1800003856.0,998.35
1780,2026-09-26,1800003914.0,1800003914.0,1314.79
1781,2026-09-26,1800003952.0,1800003952.0,6750.76
1782,2026-09-26,1800003970.0,1800003970.0,319.86
1783,2026-09-26,1800003997.0,1800003997.0,2330.23
1784,2026-09-26,1800004005.0,1800004005.0,1989.01
1785,2026-09-26,1800004245.0,1800004245.0,5014.8
1786,2026-09-26,1800004433.0,1800004433.0,3285.5
1787,2026-09-26,1800004586.0,1800004586.0,4273.81
1788,2026-09-26,1800004629.0,1800004629.0,2238.76
1789,2026-09-26,1800004638.0,1800004638.0,438.33
1790,2026-09-26,1800004771.0,1800004771.0,3520.98
1791,2026-09-26,1800004832.0,1800004832.0,5314.29
1792,2026-09-26,1800004987.0,1800004987.0,1224.95
1793,2026-09-26,1800005019.0,1800005019.0,517.9
1794,2026-09-26,1800005027.0,1800005027.0,4018.76
1795,2026-09-26,1800005158.0,1800005158.0,3407.74
1796,2026-09-26,1800005188.0,1800005188.0,2925.17
1797,2026-09-26,1800005200.0,1800005200.0,3900.23
1798,2026-09-26,1800005251.0,1800005251.0,3408.18
1799,2026-09-26,1800005328.0,1800005328.0,7599.05
1800,2026-09-26,1800005400.0,1800005400.0,3909.38
1801,2026-09-26,1800005683.0,1800005683.0,8300.49
1802,2026-09-26,1800005767.0,1800005767.0,3177.34
1803,2026-09-26,1800005914.0,1800005914.0,4506.12
1804,2026-09-26,1800005968.0,1800005968.0,2200.16
1805,2026-09-26,1800006053.0,1800006053.0,7518.74
1806,2026-09-26,1800006075.0,1800006075.0,292.72
1807,2026-09-26,1800006132.0,1800006132.0,11708.05
1808,2026-09-27,1800000019.0,1800000019.0,5856.82
1809,2026-09-27,1800000067.0,1800000067.0,5105.55
1810,2026-09-27,1800000096.0,1800000096.0,769.61
1811,2026-09-27,1800000417.0,1800000417.0,4454.92
1812,2026-09-27,1800000553.0,1800000553.0,2086.36
1813,2026-09-27,1800000601.0,1800000601.0,1905.21
1814,2026-09-27,1800000651.0,1800000651.0,7776.35
1815,2026-09-27,1800000712.0,1800000712.0,1840.32
1816,2026-09-27,1800000748.0,1800000748.0,656.0
1817,2026-09-27,1800000755.0,1800000755.0,2921.2
1818,2026-09-27,1800000763.0,1800000763.0,837.13
1819,2026-09-27,1800000948.0,1800000948.0,9648.36
1820,2026-09-27,1800001004.0,1800001004.0,159.84
1821,2026-09-27,1800001018.0,1800001018.0,10727.59
1822,2026-09-27,1800001138.0,1800001138.0,542.15
1823,2026-09-27,1800001152.0,1800001152.0,2040.45
1824,2026-09-27,1800001230.0,1800001230.0,6197.72
1825,2026-09-27,1800001294.0,1800001294.0,1538.86
1826,2026-09-27,1800001338.0,1800001338.0,1531.75
1827,2026-09-27,1800001348.0,1800001348.0,8000.59
1828,2026-09-27,1800001446.0,1800001446.0,851.58
1829,2026-09-27,1800001456.0,1800001456.0,447.02
1830,2026-09-27,1800001558.0,1800001558.0,1415.4
1831,2026-09-27,1800001588.0,1800001588.0,1556.32
1832,2026-09-27,1800001664.0,1800001664.0,3104.63
1833,2026-09-27,1800002050.0,1800002050.0,3129.4
1834,2026-09-27,1800002175.0,1800002175.0,6169.16
1835,2026-09-27,1800002214.0,1800002214.0,535.17
1836,2026-09-27,1800002267.0,1800002267.0,9486.8
1837,2026-09-27,1800002349.0,1800002349.0,1481.67
1838,2026-09-27,1800002366.0,1800002366.0,6575.84
1839,2026-09-27,1800002502.0,1800002502.0,5310.45
1840,2026-09-27,1800002586.0,1800002586.0,3275.52
1841,2026-09-27,1800002589.0,1800002589.0,407.58
1842,2026-09-27,1800002727.0,1800002727.0,1448.48
1843,2026-09-27,1800002816.0,1800002816.0,2652.64
1844,2026-09-27,1800002876.0,1800002876.0,5448.9
1845,2026-09-27,1800002907.0,1800002907.0,9344.2
1846,2026-09-27,1800003079.0,1800003079.0,1662.01
1847,2026-09-27,1800003110.0,1800003110.0,9812.04
1848,2026-09-27,1800003269.0,1800003269.0,1538.31
1849,2026-09-27,1800003455.0,1800003455.0,3699.32
1850,2026-09-27,1800003473.0,1800003473.0,4415.44
1851,2026-09-27,1800003479.0,1800003479.0,1096.8
1852,2026-09-27,1800003503.0,1800003503.0,1017.57
1853,2026-09-27,1800003511.0,1800003511.0,4689.98
1854,2026-09-27,1800003609.0,1800003609.0,7809.35
1855,2026-09-27,1800003649.0,1800003649.0,406.67
1856,2026-09-27,1800003770.0,1800003770.0,3153.56
1857,2026-09-27,1800003836.0,1800003836.0,22061.84
1858,2026-09-27,1800003845.0,1800003845.0,934.08
1859,2026-09-27,1800004047.0,1800004047.0,374.13
1860,2026-09-27,1800004048.0,1800004048.0,1053.23
1861,2026-09-27,1800004179.0,1800004179.0,1099.96
1862,2026-09-27,1800004211.0,1800004211.0,3644.61
1863,2026-09-27,1800004261.0,1800004261.0,5324.16
1864,2026-09-27,1800004267.0,1800004267.0,13538.77
1865,2026-09-27,1800004352.0,1800004352.0,8695.82
1866,2026-09-27,1800004387.0,1800004387.0,2686.83
1867,2026-09-27,1800004395.0,1800004395.0,4725.25
1868,2026-09-27,1800004396.0,1800004396.0,8026.1
1869,2026-09-27,1800004568.0,1800004568.0,1050.99
1870,2026-09-27,1800004796.0,1800004796.0,1172.83
1871,2026-09-27,1800004812.0,1800004812.0,406.42
1872,2026-09-27,1800004999.0,1800004999.0,457.3
1873,2026-09-27,1800005484.0,1800005484.0,2075.61
1874,2026-09-27,1800005729.0,1800005729.0,12466.51
1875,2026-09-27,1800005743.0,1800005743.0,12095.77
1876,2026-09-27,1800005750.0,1800005750.0,6724.14
1877,2026-09-27,1800005808.0,1800005808.0,1675.67
1878,2026-09-27,1800005934.0,1800005934.0,1402.02
1879,2026-09-27,1800005966.0,1800005966.0,2437.06
1880,2026-09-27,1800006005.0,1800006005.0,1587.34
1881,2026-09-27,1800006043.0,1800006043.0,3455.47
1882,2026-09-27,1800006061.0,1800006061.0,5947.6
1883,2026-09-28,1800000040.0,1800000040.0,546.85
1884,2026-09-28,1800000091.0,1800000091.0,2438.39
1885,2026-09-28,1800000100.0,1800000100.0,2444.89
1886,2026-09-28,1800000114.0,1800000114.0,289.77
1887,2026-09-28,1800000337.0,1800000337.0,3167.32
1888,2026-09-28,1800000388.0,1800000388.0,5703.11
1889,2026-09-28,1800000639.0,1800000639.0,307.06
1890,2026-09-28,1800000908.0,1800000908.0,500.53
1891,2026-09-28,1800000950.0,1800000950.0,2889.33
1892,2026-09-28,1800001282.0,1800001282.0,864.08
1893,2026-09-28,1800001408.0,1800001408.0,4969.57
1894,2026-09-28,1800001481.0,1800001481.0,3264.31
1895,2026-09-28,1800001488.0,1800001488.0,4188.28
1896,2026-09-28,1800001801.0,1800001801.0,256.31
1897,2026-09-28,1800001812.0,1800001812.0,930.33
1898,2026-09-28,1800001981.0,1800001981.0,1931.35
1899,2026-09-28,1800002005.0,1800002005.0,183.12
1900,2026-09-28,1800002135.0,1800002135.0,521.79
1901,2026-09-28,1800002162.0,1800002162.0,1230.83
1902,2026-09-28,1800002392.0,1800002392.0,5297.67
1903,2026-09-28,1800002552.0,1800002552.0,2897.95
1904,2026-09-28,1800002647.0,1800002647.0,781.44
1905,2026-09-28,1800002688.0,1800002688.0,1321.61
1906,2026-09-28,1800002789.0,1800002789.0,2941.38
1907,2026-09-28,1800002801.0,1800002801.0,812.63
1908,2026-09-28,1800002877.0,1800002877.0,5097.52
1909,2026-09-28,1800002965.0,1800002965.0,476.63
1910,2026-09-28,1800003083.0,1800003083.0,9217.23
1911,2026-09-28,1800003108.0,1800003108.0,392.41
1912,2026-09-28,1800003263.0,1800003263.0,1050.33
1913,2026-09-28,1800003281.0,1800003281.0,5878.74
1914,2026-09-28,1800003341.0,1800003341.0,3821.63
1915,2026-09-28,1800003388.0,1800003388.0,4039.44
1916,2026-09-28,1800003402.0,1800003402.0,1604.53
1917,2026-09-28,1800003558.0,1800003558.0,9450.65
1918,2026-09-28,1800003740.0,1800003740.0,3160.28
1919,2026-09-28,1800003778.0,1800003778.0,5824.59
1920,2026-09-28,1800003889.0,1800003889.0,1732.99
1921,2026-09-28,1800003902.0,1800003902.0,6425.55
1922,2026-09-28,1800004176.0,1800004176.0,2292.07
1923,2026-09-28,1800004375.0,1800004375.0,6217.62
1924,2026-09-28,1800004726.0,1800004726.0,3987.62
1925,2026-09-28,1800004730.0,1800004730.0,3372.09
1926,2026-09-28,1800004764.0,1800004764.0,1991.95
1927,2026-09-28,1800004907.0,1800004907.0,1772.83
1928,2026-09-28,1800005160.0,1800005160.0,2195.1
1929,2026-09-28,1800005326.0,1800005326.0,708.65
1930,2026-09-28,1800005402.0,1800005402.0,2127.18
1931,2026-09-28,1800005563.0,1800005563.0,8154.25
1932,2026-09-28,1800005616.0,1800005616.0,1897.75
1933,2026-09-28,1800005668.0,1800005668.0,11498.8
1934,2026-09-28,1800005673.0,1800005673.0,981.91
1935,2026-09-28,1800005675.0,1800005675.0,1693.76
1936,2026-09-28,1800005907.0,1800005907.0,7174.12
1937,2026-09-28,1800005931.0,1800005931.0,4075.21
1938,2026-09-28,1800005940.0,1800005940.0,1285.97
1939,2026-09-28,1800006114.0,1800006114.0,491.85
1940,2026-09-28,1800006166.0,1800006166.0,12197.05
1941,2026-09-28,1800006170.0,1800006170.0,17137.21
1942,2026-09-28,1800006173.0,1800006173.0,4179.82
1943,2026-09-29,1800000261.0,1800000261.0,1310.3
1944,2026-09-29,1800000447.0,1800000447.0,1596.38
1945,2026-09-29,1800001218.0,1800001218.0,926.18
1946,2026-09-29,1800001439.0,1800001439.0,7837.44
1947,2026-09-29,1800001530.0,1800001530.0,191.48
1948,2026-09-29,1800001562.0,1800001562.0,326.76
1949,2026-09-29,1800001637.0,1800001637.0,14408.77
1950,2026-09-29,1800001719.0,1800001719.0,1468.18
1951,2026-09-29,1800001846.0,1800001846.0,6969.98
1952,2026-09-29,1800001953.0,1800001953.0,3965.92
1953,2026-09-29,1800001980.0,1800001980.0,5853.7
1954,2026-09-29,1800002052.0,1800002052.0,6322.69
1955,2026-09-29,1800002056.0,1800002056.0,2988.1
1956,2026-09-29,1800003685.0,1800003685.0,2760.06
1957,2026-09-29,1800004024.0,1800004024.0,3289.26
1958,2026-09-29,1800004079.0,1800004079.0,6666.91
1959,2026-09-29,1800004157.0,1800004157.0,304.34
1960,2026-09-29,1800004585.0,1800004585.0,188.15
1961,2026-09-29,1800005305.0,1800005305.0,857.16
1962,2026-09-29,1800005793.0,1800005793.0,2182.5
1963,2026-09-29,1800006093.0,1800006093.0,3743.54
1964,2026-09-01,1800000340.0,1800000340.0,10477.13
1965,2026-09-01,1800000463.0,1800000463.0,725.8
1966,2026-09-01,1800001047.0,1800001047.0,2046.07
1967,2026-09-01,1800001182.0,1800001182.0,588.94
1968,2026-09-01,1800001212.0,1800001212.0,2287.52
1969,2026-09-01,1800001351.0,1800001351.0,2247.85
1970,2026-09-01,1800001352.0,1800001352.0,1426.34
1971,2026-09-01,1800001354.0,1800001354.0,3693.31
1972,2026-09-01,1800001380.0,1800001380.0,5824.15
1973,2026-09-01,1800001429.0,1800001429.0,1778.75
1974,2026-09-01,1800001454.0,1800001454.0,923.62
1975,2026-09-01,1800001599.0,1800001599.0,265.31
1976,2026-09-01,1800001697.0,1800001697.0,16429.72
1977,2026-09-01,1800001933.0,1800001933.0,1405.85
1978,2026-09-01,1800002151.0,1800002151.0,836.05
1979,2026-09-01,1800002208.0,1800002208.0,6087.29
1980,2026-09-01,1800002358.0,1800002358.0,635.7
1981,2026-09-01,1800002450.0,1800002450.0,2386.63
1982,2026-09-01,1800002527.0,1800002527.0,1717.14
1983,2026-09-01,1800002655.0,1800002655.0,532.46
1984,2026-09-01,1800002888.0,1800002888.0,2344.88
1985,2026-09-01,1800002903.0,1800002903.0,3956.81
1986,2026-09-01,1800002942.0,1800002942.0,296.97
1987,2026-09-01,1800002961.0,1800002961.0,661.71
1988,2026-09-01,1800002978.0,1800002978.0,466.18
1989,2026-09-01,1800003056.0,1800003056.0,6477.69
1990,2026-09-01,1800003107.0,1800003107.0,667.95
1991,2026-09-01,1800003260.0,1800003260.0,3613.44
1992,2026-09-01,1800003379.0,1800003379.0,8411.24
1993,2026-09-01,1800003393.0,1800003393.0,6963.12
1994,2026-09-01,1800003422.0,1800003422.0,654.79
1995,2026-09-01,1800003657.0,1800003657.0,3255.96
1996,2026-09-01,1800003839.0,1800003839.0,2321.48
1997,2026-09-01,1800003912.0,1800003912.0,5767.13
1998,2026-09-01,1800004059.0,1800004059.0,2105.48
1999,2026-09-01,1800004092.0,1800004092.0,4308.07
2000,2026-09-01,1800004114.0,1800004114.0,6126.88
2001,2026-09-01,1800004451.0,1800004451.0,1630.05
2002,2026-09-01,1800004514.0,1800004514.0,3877.0
2003,2026-09-01,1800004523.0,1800004523.0,646.1
2004,2026-09-01,1800004564.0,1800004564.0,299.04
2005,2026-09-01,1800004567.0,1800004567.0,3013.32
2006,2026-09-01,1800004591.0,1800004591.0,1694.7
2007,2026-09-01,1800004603.0,1800004603.0,3460.22
2008,2026-09-01,1800004618.0,1800004618.0,2666.77
2009,2026-09-01,1800004736.0,1800004736.0,10709.77
2010,2026-09-01,1800005068.0,1800005068.0,9800.05
2011,2026-09-01,1800005070.0,1800005070.0,8007.06
2012,2026-09-01,1800005074.0,1800005074.0,5295.66
2013,2026-09-01,1800005296.0,1800005296.0,11397.43
2014,2026-09-01,1800005368.0,1800005368.0,3213.61
2015,2026-09-01,1800005425.0,1800005425.0,6357.67
2016,2026-09-01,1800005554.0,1800005554.0,2575.63
2017,2026-09-01,1800005651.0,1800005651.0,1961.18
2018,2026-09-01,1800005684.0,1800005684.0,441.94
2019,2026-09-01,1800005711.0,1800005711.0,1057.11
2020,2026-09-01,1800005765.0,1800005765.0,2180.19
2021,2026-09-01,1800005811.0,1800005811.0,4711.9
2022,2026-09-01,1800005828.0,1800005828.0,2761.24
2023,2026-09-01,1800005888.0,1800005888.0,3616.34
2024,2026-09-01,1800005923.0,1800005923.0,1012.37
2025,2026-09-01,1800006084.0,1800006084.0,6365.22
2026,2026-09-01,1800000020.0,1800000020.0,501.35
2027,2026-09-01,1800000052.0,1800000052.0,8145.17
2028,2026-09-02,1800000122.0,1800000122.0,5776.21
2029,2026-09-01,1800000186.0,1800000186.0,1461.31
2030,2026-09-01,1800000199.0,1800000199.0,3851.94
2031,2026-09-01,1800000202.0,1800000202.0,8364.13
2032,2026-09-02,1800000231.0,1800000231.0,653.8
2033,2026-09-01,1800000236.0,1800000236.0,5268.16
2034,2026-09-01,1800000336.0,1800000336.0,2967.69
2035,2026-09-02,1800000350.0,1800000350.0,2903.35
2036,2026-09-02,1800000416.0,1800000416.0,1327.65
2037,2026-09-01,1800000432.0,1800000432.0,1022.64
2038,2026-09-01,1800000433.0,1800000433.0,3663.68
2039,2026-09-02,1800000497.0,1800000497.0,4956.59
2040,2026-09-02,1800000560.0,1800000560.0,3324.2
2041,2026-09-02,1800000564.0,1800000564.0,2231.09
2042,2026-09-01,1800000611.0,1800000611.0,2692.59
2043,2026-09-02,1800000751.0,1800000751.0,7132.72
2044,2026-09-02,1800000765.0,1800000765.0,988.12
2045,2026-09-02,1800000785.0,1800000785.0,3285.34
2046,2026-09-02,1800000857.0,1800000857.0,5021.27
2047,2026-09-02,1800000859.0,1800000859.0,2393.48
2048,2026-09-02,1800000913.0,1800000913.0,3711.94
2049,2026-09-01,1800000952.0,1800000952.0,7203.97
2050,2026-09-02,1800000978.0,1800000978.0,609.81
2051,2026-09-02,1800000992.0,1800000992.0,328.27
2052,2026-09-01,1800000993.0,1800000993.0,2876.68
2053,2026-09-02,1800001059.0,1800001059.0,602.84
2054,2026-09-02,1800001104.0,1800001104.0,1623.92
2055,2026-09-01,1800001114.0,1800001114.0,3686.78
2056,2026-09-02,1800001196.0,1800001196.0,3508.54
2057,2026-09-01,1800001238.0,1800001238.0,626.11
2058,2026-09-02,1800001250.0,1800001250.0,11003.72
2059,2026-09-01,1800001286.0,1800001286.0,3293.5
2060,2026-09-02,1800001295.0,1800001295.0,195.3
2061,2026-09-01,1800001343.0,1800001343.0,217.02
2062,2026-09-02,1800001411.0,1800001411.0,6041.56
2063,2026-09-01,1800001415.0,1800001415.0,3435.54
2064,2026-09-01,1800001452.0,1800001452.0,6825.59
2065,2026-09-02,1800001473.0,1800001473.0,2026.25
2066,2026-09-01,1800001506.0,1800001506.0,5055.16
2067,2026-09-02,1800001553.0,1800001553.0,3120.88
2068,2026-09-02,1800001641.0,1800001641.0,1070.62
2069,2026-09-02,1800001736.0,1800001736.0,2517.0
2070,2026-09-02,1800001740.0,1800001740.0,12161.64
2071,2026-09-02,1800001809.0,1800001809.0,6158.54
2072,2026-09-01,1800001881.0,1800001881.0,757.07
2073,2026-09-02,1800001903.0,1800001903.0,5423.82
2074,2026-09-01,1800001940.0,1800001940.0,1446.82
2075,2026-09-01,1800002064.0,1800002064.0,14324.01
2076,2026-09-01,1800002122.0,1800002122.0,3133.57
2077,2026-09-01,1800002136.0,1800002136.0,13721.02
2078,2026-09-02,1800002152.0,1800002152.0,568.66
2079,2026-09-02,1800002163.0,1800002163.0,4268.94
2080,2026-09-02,1800002182.0,1800002182.0,1355.47
2081,2026-09-02,1800002211.0,1800002211.0,721.26
2082,2026-09-02,1800002246.0,1800002246.0,3573.19
2083,2026-09-02,1800002265.0,1800002265.0,3715.24
2084,2026-09-02,1800002272.0,1800002272.0,1798.53
2085,2026-09-02,1800002342.0,1800002342.0,468.35
2086,2026-09-01,1800002374.0,1800002374.0,4087.17
2087,2026-09-02,1800002402.0,1800002402.0,1713.86
2088,2026-09-01,1800002403.0,1800002403.0,3453.26
2089,2026-09-02,1800002494.0,1800002494.0,9258.38
2090,2026-09-02,1800002497.0,1800002497.0,4522.43
2091,2026-09-02,1800002610.0,1800002610.0,2648.26
2092,2026-09-01,1800002843.0,1800002843.0,2544.23
2093,2026-09-01,1800002850.0,1800002850.0,3750.39
2094,2026-09-01,1800002892.0,1800002892.0,471.93
2095,2026-09-01,1800002902.0,1800002902.0,4654.59
2096,2026-09-01,1800002914.0,1800002914.0,1573.18
2097,2026-09-02,1800003033.0,1800003033.0,4301.99
2098,2026-09-01,1800003051.0,1800003051.0,607.94
2099,2026-09-01,1800003117.0,1800003117.0,3266.23
2100,2026-09-01,1800003136.0,1800003136.0,680.38
2101,2026-09-01,1800003139.0,1800003139.0,722.11
2102,2026-09-01,1800003158.0,1800003158.0,8024.01
2103,2026-09-01,1800003178.0,1800003178.0,897.5
2104,2026-09-02,1800003194.0,1800003194.0,5324.91
2105,2026-09-02,1800003397.0,1800003397.0,1286.72
2106,2026-09-01,1800003403.0,1800003403.0,2917.15
2107,2026-09-02,1800003463.0,1800003463.0,1157.14
2108,2026-09-01,1800003549.0,1800003549.0,3839.45
2109,2026-09-01,1800003557.0,1800003557.0,1578.11
2110,2026-09-02,1800003612.0,1800003612.0,816.95
2111,2026-09-01,1800003629.0,1800003629.0,11358.69
2112,2026-09-01,1800003743.0,1800003743.0,5633.14
2113,2026-09-02,1800003754.0,1800003754.0,7934.95
2114,2026-09-02,1800003804.0,1800003804.0,6326.41
2115,2026-09-01,1800003812.0,1800003812.0,210.19
2116,2026-09-01,1800003872.0,1800003872.0,203.45
2117,2026-09-02,1800003921.0,1800003921.0,540.84
2118,2026-09-01,1800004069.0,1800004069.0,535.31
2119,2026-09-01,1800004085.0,1800004085.0,1760.07
2120,2026-09-02,1800004142.0,1800004142.0,5310.44
2121,2026-09-02,1800004174.0,1800004174.0,2787.44
2122,2026-09-02,1800004304.0,1800004304.0,5567.74
2123,2026-09-01,1800004329.0,1800004329.0,881.07
2124,2026-09-01,1800004457.0,1800004457.0,2566.24
2125,2026-09-01,1800004471.0,1800004471.0,266.22
2126,2026-09-01,1800004472.0,1800004472.0,801.02
2127,2026-09-02,1800004553.0,1800004553.0,672.53
2128,2026-09-02,1800004626.0,1800004626.0,826.69
2129,2026-09-02,1800004693.0,1800004693.0,1496.31
2130,2026-09-02,1800004788.0,1800004788.0,3706.49
2131,2026-09-01,1800004839.0,1800004839.0,517.0
2132,2026-09-01,1800004913.0,1800004913.0,2517.07
2133,2026-09-02,1800004919.0,1800004919.0,2981.18
2134,2026-09-01,1800004938.0,1800004938.0,1041.09
2135,2026-09-02,1800005168.0,1800005168.0,554.02
2136,2026-09-02,1800005178.0,1800005178.0,5204.65
2137,2026-09-01,1800005237.0,1800005237.0,5496.04
2138,2026-09-01,1800005254.0,1800005254.0,8577.26
2139,2026-09-02,1800005284.0,1800005284.0,1598.18
2140,2026-09-02,1800005317.0,1800005317.0,552.0
2141,2026-09-02,1800005383.0,1800005383.0,3031.29
2142,2026-09-02,1800005423.0,1800005423.0,8637.83
2143,2026-09-01,1800005433.0,1800005433.0,646.09
2144,2026-09-01,1800005434.0,1800005434.0,556.37
2145,2026-09-01,1800005443.0,1800005443.0,4668.46
2146,2026-09-02,1800005468.0,1800005468.0,193.48
2147,2026-09-02,1800005553.0,1800005553.0,4343.47
2148,2026-09-01,1800005565.0,1800005565.0,6481.42
2149,2026-09-02,1800005645.0,1800005645.0,6566.43
2150,2026-09-02,1800005742.0,1800005742.0,3378.5
2151,2026-09-02,1800005769.0,1800005769.0,3071.38
2152,2026-09-02,1800005778.0,1800005778.0,1414.81
2153,2026-09-02,1800005789.0,1800005789.0,861.15
2154,2026-09-01,1800005920.0,1800005920.0,3463.24
2155,2026-09-01,1800005991.0,1800005991.0,1123.8
2156,2026-09-01,1800005993.0,1800005993.0,7247.6
2157,2026-09-02,1800006022.0,1800006022.0,6980.93
2158,2026-09-02,1800006060.0,1800006060.0,2862.78
2159,2026-09-02,1800006091.0,1800006091.0,1006.5
2160,2026-09-01,1800006121.0,1800006121.0,1598.25
2161,2026-09-02,1800006123.0,1800006123.0,1294.35
2162,2026-09-02,1800006128.0,1800006128.0,2467.54
2163,2026-09-02,1800000027.0,1800000027.0,158.83
2164,2026-09-02,1800000093.0,1800000093.0,453.92
2165,2026-09-02,1800000115.0,1800000115.0,3608.7
2166,2026-09-03,1800000185.0,1800000185.0,3682.57
2167,2026-09-02,1800000196.0,1800000196.0,1404.4
2168,2026-09-02,1800000204.0,1800000204.0,453.24
2169,2026-09-02,1800000265.0,1800000265.0,3958.04
2170,2026-09-02,1800000304.0,1800000304.0,2323.09
2171,2026-09-02,1800000374.0,1800000374.0,11145.45
2172,2026-09-02,1800000405.0,1800000405.0,387.67
2173,2026-09-02,1800000445.0,1800000445.0,4820.65
2174,2026-09-02,1800000483.0,1800000483.0,2143.37
2175,2026-09-02,1800000484.0,1800000484.0,11306.88
2176,2026-09-02,1800000524.0,1800000524.0,757.49
2177,2026-09-03,1800000532.0,1800000532.0,7968.05
2178,2026-09-03,1800000671.0,1800000671.0,1964.51
2179,2026-09-02,1800000695.0,1800000695.0,9723.75
2180,2026-09-02,1800000718.0,1800000718.0,7345.22
2181,2026-09-03,1800000739.0,1800000739.0,2037.78
2182,2026-09-02,1800000754.0,1800000754.0,5401.71
2183,2026-09-02,1800000815.0,1800000815.0,2390.14
2184,2026-09-02,1800000848.0,1800000848.0,1597.52
2185,2026-09-03,1800000855.0,1800000855.0,7822.73
2186,2026-09-03,1800001050.0,1800001050.0,1299.27
2187,2026-09-02,1800001074.0,1800001074.0,6735.28
2188,2026-09-02,1800001142.0,1800001142.0,581.8
2189,2026-09-02,1800001181.0,1800001181.0,3846.98
2190,2026-09-02,1800001192.0,1800001192.0,254.02
2191,2026-09-03,1800001262.0,1800001262.0,4325.93
2192,2026-09-03,1800001279.0,1800001279.0,953.01
2193,2026-09-03,1800001303.0,1800001303.0,3011.58
2194,2026-09-03,1800001324.0,1800001324.0,3853.1
2195,2026-09-03,1800001420.0,1800001420.0,8804.51
2196,2026-09-02,1800001444.0,1800001444.0,2016.25
2197,2026-09-03,1800001507.0,1800001507.0,3057.15
2198,2026-09-02,1800001526.0,1800001526.0,4615.04
2199,2026-09-02,1800001557.0,1800001557.0,6356.91
2200,2026-09-02,1800001577.0,1800001577.0,400.7
2201,2026-09-03,1800001590.0,1800001590.0,658.91
2202,2026-09-03,1800001603.0,1800001603.0,2268.42
2203,2026-09-03,1800001612.0,1800001612.0,3641.8
2204,2026-09-03,1800001688.0,1800001688.0,5097.28
2205,2026-09-03,1800001702.0,1800001702.0,10972.17
2206,2026-09-02,1800001709.0,1800001709.0,1833.25
2207,2026-09-02,1800001872.0,1800001872.0,6576.95
2208,2026-09-03,1800001882.0,1800001882.0,247.99
2209,2026-09-02,1800001941.0,1800001941.0,3239.79
2210,2026-09-02,1800001965.0,1800001965.0,13107.57
2211,2026-09-02,1800001974.0,1800001974.0,1626.95
2212,2026-09-02,1800002121.0,1800002121.0,2793.16
2213,2026-09-02,1800002260.0,1800002260.0,3128.35
2214,2026-09-02,1800002305.0,1800002305.0,5689.33
2215,2026-09-02,1800002318.0,1800002318.0,4604.4
2216,2026-09-03,1800002323.0,1800002323.0,4433.25
2217,2026-09-02,1800002332.0,1800002332.0,1234.14
2218,2026-09-02,1800002345.0,1800002345.0,803.2
2219,2026-09-02,1800002364.0,1800002364.0,10612.19
2220,2026-09-02,1800002376.0,1800002376.0,3046.96
2221,2026-09-03,1800002422.0,1800002422.0,4502.93
2222,2026-09-02,1800002439.0,1800002439.0,5151.77
2223,2026-09-03,1800002442.0,1800002442.0,1303.24
2224,2026-09-03,1800002455.0,1800002455.0,11472.47
2225,2026-09-03,1800002463.0,1800002463.0,2918.04
2226,2026-09-03,1800002473.0,1800002473.0,6534.04
2227,2026-09-02,1800002528.0,1800002528.0,2018.6
2228,2026-09-03,1800002638.0,1800002638.0,2299.32
2229,2026-09-02,1800002673.0,1800002673.0,6272.57
2230,2026-09-03,1800002690.0,1800002690.0,5944.93
2231,2026-09-02,1800002701.0,1800002701.0,3570.29
2232,2026-09-02,1800002730.0,1800002730.0,5884.28
2233,2026-09-02,1800002772.0,1800002772.0,779.48
2234,2026-09-03,1800002844.0,1800002844.0,2367.07
2235,2026-09-02,1800002960.0,1800002960.0,2202.57
2236,2026-09-02,1800002969.0,1800002969.0,6516.4
2237,2026-09-03,1800003230.0,1800003230.0,4046.13
2238,2026-09-03,1800003329.0,1800003329.0,2762.34
2239,2026-09-02,1800003353.0,1800003353.0,2975.27
2240,2026-09-02,1800003372.0,1800003372.0,420.21
2241,2026-09-02,1800003458.0,1800003458.0,5360.46
2242,2026-09-02,1800003489.0,1800003489.0,20062.16
2243,2026-09-02,1800003492.0,1800003492.0,2631.97
2244,2026-09-02,1800003498.0,1800003498.0,1510.16
2245,2026-09-03,1800003532.0,1800003532.0,4338.96
2246,2026-09-03,1800003634.0,1800003634.0,266.56
2247,2026-09-02,1800003650.0,1800003650.0,1157.0
2248,2026-09-03,1800003769.0,1800003769.0,3593.38
2249,2026-09-02,1800003864.0,1800003864.0,976.48
2250,2026-09-03,1800003931.0,1800003931.0,2346.82
2251,2026-09-03,1800003955.0,1800003955.0,635.67
2252,2026-09-02,1800004121.0,1800004121.0,12377.48
2253,2026-09-03,1800004149.0,1800004149.0,694.11
2254,2026-09-03,1800004206.0,1800004206.0,933.25
2255,2026-09-03,1800004210.0,1800004210.0,2284.44
2256,2026-09-02,1800004248.0,1800004248.0,294.74
2257,2026-09-02,1800004358.0,1800004358.0,819.86
2258,2026-09-02,1800004372.0,1800004372.0,1410.79
2259,2026-09-02,1800004402.0,1800004402.0,752.65
2260,2026-09-03,1800004404.0,1800004404.0,6055.82
2261,2026-09-02,1800004454.0,1800004454.0,11848.51
2262,2026-09-03,1800004561.0,1800004561.0,4070.78
2263,2026-09-02,1800004604.0,1800004604.0,1582.45
2264,2026-09-03,1800004661.0,1800004661.0,4240.91
2265,2026-09-02,1800004669.0,1800004669.0,2037.13
2266,2026-09-03,1800004729.0,1800004729.0,1242.73
2267,2026-09-02,1800004738.0,1800004738.0,1793.59
2268,2026-09-02,1800004775.0,1800004775.0,4097.46
2269,2026-09-02,1800004867.0,1800004867.0,1750.72
2270,2026-09-03,1800004949.0,1800004949.0,2770.99
2271,2026-09-03,1800004988.0,1800004988.0,354.53
2272,2026-09-03,1800005021.0,1800005021.0,853.96
2273,2026-09-02,1800005044.0,1800005044.0,6943.47
2274,2026-09-02,1800005048.0,1800005048.0,4172.55
2275,2026-09-02,1800005097.0,1800005097.0,776.22
2276,2026-09-02,1800005118.0,1800005118.0,4826.7
2277,2026-09-03,1800005136.0,1800005136.0,696.95
2278,2026-09-03,1800005194.0,1800005194.0,9018.27
2279,2026-09-03,1800005196.0,1800005196.0,4352.89
2280,2026-09-02,1800005235.0,1800005235.0,9416.33
2281,2026-09-03,1800005302.0,1800005302.0,3442.81
2282,2026-09-02,1800005405.0,1800005405.0,2229.52
2283,2026-09-03,1800005406.0,1800005406.0,1458.25
2284,2026-09-02,1800005432.0,1800005432.0,3688.59
2285,2026-09-03,1800005513.0,1800005513.0,6948.05
2286,2026-09-02,1800005564.0,1800005564.0,223.84
2287,2026-09-03,1800005615.0,1800005615.0,1697.61
2288,2026-09-03,1800005686.0,1800005686.0,1113.04
2289,2026-09-03,1800005696.0,1800005696.0,525.44
2290,2026-09-03,1800005733.0,1800005733.0,4375.58
2291,2026-09-02,1800005755.0,1800005755.0,1948.04
2292,2026-09-03,1800005774.0,1800005774.0,2832.28
2293,2026-09-02,1800005889.0,1800005889.0,3784.11
2294,2026-09-02,1800005911.0,1800005911.0,4198.56
2295,2026-09-03,1800005930.0,1800005930.0,399.74
2296,2026-09-02,1800005933.0,1800005933.0,13111.64
2297,2026-09-03,1800005950.0,1800005950.0,4312.74
2298,2026-09-03,1800005960.0,1800005960.0,2063.58
2299,2026-09-02,1800005998.0,1800005998.0,1201.62
2300,2026-09-02,1800006003.0,1800006003.0,3518.3
2301,2026-09-03,1800006018.0,1800006018.0,4947.36
2302,2026-09-02,1800006020.0,1800006020.0,2418.68
2303,2026-09-03,1800006048.0,1800006048.0,6533.21
2304,2026-09-02,1800006081.0,1800006081.0,2042.48
2305,2026-09-03,1800006088.0,1800006088.0,336.02
2306,2026-09-02,1800006146.0,1800006146.0,2363.31
2307,2026-09-02,1800006183.0,1800006183.0,3026.7
2308,2026-09-04,1800000021.0,1800000021.0,10083.23
2309,2026-09-03,1800000049.0,1800000049.0,287.9
2310,2026-09-03,1800000063.0,1800000063.0,2567.79
2311,2026-09-03,1800000089.0,1800000089.0,16322.47
2312,2026-09-04,1800000192.0,1800000192.0,3914.58
2313,2026-09-03,1800000218.0,1800000218.0,1097.43
2314,2026-09-03,1800000248.0,1800000248.0,576.83
2315,2026-09-04,1800000322.0,1800000322.0,1567.37
2316,2026-09-03,1800000339.0,1800000339.0,2067.4
2317,2026-09-03,1800000446.0,1800000446.0,3620.36
2318,2026-09-04,1800000455.0,1800000455.0,2236.29
2319,2026-09-04,1800000468.0,1800000468.0,2884.88
2320,2026-09-04,1800000608.0,1800000608.0,9197.87
2321,2026-09-04,1800000693.0,1800000693.0,3957.38
2322,2026-09-04,1800000697.0,1800000697.0,193.53
2323,2026-09-04,1800000820.0,1800000820.0,580.27
2324,2026-09-03,1800000830.0,1800000830.0,905.29
2325,2026-09-03,1800000840.0,1800000840.0,945.08
2326,2026-09-04,1800000890.0,1800000890.0,243.92
2327,2026-09-04,1800000905.0,1800000905.0,624.72
2328,2026-09-04,1800000945.0,1800000945.0,383.31
2329,2026-09-04,1800001029.0,1800001029.0,1504.25
2330,2026-09-03,1800001065.0,1800001065.0,1232.42
2331,2026-09-03,1800001083.0,1800001083.0,8238.82
2332,2026-09-03,1800001086.0,1800001086.0,4227.54
2333,2026-09-04,1800001120.0,1800001120.0,2385.19
2334,2026-09-03,1800001122.0,1800001122.0,639.24
2335,2026-09-03,1800001148.0,1800001148.0,8315.71
2336,2026-09-04,1800001190.0,1800001190.0,2906.96
2337,2026-09-03,1800001209.0,1800001209.0,3580.62
2338,2026-09-04,1800001213.0,1800001213.0,13919.79
2339,2026-09-03,1800001270.0,1800001270.0,3005.78
2340,2026-09-03,1800001311.0,1800001311.0,12673.66
2341,2026-09-04,1800001409.0,1800001409.0,5044.3
2342,2026-09-04,1800001524.0,1800001524.0,2413.03
2343,2026-09-03,1800001533.0,1800001533.0,1326.99
2344,2026-09-03,1800001575.0,1800001575.0,4021.4
2345,2026-09-04,1800001717.0,1800001717.0,1657.83
2346,2026-09-04,1800001735.0,1800001735.0,1184.37
2347,2026-09-04,1800001764.0,1800001764.0,907.75
2348,2026-09-04,1800001798.0,1800001798.0,954.58
2349,2026-09-04,1800001813.0,1800001813.0,8443.77
2350,2026-09-03,1800001814.0,1800001814.0,5683.4
2351,2026-09-04,1800001857.0,1800001857.0,1667.12
2352,2026-09-03,1800001869.0,1800001869.0,1318.17
2353,2026-09-04,1800002030.0,1800002030.0,10085.24
2354,2026-09-04,1800002075.0,1800002075.0,2999.84
2355,2026-09-04,1800002145.0,1800002145.0,5545.82
2356,2026-09-03,1800002168.0,1800002168.0,2316.85
2357,2026-09-04,1800002201.0,1800002201.0,11638.96
2358,2026-09-04,1800002259.0,1800002259.0,1500.06
2359,2026-09-04,1800002271.0,1800002271.0,623.23
2360,2026-09-04,1800002330.0,1800002330.0,4672.69
2361,2026-09-03,1800002419.0,1800002419.0,1118.98
2362,2026-09-03,1800002456.0,1800002456.0,818.71
2363,2026-09-04,1800002506.0,1800002506.0,300.48
2364,2026-09-03,1800002537.0,1800002537.0,5302.71
2365,2026-09-03,1800002576.0,1800002576.0,9331.75
2366,2026-09-04,1800002668.0,1800002668.0,606.83
2367,2026-09-03,1800002763.0,1800002763.0,3748.54
2368,2026-09-04,1800002773.0,1800002773.0,1239.37
2369,2026-09-04,1800002926.0,1800002926.0,163.86
2370,2026-09-03,1800002935.0,1800002935.0,2019.77
2371,2026-09-04,1800003061.0,1800003061.0,8828.57
2372,2026-09-03,1800003220.0,1800003220.0,8949.82
2373,2026-09-03,1800003232.0,1800003232.0,4330.93
2374,2026-09-03,1800003274.0,1800003274.0,14841.08
2375,2026-09-04,1800003327.0,1800003327.0,4354.91
2376,2026-09-03,1800003433.0,1800003433.0,367.57
2377,2026-09-03,1800003435.0,1800003435.0,462.33
2378,2026-09-04,1800003483.0,1800003483.0,900.72
2379,2026-09-03,1800003494.0,1800003494.0,2146.88
2380,2026-09-04,1800003499.0,1800003499.0,3367.4
2381,2026-09-03,1800003592.0,1800003592.0,4433.54
2382,2026-09-04,1800003594.0,1800003594.0,1702.95
2383,2026-09-04,1800003598.0,1800003598.0,1593.46
2384,2026-09-03,1800003626.0,1800003626.0,1756.53
2385,2026-09-03,1800003632.0,1800003632.0,3293.33
2386,2026-09-04,1800003640.0,1800003640.0,729.66
2387,2026-09-03,1800003642.0,1800003642.0,4037.06
2388,2026-09-04,1800003677.0,1800003677.0,2253.99
2389,2026-09-03,1800003760.0,1800003760.0,6389.66
2390,2026-09-04,1800003779.0,1800003779.0,576.06
2391,2026-09-04,1800003873.0,1800003873.0,353.75
2392,2026-09-03,1800003906.0,1800003906.0,2066.82
2393,2026-09-04,1800004003.0,1800004003.0,4714.76
2394,2026-09-04,1800004095.0,1800004095.0,5469.49
2395,2026-09-04,1800004152.0,1800004152.0,4583.29
2396,2026-09-04,1800004201.0,1800004201.0,7426.34
2397,2026-09-03,1800004240.0,1800004240.0,1323.4
2398,2026-09-04,1800004247.0,1800004247.0,502.6
2399,2026-09-03,1800004378.0,1800004378.0,2618.13
2400,2026-09-03,1800004431.0,1800004431.0,13341.45
2401,2026-09-04,1800004440.0,1800004440.0,3893.86
2402,2026-09-03,1800004446.0,1800004446.0,4689.04
2403,2026-09-03,1800004448.0,1800004448.0,2091.54
2404,2026-09-03,1800004462.0,1800004462.0,1094.98
2405,2026-09-04,1800004609.0,1800004609.0,1956.81
2406,2026-09-03,1800004625.0,1800004625.0,4601.53
2407,2026-09-04,1800004711.0,1800004711.0,1362.32
2408,2026-09-04,1800004840.0,1800004840.0,708.22
2409,2026-09-04,1800004868.0,1800004868.0,7353.48
2410,2026-09-04,1800004893.0,1800004893.0,1340.93
2411,2026-09-03,1800004944.0,1800004944.0,260.36
2412,2026-09-04,1800005010.0,1800005010.0,4337.33
2413,2026-09-03,1800005145.0,1800005145.0,5665.33
2414,2026-09-03,1800005202.0,1800005202.0,3002.2
2415,2026-09-04,1800005282.0,1800005282.0,9424.92
2416,2026-09-04,1800005286.0,1800005286.0,432.17
2417,2026-09-04,1800005346.0,1800005346.0,2707.59
2418,2026-09-04,1800005461.0,1800005461.0,9318.24
2419,2026-09-04,1800005570.0,1800005570.0,3790.94
2420,2026-09-03,1800005587.0,1800005587.0,5858.2
2421,2026-09-04,1800005598.0,1800005598.0,382.09
2422,2026-09-03,1800005618.0,1800005618.0,11191.89
2423,2026-09-03,1800005635.0,1800005635.0,2184.53
2424,2026-09-04,1800005657.0,1800005657.0,353.46
2425,2026-09-04,1800005681.0,1800005681.0,802.2
2426,2026-09-04,1800005740.0,1800005740.0,722.4
2427,2026-09-03,1800005764.0,1800005764.0,1071.47
2428,2026-09-03,1800005783.0,1800005783.0,1900.48
2429,2026-09-04,1800005784.0,1800005784.0,3910.32
2430,2026-09-03,1800005805.0,1800005805.0,1577.84
2431,2026-09-04,1800005848.0,1800005848.0,1816.2
2432,2026-09-03,1800005943.0,1800005943.0,756.39
2433,2026-09-04,1800005969.0,1800005969.0,1617.0
2434,2026-09-04,1800005988.0,1800005988.0,2416.39
2435,2026-09-03,1800006068.0,1800006068.0,1643.06
2436,2026-09-03,1800006105.0,1800006105.0,847.16
2437,2026-09-03,1800006118.0,1800006118.0,5977.38
2438,2026-09-04,1800006124.0,1800006124.0,1415.94
2439,2026-09-04,1800006125.0,1800006125.0,605.3
2440,2026-09-04,1800006184.0,1800006184.0,3758.27
2441,2026-09-05,1800000050.0,1800000050.0,10572.8
2442,2026-09-05,1800000077.0,1800000077.0,597.42
2443,2026-09-04,1800000161.0,1800000161.0,7351.49
2444,2026-09-05,1800000173.0,1800000173.0,2356.2
2445,2026-09-05,1800000315.0,1800000315.0,2968.8
2446,2026-09-05,1800000317.0,1800000317.0,298.66
2447,2026-09-05,1800000392.0,1800000392.0,3542.65
2448,2026-09-04,1800000547.0,1800000547.0,6628.16
2449,2026-09-04,1800000548.0,1800000548.0,1305.54
2450,2026-09-04,1800000569.0,1800000569.0,3012.49
2451,2026-09-04,1800000571.0,1800000571.0,383.47
2452,2026-09-05,1800000596.0,1800000596.0,5409.46
2453,2026-09-05,1800000631.0,1800000631.0,2624.28
2454,2026-09-04,1800000683.0,1800000683.0,2615.45
2455,2026-09-05,1800000749.0,1800000749.0,8623.05
2456,2026-09-04,1800000789.0,1800000789.0,4579.4
2457,2026-09-05,1800000941.0,1800000941.0,2525.05
2458,2026-09-04,1800000987.0,1800000987.0,5503.71
2459,2026-09-04,1800001016.0,1800001016.0,5330.02
2460,2026-09-04,1800001141.0,1800001141.0,178.15
2461,2026-09-04,1800001204.0,1800001204.0,1375.02
2462,2026-09-05,1800001319.0,1800001319.0,1555.43
2463,2026-09-04,1800001365.0,1800001365.0,654.29
2464,2026-09-04,1800001401.0,1800001401.0,311.62
2465,2026-09-05,1800001404.0,1800001404.0,1444.76
2466,2026-09-05,1800001431.0,1800001431.0,4567.35
2467,2026-09-04,1800001440.0,1800001440.0,1463.06
2468,2026-09-04,1800001475.0,1800001475.0,10472.5
2469,2026-09-05,1800001503.0,1800001503.0,2112.04
2470,2026-09-04,1800001512.0,1800001512.0,754.57
2471,2026-09-04,1800001601.0,1800001601.0,1353.2
2472,2026-09-04,1800001670.0,1800001670.0,5926.83
2473,2026-09-05,1800001787.0,1800001787.0,9864.46
2474,2026-09-05,1800001920.0,1800001920.0,642.18
2475,2026-09-04,1800001947.0,1800001947.0,1037.71
2476,2026-09-04,1800002069.0,1800002069.0,1904.41
2477,2026-09-04,1800002112.0,1800002112.0,2114.94
2478,2026-09-05,1800002120.0,1800002120.0,875.63
2479,2026-09-04,1800002142.0,1800002142.0,2688.42
2480,2026-09-05,1800002199.0,1800002199.0,386.63
2481,2026-09-05,1800002202.0,1800002202.0,4637.45
2482,2026-09-05,1800002204.0,1800002204.0,779.45
2483,2026-09-04,1800002241.0,1800002241.0,474.88
2484,2026-09-04,1800002253.0,1800002253.0,5020.5
2485,2026-09-04,1800002395.0,1800002395.0,3170.57
2486,2026-09-05,1800002406.0,1800002406.0,3559.3
2487,2026-09-05,1800002441.0,1800002441.0,1731.58
2488,2026-09-04,1800002479.0,1800002479.0,2656.05
2489,2026-09-04,1800002539.0,1800002539.0,6613.44
2490,2026-09-04,1800002608.0,1800002608.0,2823.76
2491,2026-09-05,1800002612.0,1800002612.0,886.68
2492,2026-09-05,1800002646.0,1800002646.0,11525.72
2493,2026-09-05,1800002874.0,1800002874.0,1182.44
2494,2026-09-05,1800002880.0,1800002880.0,8858.45
2495,2026-09-05,1800002930.0,1800002930.0,4634.39
2496,2026-09-05,1800002994.0,1800002994.0,718.61
2497,2026-09-05,1800003016.0,1800003016.0,2216.47
2498,2026-09-04,1800003024.0,1800003024.0,910.09
2499,2026-09-05,1800003087.0,1800003087.0,5291.97
2500,2026-09-05,1800003102.0,1800003102.0,2121.34
2501,2026-09-04,1800003109.0,1800003109.0,971.33
2502,2026-09-04,1800003170.0,1800003170.0,1268.31
2503,2026-09-04,1800003210.0,1800003210.0,243.79
2504,2026-09-04,1800003231.0,1800003231.0,4155.52
2505,2026-09-05,1800003314.0,1800003314.0,9366.46
2506,2026-09-04,1800003415.0,1800003415.0,1051.67
2507,2026-09-05,1800003578.0,1800003578.0,3377.37
2508,2026-09-05,1800003582.0,1800003582.0,1050.47
2509,2026-09-05,1800003706.0,1800003706.0,841.15
2510,2026-09-04,1800003816.0,1800003816.0,3120.08
2511,2026-09-04,1800003821.0,1800003821.0,2306.85
2512,2026-09-05,1800003842.0,1800003842.0,3987.03
2513,2026-09-04,1800003849.0,1800003849.0,1007.64
2514,2026-09-05,1800003920.0,1800003920.0,2234.88
2515,2026-09-05,1800003933.0,1800003933.0,1836.23
2516,2026-09-04,1800004156.0,1800004156.0,380.51
2517,2026-09-05,1800004183.0,1800004183.0,657.93
2518,2026-09-04,1800004195.0,1800004195.0,10078.21
2519,2026-09-05,1800004198.0,1800004198.0,161.73
2520,2026-09-04,1800004260.0,1800004260.0,5850.1
2521,2026-09-05,1800004298.0,1800004298.0,5763.41
2522,2026-09-05,1800004299.0,1800004299.0,1320.54
2523,2026-09-04,1800004301.0,1800004301.0,1240.76
2524,2026-09-04,1800004331.0,1800004331.0,900.19
2525,2026-09-04,1800004332.0,1800004332.0,2230.46
2526,2026-09-04,1800004338.0,1800004338.0,591.02
2527,2026-09-05,1800004435.0,1800004435.0,4359.07
2528,2026-09-04,1800004621.0,1800004621.0,6028.39
2529,2026-09-04,1800004640.0,1800004640.0,282.14
2530,2026-09-04,1800004694.0,1800004694.0,160.7
2531,2026-09-04,1800004786.0,1800004786.0,5916.99
2532,2026-09-04,1800004789.0,1800004789.0,1509.84
2533,2026-09-04,1800004806.0,1800004806.0,343.55
2534,2026-09-04,1800004877.0,1800004877.0,4147.98
2535,2026-09-05,1800004895.0,1800004895.0,4513.57
2536,2026-09-05,1800004925.0,1800004925.0,1412.72
2537,2026-09-04,1800004933.0,1800004933.0,1602.39
2538,2026-09-05,1800004975.0,1800004975.0,308.53
2539,2026-09-04,1800004985.0,1800004985.0,7881.0
2540,2026-09-05,1800005007.0,1800005007.0,491.24
2541,2026-09-04,1800005134.0,1800005134.0,744.95
2542,2026-09-04,1800005174.0,1800005174.0,4750.06
2543,2026-09-05,1800005223.0,1800005223.0,2895.62
2544,2026-09-05,1800005252.0,1800005252.0,3642.35
2545,2026-09-05,1800005274.0,1800005274.0,5744.04
2546,2026-09-05,1800005289.0,1800005289.0,3354.41
2547,2026-09-05,1800005429.0,1800005429.0,3792.43
2548,2026-09-04,1800005446.0,1800005446.0,629.28
2549,2026-09-05,1800005495.0,1800005495.0,2374.95
2550,2026-09-04,1800005498.0,1800005498.0,3136.9
2551,2026-09-04,1800005575.0,1800005575.0,5775.83
2552,2026-09-05,1800005643.0,1800005643.0,1222.1
2553,2026-09-05,1800005670.0,1800005670.0,5297.83
2554,2026-09-04,1800005685.0,1800005685.0,3370.52
2555,2026-09-04,1800005822.0,1800005822.0,13527.57
2556,2026-09-05,1800005840.0,1800005840.0,687.15
2557,2026-09-04,1800005854.0,1800005854.0,5853.71
2558,2026-09-05,1800005867.0,1800005867.0,694.42
2559,2026-09-05,1800005896.0,1800005896.0,2471.05
2560,2026-09-05,1800005981.0,1800005981.0,345.09
2561,2026-09-05,1800006006.0,1800006006.0,4476.66
2562,2026-09-04,1800006015.0,1800006015.0,400.42
2563,2026-09-04,1800006066.0,1800006066.0,216.65
2564,2026-09-05,1800006090.0,1800006090.0,1332.47
2565,2026-09-04,1800006100.0,1800006100.0,2019.18
2566,2026-09-04,1800006113.0,1800006113.0,2371.19
2567,2026-09-04,1800006127.0,1800006127.0,5293.87
2568,2026-09-04,1800006179.0,1800006179.0,2317.48
2569,2026-09-05,1800000026.0,1800000026.0,7925.33
2570,2026-09-05,1800000068.0,1800000068.0,387.8
2571,2026-09-06,1800000138.0,1800000138.0,547.05
2572,2026-09-06,1800000145.0,1800000145.0,4971.11
2573,2026-09-05,1800000167.0,1800000167.0,331.62
2574,2026-09-05,1800000179.0,1800000179.0,680.66
2575,2026-09-06,1800000197.0,1800000197.0,3220.5
2576,2026-09-06,1800000203.0,1800000203.0,5021.18
2577,2026-09-05,1800000225.0,1800000225.0,1408.95
2578,2026-09-05,1800000312.0,1800000312.0,12403.78
2579,2026-09-05,1800000347.0,1800000347.0,1193.9
2580,2026-09-06,1800000512.0,1800000512.0,1649.49
2581,2026-09-05,1800000657.0,1800000657.0,6738.8
2582,2026-09-05,1800000665.0,1800000665.0,5309.5
2583,2026-09-06,1800000750.0,1800000750.0,8088.43
2584,2026-09-05,1800000831.0,1800000831.0,4615.12
2585,2026-09-05,1800000868.0,1800000868.0,11335.72
2586,2026-09-06,1800000925.0,1800000925.0,1094.85
2587,2026-09-05,1800000976.0,1800000976.0,7228.01
2588,2026-09-05,1800001087.0,1800001087.0,710.43
2589,2026-09-06,1800001509.0,1800001509.0,1159.76
2590,2026-09-05,1800001608.0,1800001608.0,3756.06
2591,2026-09-06,1800001685.0,1800001685.0,11838.66
2592,2026-09-06,1800001729.0,1800001729.0,2581.58
2593,2026-09-06,1800001756.0,1800001756.0,5688.21
2594,2026-09-05,1800001777.0,1800001777.0,1261.08
2595,2026-09-06,1800001781.0,1800001781.0,1222.86
2596,2026-09-05,1800001841.0,1800001841.0,1588.58
2597,2026-09-06,1800001893.0,1800001893.0,1677.06
2598,2026-09-05,1800001917.0,1800001917.0,1503.72
2599,2026-09-05,1800001918.0,1800001918.0,634.14
2600,2026-09-05,1800001988.0,1800001988.0,2986.85
2601,2026-09-05,1800002014.0,1800002014.0,1992.61
2602,2026-09-05,1800002027.0,1800002027.0,213.42
2603,2026-09-06,1800002048.0,1800002048.0,1181.2
2604,2026-09-06,1800002181.0,1800002181.0,3684.31
2605,2026-09-06,1800002210.0,1800002210.0,4709.59
2606,2026-09-06,1800002227.0,1800002227.0,1269.26
2607,2026-09-05,1800002230.0,1800002230.0,881.02
2608,2026-09-05,1800002252.0,1800002252.0,3338.94
2609,2026-09-05,1800002254.0,1800002254.0,6540.04
2610,2026-09-06,1800002334.0,1800002334.0,7278.8
2611,2026-09-05,1800002353.0,1800002353.0,3507.24
2612,2026-09-05,1800002452.0,1800002452.0,1780.84
2613,2026-09-05,1800002453.0,1800002453.0,4842.31
2614,2026-09-06,1800002480.0,1800002480.0,4399.36
2615,2026-09-06,1800002509.0,1800002509.0,10474.38
2616,2026-09-06,1800002548.0,1800002548.0,2843.31
2617,2026-09-05,1800002623.0,1800002623.0,1845.99
2618,2026-09-06,1800002624.0,1800002624.0,1348.87
2619,2026-09-06,1800002641.0,1800002641.0,446.21
2620,2026-09-06,1800002743.0,1800002743.0,3551.79
2621,2026-09-05,1800002830.0,1800002830.0,1068.71
2622,2026-09-06,1800002845.0,1800002845.0,799.8
2623,2026-09-06,1800002951.0,1800002951.0,1548.37
2624,2026-09-05,1800003066.0,1800003066.0,782.46
2625,2026-09-05,1800003069.0,1800003069.0,2962.84
2626,2026-09-06,1800003112.0,1800003112.0,570.91
2627,2026-09-05,1800003154.0,1800003154.0,9106.64
2628,2026-09-06,1800003233.0,1800003233.0,206.59
2629,2026-09-05,1800003328.0,1800003328.0,3075.91
2630,2026-09-05,1800003401.0,1800003401.0,3336.55
2631,2026-09-05,1800003472.0,1800003472.0,4401.74
2632,2026-09-06,1800003484.0,1800003484.0,6059.18
2633,2026-09-05,1800003497.0,1800003497.0,5960.99
2634,2026-09-06,1800003555.0,1800003555.0,7600.88
2635,2026-09-06,1800003571.0,1800003571.0,6219.72
2636,2026-09-06,1800003591.0,1800003591.0,841.9
2637,2026-09-06,1800003662.0,1800003662.0,3392.8
2638,2026-09-05,1800003772.0,1800003772.0,743.47
2639,2026-09-05,1800003818.0,1800003818.0,14695.03
2640,2026-09-05,1800003848.0,1800003848.0,3386.87
2641,2026-09-05,1800003913.0,1800003913.0,928.85
2642,2026-09-05,1800003923.0,1800003923.0,2515.15
2643,2026-09-06,1800004060.0,1800004060.0,269.42
2644,2026-09-05,1800004076.0,1800004076.0,186.81
2645,2026-09-05,1800004094.0,1800004094.0,1993.09
2646,2026-09-06,1800004110.0,1800004110.0,4666.26
2647,2026-09-06,1800004262.0,1800004262.0,3532.63
2648,2026-09-05,1800004279.0,1800004279.0,1695.04
2649,2026-09-05,1800004388.0,1800004388.0,2683.29
2650,2026-09-05,1800004397.0,1800004397.0,3578.27
2651,2026-09-06,1800004403.0,1800004403.0,1392.79
2652,2026-09-05,1800004519.0,1800004519.0,3071.33
2653,2026-09-05,1800004534.0,1800004534.0,1731.14
2654,2026-09-06,1800004556.0,1800004556.0,14507.87
2655,2026-09-05,1800004565.0,1800004565.0,281.69
2656,2026-09-06,1800004571.0,1800004571.0,559.31
2657,2026-09-05,1800004627.0,1800004627.0,4896.25
2658,2026-09-05,1800004635.0,1800004635.0,1811.54
2659,2026-09-06,1800004645.0,1800004645.0,1236.79
2660,2026-09-05,1800004809.0,1800004809.0,2408.07
2661,2026-09-05,1800004827.0,1800004827.0,4901.75
2662,2026-09-06,1800004969.0,1800004969.0,1270.01
2663,2026-09-06,1800004977.0,1800004977.0,1102.96
2664,2026-09-06,1800005023.0,1800005023.0,6295.19
2665,2026-09-06,1800005226.0,1800005226.0,2575.88
2666,2026-09-06,1800005248.0,1800005248.0,1289.42
2667,2026-09-05,1800005358.0,1800005358.0,3576.14
2668,2026-09-05,1800005364.0,1800005364.0,5526.61
2669,2026-09-05,1800005379.0,1800005379.0,1124.23
2670,2026-09-06,1800005416.0,1800005416.0,3920.28
2671,2026-09-05,1800005459.0,1800005459.0,11239.92
2672,2026-09-05,1800005463.0,1800005463.0,2678.67
2673,2026-09-05,1800005514.0,1800005514.0,1268.27
2674,2026-09-05,1800005523.0,1800005523.0,7526.93
2675,2026-09-06,1800005535.0,1800005535.0,1036.7
2676,2026-09-05,1800005566.0,1800005566.0,1426.99
2677,2026-09-05,1800005639.0,1800005639.0,3202.58
2678,2026-09-06,1800005977.0,1800005977.0,3953.88
2679,2026-09-05,1800006024.0,1800006024.0,1422.17
2680,2026-09-06,1800006139.0,1800006139.0,3560.57
2681,2026-09-05,1800006141.0,1800006141.0,2821.77
2682,2026-09-06,1800006144.0,1800006144.0,936.09
2683,2026-09-06,1800006148.0,1800006148.0,1337.57
2684,2026-09-06,1800000045.0,1800000045.0,1219.96
2685,2026-09-07,1800000086.0,1800000086.0,2668.17
2686,2026-09-06,1800000099.0,1800000099.0,748.81
2687,2026-09-06,1800000180.0,1800000180.0,206.24
2688,2026-09-07,1800000213.0,1800000213.0,4944.02
2689,2026-09-06,1800000220.0,1800000220.0,8050.91
2690,2026-09-06,1800000232.0,1800000232.0,1453.79
2691,2026-09-07,1800000276.0,1800000276.0,11836.06
2692,2026-09-06,1800000372.0,1800000372.0,3395.48
2693,2026-09-07,1800000385.0,1800000385.0,5018.47
2694,2026-09-07,1800000406.0,1800000406.0,5808.61
2695,2026-09-06,1800000473.0,1800000473.0,3165.11
2696,2026-09-07,1800000485.0,1800000485.0,9404.83
2697,2026-09-07,1800000507.0,1800000507.0,4667.69
2698,2026-09-06,1800000523.0,1800000523.0,7188.7
2699,2026-09-07,1800000606.0,1800000606.0,1703.36
2700,2026-09-07,1800000688.0,1800000688.0,805.58
2701,2026-09-06,1800000696.0,1800000696.0,5714.32
2702,2026-09-06,1800000698.0,1800000698.0,5470.73
2703,2026-09-07,1800000816.0,1800000816.0,2790.72
2704,2026-09-07,1800000856.0,1800000856.0,3583.42
2705,2026-09-07,1800000964.0,1800000964.0,3328.28
2706,2026-09-07,1800001022.0,1800001022.0,939.02
2707,2026-09-07,1800001101.0,1800001101.0,2549.64
2708,2026-09-07,1800001126.0,1800001126.0,1857.1
2709,2026-09-07,1800001145.0,1800001145.0,6476.95
2710,2026-09-06,1800001224.0,1800001224.0,4019.25
2711,2026-09-07,1800001367.0,1800001367.0,6034.78
2712,2026-09-06,1800001428.0,1800001428.0,1756.92
2713,2026-09-07,1800001432.0,1800001432.0,256.66
2714,2026-09-06,1800001435.0,1800001435.0,3906.4
2715,2026-09-07,1800001463.0,1800001463.0,8572.72
2716,2026-09-07,1800001495.0,1800001495.0,5527.69
2717,2026-09-06,1800001549.0,1800001549.0,2368.01
2718,2026-09-06,1800001567.0,1800001567.0,3600.44
2719,2026-09-07,1800001594.0,1800001594.0,974.93
2720,2026-09-06,1800001633.0,1800001633.0,3073.61
2721,2026-09-07,1800001640.0,1800001640.0,3752.92
2722,2026-09-06,1800001652.0,1800001652.0,2798.98
2723,2026-09-07,1800001734.0,1800001734.0,17086.93
2724,2026-09-06,1800001769.0,1800001769.0,480.04
2725,2026-09-07,1800001803.0,1800001803.0,7003.02
2726,2026-09-07,1800001865.0,1800001865.0,8936.63
2727,2026-09-06,1800001880.0,1800001880.0,4194.56
2728,2026-09-06,1800001907.0,1800001907.0,2358.38
2729,2026-09-07,1800001919.0,1800001919.0,1572.04
2730,2026-09-06,1800001921.0,1800001921.0,2840.08
2731,2026-09-07,1800001935.0,1800001935.0,1224.71
2732,2026-09-07,1800002076.0,1800002076.0,1625.06
2733,2026-09-06,1800002148.0,1800002148.0,171.33
2734,2026-09-06,1800002179.0,1800002179.0,1410.98
2735,2026-09-06,1800002287.0,1800002287.0,2286.55
2736,2026-09-06,1800002303.0,1800002303.0,251.58
2737,2026-09-07,1800002391.0,1800002391.0,3665.53
2738,2026-09-06,1800002398.0,1800002398.0,505.13
2739,2026-09-07,1800002490.0,1800002490.0,642.73
2740,2026-09-07,1800002639.0,1800002639.0,800.1
2741,2026-09-06,1800002685.0,1800002685.0,938.85
2742,2026-09-06,1800002692.0,1800002692.0,227.42
2743,2026-09-06,1800002753.0,1800002753.0,2431.08
2744,2026-09-06,1800002796.0,1800002796.0,503.41
2745,2026-09-07,1800002827.0,1800002827.0,1705.24
2746,2026-09-07,1800002831.0,1800002831.0,2508.64
2747,2026-09-07,1800002882.0,1800002882.0,631.4
2748,2026-09-06,1800002988.0,1800002988.0,7369.77
2749,2026-09-06,1800002993.0,1800002993.0,218.25
2750,2026-09-06,1800003004.0,1800003004.0,6180.34
2751,2026-09-06,1800003005.0,1800003005.0,8640.94
2752,2026-09-07,1800003007.0,1800003007.0,215.9
2753,2026-09-07,1800003012.0,1800003012.0,3198.9
2754,2026-09-06,1800003022.0,1800003022.0,796.07
2755,2026-09-07,1800003026.0,1800003026.0,4031.87
2756,2026-09-06,1800003105.0,1800003105.0,563.41
2757,2026-09-06,1800003157.0,1800003157.0,974.56
2758,2026-09-07,1800003190.0,1800003190.0,9289.44
2759,2026-09-06,1800003290.0,1800003290.0,1577.12
2760,2026-09-06,1800003377.0,1800003377.0,2526.37
2761,2026-09-07,1800003491.0,1800003491.0,4013.78
2762,2026-09-06,1800003502.0,1800003502.0,530.46
2763,2026-09-06,1800003602.0,1800003602.0,7664.14
2764,2026-09-07,1800003679.0,1800003679.0,7006.99
2765,2026-09-07,1800003739.0,1800003739.0,5179.72
2766,2026-09-06,1800003947.0,1800003947.0,1449.79
2767,2026-09-06,1800003958.0,1800003958.0,294.04
2768,2026-09-07,1800003988.0,1800003988.0,743.56
2769,2026-09-07,1800003994.0,1800003994.0,2647.03
2770,2026-09-06,1800004072.0,1800004072.0,8334.29
2771,2026-09-06,1800004075.0,1800004075.0,2497.45
2772,2026-09-06,1800004119.0,1800004119.0,3029.08
2773,2026-09-07,1800004271.0,1800004271.0,1680.31
2774,2026-09-06,1800004286.0,1800004286.0,1064.4
2775,2026-09-07,1800004302.0,1800004302.0,5151.44
2776,2026-09-07,1800004376.0,1800004376.0,3408.85
2777,2026-09-07,1800004383.0,1800004383.0,6793.68
2778,2026-09-06,1800004467.0,1800004467.0,2452.16
2779,2026-09-06,1800004488.0,1800004488.0,3622.73
2780,2026-09-06,1800004507.0,1800004507.0,1763.55
2781,2026-09-06,1800004517.0,1800004517.0,1421.32
2782,2026-09-07,1800004551.0,1800004551.0,10859.35
2783,2026-09-06,1800004578.0,1800004578.0,2528.16
2784,2026-09-07,1800004665.0,1800004665.0,3996.71
2785,2026-09-06,1800004672.0,1800004672.0,4117.15
2786,2026-09-06,1800004737.0,1800004737.0,2752.69
2787,2026-09-06,1800004778.0,1800004778.0,417.92
2788,2026-09-07,1800004821.0,1800004821.0,1703.16
2789,2026-09-06,1800004835.0,1800004835.0,8913.34
2790,2026-09-07,1800004836.0,1800004836.0,904.29
2791,2026-09-06,1800004842.0,1800004842.0,462.72
2792,2026-09-06,1800004886.0,1800004886.0,3482.86
2793,2026-09-07,1800004912.0,1800004912.0,1319.91
2794,2026-09-06,1800004917.0,1800004917.0,2364.51
2795,2026-09-07,1800004991.0,1800004991.0,874.04
2796,2026-09-07,1800005056.0,1800005056.0,296.22
2797,2026-09-06,1800005113.0,1800005113.0,1382.73
2798,2026-09-06,1800005116.0,1800005116.0,6317.61
2799,2026-09-06,1800005186.0,1800005186.0,287.13
2800,2026-09-07,1800005278.0,1800005278.0,1120.25
2801,2026-09-07,1800005391.0,1800005391.0,5245.24
2802,2026-09-07,1800005428.0,1800005428.0,19052.45
2803,2026-09-07,1800005485.0,1800005485.0,722.43
2804,2026-09-07,1800005557.0,1800005557.0,2820.32
2805,2026-09-06,1800005703.0,1800005703.0,176.06
2806,2026-09-07,1800005714.0,1800005714.0,7087.12
2807,2026-09-07,1800005800.0,1800005800.0,7957.93
2808,2026-09-07,1800005887.0,1800005887.0,2216.75
2809,2026-09-06,1800006098.0,1800006098.0,5625.13
2810,2026-09-06,1800006191.0,1800006191.0,2006.66
2811,2026-09-08,1800000034.0,1800000034.0,2496.84
2812,2026-09-07,1800000038.0,1800000038.0,14519.53
2813,2026-09-08,1800000043.0,1800000043.0,657.41
2814,2026-09-07,1800000044.0,1800000044.0,869.79
2815,2026-09-07,1800000066.0,1800000066.0,6958.95
2816,2026-09-08,1800000074.0,1800000074.0,4758.02
2817,2026-09-08,1800000126.0,1800000126.0,3097.99
2818,2026-09-07,1800000142.0,1800000142.0,17521.31
2819,2026-09-08,1800000187.0,1800000187.0,6338.66
2820,2026-09-07,1800000198.0,1800000198.0,4315.16
2821,2026-09-07,1800000338.0,1800000338.0,272.05
2822,2026-09-08,1800000379.0,1800000379.0,2255.99
2823,2026-09-07,1800000407.0,1800000407.0,2261.9
2824,2026-09-07,1800000436.0,1800000436.0,4137.39
2825,2026-09-07,1800000544.0,1800000544.0,1796.63
2826,2026-09-08,1800000591.0,1800000591.0,5170.99
2827,2026-09-07,1800000641.0,1800000641.0,982.82
2828,2026-09-07,1800000663.0,1800000663.0,14567.7
2829,2026-09-08,1800000711.0,1800000711.0,1222.37
2830,2026-09-07,1800000730.0,1800000730.0,5821.92
2831,2026-09-08,1800000887.0,1800000887.0,1224.49
2832,2026-09-07,1800000954.0,1800000954.0,5309.19
2833,2026-09-08,1800001015.0,1800001015.0,4757.92
2834,2026-09-08,1800001198.0,1800001198.0,7416.28
2835,2026-09-07,1800001268.0,1800001268.0,2379.36
2836,2026-09-07,1800001293.0,1800001293.0,2487.11
2837,2026-09-07,1800001298.0,1800001298.0,11037.01
2838,2026-09-07,1800001323.0,1800001323.0,405.99
2839,2026-09-07,1800001336.0,1800001336.0,523.51
2840,2026-09-08,1800001341.0,1800001341.0,3080.45
2841,2026-09-07,1800001383.0,1800001383.0,713.79
2842,2026-09-07,1800001433.0,1800001433.0,15704.48
2843,2026-09-08,1800001630.0,1800001630.0,1577.55
2844,2026-09-07,1800001653.0,1800001653.0,10376.48
2845,2026-09-07,1800001791.0,1800001791.0,11807.72
2846,2026-09-08,1800001804.0,1800001804.0,1589.1
2847,2026-09-08,1800001824.0,1800001824.0,3566.46
2848,2026-09-08,1800001839.0,1800001839.0,9490.75
2849,2026-09-07,1800001982.0,1800001982.0,1157.96
2850,2026-09-07,1800002013.0,1800002013.0,2143.57
2851,2026-09-08,1800002031.0,1800002031.0,1661.56
2852,2026-09-08,1800002130.0,1800002130.0,1433.99
2853,2026-09-08,1800002173.0,1800002173.0,3094.8
2854,2026-09-08,1800002188.0,1800002188.0,819.68
2855,2026-09-07,1800002195.0,1800002195.0,1026.75
2856,2026-09-07,1800002200.0,1800002200.0,1383.74
2857,2026-09-07,1800002268.0,1800002268.0,3060.53
2858,2026-09-07,1800002286.0,1800002286.0,979.49
2859,2026-09-07,1800002333.0,1800002333.0,2421.72
2860,2026-09-07,1800002356.0,1800002356.0,9499.83
2861,2026-09-07,1800002405.0,1800002405.0,7035.06
2862,2026-09-08,1800002433.0,1800002433.0,1591.49
2863,2026-09-07,1800002475.0,1800002475.0,1618.5
2864,2026-09-08,1800002486.0,1800002486.0,3292.17
2865,2026-09-08,1800002487.0,1800002487.0,693.42
2866,2026-09-07,1800002543.0,1800002543.0,1222.88
2867,2026-09-08,1800002571.0,1800002571.0,4139.12
2868,2026-09-07,1800002602.0,1800002602.0,1732.77
2869,2026-09-07,1800002620.0,1800002620.0,7671.76
2870,2026-09-08,1800002675.0,1800002675.0,2911.58
2871,2026-09-08,1800002713.0,1800002713.0,693.12
2872,2026-09-08,1800002721.0,1800002721.0,3050.81
2873,2026-09-08,1800002868.0,1800002868.0,4573.36
2874,2026-09-07,1800003065.0,1800003065.0,2957.63
2875,2026-09-08,1800003181.0,1800003181.0,4513.01
2876,2026-09-08,1800003188.0,1800003188.0,1115.64
2877,2026-09-08,1800003203.0,1800003203.0,3336.18
2878,2026-09-07,1800003250.0,1800003250.0,436.48
2879,2026-09-07,1800003300.0,1800003300.0,194.2
2880,2026-09-08,1800003315.0,1800003315.0,4845.11
2881,2026-09-08,1800003383.0,1800003383.0,657.52
2882,2026-09-08,1800003389.0,1800003389.0,1436.32
2883,2026-09-08,1800003394.0,1800003394.0,2562.01
2884,2026-09-07,1800003434.0,1800003434.0,2917.36
2885,2026-09-07,1800003467.0,1800003467.0,2452.44
2886,2026-09-08,1800003481.0,1800003481.0,5507.84
2887,2026-09-07,1800003539.0,1800003539.0,7637.17
2888,2026-09-07,1800003577.0,1800003577.0,354.43
2889,2026-09-07,1800003670.0,1800003670.0,6582.76
2890,2026-09-08,1800003684.0,1800003684.0,1023.96
2891,2026-09-08,1800003736.0,1800003736.0,2256.72
2892,2026-09-07,1800003766.0,1800003766.0,691.43
2893,2026-09-07,1800003803.0,1800003803.0,1094.11
2894,2026-09-07,1800003886.0,1800003886.0,5256.4
2895,2026-09-08,1800003887.0,1800003887.0,4560.05
2896,2026-09-08,1800003891.0,1800003891.0,1127.85
2897,2026-09-07,1800004032.0,1800004032.0,389.84
2898,2026-09-07,1800004039.0,1800004039.0,2311.72
2899,2026-09-07,1800004237.0,1800004237.0,3919.3
2900,2026-09-08,1800004250.0,1800004250.0,2944.48
2901,2026-09-07,1800004283.0,1800004283.0,8266.83
2902,2026-09-08,1800004441.0,1800004441.0,4222.46
2903,2026-09-08,1800004473.0,1800004473.0,2441.2
2904,2026-09-07,1800004611.0,1800004611.0,1908.29
2905,2026-09-08,1800004689.0,1800004689.0,2641.58
2906,2026-09-07,1800004731.0,1800004731.0,4840.02
2907,2026-09-07,1800004761.0,1800004761.0,776.8
2908,2026-09-07,1800004762.0,1800004762.0,438.49
2909,2026-09-08,1800004772.0,1800004772.0,2999.33
2910,2026-09-07,1800004805.0,1800004805.0,2056.48
2911,2026-09-07,1800004874.0,1800004874.0,315.54
2912,2026-09-08,1800004905.0,1800004905.0,1401.87
2913,2026-09-07,1800004921.0,1800004921.0,4834.78
2914,2026-09-07,1800004935.0,1800004935.0,267.32
2915,2026-09-08,1800005011.0,1800005011.0,3819.14
2916,2026-09-08,1800005015.0,1800005015.0,4302.24
2917,2026-09-07,1800005155.0,1800005155.0,1628.26
2918,2026-09-08,1800005294.0,1800005294.0,6870.12
2919,2026-09-07,1800005334.0,1800005334.0,6294.98
2920,2026-09-08,1800005357.0,1800005357.0,7799.88
2921,2026-09-07,1800005399.0,1800005399.0,2899.18
2922,2026-09-07,1800005403.0,1800005403.0,2195.0
2923,2026-09-08,1800005409.0,1800005409.0,2166.33
2924,2026-09-07,1800005455.0,1800005455.0,8484.52
2925,2026-09-07,1800005542.0,1800005542.0,1502.98
2926,2026-09-08,1800005562.0,1800005562.0,7217.53
2927,2026-09-08,1800005583.0,1800005583.0,597.84
2928,2026-09-08,1800005604.0,1800005604.0,4684.95
2929,2026-09-07,1800005624.0,1800005624.0,694.86
2930,2026-09-07,1800005641.0,1800005641.0,1242.39
2931,2026-09-07,1800005699.0,1800005699.0,6761.7
2932,2026-09-08,1800005715.0,1800005715.0,14474.03
2933,2026-09-08,1800005790.0,1800005790.0,3206.24
2934,2026-09-08,1800005818.0,1800005818.0,3952.36
2935,2026-09-08,1800005862.0,1800005862.0,5870.5
2936,2026-09-08,1800005909.0,1800005909.0,2018.38
2937,2026-09-07,1800006009.0,1800006009.0,1272.9
2938,2026-09-08,1800006074.0,1800006074.0,8403.84
2939,2026-09-07,1800006092.0,1800006092.0,17493.37
2940,2026-09-07,1800006136.0,1800006136.0,10107.28
2941,2026-09-08,1800006138.0,1800006138.0,6791.14
2942,2026-09-09,1800000012.0,1800000012.0,2117.46
2943,2026-09-09,1800000080.0,1800000080.0,4441.16
2944,2026-09-09,1800000084.0,1800000084.0,1235.69
2945,2026-09-09,1800000174.0,1800000174.0,12370.68
2946,2026-09-09,1800000296.0,1800000296.0,2274.29
2947,2026-09-08,1800000420.0,1800000420.0,6954.82
2948,2026-09-08,1800000465.0,1800000465.0,5044.13
2949,2026-09-08,1800000471.0,1800000471.0,1496.9
2950,2026-09-09,1800000531.0,1800000531.0,1112.41
2951,2026-09-09,1800000578.0,1800000578.0,3375.02
2952,2026-09-08,1800000586.0,1800000586.0,319.56
2953,2026-09-08,1800000699.0,1800000699.0,3864.87
2954,2026-09-08,1800000812.0,1800000812.0,1711.39
2955,2026-09-09,1800000822.0,1800000822.0,312.03
2956,2026-09-08,1800000835.0,1800000835.0,4117.54
2957,2026-09-08,1800000901.0,1800000901.0,2684.87
2958,2026-09-08,1800001009.0,1800001009.0,2429.8
2959,2026-09-09,1800001154.0,1800001154.0,5075.16
2960,2026-09-08,1800001160.0,1800001160.0,1471.58
2961,2026-09-09,1800001174.0,1800001174.0,1329.23
2962,2026-09-09,1800001176.0,1800001176.0,1765.87
2963,2026-09-09,1800001188.0,1800001188.0,6437.57
2964,2026-09-08,1800001221.0,1800001221.0,740.52
2965,2026-09-08,1800001248.0,1800001248.0,371.86
2966,2026-09-08,1800001265.0,1800001265.0,1241.11
2967,2026-09-08,1800001299.0,1800001299.0,3060.74
2968,2026-09-08,1800001302.0,1800001302.0,692.17
2969,2026-09-09,1800001316.0,1800001316.0,10476.41
2970,2026-09-08,1800001317.0,1800001317.0,9780.09
2971,2026-09-09,1800001362.0,1800001362.0,4283.16
2972,2026-09-09,1800001375.0,1800001375.0,3210.52
2973,2026-09-08,1800001450.0,1800001450.0,721.8
2974,2026-09-08,1800001483.0,1800001483.0,2205.11
2975,2026-09-08,1800001565.0,1800001565.0,159.51
2976,2026-09-08,1800001668.0,1800001668.0,3520.35
2977,2026-09-09,1800001752.0,1800001752.0,1128.83
2978,2026-09-09,1800001844.0,1800001844.0,11478.94
2979,2026-09-08,1800001908.0,1800001908.0,595.93
2980,2026-09-08,1800001955.0,1800001955.0,645.11
2981,2026-09-08,1800001973.0,1800001973.0,5783.66
2982,2026-09-08,1800001977.0,1800001977.0,1932.11
2983,2026-09-09,1800002010.0,1800002010.0,591.84
2984,2026-09-09,1800002060.0,1800002060.0,1087.94
2985,2026-09-09,1800002209.0,1800002209.0,14908.47
2986,2026-09-09,1800002232.0,1800002232.0,5138.95
2987,2026-09-09,1800002310.0,1800002310.0,3841.19
2988,2026-09-09,1800002341.0,1800002341.0,1089.12
2989,2026-09-08,1800002375.0,1800002375.0,4113.34
2990,2026-09-09,1800002407.0,1800002407.0,1046.6
2991,2026-09-09,1800002424.0,1800002424.0,3401.2
2992,2026-09-08,1800002521.0,1800002521.0,8881.7
2993,2026-09-09,1800002579.0,1800002579.0,16122.11
2994,2026-09-08,1800002582.0,1800002582.0,7416.92
2995,2026-09-08,1800002583.0,1800002583.0,6154.96
2996,2026-09-08,1800002594.0,1800002594.0,583.75
2997,2026-09-09,1800002683.0,1800002683.0,923.52
2998,2026-09-08,1800002693.0,1800002693.0,6100.54
2999,2026-09-08,1800002797.0,1800002797.0,643.73
3000,2026-09-08,1800002848.0,1800002848.0,514.74
3001,2026-09-09,1800002898.0,1800002898.0,3666.3
3002,2026-09-08,1800002975.0,1800002975.0,15583.41
3003,2026-09-09,1800002982.0,1800002982.0,1171.8
3004,2026-09-09,1800002997.0,1800002997.0,1264.74
3005,2026-09-08,1800003257.0,1800003257.0,6239.67
3006,2026-09-09,1800003283.0,1800003283.0,1009.54
3007,2026-09-09,1800003320.0,1800003320.0,689.75
3008,2026-09-08,1800003332.0,1800003332.0,1158.57
3009,2026-09-09,1800003380.0,1800003380.0,3158.77
3010,2026-09-09,1800003460.0,1800003460.0,406.07
3011,2026-09-09,1800003533.0,1800003533.0,1043.38
3012,2026-09-08,1800003607.0,1800003607.0,1044.12
3013,2026-09-08,1800003660.0,1800003660.0,24180.9
3014,2026-09-09,1800003665.0,1800003665.0,3108.68
3015,2026-09-08,1800003686.0,1800003686.0,4337.69
3016,2026-09-09,1800003796.0,1800003796.0,1885.17
3017,2026-09-08,1800003824.0,1800003824.0,6134.79
3018,2026-09-08,1800003829.0,1800003829.0,585.99
3019,2026-09-08,1800003847.0,1800003847.0,890.67
3020,2026-09-09,1800003880.0,1800003880.0,5986.73
3021,2026-09-09,1800003903.0,1800003903.0,5489.71
3022,2026-09-08,1800003915.0,1800003915.0,4738.29
3023,2026-09-09,1800003928.0,1800003928.0,1994.48
3024,2026-09-08,1800003995.0,1800003995.0,395.31
3025,2026-09-08,1800004001.0,1800004001.0,2361.96
3026,2026-09-09,1800004045.0,1800004045.0,2914.77
3027,2026-09-09,1800004053.0,1800004053.0,740.4
3028,2026-09-08,1800004068.0,1800004068.0,3305.53
3029,2026-09-09,1800004187.0,1800004187.0,8750.57
3030,2026-09-09,1800004282.0,1800004282.0,707.09
3031,2026-09-09,1800004444.0,1800004444.0,3963.96
3032,2026-09-08,1800004489.0,1800004489.0,8577.29
3033,2026-09-08,1800004579.0,1800004579.0,824.11
3034,2026-09-08,1800004583.0,1800004583.0,2133.87
3035,2026-09-09,1800004592.0,1800004592.0,1328.68
3036,2026-09-09,1800004620.0,1800004620.0,184.29
3037,2026-09-08,1800004691.0,1800004691.0,1012.37
3038,2026-09-08,1800004699.0,1800004699.0,4600.67
3039,2026-09-08,1800004716.0,1800004716.0,8544.06
3040,2026-09-09,1800004742.0,1800004742.0,2740.0
3041,2026-09-09,1800004787.0,1800004787.0,5584.01
3042,2026-09-09,1800004901.0,1800004901.0,12159.49
3043,2026-09-08,1800004936.0,1800004936.0,4790.32
3044,2026-09-09,1800004972.0,1800004972.0,8820.4
3045,2026-09-09,1800004984.0,1800004984.0,3405.21
3046,2026-09-09,1800005001.0,1800005001.0,5680.64
3047,2026-09-09,1800005025.0,1800005025.0,1729.05
3048,2026-09-09,1800005100.0,1800005100.0,2665.95
3049,2026-09-09,1800005230.0,1800005230.0,1045.29
3050,2026-09-08,1800005244.0,1800005244.0,386.46
3051,2026-09-09,1800005324.0,1800005324.0,10193.54
3052,2026-09-08,1800005349.0,1800005349.0,5626.99
3053,2026-09-09,1800005369.0,1800005369.0,923.42
3054,2026-09-09,1800005392.0,1800005392.0,1258.74
3055,2026-09-08,1800005550.0,1800005550.0,493.34
3056,2026-09-09,1800005671.0,1800005671.0,2216.3
3057,2026-09-08,1800005724.0,1800005724.0,391.5
3058,2026-09-08,1800005813.0,1800005813.0,527.44
3059,2026-09-09,1800005866.0,1800005866.0,5594.33
3060,2026-09-09,1800005891.0,1800005891.0,511.97
3061,2026-09-08,1800005913.0,1800005913.0,3731.64
3062,2026-09-08,1800005948.0,1800005948.0,2799.57
3063,2026-09-09,1800005954.0,1800005954.0,761.49
3064,2026-09-09,1800005979.0,1800005979.0,2359.11
3065,2026-09-08,1800006055.0,1800006055.0,1767.76
3066,2026-09-09,1800000010.0,1800000010.0,5337.26
3067,2026-09-10,1800000041.0,1800000041.0,918.95
3068,2026-09-10,1800000127.0,1800000127.0,1236.97
3069,2026-09-09,1800000141.0,1800000141.0,4471.47
3070,2026-09-09,1800000219.0,1800000219.0,426.82
3071,2026-09-09,1800000250.0,1800000250.0,1162.88
3072,2026-09-10,1800000264.0,1800000264.0,158.89
3073,2026-09-10,1800000266.0,1800000266.0,3503.19
3074,2026-09-10,1800000346.0,1800000346.0,1243.38
3075,2026-09-09,1800000360.0,1800000360.0,913.4
3076,2026-09-10,1800000386.0,1800000386.0,872.31
3077,2026-09-10,1800000408.0,1800000408.0,762.72
3078,2026-09-10,1800000464.0,1800000464.0,2909.22
3079,2026-09-10,1800000469.0,1800000469.0,531.14
3080,2026-09-10,1800000498.0,1800000498.0,8519.07
3081,2026-09-10,1800000550.0,1800000550.0,2460.8
3082,2026-09-09,1800000580.0,1800000580.0,427.51
3083,2026-09-10,1800000583.0,1800000583.0,245.07
3084,2026-09-10,1800000680.0,1800000680.0,6299.19
3085,2026-09-10,1800000682.0,1800000682.0,2178.79
3086,2026-09-10,1800000884.0,1800000884.0,4253.45
3087,2026-09-09,1800000919.0,1800000919.0,6888.33
3088,2026-09-10,1800000959.0,1800000959.0,8024.04
3089,2026-09-09,1800000994.0,1800000994.0,13565.62
3090,2026-09-10,1800001057.0,1800001057.0,3006.47
3091,2026-09-10,1800001099.0,1800001099.0,3171.08
3092,2026-09-09,1800001136.0,1800001136.0,2886.88
3093,2026-09-09,1800001162.0,1800001162.0,1678.84
3094,2026-09-09,1800001200.0,1800001200.0,10787.51
3095,2026-09-10,1800001203.0,1800001203.0,294.1
3096,2026-09-09,1800001241.0,1800001241.0,862.47
3097,2026-09-09,1800001278.0,1800001278.0,1469.27
3098,2026-09-09,1800001399.0,1800001399.0,2736.4
3099,2026-09-10,1800001501.0,1800001501.0,1938.13
3100,2026-09-10,1800001552.0,1800001552.0,937.86
3101,2026-09-09,1800001554.0,1800001554.0,693.19
3102,2026-09-09,1800001623.0,1800001623.0,233.73
3103,2026-09-10,1800001659.0,1800001659.0,3645.12
3104,2026-09-09,1800001747.0,1800001747.0,5287.6
3105,2026-09-10,1800001760.0,1800001760.0,435.45
3106,2026-09-10,1800001765.0,1800001765.0,2704.73
3107,2026-09-10,1800001776.0,1800001776.0,3773.25
3108,2026-09-09,1800001943.0,1800001943.0,8216.74
3109,2026-09-10,1800001952.0,1800001952.0,480.53
3110,2026-09-10,1800001968.0,1800001968.0,1636.61
3111,2026-09-10,1800001989.0,1800001989.0,3227.14
3112,2026-09-09,1800002141.0,1800002141.0,2355.32
3113,2026-09-10,1800002206.0,1800002206.0,2454.06
3114,2026-09-09,1800002239.0,1800002239.0,10478.91
3115,2026-09-10,1800002262.0,1800002262.0,868.97
3116,2026-09-10,1800002292.0,1800002292.0,6280.72
3117,2026-09-09,1800002320.0,1800002320.0,1032.48
3118,2026-09-10,1800002359.0,1800002359.0,8073.75
3119,2026-09-10,1800002401.0,1800002401.0,1823.14
3120,2026-09-09,1800002436.0,1800002436.0,8555.4
3121,2026-09-10,1800002438.0,1800002438.0,1990.78
3122,2026-09-10,1800002516.0,1800002516.0,792.66
3123,2026-09-09,1800002518.0,1800002518.0,260.46
3124,2026-09-09,1800002601.0,1800002601.0,403.07
3125,2026-09-09,1800002681.0,1800002681.0,4078.31
3126,2026-09-10,1800002747.0,1800002747.0,1804.47
3127,2026-09-09,1800002793.0,1800002793.0,2297.84
3128,2026-09-09,1800002825.0,1800002825.0,2788.6
3129,2026-09-09,1800002869.0,1800002869.0,1132.29
3130,2026-09-09,1800002875.0,1800002875.0,4100.89
3131,2026-09-10,1800002949.0,1800002949.0,1091.57
3132,2026-09-09,1800002952.0,1800002952.0,6013.29
3133,2026-09-09,1800002984.0,1800002984.0,2795.81
3134,2026-09-09,1800003006.0,1800003006.0,4264.41
3135,2026-09-09,1800003030.0,1800003030.0,1633.26
3136,2026-09-10,1800003059.0,1800003059.0,6443.3
3137,2026-09-10,1800003093.0,1800003093.0,743.75
3138,2026-09-10,1800003146.0,1800003146.0,6617.97
3139,2026-09-09,1800003173.0,1800003173.0,1369.65
3140,2026-09-10,1800003175.0,1800003175.0,3675.27
3141,2026-09-09,1800003242.0,1800003242.0,2998.03
3142,2026-09-10,1800003253.0,1800003253.0,9080.87
3143,2026-09-09,1800003369.0,1800003369.0,1981.66
3144,2026-09-10,1800003447.0,1800003447.0,802.7
3145,2026-09-09,1800003516.0,1800003516.0,9232.34
3146,2026-09-10,1800003565.0,1800003565.0,2135.66
3147,2026-09-10,1800003817.0,1800003817.0,1443.69
3148,2026-09-09,1800003867.0,1800003867.0,3706.58
3149,2026-09-09,1800003900.0,1800003900.0,2101.26
3150,2026-09-10,1800004086.0,1800004086.0,2417.62
3151,2026-09-09,1800004166.0,1800004166.0,5735.9
3152,2026-09-09,1800004190.0,1800004190.0,936.42
3153,2026-09-09,1800004213.0,1800004213.0,9876.88
3154,2026-09-10,1800004239.0,1800004239.0,1567.28
3155,2026-09-09,1800004300.0,1800004300.0,1780.81
3156,2026-09-10,1800004339.0,1800004339.0,16176.71
3157,2026-09-09,1800004379.0,1800004379.0,844.14
3158,2026-09-09,1800004476.0,1800004476.0,3803.03
3159,2026-09-10,1800004494.0,1800004494.0,726.54
3160,2026-09-09,1800004581.0,1800004581.0,4100.8
3161,2026-09-09,1800004685.0,1800004685.0,4098.12
3162,2026-09-09,1800004845.0,1800004845.0,7549.75
3163,2026-09-09,1800004852.0,1800004852.0,4359.27
3164,2026-09-09,1800004878.0,1800004878.0,3245.28
3165,2026-09-10,1800004904.0,1800004904.0,9539.79
3166,2026-09-09,1800004934.0,1800004934.0,808.6
3167,2026-09-09,1800004996.0,1800004996.0,4871.59
3168,2026-09-10,1800005063.0,1800005063.0,2390.57
3169,2026-09-10,1800005104.0,1800005104.0,402.24
3170,2026-09-10,1800005107.0,1800005107.0,8695.64
3171,2026-09-10,1800005141.0,1800005141.0,998.16
3172,2026-09-10,1800005209.0,1800005209.0,5242.49
3173,2026-09-10,1800005216.0,1800005216.0,4808.96
3174,2026-09-10,1800005269.0,1800005269.0,257.87
3175,2026-09-10,1800005365.0,1800005365.0,192.7
3176,2026-09-09,1800005415.0,1800005415.0,2102.35
3177,2026-09-10,1800005533.0,1800005533.0,10352.15
3178,2026-09-10,1800005559.0,1800005559.0,1110.77
3179,2026-09-10,1800005617.0,1800005617.0,5822.94
3180,2026-09-10,1800005665.0,1800005665.0,3828.02
3181,2026-09-09,1800005739.0,1800005739.0,1500.73
3182,2026-09-10,1800005752.0,1800005752.0,2123.91
3183,2026-09-09,1800005766.0,1800005766.0,1119.42
3184,2026-09-09,1800005797.0,1800005797.0,1549.38
3185,2026-09-09,1800005814.0,1800005814.0,7837.89
3186,2026-09-10,1800005824.0,1800005824.0,2297.87
3187,2026-09-09,1800005835.0,1800005835.0,4536.19
3188,2026-09-09,1800005847.0,1800005847.0,250.14
3189,2026-09-09,1800005876.0,1800005876.0,857.3
3190,2026-09-09,1800005915.0,1800005915.0,2245.27
3191,2026-09-10,1800005955.0,1800005955.0,3766.03
3192,2026-09-10,1800005964.0,1800005964.0,4228.12
3193,2026-09-10,1800005992.0,1800005992.0,825.22
3194,2026-09-09,1800006011.0,1800006011.0,2126.53
3195,2026-09-10,1800006085.0,1800006085.0,1654.65
3196,2026-09-10,1800006158.0,1800006158.0,1728.08
3197,2026-09-11,1800000017.0,1800000017.0,3168.17
3198,2026-09-10,1800000165.0,1800000165.0,1621.7
3199,2026-09-10,1800000170.0,1800000170.0,210.87
3200,2026-09-10,1800000246.0,1800000246.0,2150.56
3201,2026-09-10,1800000255.0,1800000255.0,248.54
3202,2026-09-11,1800000286.0,1800000286.0,2731.03
3203,2026-09-10,1800000287.0,1800000287.0,606.99
3204,2026-09-10,1800000318.0,1800000318.0,684.48
3205,2026-09-11,1800000349.0,1800000349.0,3519.29
3206,2026-09-10,1800000397.0,1800000397.0,3680.44
3207,2026-09-11,1800000470.0,1800000470.0,1425.16
3208,2026-09-11,1800000491.0,1800000491.0,2878.43
3209,2026-09-11,1800000494.0,1800000494.0,2149.38
3210,2026-09-11,1800000575.0,1800000575.0,3206.34
3211,2026-09-11,1800000598.0,1800000598.0,827.85
3212,2026-09-11,1800000705.0,1800000705.0,10618.96
3213,2026-09-10,1800000714.0,1800000714.0,1670.07
3214,2026-09-10,1800000731.0,1800000731.0,1201.35
3215,2026-09-11,1800000769.0,1800000769.0,1098.11
3216,2026-09-10,1800000773.0,1800000773.0,2464.19
3217,2026-09-11,1800000846.0,1800000846.0,1204.62
3218,2026-09-11,1800000900.0,1800000900.0,4264.62
3219,2026-09-10,1800000938.0,1800000938.0,1221.34
3220,2026-09-10,1800000965.0,1800000965.0,523.18
3221,2026-09-11,1800000970.0,1800000970.0,5258.36
3222,2026-09-11,1800000974.0,1800000974.0,3688.32
3223,2026-09-11,1800001011.0,1800001011.0,9709.76
3224,2026-09-11,1800001025.0,1800001025.0,7950.31
3225,2026-09-10,1800001026.0,1800001026.0,2579.32
3226,2026-09-11,1800001027.0,1800001027.0,3002.84
3227,2026-09-11,1800001034.0,1800001034.0,6462.2
3228,2026-09-11,1800001072.0,1800001072.0,900.55
3229,2026-09-10,1800001257.0,1800001257.0,2897.61
3230,2026-09-10,1800001478.0,1800001478.0,1513.61
3231,2026-09-11,1800001492.0,1800001492.0,10091.44
3232,2026-09-11,1800001566.0,1800001566.0,1463.07
3233,2026-09-10,1800001631.0,1800001631.0,9519.12
3234,2026-09-11,1800001636.0,1800001636.0,1214.48
3235,2026-09-11,1800001644.0,1800001644.0,1660.18
3236,2026-09-11,1800001675.0,1800001675.0,1400.43
3237,2026-09-10,1800001716.0,1800001716.0,4276.24
3238,2026-09-11,1800001832.0,1800001832.0,5648.76
3239,2026-09-10,1800001966.0,1800001966.0,2184.67
3240,2026-09-11,1800002068.0,1800002068.0,1873.99
3241,2026-09-11,1800002089.0,1800002089.0,7007.88
3242,2026-09-11,1800002101.0,1800002101.0,2305.16
3243,2026-09-10,1800002103.0,1800002103.0,1328.45
3244,2026-09-11,1800002251.0,1800002251.0,1032.29
3245,2026-09-11,1800002273.0,1800002273.0,980.03
3246,2026-09-11,1800002281.0,1800002281.0,1259.83
3247,2026-09-11,1800002352.0,1800002352.0,6780.79
3248,2026-09-11,1800002451.0,1800002451.0,10804.13
3249,2026-09-11,1800002462.0,1800002462.0,11127.36
3250,2026-09-11,1800002465.0,1800002465.0,1323.81
3251,2026-09-11,1800002474.0,1800002474.0,668.59
3252,2026-09-11,1800002569.0,1800002569.0,1117.81
3253,2026-09-10,1800002663.0,1800002663.0,2748.88
3254,2026-09-11,1800002718.0,1800002718.0,1872.12
3255,2026-09-10,1800002744.0,1800002744.0,1314.76
3256,2026-09-11,1800002777.0,1800002777.0,4235.29
3257,2026-09-10,1800002812.0,1800002812.0,2959.8
3258,2026-09-10,1800002837.0,1800002837.0,4216.32
3259,2026-09-10,1800002881.0,1800002881.0,4207.79
3260,2026-09-10,1800002964.0,1800002964.0,163.44
3261,2026-09-10,1800003035.0,1800003035.0,13916.09
3262,2026-09-10,1800003081.0,1800003081.0,7605.6
3263,2026-09-10,1800003207.0,1800003207.0,9945.28
3264,2026-09-11,1800003221.0,1800003221.0,793.47
3265,2026-09-11,1800003268.0,1800003268.0,2095.16
3266,2026-09-10,1800003307.0,1800003307.0,193.51
3267,2026-09-10,1800003445.0,1800003445.0,503.14
3268,2026-09-11,1800003495.0,1800003495.0,2748.89
3269,2026-09-10,1800003526.0,1800003526.0,252.95
3270,2026-09-10,1800003540.0,1800003540.0,12474.17
3271,2026-09-10,1800003560.0,1800003560.0,3524.38
3272,2026-09-11,1800003605.0,1800003605.0,1783.18
3273,2026-09-11,1800003625.0,1800003625.0,290.04
3274,2026-09-11,1800003648.0,1800003648.0,1037.09
3275,2026-09-10,1800003667.0,1800003667.0,14262.73
3276,2026-09-10,1800003704.0,1800003704.0,3538.92
3277,2026-09-10,1800003715.0,1800003715.0,1520.42
3278,2026-09-10,1800003720.0,1800003720.0,1095.37
3279,2026-09-10,1800003738.0,1800003738.0,2089.16
3280,2026-09-10,1800003784.0,1800003784.0,230.86
3281,2026-09-10,1800003799.0,1800003799.0,712.62
3282,2026-09-11,1800003840.0,1800003840.0,5112.4
3283,2026-09-11,1800003858.0,1800003858.0,4835.11
3284,2026-09-10,1800003898.0,1800003898.0,2200.37
3285,2026-09-10,1800003937.0,1800003937.0,3575.05
3286,2026-09-11,1800003967.0,1800003967.0,7929.89
3287,2026-09-10,1800004000.0,1800004000.0,1582.66
3288,2026-09-10,1800004013.0,1800004013.0,8245.34
3289,2026-09-11,1800004014.0,1800004014.0,1918.33
3290,2026-09-11,1800004087.0,1800004087.0,4907.55
3291,2026-09-11,1800004141.0,1800004141.0,2870.54
3292,2026-09-10,1800004196.0,1800004196.0,206.24
3293,2026-09-11,1800004214.0,1800004214.0,3902.61
3294,2026-09-11,1800004246.0,1800004246.0,3077.92
3295,2026-09-10,1800004269.0,1800004269.0,12094.7
3296,2026-09-10,1800004346.0,1800004346.0,5486.56
3297,2026-09-11,1800004351.0,1800004351.0,5320.43
3298,2026-09-10,1800004394.0,1800004394.0,3190.21
3299,2026-09-10,1800004399.0,1800004399.0,403.65
3300,2026-09-11,1800004413.0,1800004413.0,6834.8
3301,2026-09-11,1800004477.0,1800004477.0,1528.54
3302,2026-09-10,1800004497.0,1800004497.0,292.97
3303,2026-09-11,1800004623.0,1800004623.0,16298.52
3304,2026-09-11,1800004654.0,1800004654.0,5165.14
3305,2026-09-10,1800004748.0,1800004748.0,204.52
3306,2026-09-11,1800004749.0,1800004749.0,1293.86
3307,2026-09-10,1800004756.0,1800004756.0,555.46
3308,2026-09-10,1800004770.0,1800004770.0,2808.22
3309,2026-09-10,1800004795.0,1800004795.0,1776.34
3310,2026-09-10,1800004802.0,1800004802.0,2941.74
3311,2026-09-11,1800004883.0,1800004883.0,2912.75
3312,2026-09-11,1800004942.0,1800004942.0,1879.81
3313,2026-09-11,1800004953.0,1800004953.0,4223.27
3314,2026-09-10,1800005009.0,1800005009.0,630.96
3315,2026-09-10,1800005055.0,1800005055.0,3701.1
3316,2026-09-10,1800005198.0,1800005198.0,1297.43
3317,2026-09-11,1800005313.0,1800005313.0,1127.75
3318,2026-09-10,1800005350.0,1800005350.0,10049.25
3319,2026-09-11,1800005436.0,1800005436.0,1006.43
3320,2026-09-10,1800005516.0,1800005516.0,821.28
3321,2026-09-11,1800005568.0,1800005568.0,4657.07
3322,2026-09-10,1800005655.0,1800005655.0,1787.09
3323,2026-09-10,1800005692.0,1800005692.0,1181.0
3324,2026-09-10,1800005719.0,1800005719.0,772.86
3325,2026-09-11,1800005746.0,1800005746.0,849.77
3326,2026-09-11,1800005980.0,1800005980.0,1825.31
3327,2026-09-10,1800006029.0,1800006029.0,6336.19
3328,2026-09-11,1800000071.0,1800000071.0,3874.42
3329,2026-09-12,1800000365.0,1800000365.0,5724.91
3330,2026-09-12,1800000421.0,1800000421.0,1247.77
3331,2026-09-12,1800000492.0,1800000492.0,1813.28
3332,2026-09-11,1800000592.0,1800000592.0,8383.16
3333,2026-09-11,1800000607.0,1800000607.0,744.1
3334,2026-09-12,1800000623.0,1800000623.0,2788.8
3335,2026-09-12,1800000633.0,1800000633.0,6839.12
3336,2026-09-11,1800000640.0,1800000640.0,2433.91
3337,2026-09-12,1800000647.0,1800000647.0,235.77
3338,2026-09-12,1800000692.0,1800000692.0,599.49
3339,2026-09-12,1800000801.0,1800000801.0,584.01
3340,2026-09-11,1800000838.0,1800000838.0,982.45
3341,2026-09-12,1800000907.0,1800000907.0,5711.53
3342,2026-09-12,1800000936.0,1800000936.0,3027.62
3343,2026-09-12,1800001028.0,1800001028.0,923.7
3344,2026-09-12,1800001159.0,1800001159.0,2893.29
3345,2026-09-12,1800001173.0,1800001173.0,7229.01
3346,2026-09-11,1800001175.0,1800001175.0,2743.54
3347,2026-09-12,1800001179.0,1800001179.0,934.4
3348,2026-09-12,1800001259.0,1800001259.0,2930.54
3349,2026-09-12,1800001288.0,1800001288.0,15740.46
3350,2026-09-12,1800001337.0,1800001337.0,2726.55
3351,2026-09-12,1800001345.0,1800001345.0,1468.66
3352,2026-09-12,1800001370.0,1800001370.0,628.8
3353,2026-09-11,1800001462.0,1800001462.0,3022.2
3354,2026-09-11,1800001624.0,1800001624.0,1715.3
3355,2026-09-11,1800001627.0,1800001627.0,468.62
3356,2026-09-11,1800001672.0,1800001672.0,4147.02
3357,2026-09-12,1800001676.0,1800001676.0,6011.21
3358,2026-09-12,1800001689.0,1800001689.0,4704.22
3359,2026-09-11,1800001726.0,1800001726.0,1020.59
3360,2026-09-11,1800001745.0,1800001745.0,4093.73
3361,2026-09-12,1800001766.0,1800001766.0,2440.24
3362,2026-09-11,1800001806.0,1800001806.0,7550.13
3363,2026-09-12,1800001995.0,1800001995.0,2360.4
3364,2026-09-11,1800002016.0,1800002016.0,3709.41
3365,2026-09-12,1800002020.0,1800002020.0,737.07
3366,2026-09-12,1800002047.0,1800002047.0,784.46
3367,2026-09-12,1800002053.0,1800002053.0,22049.91
3368,2026-09-11,1800002084.0,1800002084.0,8322.31
3369,2026-09-11,1800002096.0,1800002096.0,2488.11
3370,2026-09-12,1800002309.0,1800002309.0,1046.33
3371,2026-09-11,1800002387.0,1800002387.0,799.62
3372,2026-09-12,1800002493.0,1800002493.0,6502.68
3373,2026-09-12,1800002495.0,1800002495.0,1492.03
3374,2026-09-11,1800002545.0,1800002545.0,18676.05
3375,2026-09-12,1800002617.0,1800002617.0,821.66
3376,2026-09-12,1800002784.0,1800002784.0,1408.61
3377,2026-09-11,1800002803.0,1800002803.0,1639.38
3378,2026-09-12,1800002821.0,1800002821.0,7089.34
3379,2026-09-11,1800002842.0,1800002842.0,3670.41
3380,2026-09-11,1800002861.0,1800002861.0,4220.83
3381,2026-09-11,1800002938.0,1800002938.0,6358.79
3382,2026-09-12,1800002990.0,1800002990.0,6887.22
3383,2026-09-12,1800003036.0,1800003036.0,7253.38
3384,2026-09-12,1800003045.0,1800003045.0,1513.12
3385,2026-09-12,1800003064.0,1800003064.0,4257.46
3386,2026-09-12,1800003111.0,1800003111.0,771.15
3387,2026-09-11,1800003133.0,1800003133.0,1621.59
3388,2026-09-12,1800003176.0,1800003176.0,274.95
3389,2026-09-11,1800003202.0,1800003202.0,2164.26
3390,2026-09-11,1800003236.0,1800003236.0,3584.29
3391,2026-09-12,1800003266.0,1800003266.0,3245.85
3392,2026-09-12,1800003287.0,1800003287.0,5220.24
3393,2026-09-11,1800003346.0,1800003346.0,672.85
3394,2026-09-11,1800003367.0,1800003367.0,3342.79
3395,2026-09-11,1800003451.0,1800003451.0,202.58
3396,2026-09-11,1800003618.0,1800003618.0,2045.77
3397,2026-09-11,1800003623.0,1800003623.0,7748.01
3398,2026-09-12,1800003699.0,1800003699.0,1778.15
3399,2026-09-11,1800003702.0,1800003702.0,16412.64
3400,2026-09-11,1800003761.0,1800003761.0,4976.66
3401,2026-09-11,1800004023.0,1800004023.0,376.08
3402,2026-09-11,1800004103.0,1800004103.0,216.88
3403,2026-09-11,1800004105.0,1800004105.0,1356.36
3404,2026-09-12,1800004131.0,1800004131.0,3822.13
3405,2026-09-12,1800004154.0,1800004154.0,937.27
3406,2026-09-11,1800004238.0,1800004238.0,6080.17
3407,2026-09-11,1800004255.0,1800004255.0,610.23
3408,2026-09-12,1800004356.0,1800004356.0,1346.7
3409,2026-09-12,1800004363.0,1800004363.0,13771.66
3410,2026-09-11,1800004506.0,1800004506.0,3023.44
3411,2026-09-12,1800004558.0,1800004558.0,17165.73
3412,2026-09-11,1800004597.0,1800004597.0,2126.59
3413,2026-09-12,1800004741.0,1800004741.0,687.07
3414,2026-09-12,1800004758.0,1800004758.0,1784.16
3415,2026-09-12,1800004811.0,1800004811.0,2952.74
3416,2026-09-11,1800004846.0,1800004846.0,1836.55
3417,2026-09-11,1800005030.0,1800005030.0,7859.08
3418,2026-09-11,1800005058.0,1800005058.0,593.01
3419,2026-09-11,1800005088.0,1800005088.0,169.09
3420,2026-09-11,1800005095.0,1800005095.0,2284.38
3421,2026-09-11,1800005149.0,1800005149.0,6488.18
3422,2026-09-11,1800005177.0,1800005177.0,3190.95
3423,2026-09-11,1800005179.0,1800005179.0,3126.48
3424,2026-09-11,1800005191.0,1800005191.0,4155.51
3425,2026-09-11,1800005335.0,1800005335.0,3328.71
3426,2026-09-11,1800005421.0,1800005421.0,4250.23
3427,2026-09-11,1800005451.0,1800005451.0,819.95
3428,2026-09-12,1800005522.0,1800005522.0,1744.27
3429,2026-09-12,1800005600.0,1800005600.0,4659.73
3430,2026-09-12,1800005710.0,1800005710.0,6111.95
3431,2026-09-11,1800005776.0,1800005776.0,6566.97
3432,2026-09-11,1800005870.0,1800005870.0,2495.56
3433,2026-09-12,1800005882.0,1800005882.0,193.32
3434,2026-09-12,1800005935.0,1800005935.0,8284.87
3435,2026-09-12,1800005963.0,1800005963.0,1927.52
3436,2026-09-12,1800005973.0,1800005973.0,1875.95
3437,2026-09-12,1800005983.0,1800005983.0,7609.26
3438,2026-09-12,1800006031.0,1800006031.0,4051.48
3439,2026-09-12,1800006039.0,1800006039.0,13812.1
3440,2026-09-12,1800006044.0,1800006044.0,1370.29
3441,2026-09-12,1800006049.0,1800006049.0,2772.96
3442,2026-09-11,1800006056.0,1800006056.0,2944.83
3443,2026-09-11,1800006059.0,1800006059.0,3739.9
3444,2026-09-13,1800000162.0,1800000162.0,474.43
3445,2026-09-13,1800000215.0,1800000215.0,3356.09
3446,2026-09-13,1800000217.0,1800000217.0,1871.58
3447,2026-09-12,1800000258.0,1800000258.0,2935.61
3448,2026-09-12,1800000268.0,1800000268.0,3672.39
3449,2026-09-12,1800000321.0,1800000321.0,2228.21
3450,2026-09-12,1800000363.0,1800000363.0,2174.27
3451,2026-09-12,1800000466.0,1800000466.0,4530.06
3452,2026-09-12,1800000517.0,1800000517.0,172.77
3453,2026-09-13,1800000581.0,1800000581.0,758.17
3454,2026-09-12,1800000645.0,1800000645.0,4837.44
3455,2026-09-12,1800000720.0,1800000720.0,6588.95
3456,2026-09-12,1800000740.0,1800000740.0,416.39
3457,2026-09-12,1800000776.0,1800000776.0,257.15
3458,2026-09-12,1800000819.0,1800000819.0,2934.21
3459,2026-09-13,1800000870.0,1800000870.0,2566.75
3460,2026-09-12,1800000977.0,1800000977.0,1605.55
3461,2026-09-12,1800001038.0,1800001038.0,627.79
3462,2026-09-12,1800001158.0,1800001158.0,972.79
3463,2026-09-12,1800001161.0,1800001161.0,3771.4
3464,2026-09-12,1800001202.0,1800001202.0,1449.92
3465,2026-09-12,1800001228.0,1800001228.0,5542.79
3466,2026-09-13,1800001275.0,1800001275.0,8196.25
3467,2026-09-12,1800001280.0,1800001280.0,1761.42
3468,2026-09-13,1800001364.0,1800001364.0,3925.24
3469,2026-09-12,1800001519.0,1800001519.0,5111.91
3470,2026-09-13,1800001534.0,1800001534.0,2309.65
3471,2026-09-13,1800001537.0,1800001537.0,3489.16
3472,2026-09-12,1800001585.0,1800001585.0,1190.16
3473,2026-09-13,1800001587.0,1800001587.0,3338.19
3474,2026-09-13,1800001655.0,1800001655.0,492.24
3475,2026-09-12,1800001683.0,1800001683.0,2198.46
3476,2026-09-13,1800001761.0,1800001761.0,1477.61
3477,2026-09-12,1800001875.0,1800001875.0,7083.02
3478,2026-09-13,1800001985.0,1800001985.0,1359.44
3479,2026-09-12,1800002021.0,1800002021.0,888.69
3480,2026-09-13,1800002067.0,1800002067.0,8523.7
3481,2026-09-13,1800002087.0,1800002087.0,3864.52
3482,2026-09-12,1800002095.0,1800002095.0,1144.53
3483,2026-09-13,1800002165.0,1800002165.0,2866.8
3484,2026-09-12,1800002170.0,1800002170.0,177.1
3485,2026-09-13,1800002237.0,1800002237.0,1068.35
3486,2026-09-12,1800002301.0,1800002301.0,3640.95
3487,2026-09-13,1800002354.0,1800002354.0,16604.02
3488,2026-09-12,1800002373.0,1800002373.0,2727.16
3489,2026-09-12,1800002485.0,1800002485.0,6295.2
3490,2026-09-13,1800002498.0,1800002498.0,621.55
3491,2026-09-12,1800002499.0,1800002499.0,2152.9
3492,2026-09-13,1800002606.0,1800002606.0,3853.79
3493,2026-09-13,1800002709.0,1800002709.0,1162.91
3494,2026-09-13,1800002741.0,1800002741.0,4550.31
3495,2026-09-13,1800002742.0,1800002742.0,706.78
3496,2026-09-13,1800002745.0,1800002745.0,1302.74
3497,2026-09-12,1800002873.0,1800002873.0,528.58
3498,2026-09-12,1800002896.0,1800002896.0,2457.68
3499,2026-09-12,1800002918.0,1800002918.0,2101.65
3500,2026-09-12,1800003015.0,1800003015.0,1063.0
3501,2026-09-13,1800003017.0,1800003017.0,4156.11
3502,2026-09-12,1800003021.0,1800003021.0,2385.31
3503,2026-09-13,1800003071.0,1800003071.0,2043.61
3504,2026-09-12,1800003160.0,1800003160.0,3458.26
3505,2026-09-12,1800003168.0,1800003168.0,715.26
3506,2026-09-12,1800003186.0,1800003186.0,3690.34
3507,2026-09-12,1800003214.0,1800003214.0,3025.46
3508,2026-09-13,1800003217.0,1800003217.0,10880.9
3509,2026-09-13,1800003235.0,1800003235.0,1170.31
3510,2026-09-13,1800003248.0,1800003248.0,1244.3
3511,2026-09-13,1800003429.0,1800003429.0,7502.69
3512,2026-09-12,1800003471.0,1800003471.0,280.9
3513,2026-09-13,1800003537.0,1800003537.0,738.93
3514,2026-09-13,1800003661.0,1800003661.0,6210.91
3515,2026-09-13,1800003663.0,1800003663.0,5849.66
3516,2026-09-12,1800003664.0,1800003664.0,609.18
3517,2026-09-13,1800003680.0,1800003680.0,2789.04
3518,2026-09-12,1800003693.0,1800003693.0,5359.39
3519,2026-09-12,1800003697.0,1800003697.0,1386.93
3520,2026-09-12,1800003846.0,1800003846.0,1649.34
3521,2026-09-12,1800003972.0,1800003972.0,4988.37
3522,2026-09-13,1800004044.0,1800004044.0,17035.4
3523,2026-09-13,1800004063.0,1800004063.0,5785.07
3524,2026-09-13,1800004064.0,1800004064.0,309.76
3525,2026-09-13,1800004145.0,1800004145.0,773.43
3526,2026-09-12,1800004147.0,1800004147.0,2724.6
3527,2026-09-13,1800004160.0,1800004160.0,605.06
3528,2026-09-12,1800004165.0,1800004165.0,9850.98
3529,2026-09-13,1800004208.0,1800004208.0,4200.82
3530,2026-09-12,1800004219.0,1800004219.0,816.4
3531,2026-09-13,1800004244.0,1800004244.0,2863.47
3532,2026-09-12,1800004254.0,1800004254.0,733.64
3533,2026-09-12,1800004364.0,1800004364.0,657.54
3534,2026-09-12,1800004371.0,1800004371.0,9183.91
3535,2026-09-12,1800004426.0,1800004426.0,1074.36
3536,2026-09-13,1800004443.0,1800004443.0,1459.94
3537,2026-09-13,1800004455.0,1800004455.0,6579.88
3538,2026-09-13,1800004527.0,1800004527.0,7784.35
3539,2026-09-13,1800004541.0,1800004541.0,1411.82
3540,2026-09-12,1800004720.0,1800004720.0,5865.37
3541,2026-09-12,1800004743.0,1800004743.0,6102.89
3542,2026-09-12,1800004767.0,1800004767.0,8323.69
3543,2026-09-12,1800004843.0,1800004843.0,1150.06
3544,2026-09-13,1800004855.0,1800004855.0,4268.47
3545,2026-09-12,1800004871.0,1800004871.0,1647.32
3546,2026-09-13,1800005003.0,1800005003.0,6685.27
3547,2026-09-12,1800005106.0,1800005106.0,2665.26
3548,2026-09-13,1800005120.0,1800005120.0,1645.13
3549,2026-09-13,1800005133.0,1800005133.0,4883.16
3550,2026-09-13,1800005150.0,1800005150.0,4369.72
3551,2026-09-12,1800005167.0,1800005167.0,5666.84
3552,2026-09-13,1800005197.0,1800005197.0,7408.13
3553,2026-09-12,1800005213.0,1800005213.0,4573.08
3554,2026-09-12,1800005333.0,1800005333.0,564.85
3555,2026-09-12,1800005363.0,1800005363.0,8247.36
3556,2026-09-12,1800005377.0,1800005377.0,1378.75
3557,2026-09-13,1800005380.0,1800005380.0,4337.93
3558,2026-09-13,1800005487.0,1800005487.0,159.99
3559,2026-09-12,1800005538.0,1800005538.0,3339.53
3560,2026-09-12,1800005953.0,1800005953.0,2462.54
3561,2026-09-12,1800005985.0,1800005985.0,2894.36
3562,2026-09-13,1800006014.0,1800006014.0,288.11
3563,2026-09-12,1800006047.0,1800006047.0,5191.35
3564,2026-09-12,1800006104.0,1800006104.0,2146.33
3565,2026-09-13,1800006106.0,1800006106.0,3880.3
3566,2026-09-13,1800006117.0,1800006117.0,1783.08
3567,2026-09-13,1800006157.0,1800006157.0,3743.88
3568,2026-09-13,1800006165.0,1800006165.0,3903.94
3569,2026-09-12,1800006177.0,1800006177.0,1282.58
3570,2026-09-13,1800000015.0,1800000015.0,2327.91
3571,2026-09-14,1800000039.0,1800000039.0,1238.75
3572,2026-09-14,1800000073.0,1800000073.0,295.72
3573,2026-09-13,1800000103.0,1800000103.0,927.08
3574,2026-09-14,1800000109.0,1800000109.0,1856.2
3575,2026-09-13,1800000216.0,1800000216.0,8123.47
3576,2026-09-14,1800000234.0,1800000234.0,2183.25
3577,2026-09-13,1800000283.0,1800000283.0,448.09
3578,2026-09-14,1800000358.0,1800000358.0,1863.9
3579,2026-09-14,1800000364.0,1800000364.0,1201.18
3580,2026-09-13,1800000427.0,1800000427.0,885.9
3581,2026-09-13,1800000454.0,1800000454.0,3129.28
3582,2026-09-14,1800000482.0,1800000482.0,11913.22
3583,2026-09-14,1800000487.0,1800000487.0,184.37
3584,2026-09-13,1800000506.0,1800000506.0,5958.01
3585,2026-09-13,1800000530.0,1800000530.0,3205.59
3586,2026-09-13,1800000541.0,1800000541.0,1459.19
3587,2026-09-14,1800000590.0,1800000590.0,4135.15
3588,2026-09-13,1800000622.0,1800000622.0,5464.41
3589,2026-09-13,1800000745.0,1800000745.0,7455.6
3590,2026-09-13,1800000770.0,1800000770.0,9677.33
3591,2026-09-14,1800000790.0,1800000790.0,2114.26
3592,2026-09-13,1800000849.0,1800000849.0,5645.42
3593,2026-09-13,1800000891.0,1800000891.0,330.72
3594,2026-09-13,1800000911.0,1800000911.0,2925.57
3595,2026-09-13,1800000956.0,1800000956.0,1508.4
3596,2026-09-14,1800000985.0,1800000985.0,3833.26
3597,2026-09-14,1800001001.0,1800001001.0,3786.2
3598,2026-09-13,1800001090.0,1800001090.0,5821.01
3599,2026-09-13,1800001106.0,1800001106.0,3169.41
3600,2026-09-13,1800001155.0,1800001155.0,2646.97
3601,2026-09-13,1800001186.0,1800001186.0,8623.27
3602,2026-09-13,1800001214.0,1800001214.0,2243.24
3603,2026-09-14,1800001226.0,1800001226.0,3768.96
3604,2026-09-14,1800001236.0,1800001236.0,3825.63
3605,2026-09-14,1800001276.0,1800001276.0,242.25
3606,2026-09-13,1800001284.0,1800001284.0,2850.8
3607,2026-09-14,1800001305.0,1800001305.0,7931.03
3608,2026-09-14,1800001312.0,1800001312.0,11778.6
3609,2026-09-14,1800001326.0,1800001326.0,467.53
3610,2026-09-13,1800001395.0,1800001395.0,655.37
3611,2026-09-13,1800001417.0,1800001417.0,2358.08
3612,2026-09-13,1800001427.0,1800001427.0,7595.56
3613,2026-09-14,1800001468.0,1800001468.0,2685.87
3614,2026-09-14,1800001490.0,1800001490.0,2610.17
3615,2026-09-14,1800001613.0,1800001613.0,1291.7
3616,2026-09-13,1800001614.0,1800001614.0,5535.4
3617,2026-09-13,1800001620.0,1800001620.0,6893.78
3618,2026-09-13,1800001661.0,1800001661.0,6135.66
3619,2026-09-13,1800001728.0,1800001728.0,1663.76
3620,2026-09-14,1800001759.0,1800001759.0,798.91
3621,2026-09-14,1800001786.0,1800001786.0,980.37
3622,2026-09-13,1800001847.0,1800001847.0,1896.76
3623,2026-09-14,1800001873.0,1800001873.0,3137.17
3624,2026-09-13,1800001994.0,1800001994.0,2507.21
3625,2026-09-13,1800002015.0,1800002015.0,3359.37
3626,2026-09-13,1800002045.0,1800002045.0,6086.59
3627,2026-09-14,1800002132.0,1800002132.0,3836.69
3628,2026-09-13,1800002160.0,1800002160.0,2158.46
3629,2026-09-14,1800002205.0,1800002205.0,6468.82
3630,2026-09-13,1800002276.0,1800002276.0,6347.19
3631,2026-09-14,1800002317.0,1800002317.0,1552.85
3632,2026-09-14,1800002346.0,1800002346.0,4972.98
3633,2026-09-14,1800002444.0,1800002444.0,451.35
3634,2026-09-13,1800002457.0,1800002457.0,7664.19
3635,2026-09-13,1800002514.0,1800002514.0,1943.08
3636,2026-09-13,1800002563.0,1800002563.0,1288.41
3637,2026-09-13,1800002578.0,1800002578.0,560.23
3638,2026-09-14,1800002632.0,1800002632.0,1255.79
3639,2026-09-13,1800002635.0,1800002635.0,9131.43
3640,2026-09-14,1800002680.0,1800002680.0,1612.16
3641,2026-09-14,1800002791.0,1800002791.0,3838.96
3642,2026-09-14,1800002817.0,1800002817.0,197.27
3643,2026-09-14,1800002853.0,1800002853.0,7109.62
3644,2026-09-14,1800002889.0,1800002889.0,204.89
3645,2026-09-14,1800002928.0,1800002928.0,3110.18
3646,2026-09-14,1800002946.0,1800002946.0,6498.53
3647,2026-09-13,1800003048.0,1800003048.0,552.59
3648,2026-09-13,1800003062.0,1800003062.0,2427.95
3649,2026-09-14,1800003096.0,1800003096.0,3803.04
3650,2026-09-14,1800003126.0,1800003126.0,5893.36
3651,2026-09-14,1800003137.0,1800003137.0,2716.55
3652,2026-09-14,1800003152.0,1800003152.0,374.4
3653,2026-09-14,1800003187.0,1800003187.0,1087.15
3654,2026-09-14,1800003229.0,1800003229.0,5230.13
3655,2026-09-14,1800003252.0,1800003252.0,1723.48
3656,2026-09-14,1800003313.0,1800003313.0,2752.34
3657,2026-09-13,1800003318.0,1800003318.0,434.88
3658,2026-09-13,1800003385.0,1800003385.0,2805.66
3659,2026-09-14,1800003424.0,1800003424.0,3848.07
3660,2026-09-14,1800003456.0,1800003456.0,2225.19
3661,2026-09-13,1800003478.0,1800003478.0,3749.4
3662,2026-09-14,1800003486.0,1800003486.0,4464.19
3663,2026-09-14,1800003544.0,1800003544.0,2516.51
3664,2026-09-14,1800003570.0,1800003570.0,939.74
3665,2026-09-14,1800003588.0,1800003588.0,803.62
3666,2026-09-14,1800003633.0,1800003633.0,1171.39
3667,2026-09-14,1800003689.0,1800003689.0,1012.79
3668,2026-09-13,1800003787.0,1800003787.0,8539.92
3669,2026-09-14,1800003860.0,1800003860.0,389.5
3670,2026-09-14,1800004010.0,1800004010.0,4944.76
3671,2026-09-13,1800004088.0,1800004088.0,6836.55
3672,2026-09-14,1800004091.0,1800004091.0,4472.07
3673,2026-09-14,1800004125.0,1800004125.0,12473.84
3674,2026-09-14,1800004127.0,1800004127.0,1017.51
3675,2026-09-13,1800004130.0,1800004130.0,375.0
3676,2026-09-14,1800004138.0,1800004138.0,12703.06
3677,2026-09-13,1800004258.0,1800004258.0,294.12
3678,2026-09-14,1800004280.0,1800004280.0,4341.52
3679,2026-09-14,1800004307.0,1800004307.0,2494.87
3680,2026-09-14,1800004308.0,1800004308.0,8079.01
3681,2026-09-13,1800004317.0,1800004317.0,1980.28
3682,2026-09-13,1800004323.0,1800004323.0,6831.22
3683,2026-09-13,1800004415.0,1800004415.0,423.37
3684,2026-09-14,1800004487.0,1800004487.0,2953.39
3685,2026-09-14,1800004512.0,1800004512.0,5756.21
3686,2026-09-13,1800004539.0,1800004539.0,3549.7
3687,2026-09-14,1800004555.0,1800004555.0,5998.04
3688,2026-09-13,1800004572.0,1800004572.0,1247.48
3689,2026-09-13,1800004630.0,1800004630.0,2054.15
3690,2026-09-14,1800004657.0,1800004657.0,5350.46
3691,2026-09-13,1800004784.0,1800004784.0,12428.13
3692,2026-09-14,1800004808.0,1800004808.0,420.58
3693,2026-09-14,1800004898.0,1800004898.0,1199.25
3694,2026-09-14,1800004911.0,1800004911.0,1448.67
3695,2026-09-14,1800004974.0,1800004974.0,545.68
3696,2026-09-14,1800004989.0,1800004989.0,658.94
3697,2026-09-14,1800004992.0,1800004992.0,2289.62
3698,2026-09-14,1800005038.0,1800005038.0,1119.07
3699,2026-09-13,1800005061.0,1800005061.0,4635.82
3700,2026-09-13,1800005083.0,1800005083.0,2158.23
3701,2026-09-13,1800005148.0,1800005148.0,1199.92
3702,2026-09-14,1800005163.0,1800005163.0,2244.29
3703,2026-09-14,1800005224.0,1800005224.0,945.77
3704,2026-09-14,1800005321.0,1800005321.0,3413.82
3705,2026-09-14,1800005339.0,1800005339.0,6774.14
3706,2026-09-14,1800005384.0,1800005384.0,1171.53
3707,2026-09-14,1800005394.0,1800005394.0,2046.95
3708,2026-09-14,1800005476.0,1800005476.0,4010.82
3709,2026-09-14,1800005504.0,1800005504.0,302.93
3710,2026-09-13,1800005589.0,1800005589.0,1327.34
3711,2026-09-13,1800005709.0,1800005709.0,10814.64
3712,2026-09-13,1800005734.0,1800005734.0,12017.06
3713,2026-09-13,1800005807.0,1800005807.0,2483.83
3714,2026-09-14,1800005904.0,1800005904.0,3736.79
3715,2026-09-13,1800005944.0,1800005944.0,1594.54
3716,2026-09-13,1800005956.0,1800005956.0,1516.15
3717,2026-09-13,1800005987.0,1800005987.0,2787.23
3718,2026-09-14,1800005997.0,1800005997.0,7677.51
3719,2026-09-13,1800006019.0,1800006019.0,3731.46
3720,2026-09-13,1800006070.0,1800006070.0,1828.27
3721,2026-09-13,1800006099.0,1800006099.0,4789.73
3722,2026-09-14,1800000033.0,1800000033.0,448.09
3723,2026-09-14,1800000128.0,1800000128.0,5346.83
3724,2026-09-15,1800000131.0,1800000131.0,11375.54
3725,2026-09-15,1800000135.0,1800000135.0,846.15
3726,2026-09-15,1800000195.0,1800000195.0,756.96
3727,2026-09-15,1800000238.0,1800000238.0,2154.39
3728,2026-09-14,1800000325.0,1800000325.0,514.6
3729,2026-09-14,1800000361.0,1800000361.0,159.42
3730,2026-09-15,1800000396.0,1800000396.0,4320.97
3731,2026-09-15,1800000429.0,1800000429.0,4195.91
3732,2026-09-15,1800000456.0,1800000456.0,3001.58
3733,2026-09-15,1800000527.0,1800000527.0,4268.1
3734,2026-09-15,1800000579.0,1800000579.0,1708.73
3735,2026-09-14,1800000643.0,1800000643.0,3444.63
3736,2026-09-15,1800000649.0,1800000649.0,356.17
3737,2026-09-15,1800000674.0,1800000674.0,3208.3
3738,2026-09-14,1800000778.0,1800000778.0,3793.81
3739,2026-09-15,1800000845.0,1800000845.0,1319.34
3740,2026-09-14,1800000850.0,1800000850.0,11678.65
3741,2026-09-14,1800000853.0,1800000853.0,4251.4
3742,2026-09-14,1800000866.0,1800000866.0,10226.63
3743,2026-09-15,1800000916.0,1800000916.0,2364.92
3744,2026-09-14,1800000929.0,1800000929.0,1511.45
3745,2026-09-14,1800001012.0,1800001012.0,3765.85
3746,2026-09-15,1800001039.0,1800001039.0,2533.02
3747,2026-09-14,1800001166.0,1800001166.0,5534.66
3748,2026-09-15,1800001183.0,1800001183.0,10442.13
3749,2026-09-15,1800001206.0,1800001206.0,1246.68
3750,2026-09-15,1800001240.0,1800001240.0,2458.23
3751,2026-09-14,1800001277.0,1800001277.0,5861.59
3752,2026-09-14,1800001331.0,1800001331.0,1059.86
3753,2026-09-15,1800001333.0,1800001333.0,10469.16
3754,2026-09-15,1800001356.0,1800001356.0,862.64
3755,2026-09-14,1800001361.0,1800001361.0,1495.8
3756,2026-09-15,1800001376.0,1800001376.0,1355.3
3757,2026-09-14,1800001387.0,1800001387.0,6873.28
3758,2026-09-15,1800001403.0,1800001403.0,9971.52
3759,2026-09-15,1800001430.0,1800001430.0,409.28
3760,2026-09-15,1800001451.0,1800001451.0,3520.38
3761,2026-09-14,1800001453.0,1800001453.0,2266.16
3762,2026-09-15,1800001517.0,1800001517.0,455.2
3763,2026-09-15,1800001544.0,1800001544.0,5851.4
3764,2026-09-14,1800001607.0,1800001607.0,2075.62
3765,2026-09-15,1800001678.0,1800001678.0,2598.03
3766,2026-09-15,1800001696.0,1800001696.0,2725.89
3767,2026-09-15,1800001753.0,1800001753.0,617.35
3768,2026-09-14,1800001785.0,1800001785.0,827.07
3769,2026-09-15,1800001843.0,1800001843.0,646.25
3770,2026-09-15,1800001888.0,1800001888.0,502.26
3771,2026-09-15,1800001914.0,1800001914.0,4009.71
3772,2026-09-15,1800001946.0,1800001946.0,3485.71
3773,2026-09-15,1800002040.0,1800002040.0,11891.11
3774,2026-09-14,1800002126.0,1800002126.0,1322.39
3775,2026-09-14,1800002131.0,1800002131.0,5439.67
3776,2026-09-15,1800002159.0,1800002159.0,3766.5
3777,2026-09-15,1800002178.0,1800002178.0,16584.89
3778,2026-09-14,1800002307.0,1800002307.0,1752.28
3779,2026-09-15,1800002325.0,1800002325.0,2310.63
3780,2026-09-15,1800002397.0,1800002397.0,2032.25
3781,2026-09-14,1800002423.0,1800002423.0,3032.51
3782,2026-09-15,1800002464.0,1800002464.0,5057.17
3783,2026-09-15,1800002585.0,1800002585.0,780.93
3784,2026-09-14,1800002662.0,1800002662.0,5918.73
3785,2026-09-15,1800002707.0,1800002707.0,5273.51
3786,2026-09-14,1800002722.0,1800002722.0,5522.13
3787,2026-09-15,1800002771.0,1800002771.0,1070.38
3788,2026-09-14,1800002804.0,1800002804.0,190.19
3789,2026-09-15,1800002855.0,1800002855.0,3383.15
3790,2026-09-15,1800002936.0,1800002936.0,5626.64
3791,2026-09-15,1800002999.0,1800002999.0,2001.54
3792,2026-09-15,1800003010.0,1800003010.0,2182.7
3793,2026-09-14,1800003018.0,1800003018.0,2938.6
3794,2026-09-14,1800003047.0,1800003047.0,4414.92
3795,2026-09-15,1800003100.0,1800003100.0,3172.71
3796,2026-09-15,1800003438.0,1800003438.0,183.32
3797,2026-09-15,1800003590.0,1800003590.0,4562.0
3798,2026-09-15,1800003603.0,1800003603.0,429.38
3799,2026-09-15,1800003627.0,1800003627.0,13860.92
3800,2026-09-15,1800003717.0,1800003717.0,6807.56
3801,2026-09-14,1800003721.0,1800003721.0,701.8
3802,2026-09-14,1800003741.0,1800003741.0,1118.8
3803,2026-09-14,1800003822.0,1800003822.0,1531.38
3804,2026-09-15,1800003881.0,1800003881.0,610.29
3805,2026-09-14,1800003924.0,1800003924.0,5813.66
3806,2026-09-15,1800003990.0,1800003990.0,7714.62
3807,2026-09-15,1800004027.0,1800004027.0,1049.14
3808,2026-09-14,1800004080.0,1800004080.0,7957.63
3809,2026-09-14,1800004122.0,1800004122.0,9251.33
3810,2026-09-15,1800004171.0,1800004171.0,7213.65
3811,2026-09-14,1800004218.0,1800004218.0,2288.72
3812,2026-09-14,1800004291.0,1800004291.0,1000.85
3813,2026-09-15,1800004341.0,1800004341.0,9391.97
3814,2026-09-15,1800004368.0,1800004368.0,8036.81
3815,2026-09-15,1800004381.0,1800004381.0,2410.84
3816,2026-09-15,1800004391.0,1800004391.0,2984.36
3817,2026-09-15,1800004437.0,1800004437.0,544.14
3818,2026-09-15,1800004499.0,1800004499.0,818.13
3819,2026-09-15,1800004584.0,1800004584.0,6750.12
3820,2026-09-15,1800004671.0,1800004671.0,560.9
3821,2026-09-15,1800004701.0,1800004701.0,4245.62
3822,2026-09-14,1800004714.0,1800004714.0,996.4
3823,2026-09-14,1800004766.0,1800004766.0,342.86
3824,2026-09-14,1800004773.0,1800004773.0,295.44
3825,2026-09-14,1800004790.0,1800004790.0,2703.47
3826,2026-09-14,1800004800.0,1800004800.0,1834.42
3827,2026-09-15,1800004817.0,1800004817.0,1433.16
3828,2026-09-14,1800004884.0,1800004884.0,16411.45
3829,2026-09-14,1800004885.0,1800004885.0,1420.14
3830,2026-09-15,1800004951.0,1800004951.0,7496.61
3831,2026-09-14,1800004986.0,1800004986.0,3437.75
3832,2026-09-15,1800004998.0,1800004998.0,1378.39
3833,2026-09-14,1800005002.0,1800005002.0,7733.87
3834,2026-09-14,1800005045.0,1800005045.0,5179.09
3835,2026-09-14,1800005069.0,1800005069.0,2496.57
3836,2026-09-14,1800005111.0,1800005111.0,3233.92
3837,2026-09-15,1800005247.0,1800005247.0,7789.8
3838,2026-09-15,1800005260.0,1800005260.0,4706.14
3839,2026-09-15,1800005271.0,1800005271.0,4361.53
3840,2026-09-15,1800005285.0,1800005285.0,3113.88
3841,2026-09-15,1800005300.0,1800005300.0,4020.86
3842,2026-09-15,1800005320.0,1800005320.0,4371.9
3843,2026-09-14,1800005344.0,1800005344.0,7132.77
3844,2026-09-15,1800005419.0,1800005419.0,3291.46
3845,2026-09-14,1800005440.0,1800005440.0,5492.84
3846,2026-09-15,1800005500.0,1800005500.0,1253.02
3847,2026-09-15,1800005517.0,1800005517.0,281.01
3848,2026-09-15,1800005521.0,1800005521.0,324.87
3849,2026-09-15,1800005571.0,1800005571.0,4534.22
3850,2026-09-15,1800005584.0,1800005584.0,2111.72
3851,2026-09-15,1800005623.0,1800005623.0,384.13
3852,2026-09-14,1800005815.0,1800005815.0,2549.47
3853,2026-09-15,1800005843.0,1800005843.0,7997.75
3854,2026-09-14,1800005886.0,1800005886.0,3232.35
3855,2026-09-15,1800005898.0,1800005898.0,1927.96
3856,2026-09-14,1800005899.0,1800005899.0,6372.29
3857,2026-09-15,1800005994.0,1800005994.0,1300.02
3858,2026-09-14,1800006108.0,1800006108.0,1106.16
3859,2026-09-15,1800006109.0,1800006109.0,381.0
3860,2026-09-15,1800006181.0,1800006181.0,4955.16
3861,2026-09-15,1800000035.0,1800000035.0,624.98
3862,2026-09-16,1800000070.0,1800000070.0,1327.55
3863,2026-09-16,1800000229.0,1800000229.0,1566.7
3864,2026-09-15,1800000275.0,1800000275.0,1493.67
3865,2026-09-15,1800000334.0,1800000334.0,1243.76
3866,2026-09-16,1800000393.0,1800000393.0,641.37
3867,2026-09-16,1800000431.0,1800000431.0,657.61
3868,2026-09-16,1800000476.0,1800000476.0,4452.54
3869,2026-09-15,1800000521.0,1800000521.0,5225.63
3870,2026-09-16,1800000654.0,1800000654.0,3705.77
3871,2026-09-15,1800000736.0,1800000736.0,7748.34
3872,2026-09-16,1800000803.0,1800000803.0,520.99
3873,2026-09-15,1800000897.0,1800000897.0,1066.71
3874,2026-09-15,1800001054.0,1800001054.0,957.08
3875,2026-09-15,1800001060.0,1800001060.0,964.39
3876,2026-09-15,1800001073.0,1800001073.0,2256.18
3877,2026-09-15,1800001165.0,1800001165.0,3801.05
3878,2026-09-16,1800001235.0,1800001235.0,4495.9
3879,2026-09-16,1800001263.0,1800001263.0,8919.34
3880,2026-09-16,1800001321.0,1800001321.0,10991.95
3881,2026-09-15,1800001332.0,1800001332.0,2388.8
3882,2026-09-15,1800001349.0,1800001349.0,826.64
3883,2026-09-16,1800001377.0,1800001377.0,4280.0
3884,2026-09-15,1800001434.0,1800001434.0,15294.28
3885,2026-09-16,1800001457.0,1800001457.0,8182.34
3886,2026-09-16,1800001543.0,1800001543.0,1704.74
3887,2026-09-15,1800001563.0,1800001563.0,1861.64
3888,2026-09-15,1800001580.0,1800001580.0,195.65
3889,2026-09-16,1800001596.0,1800001596.0,516.18
3890,2026-09-15,1800001610.0,1800001610.0,5606.52
3891,2026-09-16,1800001758.0,1800001758.0,4306.25
3892,2026-09-15,1800001797.0,1800001797.0,8369.56
3893,2026-09-16,1800001850.0,1800001850.0,1230.52
3894,2026-09-16,1800001866.0,1800001866.0,2114.08
3895,2026-09-15,1800001884.0,1800001884.0,3201.74
3896,2026-09-16,1800001902.0,1800001902.0,676.73
3897,2026-09-15,1800002002.0,1800002002.0,906.3
3898,2026-09-16,1800002046.0,1800002046.0,1333.09
3899,2026-09-16,1800002073.0,1800002073.0,2463.72
3900,2026-09-16,1800002097.0,1800002097.0,3547.82
3901,2026-09-15,1800002139.0,1800002139.0,3274.0
3902,2026-09-16,1800002157.0,1800002157.0,2427.92
3903,2026-09-16,1800002158.0,1800002158.0,4078.72
3904,2026-09-15,1800002185.0,1800002185.0,799.73
3905,2026-09-16,1800002198.0,1800002198.0,2922.37
3906,2026-09-15,1800002224.0,1800002224.0,5296.1
3907,2026-09-15,1800002277.0,1800002277.0,3353.24
3908,2026-09-16,1800002297.0,1800002297.0,12039.92
3909,2026-09-16,1800002311.0,1800002311.0,8480.32
3910,2026-09-15,1800002338.0,1800002338.0,4254.48
3911,2026-09-16,1800002348.0,1800002348.0,2701.6
3912,2026-09-16,1800002357.0,1800002357.0,6097.77
3913,2026-09-15,1800002425.0,1800002425.0,557.03
3914,2026-09-15,1800002696.0,1800002696.0,232.48
3915,2026-09-15,1800002728.0,1800002728.0,385.33
3916,2026-09-16,1800002849.0,1800002849.0,3722.52
3917,2026-09-16,1800002924.0,1800002924.0,537.06
3918,2026-09-16,1800002943.0,1800002943.0,353.67
3919,2026-09-16,1800002962.0,1800002962.0,505.39
3920,2026-09-15,1800002963.0,1800002963.0,601.81
3921,2026-09-15,1800002992.0,1800002992.0,9717.6
3922,2026-09-15,1800003009.0,1800003009.0,1315.65
3923,2026-09-16,1800003037.0,1800003037.0,3904.14
3924,2026-09-16,1800003050.0,1800003050.0,212.24
3925,2026-09-16,1800003068.0,1800003068.0,6041.81
3926,2026-09-16,1800003098.0,1800003098.0,6523.95
3927,2026-09-16,1800003114.0,1800003114.0,3171.81
3928,2026-09-15,1800003115.0,1800003115.0,479.46
3929,2026-09-15,1800003141.0,1800003141.0,2441.77
3930,2026-09-15,1800003218.0,1800003218.0,469.56
3931,2026-09-15,1800003273.0,1800003273.0,3656.96
3932,2026-09-16,1800003285.0,1800003285.0,1613.54
3933,2026-09-16,1800003350.0,1800003350.0,2053.15
3934,2026-09-16,1800003410.0,1800003410.0,1595.91
3935,2026-09-16,1800003437.0,1800003437.0,3930.01
3936,2026-09-15,1800003548.0,1800003548.0,6478.71
3937,2026-09-16,1800003589.0,1800003589.0,6695.64
3938,2026-09-15,1800003636.0,1800003636.0,2546.25
3939,2026-09-15,1800003638.0,1800003638.0,151.2
3940,2026-09-15,1800003676.0,1800003676.0,2110.14
3941,2026-09-15,1800003700.0,1800003700.0,1476.87
3942,2026-09-16,1800003792.0,1800003792.0,1878.15
3943,2026-09-15,1800003896.0,1800003896.0,5521.39
3944,2026-09-15,1800003993.0,1800003993.0,2355.96
3945,2026-09-15,1800004026.0,1800004026.0,2587.57
3946,2026-09-15,1800004043.0,1800004043.0,538.18
3947,2026-09-16,1800004061.0,1800004061.0,1466.45
3948,2026-09-16,1800004136.0,1800004136.0,10887.66
3949,2026-09-15,1800004167.0,1800004167.0,2981.42
3950,2026-09-15,1800004192.0,1800004192.0,1952.26
3951,2026-09-15,1800004285.0,1800004285.0,6182.34
3952,2026-09-16,1800004292.0,1800004292.0,2251.37
3953,2026-09-15,1800004296.0,1800004296.0,333.72
3954,2026-09-15,1800004310.0,1800004310.0,2439.33
3955,2026-09-16,1800004334.0,1800004334.0,1399.79
3956,2026-09-15,1800004340.0,1800004340.0,3612.36
3957,2026-09-16,1800004359.0,1800004359.0,2189.04
3958,2026-09-16,1800004366.0,1800004366.0,1498.04
3959,2026-09-16,1800004502.0,1800004502.0,4568.63
3960,2026-09-15,1800004525.0,1800004525.0,3958.58
3961,2026-09-15,1800004544.0,1800004544.0,1080.21
3962,2026-09-15,1800004605.0,1800004605.0,8260.65
3963,2026-09-15,1800004607.0,1800004607.0,2608.44
3964,2026-09-15,1800004648.0,1800004648.0,230.83
3965,2026-09-15,1800004684.0,1800004684.0,1139.43
3966,2026-09-15,1800004718.0,1800004718.0,3207.38
3967,2026-09-15,1800004763.0,1800004763.0,888.43
3968,2026-09-15,1800004948.0,1800004948.0,2761.46
3969,2026-09-15,1800005028.0,1800005028.0,1076.06
3970,2026-09-15,1800005077.0,1800005077.0,2430.27
3971,2026-09-16,1800005091.0,1800005091.0,8467.96
3972,2026-09-16,1800005096.0,1800005096.0,3530.51
3973,2026-09-15,1800005105.0,1800005105.0,1247.85
3974,2026-09-15,1800005153.0,1800005153.0,5873.42
3975,2026-09-15,1800005154.0,1800005154.0,1047.77
3976,2026-09-15,1800005182.0,1800005182.0,5119.35
3977,2026-09-15,1800005219.0,1800005219.0,7177.68
3978,2026-09-16,1800005228.0,1800005228.0,1601.36
3979,2026-09-16,1800005249.0,1800005249.0,3506.15
3980,2026-09-16,1800005306.0,1800005306.0,2193.95
3981,2026-09-15,1800005330.0,1800005330.0,1415.77
3982,2026-09-15,1800005340.0,1800005340.0,423.33
3983,2026-09-15,1800005372.0,1800005372.0,602.11
3984,2026-09-15,1800005401.0,1800005401.0,5588.17
3985,2026-09-15,1800005418.0,1800005418.0,5818.85
3986,2026-09-16,1800005427.0,1800005427.0,1800.43
3987,2026-09-15,1800005475.0,1800005475.0,1709.81
3988,2026-09-16,1800005507.0,1800005507.0,5030.5
3989,2026-09-15,1800005519.0,1800005519.0,179.13
3990,2026-09-16,1800005582.0,1800005582.0,299.37
3991,2026-09-16,1800005586.0,1800005586.0,2922.24
3992,2026-09-16,1800005642.0,1800005642.0,5863.14
3993,2026-09-15,1800005647.0,1800005647.0,5085.45
3994,2026-09-15,1800005660.0,1800005660.0,7946.58
3995,2026-09-16,1800005666.0,1800005666.0,2340.28
3996,2026-09-16,1800005679.0,1800005679.0,286.26
3997,2026-09-16,1800005695.0,1800005695.0,3536.06
3998,2026-09-16,1800005718.0,1800005718.0,476.68
3999,2026-09-15,1800005725.0,1800005725.0,6665.07
4000,2026-09-16,1800005732.0,1800005732.0,342.48
4001,2026-09-15,1800005839.0,1800005839.0,3022.46
4002,2026-09-15,1800005853.0,1800005853.0,3249.74
4003,2026-09-16,1800005860.0,1800005860.0,1071.8
4004,2026-09-16,1800005892.0,1800005892.0,4529.03
4005,2026-09-16,1800005942.0,1800005942.0,15336.32
4006,2026-09-16,1800005986.0,1800005986.0,2407.14
4007,2026-09-15,1800006004.0,1800006004.0,334.76
4008,2026-09-16,1800006012.0,1800006012.0,4417.86
4009,2026-09-15,1800006016.0,1800006016.0,13818.96
4010,2026-09-16,1800006096.0,1800006096.0,2039.01
4011,2026-09-16,1800000032.0,1800000032.0,1850.28
4012,2026-09-17,1800000134.0,1800000134.0,5841.91
4013,2026-09-16,1800000157.0,1800000157.0,773.75
4014,2026-09-16,1800000212.0,1800000212.0,533.69
4015,2026-09-16,1800000235.0,1800000235.0,912.07
4016,2026-09-17,1800000311.0,1800000311.0,4453.86
4017,2026-09-16,1800000354.0,1800000354.0,2260.37
4018,2026-09-17,1800000391.0,1800000391.0,902.75
4019,2026-09-17,1800000526.0,1800000526.0,8419.94
4020,2026-09-17,1800000536.0,1800000536.0,924.39
4021,2026-09-16,1800000558.0,1800000558.0,2206.52
4022,2026-09-16,1800000709.0,1800000709.0,4178.5
4023,2026-09-16,1800000719.0,1800000719.0,2514.36
4024,2026-09-16,1800000725.0,1800000725.0,8752.59
4025,2026-09-17,1800000777.0,1800000777.0,10835.65
4026,2026-09-16,1800000806.0,1800000806.0,1757.44
4027,2026-09-17,1800000875.0,1800000875.0,1861.34
4028,2026-09-17,1800000939.0,1800000939.0,5149.49
4029,2026-09-16,1800000946.0,1800000946.0,2957.13
4030,2026-09-17,1800000995.0,1800000995.0,5317.04
4031,2026-09-17,1800001085.0,1800001085.0,6146.02
4032,2026-09-17,1800001180.0,1800001180.0,2388.87
4033,2026-09-17,1800001249.0,1800001249.0,6651.57
4034,2026-09-16,1800001314.0,1800001314.0,672.76
4035,2026-09-16,1800001357.0,1800001357.0,5199.94
4036,2026-09-16,1800001397.0,1800001397.0,3243.53
4037,2026-09-16,1800001416.0,1800001416.0,364.41
4038,2026-09-17,1800001466.0,1800001466.0,7817.04
4039,2026-09-17,1800001548.0,1800001548.0,2935.26
4040,2026-09-16,1800001583.0,1800001583.0,2169.98
4041,2026-09-16,1800001617.0,1800001617.0,11588.87
4042,2026-09-16,1800001621.0,1800001621.0,1756.08
4043,2026-09-17,1800001645.0,1800001645.0,1493.24
4044,2026-09-17,1800001750.0,1800001750.0,423.59
4045,2026-09-17,1800001763.0,1800001763.0,2168.43
4046,2026-09-17,1800001778.0,1800001778.0,10177.39
4047,2026-09-16,1800001799.0,1800001799.0,1826.28
4048,2026-09-16,1800001856.0,1800001856.0,5994.48
4049,2026-09-17,1800001948.0,1800001948.0,2074.32
4050,2026-09-16,1800001969.0,1800001969.0,4053.12
4051,2026-09-17,1800001975.0,1800001975.0,1444.68
4052,2026-09-16,1800001991.0,1800001991.0,2520.49
4053,2026-09-16,1800002034.0,1800002034.0,4175.07
4054,2026-09-17,1800002104.0,1800002104.0,1501.98
4055,2026-09-16,1800002154.0,1800002154.0,5689.61
4056,2026-09-17,1800002196.0,1800002196.0,8298.21
4057,2026-09-17,1800002383.0,1800002383.0,4294.45
4058,2026-09-16,1800002414.0,1800002414.0,11400.54
4059,2026-09-17,1800002421.0,1800002421.0,178.28
4060,2026-09-16,1800002431.0,1800002431.0,3101.01
4061,2026-09-17,1800002471.0,1800002471.0,10198.79
4062,2026-09-16,1800002536.0,1800002536.0,4724.66
4063,2026-09-16,1800002621.0,1800002621.0,3070.13
4064,2026-09-16,1800002649.0,1800002649.0,2795.05
4065,2026-09-17,1800002716.0,1800002716.0,2708.22
4066,2026-09-16,1800002767.0,1800002767.0,572.06
4067,2026-09-17,1800002781.0,1800002781.0,3022.88
4068,2026-09-17,1800002838.0,1800002838.0,1326.55
4069,2026-09-17,1800003082.0,1800003082.0,1053.94
4070,2026-09-16,1800003228.0,1800003228.0,16083.28
4071,2026-09-16,1800003256.0,1800003256.0,866.82
4072,2026-09-16,1800003284.0,1800003284.0,2138.74
4073,2026-09-16,1800003363.0,1800003363.0,7965.11
4074,2026-09-17,1800003395.0,1800003395.0,2835.28
4075,2026-09-16,1800003421.0,1800003421.0,1651.98
4076,2026-09-16,1800003485.0,1800003485.0,5547.55
4077,2026-09-16,1800003524.0,1800003524.0,1987.86
4078,2026-09-17,1800003575.0,1800003575.0,581.41
4079,2026-09-17,1800003587.0,1800003587.0,2918.17
4080,2026-09-16,1800003690.0,1800003690.0,1820.9
4081,2026-09-16,1800003744.0,1800003744.0,16048.65
4082,2026-09-16,1800003798.0,1800003798.0,1913.6
4083,2026-09-16,1800003874.0,1800003874.0,2164.58
4084,2026-09-16,1800003884.0,1800003884.0,6971.07
4085,2026-09-16,1800003890.0,1800003890.0,2856.66
4086,2026-09-17,1800003963.0,1800003963.0,3776.35
4087,2026-09-17,1800003977.0,1800003977.0,1559.81
4088,2026-09-16,1800004128.0,1800004128.0,6461.3
4089,2026-09-17,1800004284.0,1800004284.0,273.71
4090,2026-09-16,1800004418.0,1800004418.0,6535.5
4091,2026-09-16,1800004575.0,1800004575.0,3467.99
4092,2026-09-16,1800004708.0,1800004708.0,1644.48
4093,2026-09-16,1800004768.0,1800004768.0,1298.56
4094,2026-09-17,1800004833.0,1800004833.0,12096.51
4095,2026-09-16,1800004875.0,1800004875.0,3808.66
4096,2026-09-16,1800004887.0,1800004887.0,719.91
4097,2026-09-17,1800004894.0,1800004894.0,1825.96
4098,2026-09-17,1800004902.0,1800004902.0,1219.8
4099,2026-09-16,1800004909.0,1800004909.0,13672.26
4100,2026-09-16,1800004941.0,1800004941.0,287.03
4101,2026-09-17,1800004945.0,1800004945.0,3645.7
4102,2026-09-17,1800004978.0,1800004978.0,8040.71
4103,2026-09-17,1800004995.0,1800004995.0,702.22
4104,2026-09-16,1800005071.0,1800005071.0,7739.85
4105,2026-09-17,1800005124.0,1800005124.0,1965.61
4106,2026-09-16,1800005175.0,1800005175.0,839.94
4107,2026-09-16,1800005259.0,1800005259.0,2006.59
4108,2026-09-16,1800005318.0,1800005318.0,2378.8
4109,2026-09-17,1800005338.0,1800005338.0,22352.84
4110,2026-09-16,1800005417.0,1800005417.0,2157.11
4111,2026-09-17,1800005452.0,1800005452.0,2077.15
4112,2026-09-17,1800005527.0,1800005527.0,1678.08
4113,2026-09-17,1800005539.0,1800005539.0,670.13
4114,2026-09-16,1800005579.0,1800005579.0,1070.24
4115,2026-09-17,1800005580.0,1800005580.0,5481.16
4116,2026-09-16,1800005680.0,1800005680.0,3531.01
4117,2026-09-17,1800005702.0,1800005702.0,1249.97
4118,2026-09-16,1800005716.0,1800005716.0,2985.3
4119,2026-09-17,1800005763.0,1800005763.0,2936.1
4120,2026-09-16,1800005885.0,1800005885.0,1432.3
4121,2026-09-17,1800005895.0,1800005895.0,914.0
4122,2026-09-17,1800005928.0,1800005928.0,5601.5
4123,2026-09-16,1800005947.0,1800005947.0,1092.12
4124,2026-09-17,1800005957.0,1800005957.0,1129.35
4125,2026-09-16,1800005989.0,1800005989.0,4277.33
4126,2026-09-16,1800005995.0,1800005995.0,854.45
4127,2026-09-16,1800006013.0,1800006013.0,2503.78
4128,2026-09-16,1800006042.0,1800006042.0,3141.7
4129,2026-09-17,1800006080.0,1800006080.0,2781.97
4130,2026-09-17,1800000008.0,1800000008.0,5594.01
4131,2026-09-17,1800000016.0,1800000016.0,1923.93
4132,2026-09-17,1800000036.0,1800000036.0,1706.16
4133,2026-09-18,1800000090.0,1800000090.0,1043.56
4134,2026-09-18,1800000094.0,1800000094.0,2840.99
4135,2026-09-18,1800000097.0,1800000097.0,20795.41
4136,2026-09-18,1800000108.0,1800000108.0,3766.16
4137,2026-09-17,1800000121.0,1800000121.0,992.11
4138,2026-09-18,1800000146.0,1800000146.0,795.66
4139,2026-09-18,1800000211.0,1800000211.0,3182.73
4140,2026-09-18,1800000260.0,1800000260.0,10889.83
4141,2026-09-18,1800000344.0,1800000344.0,602.35
4142,2026-09-18,1800000371.0,1800000371.0,332.25
4143,2026-09-17,1800000434.0,1800000434.0,4973.23
4144,2026-09-17,1800000441.0,1800000441.0,1370.87
4145,2026-09-18,1800000529.0,1800000529.0,5869.47
4146,2026-09-17,1800000543.0,1800000543.0,1142.54
4147,2026-09-17,1800000566.0,1800000566.0,1214.86
4148,2026-09-18,1800000595.0,1800000595.0,367.65
4149,2026-09-18,1800000613.0,1800000613.0,4558.14
4150,2026-09-18,1800000660.0,1800000660.0,3203.34
4151,2026-09-17,1800000732.0,1800000732.0,5996.33
4152,2026-09-17,1800000759.0,1800000759.0,616.73
4153,2026-09-18,1800000768.0,1800000768.0,6809.93
4154,2026-09-17,1800000798.0,1800000798.0,2927.99
4155,2026-09-18,1800000882.0,1800000882.0,2406.32
4156,2026-09-17,1800000896.0,1800000896.0,3106.8
4157,2026-09-17,1800000917.0,1800000917.0,759.63
4158,2026-09-17,1800000951.0,1800000951.0,647.0
4159,2026-09-18,1800000963.0,1800000963.0,4306.85
4160,2026-09-18,1800000969.0,1800000969.0,1167.08
4161,2026-09-17,1800000981.0,1800000981.0,794.16
4162,2026-09-18,1800001010.0,1800001010.0,3096.06
4163,2026-09-17,1800001048.0,1800001048.0,5676.02
4164,2026-09-18,1800001156.0,1800001156.0,722.39
4165,2026-09-18,1800001164.0,1800001164.0,3410.78
4166,2026-09-18,1800001185.0,1800001185.0,1795.49
4167,2026-09-17,1800001187.0,1800001187.0,3904.32
4168,2026-09-18,1800001260.0,1800001260.0,3412.39
4169,2026-09-17,1800001283.0,1800001283.0,9072.41
4170,2026-09-18,1800001290.0,1800001290.0,2468.96
4171,2026-09-18,1800001329.0,1800001329.0,2089.96
4172,2026-09-17,1800001445.0,1800001445.0,4543.14
4173,2026-09-18,1800001467.0,1800001467.0,2520.65
4174,2026-09-17,1800001523.0,1800001523.0,4009.01
4175,2026-09-18,1800001527.0,1800001527.0,2210.79
4176,2026-09-18,1800001551.0,1800001551.0,2561.56
4177,2026-09-17,1800001654.0,1800001654.0,1929.73
4178,2026-09-17,1800001680.0,1800001680.0,3382.62
4179,2026-09-18,1800001694.0,1800001694.0,2949.55
4180,2026-09-17,1800001695.0,1800001695.0,8699.48
4181,2026-09-18,1800001698.0,1800001698.0,1425.99
4182,2026-09-18,1800001800.0,1800001800.0,3674.03
4183,2026-09-18,1800001807.0,1800001807.0,686.92
4184,2026-09-18,1800001936.0,1800001936.0,487.33
4185,2026-09-18,1800001983.0,1800001983.0,5204.5
4186,2026-09-18,1800001987.0,1800001987.0,1891.0
4187,2026-09-18,1800002105.0,1800002105.0,3810.77
4188,2026-09-17,1800002146.0,1800002146.0,637.07
4189,2026-09-17,1800002212.0,1800002212.0,5091.85
4190,2026-09-18,1800002300.0,1800002300.0,6753.21
4191,2026-09-18,1800002315.0,1800002315.0,2609.41
4192,2026-09-18,1800002319.0,1800002319.0,15496.46
4193,2026-09-17,1800002380.0,1800002380.0,366.49
4194,2026-09-18,1800002598.0,1800002598.0,2760.35
4195,2026-09-18,1800002611.0,1800002611.0,2314.31
4196,2026-09-18,1800002659.0,1800002659.0,202.34
4197,2026-09-17,1800002703.0,1800002703.0,1281.7
4198,2026-09-18,1800002705.0,1800002705.0,4386.24
4199,2026-09-18,1800002724.0,1800002724.0,1480.02
4200,2026-09-18,1800002776.0,1800002776.0,3408.17
4201,2026-09-18,1800002832.0,1800002832.0,943.63
4202,2026-09-18,1800002839.0,1800002839.0,3546.25
4203,2026-09-17,1800002852.0,1800002852.0,7027.45
4204,2026-09-17,1800002854.0,1800002854.0,1961.48
4205,2026-09-17,1800002865.0,1800002865.0,2708.63
4206,2026-09-17,1800002921.0,1800002921.0,3413.89
4207,2026-09-17,1800002956.0,1800002956.0,695.29
4208,2026-09-18,1800002971.0,1800002971.0,8225.83
4209,2026-09-17,1800003077.0,1800003077.0,1073.47
4210,2026-09-17,1800003171.0,1800003171.0,388.8
4211,2026-09-18,1800003198.0,1800003198.0,5198.88
4212,2026-09-17,1800003204.0,1800003204.0,1596.78
4213,2026-09-18,1800003255.0,1800003255.0,1498.71
4214,2026-09-17,1800003333.0,1800003333.0,1437.76
4215,2026-09-17,1800003335.0,1800003335.0,238.0
4216,2026-09-18,1800003408.0,1800003408.0,458.25
4217,2026-09-18,1800003496.0,1800003496.0,486.42
4218,2026-09-17,1800003515.0,1800003515.0,3092.88
4219,2026-09-18,1800003639.0,1800003639.0,5752.63
4220,2026-09-18,1800003641.0,1800003641.0,287.43
4221,2026-09-18,1800003725.0,1800003725.0,905.79
4222,2026-09-17,1800003755.0,1800003755.0,1974.72
4223,2026-09-18,1800003767.0,1800003767.0,702.08
4224,2026-09-17,1800003806.0,1800003806.0,4311.53
4225,2026-09-17,1800003834.0,1800003834.0,3746.72
4226,2026-09-18,1800003853.0,1800003853.0,628.42
4227,2026-09-17,1800003918.0,1800003918.0,4127.7
4228,2026-09-17,1800003944.0,1800003944.0,11374.05
4229,2026-09-18,1800003962.0,1800003962.0,256.36
4230,2026-09-17,1800003998.0,1800003998.0,2352.28
4231,2026-09-17,1800004181.0,1800004181.0,596.4
4232,2026-09-17,1800004242.0,1800004242.0,8313.8
4233,2026-09-18,1800004421.0,1800004421.0,1419.5
4234,2026-09-17,1800004478.0,1800004478.0,925.18
4235,2026-09-18,1800004573.0,1800004573.0,1327.07
4236,2026-09-17,1800004706.0,1800004706.0,3483.09
4237,2026-09-17,1800004707.0,1800004707.0,1057.23
4238,2026-09-18,1800004728.0,1800004728.0,22487.44
4239,2026-09-17,1800004757.0,1800004757.0,5925.46
4240,2026-09-17,1800004783.0,1800004783.0,579.05
4241,2026-09-18,1800004834.0,1800004834.0,1107.28
4242,2026-09-18,1800004849.0,1800004849.0,7685.64
4243,2026-09-17,1800004853.0,1800004853.0,4571.13
4244,2026-09-18,1800004906.0,1800004906.0,6516.52
4245,2026-09-17,1800004918.0,1800004918.0,11738.01
4246,2026-09-17,1800004950.0,1800004950.0,5574.35
4247,2026-09-18,1800004981.0,1800004981.0,340.0
4248,2026-09-18,1800004994.0,1800004994.0,5866.01
4249,2026-09-18,1800005020.0,1800005020.0,7403.76
4250,2026-09-18,1800005032.0,1800005032.0,9841.83
4251,2026-09-17,1800005042.0,1800005042.0,7287.88
4252,2026-09-18,1800005099.0,1800005099.0,2345.86
4253,2026-09-18,1800005261.0,1800005261.0,1982.88
4254,2026-09-18,1800005322.0,1800005322.0,1402.69
4255,2026-09-18,1800005323.0,1800005323.0,3620.18
4256,2026-09-18,1800005414.0,1800005414.0,2602.74
4257,2026-09-17,1800005491.0,1800005491.0,4919.37
4258,2026-09-18,1800005509.0,1800005509.0,8199.73
4259,2026-09-17,1800005561.0,1800005561.0,781.9
4260,2026-09-18,1800005596.0,1800005596.0,9017.69
4261,2026-09-18,1800005633.0,1800005633.0,309.46
4262,2026-09-18,1800005638.0,1800005638.0,6978.19
4263,2026-09-18,1800005659.0,1800005659.0,1288.97
4264,2026-09-17,1800005664.0,1800005664.0,1908.41
4265,2026-09-18,1800005773.0,1800005773.0,7638.54
4266,2026-09-17,1800005785.0,1800005785.0,7150.66
4267,2026-09-17,1800005821.0,1800005821.0,6636.36
4268,2026-09-17,1800005859.0,1800005859.0,10471.66
4269,2026-09-18,1800005879.0,1800005879.0,5003.82
4270,2026-09-17,1800005902.0,1800005902.0,157.42
4271,2026-09-18,1800005938.0,1800005938.0,5291.98
4272,2026-09-18,1800005941.0,1800005941.0,2001.42
4273,2026-09-17,1800005952.0,1800005952.0,1866.59
4274,2026-09-17,1800006058.0,1800006058.0,740.81
4275,2026-09-18,1800006069.0,1800006069.0,218.26
4276,2026-09-17,1800006095.0,1800006095.0,3105.72
4277,2026-09-17,1800006107.0,1800006107.0,3886.91
4278,2026-09-17,1800006142.0,1800006142.0,3367.68
4279,2026-09-19,1800000023.0,1800000023.0,11444.5
4280,2026-09-18,1800000061.0,1800000061.0,2429.68
4281,2026-09-18,1800000062.0,1800000062.0,2136.8
4282,2026-09-19,1800000148.0,1800000148.0,5027.04
4283,2026-09-18,1800000244.0,1800000244.0,2048.84
4284,2026-09-19,1800000297.0,1800000297.0,2452.68
4285,2026-09-18,1800000401.0,1800000401.0,248.6
4286,2026-09-18,1800000414.0,1800000414.0,1493.46
4287,2026-09-18,1800000481.0,1800000481.0,5058.81
4288,2026-09-19,1800000495.0,1800000495.0,1049.96
4289,2026-09-19,1800000565.0,1800000565.0,2560.41
4290,2026-09-18,1800000588.0,1800000588.0,7554.82
4291,2026-09-18,1800000635.0,1800000635.0,2555.98
4292,2026-09-19,1800000648.0,1800000648.0,5616.72
4293,2026-09-18,1800000673.0,1800000673.0,1876.88
4294,2026-09-19,1800000677.0,1800000677.0,1585.22
4295,2026-09-19,1800000691.0,1800000691.0,1406.45
4296,2026-09-18,1800000833.0,1800000833.0,959.31
4297,2026-09-19,1800000844.0,1800000844.0,3155.47
4298,2026-09-19,1800000991.0,1800000991.0,1329.38
4299,2026-09-18,1800001032.0,1800001032.0,956.62
4300,2026-09-18,1800001049.0,1800001049.0,1083.11
4301,2026-09-18,1800001098.0,1800001098.0,1059.56
4302,2026-09-18,1800001147.0,1800001147.0,7631.47
4303,2026-09-18,1800001254.0,1800001254.0,3212.53
4304,2026-09-19,1800001273.0,1800001273.0,3395.45
4305,2026-09-18,1800001301.0,1800001301.0,5588.66
4306,2026-09-18,1800001402.0,1800001402.0,1699.37
4307,2026-09-18,1800001410.0,1800001410.0,5729.5
4308,2026-09-18,1800001485.0,1800001485.0,755.48
4309,2026-09-18,1800001546.0,1800001546.0,534.52
4310,2026-09-18,1800001606.0,1800001606.0,1676.75
4311,2026-09-18,1800001687.0,1800001687.0,3824.4
4312,2026-09-19,1800001704.0,1800001704.0,1131.63
4313,2026-09-19,1800001705.0,1800001705.0,717.33
4314,2026-09-19,1800001731.0,1800001731.0,5360.33
4315,2026-09-19,1800001737.0,1800001737.0,974.22
4316,2026-09-18,1800001854.0,1800001854.0,226.68
4317,2026-09-19,1800001877.0,1800001877.0,2819.73
4318,2026-09-19,1800001916.0,1800001916.0,3069.24
4319,2026-09-18,1800001927.0,1800001927.0,1321.38
4320,2026-09-18,1800001984.0,1800001984.0,21105.5
4321,2026-09-18,1800002035.0,1800002035.0,4644.22
4322,2026-09-19,1800002167.0,1800002167.0,1036.45
4323,2026-09-18,1800002180.0,1800002180.0,4859.02
4324,2026-09-18,1800002340.0,1800002340.0,5229.69
4325,2026-09-18,1800002355.0,1800002355.0,429.56
4326,2026-09-18,1800002370.0,1800002370.0,949.7
4327,2026-09-19,1800002410.0,1800002410.0,5647.11
4328,2026-09-19,1800002416.0,1800002416.0,2828.87
4329,2026-09-19,1800002484.0,1800002484.0,4503.13
4330,2026-09-18,1800002520.0,1800002520.0,1768.68
4331,2026-09-19,1800002634.0,1800002634.0,494.98
4332,2026-09-19,1800002648.0,1800002648.0,2207.52
4333,2026-09-18,1800002653.0,1800002653.0,2486.92
4334,2026-09-19,1800002686.0,1800002686.0,5412.04
4335,2026-09-18,1800002704.0,1800002704.0,887.33
4336,2026-09-19,1800002706.0,1800002706.0,5593.57
4337,2026-09-18,1800002719.0,1800002719.0,2579.28
4338,2026-09-19,1800002761.0,1800002761.0,6324.86
4339,2026-09-19,1800002780.0,1800002780.0,2131.2
4340,2026-09-18,1800002805.0,1800002805.0,580.07
4341,2026-09-18,1800002818.0,1800002818.0,2845.54
4342,2026-09-19,1800002895.0,1800002895.0,2359.54
4343,2026-09-19,1800002899.0,1800002899.0,901.55
4344,2026-09-18,1800002901.0,1800002901.0,1125.39
4345,2026-09-18,1800002916.0,1800002916.0,11201.5
4346,2026-09-19,1800002948.0,1800002948.0,1280.66
4347,2026-09-19,1800002950.0,1800002950.0,5418.05
4348,2026-09-19,1800003113.0,1800003113.0,5166.17
4349,2026-09-19,1800003131.0,1800003131.0,3085.86
4350,2026-09-19,1800003151.0,1800003151.0,377.79
4351,2026-09-18,1800003179.0,1800003179.0,2724.29
4352,2026-09-18,1800003227.0,1800003227.0,425.92
4353,2026-09-19,1800003261.0,1800003261.0,6121.56
4354,2026-09-18,1800003294.0,1800003294.0,12300.14
4355,2026-09-18,1800003295.0,1800003295.0,729.57
4356,2026-09-19,1800003391.0,1800003391.0,3204.98
4357,2026-09-19,1800003392.0,1800003392.0,737.15
4358,2026-09-18,1800003446.0,1800003446.0,4110.71
4359,2026-09-18,1800003462.0,1800003462.0,1961.8
4360,2026-09-18,1800003514.0,1800003514.0,1258.48
4361,2026-09-19,1800003522.0,1800003522.0,857.33
4362,2026-09-19,1800003601.0,1800003601.0,7764.69
4363,2026-09-19,1800003643.0,1800003643.0,3413.35
4364,2026-09-18,1800003647.0,1800003647.0,2168.02
4365,2026-09-19,1800003748.0,1800003748.0,4715.03
4366,2026-09-18,1800003793.0,1800003793.0,1931.23
4367,2026-09-18,1800003815.0,1800003815.0,6542.94
4368,2026-09-18,1800003827.0,1800003827.0,2337.1
4369,2026-09-18,1800003876.0,1800003876.0,7897.6
4370,2026-09-18,1800003978.0,1800003978.0,3815.98
4371,2026-09-18,1800004022.0,1800004022.0,3106.81
4372,2026-09-19,1800004169.0,1800004169.0,6979.22
4373,2026-09-18,1800004200.0,1800004200.0,8261.62
4374,2026-09-19,1800004205.0,1800004205.0,2236.86
4375,2026-09-19,1800004268.0,1800004268.0,590.69
4376,2026-09-19,1800004336.0,1800004336.0,7189.86
4377,2026-09-18,1800004401.0,1800004401.0,1935.37
4378,2026-09-19,1800004651.0,1800004651.0,1718.61
4379,2026-09-18,1800004679.0,1800004679.0,3772.22
4380,2026-09-18,1800004697.0,1800004697.0,4277.48
4381,2026-09-18,1800004721.0,1800004721.0,1868.45
4382,2026-09-18,1800004734.0,1800004734.0,2410.76
4383,2026-09-18,1800004744.0,1800004744.0,847.82
4384,2026-09-18,1800004779.0,1800004779.0,1829.43
4385,2026-09-18,1800004859.0,1800004859.0,5242.38
4386,2026-09-19,1800004864.0,1800004864.0,750.72
4387,2026-09-19,1800005164.0,1800005164.0,1506.87
4388,2026-09-18,1800005170.0,1800005170.0,10057.66
4389,2026-09-18,1800005204.0,1800005204.0,1979.95
4390,2026-09-18,1800005207.0,1800005207.0,2914.78
4391,2026-09-18,1800005214.0,1800005214.0,2707.88
4392,2026-09-19,1800005218.0,1800005218.0,1253.5
4393,2026-09-19,1800005359.0,1800005359.0,3753.94
4394,2026-09-18,1800005472.0,1800005472.0,8319.75
4395,2026-09-19,1800005486.0,1800005486.0,924.7
4396,2026-09-18,1800005560.0,1800005560.0,3831.62
4397,2026-09-19,1800005608.0,1800005608.0,627.55
4398,2026-09-19,1800005613.0,1800005613.0,277.69
4399,2026-09-18,1800005663.0,1800005663.0,1795.2
4400,2026-09-18,1800005712.0,1800005712.0,1238.82
4401,2026-09-19,1800005812.0,1800005812.0,2433.37
4402,2026-09-18,1800005900.0,1800005900.0,665.82
4403,2026-09-18,1800005905.0,1800005905.0,968.91
4404,2026-09-18,1800005918.0,1800005918.0,561.46
4405,2026-09-19,1800005959.0,1800005959.0,6887.12
4406,2026-09-18,1800005974.0,1800005974.0,1375.34
4407,2026-09-19,1800005975.0,1800005975.0,937.54
4408,2026-09-18,1800006126.0,1800006126.0,531.89
4409,2026-09-18,1800006155.0,1800006155.0,3511.19
4410,2026-09-20,1800000107.0,1800000107.0,2958.52
4411,2026-09-20,1800000140.0,1800000140.0,1962.97
4412,2026-09-19,1800000149.0,1800000149.0,4329.18
4413,2026-09-20,1800000171.0,1800000171.0,514.29
4414,2026-09-20,1800000223.0,1800000223.0,3802.67
4415,2026-09-20,1800000239.0,1800000239.0,6331.08
4416,2026-09-19,1800000271.0,1800000271.0,357.26
4417,2026-09-19,1800000288.0,1800000288.0,4787.8
4418,2026-09-19,1800000319.0,1800000319.0,14047.02
4419,2026-09-20,1800000328.0,1800000328.0,1329.95
4420,2026-09-19,1800000332.0,1800000332.0,1013.03
4421,2026-09-20,1800000341.0,1800000341.0,916.87
4422,2026-09-20,1800000430.0,1800000430.0,457.79
4423,2026-09-19,1800000457.0,1800000457.0,3076.93
4424,2026-09-19,1800000462.0,1800000462.0,6226.09
4425,2026-09-20,1800000501.0,1800000501.0,8304.31
4426,2026-09-20,1800000509.0,1800000509.0,1723.56
4427,2026-09-19,1800000519.0,1800000519.0,3893.13
4428,2026-09-20,1800000559.0,1800000559.0,9200.21
4429,2026-09-20,1800000572.0,1800000572.0,11348.74
4430,2026-09-20,1800000619.0,1800000619.0,1003.92
4431,2026-09-20,1800000694.0,1800000694.0,3664.6
4432,2026-09-20,1800000734.0,1800000734.0,3865.55
4433,2026-09-20,1800000809.0,1800000809.0,2254.53
4434,2026-09-19,1800000841.0,1800000841.0,9157.31
4435,2026-09-20,1800000865.0,1800000865.0,4213.86
4436,2026-09-20,1800000878.0,1800000878.0,1097.18
4437,2026-09-20,1800000949.0,1800000949.0,16005.53
4438,2026-09-20,1800000984.0,1800000984.0,4009.9
4439,2026-09-20,1800001002.0,1800001002.0,335.28
4440,2026-09-20,1800001023.0,1800001023.0,2188.42
4441,2026-09-19,1800001051.0,1800001051.0,4138.91
4442,2026-09-19,1800001129.0,1800001129.0,1118.11
4443,2026-09-19,1800001222.0,1800001222.0,1386.51
4444,2026-09-20,1800001244.0,1800001244.0,2309.85
4445,2026-09-20,1800001247.0,1800001247.0,4372.24
4446,2026-09-19,1800001315.0,1800001315.0,8769.51
4447,2026-09-20,1800001508.0,1800001508.0,2843.6
4448,2026-09-19,1800001513.0,1800001513.0,763.41
4449,2026-09-19,1800001545.0,1800001545.0,1904.68
4450,2026-09-20,1800001555.0,1800001555.0,645.61
4451,2026-09-19,1800001784.0,1800001784.0,216.47
4452,2026-09-20,1800001833.0,1800001833.0,3026.45
4453,2026-09-20,1800001926.0,1800001926.0,1035.42
4454,2026-09-20,1800001928.0,1800001928.0,1193.53
4455,2026-09-19,1800001929.0,1800001929.0,1555.9
4456,2026-09-19,1800002024.0,1800002024.0,1453.75
4457,2026-09-20,1800002029.0,1800002029.0,3195.32
4458,2026-09-19,1800002042.0,1800002042.0,1267.53
4459,2026-09-20,1800002119.0,1800002119.0,216.26
4460,2026-09-20,1800002194.0,1800002194.0,3405.44
4461,2026-09-20,1800002231.0,1800002231.0,4677.98
4462,2026-09-19,1800002388.0,1800002388.0,9298.54
4463,2026-09-20,1800002409.0,1800002409.0,721.86
4464,2026-09-20,1800002515.0,1800002515.0,752.55
4465,2026-09-19,1800002554.0,1800002554.0,4417.82
4466,2026-09-19,1800002654.0,1800002654.0,1797.32
4467,2026-09-20,1800002671.0,1800002671.0,3798.43
4468,2026-09-20,1800002672.0,1800002672.0,5365.6
4469,2026-09-20,1800002674.0,1800002674.0,818.26
4470,2026-09-20,1800002699.0,1800002699.0,1292.51
4471,2026-09-20,1800002708.0,1800002708.0,8779.24
4472,2026-09-19,1800002764.0,1800002764.0,10279.06
4473,2026-09-19,1800002778.0,1800002778.0,2323.38
4474,2026-09-20,1800002878.0,1800002878.0,4902.89
4475,2026-09-19,1800002913.0,1800002913.0,1863.18
4476,2026-09-19,1800002940.0,1800002940.0,3588.39
4477,2026-09-20,1800003120.0,1800003120.0,226.26
4478,2026-09-19,1800003127.0,1800003127.0,6819.53
4479,2026-09-19,1800003130.0,1800003130.0,1495.87
4480,2026-09-20,1800003143.0,1800003143.0,2623.7
4481,2026-09-20,1800003219.0,1800003219.0,2184.55
4482,2026-09-19,1800003259.0,1800003259.0,2388.1
4483,2026-09-20,1800003336.0,1800003336.0,5131.63
4484,2026-09-19,1800003351.0,1800003351.0,9114.05
4485,2026-09-19,1800003513.0,1800003513.0,1491.87
4486,2026-09-20,1800003517.0,1800003517.0,376.12
4487,2026-09-20,1800003543.0,1800003543.0,5579.47
4488,2026-09-19,1800003730.0,1800003730.0,830.89
4489,2026-09-20,1800003768.0,1800003768.0,10598.67
4490,2026-09-20,1800003773.0,1800003773.0,3468.61
4491,2026-09-20,1800003797.0,1800003797.0,8529.49
4492,2026-09-19,1800003844.0,1800003844.0,1475.86
4493,2026-09-20,1800003855.0,1800003855.0,2722.77
4494,2026-09-19,1800003899.0,1800003899.0,4122.81
4495,2026-09-20,1800003959.0,1800003959.0,1095.98
4496,2026-09-20,1800003965.0,1800003965.0,6558.71
4497,2026-09-19,1800004066.0,1800004066.0,3193.98
4498,2026-09-20,1800004083.0,1800004083.0,19302.57
4499,2026-09-20,1800004101.0,1800004101.0,2226.78
4500,2026-09-19,1800004109.0,1800004109.0,5752.72
4501,2026-09-19,1800004159.0,1800004159.0,325.63
4502,2026-09-20,1800004216.0,1800004216.0,4608.5
4503,2026-09-19,1800004221.0,1800004221.0,2131.49
4504,2026-09-19,1800004278.0,1800004278.0,12666.75
4505,2026-09-20,1800004370.0,1800004370.0,2690.29
4506,2026-09-20,1800004389.0,1800004389.0,4128.13
4507,2026-09-20,1800004406.0,1800004406.0,765.67
4508,2026-09-19,1800004452.0,1800004452.0,2933.66
4509,2026-09-19,1800004595.0,1800004595.0,2304.23
4510,2026-09-19,1800004663.0,1800004663.0,3192.17
4511,2026-09-19,1800004676.0,1800004676.0,1417.5
4512,2026-09-19,1800004696.0,1800004696.0,435.29
4513,2026-09-20,1800004702.0,1800004702.0,1694.57
4514,2026-09-20,1800004710.0,1800004710.0,7893.15
4515,2026-09-19,1800004723.0,1800004723.0,5588.13
4516,2026-09-20,1800004776.0,1800004776.0,8455.08
4517,2026-09-20,1800004785.0,1800004785.0,6365.59
4518,2026-09-19,1800004830.0,1800004830.0,2273.85
4519,2026-09-19,1800004915.0,1800004915.0,822.09
4520,2026-09-19,1800004956.0,1800004956.0,190.34
4521,2026-09-19,1800004959.0,1800004959.0,1024.54
4522,2026-09-19,1800004968.0,1800004968.0,4930.07
4523,2026-09-20,1800004971.0,1800004971.0,3789.63
4524,2026-09-20,1800005078.0,1800005078.0,3783.09
4525,2026-09-19,1800005094.0,1800005094.0,18107.35
4526,2026-09-19,1800005103.0,1800005103.0,1704.18
4527,2026-09-19,1800005275.0,1800005275.0,14292.3
4528,2026-09-19,1800005299.0,1800005299.0,11999.98
4529,2026-09-19,1800005332.0,1800005332.0,190.41
4530,2026-09-19,1800005396.0,1800005396.0,4312.06
4531,2026-09-20,1800005407.0,1800005407.0,3459.44
4532,2026-09-19,1800005469.0,1800005469.0,2642.49
4533,2026-09-20,1800005532.0,1800005532.0,10312.06
4534,2026-09-19,1800005558.0,1800005558.0,3500.16
4535,2026-09-20,1800005629.0,1800005629.0,732.64
4536,2026-09-20,1800005722.0,1800005722.0,5744.69
4537,2026-09-20,1800005781.0,1800005781.0,9692.28
4538,2026-09-19,1800005826.0,1800005826.0,2896.04
4539,2026-09-20,1800005929.0,1800005929.0,812.84
4540,2026-09-20,1800006050.0,1800006050.0,458.86
4541,2026-09-19,1800006062.0,1800006062.0,11470.64
4542,2026-09-19,1800006076.0,1800006076.0,3924.97
4543,2026-09-19,1800006082.0,1800006082.0,343.26
4544,2026-09-20,1800006083.0,1800006083.0,1259.95
4545,2026-09-20,1800006137.0,1800006137.0,2383.55
4546,2026-09-20,1800006167.0,1800006167.0,3553.21
4547,2026-09-20,1800006194.0,1800006194.0,3770.43
4548,2026-09-21,1800000018.0,1800000018.0,6980.72
4549,2026-09-20,1800000029.0,1800000029.0,575.56
4550,2026-09-20,1800000031.0,1800000031.0,317.57
4551,2026-09-20,1800000059.0,1800000059.0,6002.85
4552,2026-09-20,1800000060.0,1800000060.0,2270.39
4553,2026-09-20,1800000111.0,1800000111.0,2360.27
4554,2026-09-21,1800000113.0,1800000113.0,1415.35
4555,2026-09-21,1800000308.0,1800000308.0,6445.98
4556,2026-09-21,1800000324.0,1800000324.0,4752.08
4557,2026-09-21,1800000330.0,1800000330.0,2935.34
4558,2026-09-21,1800000357.0,1800000357.0,1429.84
4559,2026-09-21,1800000486.0,1800000486.0,5406.21
4560,2026-09-20,1800000539.0,1800000539.0,302.17
4561,2026-09-20,1800000562.0,1800000562.0,644.77
4562,2026-09-20,1800000764.0,1800000764.0,2392.71
4563,2026-09-20,1800000800.0,1800000800.0,5377.84
4564,2026-09-20,1800000863.0,1800000863.0,5752.92
4565,2026-09-21,1800000876.0,1800000876.0,8818.66
4566,2026-09-20,1800000910.0,1800000910.0,1517.13
4567,2026-09-20,1800001097.0,1800001097.0,741.28
4568,2026-09-21,1800001109.0,1800001109.0,1288.75
4569,2026-09-21,1800001113.0,1800001113.0,1764.44
4570,2026-09-21,1800001143.0,1800001143.0,211.79
4571,2026-09-20,1800001208.0,1800001208.0,4751.07
4572,2026-09-21,1800001225.0,1800001225.0,282.85
4573,2026-09-20,1800001264.0,1800001264.0,2160.47
4574,2026-09-21,1800001296.0,1800001296.0,2957.8
4575,2026-09-21,1800001334.0,1800001334.0,2008.41
4576,2026-09-21,1800001347.0,1800001347.0,1475.59
4577,2026-09-21,1800001396.0,1800001396.0,4595.04
4578,2026-09-21,1800001414.0,1800001414.0,2538.89
4579,2026-09-20,1800001458.0,1800001458.0,9053.21
4580,2026-09-20,1800001493.0,1800001493.0,4391.07
4581,2026-09-20,1800001532.0,1800001532.0,2842.21
4582,2026-09-21,1800001547.0,1800001547.0,430.09
4583,2026-09-21,1800001638.0,1800001638.0,3435.33
4584,2026-09-21,1800001650.0,1800001650.0,2527.44
4585,2026-09-20,1800001744.0,1800001744.0,171.57
4586,2026-09-20,1800001782.0,1800001782.0,8091.38
4587,2026-09-21,1800001834.0,1800001834.0,4297.6
4588,2026-09-20,1800001842.0,1800001842.0,5517.2
4589,2026-09-20,1800001852.0,1800001852.0,4632.73
4590,2026-09-20,1800001861.0,1800001861.0,1030.16
4591,2026-09-21,1800001870.0,1800001870.0,1743.84
4592,2026-09-21,1800001883.0,1800001883.0,20528.81
4593,2026-09-20,1800001891.0,1800001891.0,4821.08
4594,2026-09-21,1800001899.0,1800001899.0,4653.6
4595,2026-09-21,1800001930.0,1800001930.0,11003.85
4596,2026-09-20,1800002088.0,1800002088.0,1383.25
4597,2026-09-20,1800002217.0,1800002217.0,2945.62
4598,2026-09-20,1800002261.0,1800002261.0,447.71
4599,2026-09-21,1800002293.0,1800002293.0,13083.7
4600,2026-09-20,1800002308.0,1800002308.0,2758.86
4601,2026-09-21,1800002517.0,1800002517.0,5830.1
4602,2026-09-21,1800002523.0,1800002523.0,2311.57
4603,2026-09-21,1800002596.0,1800002596.0,8742.92
4604,2026-09-20,1800002657.0,1800002657.0,2685.61
4605,2026-09-21,1800002820.0,1800002820.0,4631.27
4606,2026-09-20,1800002863.0,1800002863.0,4302.62
4607,2026-09-21,1800002864.0,1800002864.0,2583.94
4608,2026-09-21,1800002912.0,1800002912.0,1456.05
4609,2026-09-21,1800002920.0,1800002920.0,2070.26
4610,2026-09-20,1800002937.0,1800002937.0,1406.33
4611,2026-09-20,1800002998.0,1800002998.0,2797.69
4612,2026-09-21,1800003135.0,1800003135.0,1635.39
4613,2026-09-20,1800003177.0,1800003177.0,7831.7
4614,2026-09-20,1800003208.0,1800003208.0,5690.71
4615,2026-09-21,1800003258.0,1800003258.0,2472.86
4616,2026-09-20,1800003282.0,1800003282.0,3483.72
4617,2026-09-21,1800003323.0,1800003323.0,1038.2
4618,2026-09-21,1800003407.0,1800003407.0,14503.39
4619,2026-09-21,1800003501.0,1800003501.0,904.72
4620,2026-09-20,1800003553.0,1800003553.0,579.62
4621,2026-09-20,1800003732.0,1800003732.0,540.51
4622,2026-09-21,1800003775.0,1800003775.0,898.05
4623,2026-09-21,1800003911.0,1800003911.0,10194.19
4624,2026-09-20,1800003956.0,1800003956.0,1318.35
4625,2026-09-20,1800003979.0,1800003979.0,2384.31
4626,2026-09-21,1800003981.0,1800003981.0,925.84
4627,2026-09-21,1800004099.0,1800004099.0,3097.17
4628,2026-09-21,1800004129.0,1800004129.0,7672.49
4629,2026-09-21,1800004144.0,1800004144.0,1475.6
4630,2026-09-21,1800004228.0,1800004228.0,3134.96
4631,2026-09-20,1800004259.0,1800004259.0,1862.22
4632,2026-09-20,1800004263.0,1800004263.0,1519.58
4633,2026-09-21,1800004382.0,1800004382.0,5376.18
4634,2026-09-20,1800004423.0,1800004423.0,3756.72
4635,2026-09-20,1800004490.0,1800004490.0,6925.76
4636,2026-09-21,1800004520.0,1800004520.0,1233.96
4637,2026-09-21,1800004524.0,1800004524.0,7603.09
4638,2026-09-20,1800004546.0,1800004546.0,26301.75
4639,2026-09-20,1800004633.0,1800004633.0,2313.95
4640,2026-09-20,1800004668.0,1800004668.0,6121.03
4641,2026-09-21,1800004705.0,1800004705.0,9086.6
4642,2026-09-20,1800004782.0,1800004782.0,2378.69
4643,2026-09-20,1800004826.0,1800004826.0,409.74
4644,2026-09-21,1800004866.0,1800004866.0,3569.64
4645,2026-09-21,1800004983.0,1800004983.0,6118.94
4646,2026-09-21,1800005014.0,1800005014.0,6191.7
4647,2026-09-21,1800005033.0,1800005033.0,1463.2
4648,2026-09-21,1800005087.0,1800005087.0,648.21
4649,2026-09-21,1800005135.0,1800005135.0,1920.95
4650,2026-09-21,1800005176.0,1800005176.0,594.66
4651,2026-09-20,1800005185.0,1800005185.0,3870.75
4652,2026-09-21,1800005293.0,1800005293.0,6235.99
4653,2026-09-20,1800005307.0,1800005307.0,1640.67
4654,2026-09-21,1800005354.0,1800005354.0,2548.08
4655,2026-09-20,1800005393.0,1800005393.0,1380.55
4656,2026-09-20,1800005430.0,1800005430.0,6616.55
4657,2026-09-21,1800005465.0,1800005465.0,1872.87
4658,2026-09-20,1800005551.0,1800005551.0,765.76
4659,2026-09-20,1800005619.0,1800005619.0,3414.16
4660,2026-09-21,1800005640.0,1800005640.0,1834.63
4661,2026-09-21,1800005650.0,1800005650.0,367.37
4662,2026-09-20,1800005688.0,1800005688.0,982.93
4663,2026-09-20,1800005779.0,1800005779.0,418.81
4664,2026-09-21,1800005791.0,1800005791.0,263.75
4665,2026-09-21,1800005819.0,1800005819.0,2096.39
4666,2026-09-21,1800005878.0,1800005878.0,3978.8
4667,2026-09-21,1800005883.0,1800005883.0,1700.14
4668,2026-09-21,1800005927.0,1800005927.0,4944.28
4669,2026-09-20,1800005961.0,1800005961.0,9676.24
4670,2026-09-21,1800006073.0,1800006073.0,6630.14
4671,2026-09-21,1800006094.0,1800006094.0,873.82
4672,2026-09-21,1800006131.0,1800006131.0,3612.08
4673,2026-09-20,1800006151.0,1800006151.0,8063.77
4674,2026-09-20,1800006187.0,1800006187.0,905.08
4675,2026-09-21,1800006197.0,1800006197.0,1625.04
4676,2026-09-22,1800000047.0,1800000047.0,517.47
4677,2026-09-22,1800000082.0,1800000082.0,3180.84
4678,2026-09-21,1800000120.0,1800000120.0,2659.12
4679,2026-09-21,1800000154.0,1800000154.0,1191.01
4680,2026-09-22,1800000222.0,1800000222.0,5798.48
4681,2026-09-21,1800000230.0,1800000230.0,1680.42
4682,2026-09-22,1800000253.0,1800000253.0,3859.86
4683,2026-09-22,1800000298.0,1800000298.0,3296.38
4684,2026-09-21,1800000306.0,1800000306.0,804.19
4685,2026-09-22,1800000307.0,1800000307.0,4169.82
4686,2026-09-21,1800000342.0,1800000342.0,952.59
4687,2026-09-21,1800000389.0,1800000389.0,4370.35
4688,2026-09-21,1800000502.0,1800000502.0,14083.31
4689,2026-09-21,1800000589.0,1800000589.0,550.96
4690,2026-09-22,1800000644.0,1800000644.0,833.73
4691,2026-09-21,1800000664.0,1800000664.0,186.66
4692,2026-09-21,1800000729.0,1800000729.0,1620.1
4693,2026-09-21,1800000792.0,1800000792.0,5758.97
4694,2026-09-22,1800000802.0,1800000802.0,2135.54
4695,2026-09-22,1800000810.0,1800000810.0,937.74
4696,2026-09-22,1800000811.0,1800000811.0,7046.12
4697,2026-09-22,1800000829.0,1800000829.0,3929.03
4698,2026-09-22,1800000893.0,1800000893.0,1368.61
4699,2026-09-21,1800001019.0,1800001019.0,586.81
4700,2026-09-21,1800001062.0,1800001062.0,2292.82
4701,2026-09-22,1800001068.0,1800001068.0,2853.52
4702,2026-09-21,1800001135.0,1800001135.0,10511.28
4703,2026-09-22,1800001201.0,1800001201.0,2110.83
4704,2026-09-21,1800001211.0,1800001211.0,8466.14
4705,2026-09-21,1800001215.0,1800001215.0,2679.58
4706,2026-09-22,1800001237.0,1800001237.0,7047.18
4707,2026-09-22,1800001281.0,1800001281.0,1627.24
4708,2026-09-22,1800001322.0,1800001322.0,10846.29
4709,2026-09-22,1800001359.0,1800001359.0,1124.56
4710,2026-09-22,1800001400.0,1800001400.0,1800.7
4711,2026-09-22,1800001448.0,1800001448.0,810.22
4712,2026-09-22,1800001538.0,1800001538.0,7651.86
4713,2026-09-22,1800001686.0,1800001686.0,2863.31
4714,2026-09-21,1800001712.0,1800001712.0,5961.82
4715,2026-09-21,1800001733.0,1800001733.0,1137.25
4716,2026-09-22,1800001808.0,1800001808.0,5905.65
4717,2026-09-21,1800001867.0,1800001867.0,2430.12
4718,2026-09-22,1800001986.0,1800001986.0,765.16
4719,2026-09-22,1800002041.0,1800002041.0,3435.28
4720,2026-09-21,1800002066.0,1800002066.0,1410.59
4721,2026-09-21,1800002080.0,1800002080.0,1645.63
4722,2026-09-22,1800002086.0,1800002086.0,1665.23
4723,2026-09-22,1800002100.0,1800002100.0,2297.11
4724,2026-09-21,1800002133.0,1800002133.0,3568.78
4725,2026-09-21,1800002176.0,1800002176.0,5566.18
4726,2026-09-22,1800002197.0,1800002197.0,1267.06
4727,2026-09-22,1800002314.0,1800002314.0,663.0
4728,2026-09-22,1800002316.0,1800002316.0,907.13
4729,2026-09-22,1800002343.0,1800002343.0,2003.54
4730,2026-09-21,1800002351.0,1800002351.0,716.02
4731,2026-09-22,1800002360.0,1800002360.0,1169.68
4732,2026-09-21,1800002361.0,1800002361.0,1180.71
4733,2026-09-21,1800002427.0,1800002427.0,2278.03
4734,2026-09-21,1800002466.0,1800002466.0,2819.52
4735,2026-09-21,1800002470.0,1800002470.0,2124.87
4736,2026-09-21,1800002564.0,1800002564.0,1589.56
4737,2026-09-21,1800002622.0,1800002622.0,796.87
4738,2026-09-21,1800002660.0,1800002660.0,8138.88
4739,2026-09-21,1800002697.0,1800002697.0,2645.79
4740,2026-09-21,1800002735.0,1800002735.0,4085.5
4741,2026-09-22,1800002782.0,1800002782.0,1390.18
4742,2026-09-22,1800002866.0,1800002866.0,2601.17
4743,2026-09-22,1800002900.0,1800002900.0,555.83
4744,2026-09-22,1800002905.0,1800002905.0,1549.92
4745,2026-09-22,1800002908.0,1800002908.0,1333.95
4746,2026-09-21,1800002966.0,1800002966.0,453.99
4747,2026-09-22,1800003013.0,1800003013.0,4962.63
4748,2026-09-22,1800003028.0,1800003028.0,586.56
4749,2026-09-21,1800003054.0,1800003054.0,6637.74
4750,2026-09-22,1800003078.0,1800003078.0,4140.11
4751,2026-09-21,1800003118.0,1800003118.0,171.52
4752,2026-09-21,1800003125.0,1800003125.0,13195.89
4753,2026-09-21,1800003148.0,1800003148.0,15613.12
4754,2026-09-21,1800003165.0,1800003165.0,1902.87
4755,2026-09-22,1800003183.0,1800003183.0,20334.88
4756,2026-09-22,1800003200.0,1800003200.0,808.2
4757,2026-09-21,1800003216.0,1800003216.0,2744.78
4758,2026-09-21,1800003280.0,1800003280.0,2010.16
4759,2026-09-22,1800003344.0,1800003344.0,6824.24
4760,2026-09-22,1800003409.0,1800003409.0,528.45
4761,2026-09-22,1800003426.0,1800003426.0,231.72
4762,2026-09-21,1800003635.0,1800003635.0,311.28
4763,2026-09-21,1800003675.0,1800003675.0,2977.26
4764,2026-09-22,1800003695.0,1800003695.0,602.88
4765,2026-09-21,1800003711.0,1800003711.0,157.57
4766,2026-09-22,1800003750.0,1800003750.0,2599.61
4767,2026-09-21,1800003826.0,1800003826.0,3315.83
4768,2026-09-22,1800003850.0,1800003850.0,15840.05
4769,2026-09-22,1800003854.0,1800003854.0,3175.86
4770,2026-09-21,1800003878.0,1800003878.0,4961.23
4771,2026-09-22,1800003960.0,1800003960.0,6717.07
4772,2026-09-22,1800004002.0,1800004002.0,2416.92
4773,2026-09-22,1800004049.0,1800004049.0,3240.04
4774,2026-09-22,1800004056.0,1800004056.0,846.61
4775,2026-09-21,1800004203.0,1800004203.0,21528.72
4776,2026-09-21,1800004287.0,1800004287.0,16700.22
4777,2026-09-22,1800004326.0,1800004326.0,1832.69
4778,2026-09-22,1800004357.0,1800004357.0,3370.08
4779,2026-09-21,1800004380.0,1800004380.0,1229.39
4780,2026-09-22,1800004405.0,1800004405.0,7751.42
4781,2026-09-21,1800004466.0,1800004466.0,2366.66
4782,2026-09-22,1800004521.0,1800004521.0,784.63
4783,2026-09-21,1800004559.0,1800004559.0,506.01
4784,2026-09-21,1800004660.0,1800004660.0,1929.03
4785,2026-09-22,1800004828.0,1800004828.0,2919.21
4786,2026-09-21,1800004856.0,1800004856.0,636.41
4787,2026-09-22,1800004928.0,1800004928.0,1331.79
4788,2026-09-22,1800004979.0,1800004979.0,1875.48
4789,2026-09-22,1800005039.0,1800005039.0,401.8
4790,2026-09-21,1800005060.0,1800005060.0,17673.24
4791,2026-09-21,1800005108.0,1800005108.0,4102.33
4792,2026-09-22,1800005121.0,1800005121.0,1371.81
4793,2026-09-21,1800005225.0,1800005225.0,14372.5
4794,2026-09-22,1800005319.0,1800005319.0,2016.84
4795,2026-09-21,1800005410.0,1800005410.0,777.99
4796,2026-09-22,1800005420.0,1800005420.0,14210.76
4797,2026-09-22,1800005424.0,1800005424.0,4538.55
4798,2026-09-22,1800005470.0,1800005470.0,3002.05
4799,2026-09-22,1800005585.0,1800005585.0,425.56
4800,2026-09-22,1800005653.0,1800005653.0,3934.8
4801,2026-09-21,1800005658.0,1800005658.0,9093.93
4802,2026-09-22,1800005661.0,1800005661.0,3420.77
4803,2026-09-22,1800005662.0,1800005662.0,1234.84
4804,2026-09-21,1800005677.0,1800005677.0,1945.84
4805,2026-09-22,1800005687.0,1800005687.0,421.58
4806,2026-09-21,1800005700.0,1800005700.0,1494.94
4807,2026-09-21,1800005751.0,1800005751.0,8923.77
4808,2026-09-22,1800005823.0,1800005823.0,5545.37
4809,2026-09-21,1800005829.0,1800005829.0,909.04
4810,2026-09-21,1800005832.0,1800005832.0,3748.5
4811,2026-09-21,1800005846.0,1800005846.0,5519.8
4812,2026-09-21,1800005861.0,1800005861.0,4182.61
4813,2026-09-21,1800005945.0,1800005945.0,5937.54
4814,2026-09-21,1800005965.0,1800005965.0,4872.39
4815,2026-09-21,1800006046.0,1800006046.0,232.8
4816,2026-09-22,1800006171.0,1800006171.0,3641.53
4817,2026-09-23,1800000132.0,1800000132.0,21225.56
4818,2026-09-23,1800000133.0,1800000133.0,3933.3
4819,2026-09-22,1800000156.0,1800000156.0,2568.94
4820,2026-09-22,1800000164.0,1800000164.0,10415.08
4821,2026-09-23,1800000247.0,1800000247.0,566.09
4822,2026-09-23,1800000270.0,1800000270.0,4384.74
4823,2026-09-22,1800000301.0,1800000301.0,1660.65
4824,2026-09-22,1800000528.0,1800000528.0,1920.48
4825,2026-09-22,1800000537.0,1800000537.0,261.7
4826,2026-09-23,1800000582.0,1800000582.0,5897.25
4827,2026-09-22,1800000655.0,1800000655.0,6971.84
4828,2026-09-23,1800000701.0,1800000701.0,243.42
4829,2026-09-22,1800000723.0,1800000723.0,758.55
4830,2026-09-23,1800000762.0,1800000762.0,1231.98
4831,2026-09-23,1800000775.0,1800000775.0,4583.58
4832,2026-09-23,1800000791.0,1800000791.0,278.07
4833,2026-09-22,1800000892.0,1800000892.0,454.64
4834,2026-09-22,1800000962.0,1800000962.0,8856.73
4835,2026-09-22,1800000990.0,1800000990.0,704.11
4836,2026-09-22,1800000998.0,1800000998.0,5632.47
4837,2026-09-23,1800001005.0,1800001005.0,2265.81
4838,2026-09-23,1800001036.0,1800001036.0,4055.72
4839,2026-09-22,1800001056.0,1800001056.0,1944.29
4840,2026-09-23,1800001075.0,1800001075.0,1428.86
4841,2026-09-22,1800001089.0,1800001089.0,9109.01
4842,2026-09-22,1800001131.0,1800001131.0,6661.84
4843,2026-09-23,1800001178.0,1800001178.0,1654.16
4844,2026-09-22,1800001194.0,1800001194.0,1163.82
4845,2026-09-23,1800001207.0,1800001207.0,1368.09
4846,2026-09-23,1800001219.0,1800001219.0,330.01
4847,2026-09-22,1800001245.0,1800001245.0,1377.63
4848,2026-09-22,1800001253.0,1800001253.0,442.16
4849,2026-09-22,1800001464.0,1800001464.0,2331.55
4850,2026-09-23,1800001504.0,1800001504.0,845.06
4851,2026-09-23,1800001648.0,1800001648.0,4772.2
4852,2026-09-23,1800001663.0,1800001663.0,1472.03
4853,2026-09-22,1800001682.0,1800001682.0,987.25
4854,2026-09-22,1800001684.0,1800001684.0,467.8
4855,2026-09-22,1800001746.0,1800001746.0,4707.15
4856,2026-09-22,1800001775.0,1800001775.0,4375.5
4857,2026-09-23,1800001779.0,1800001779.0,591.79
4858,2026-09-23,1800001788.0,1800001788.0,3493.39
4859,2026-09-23,1800001823.0,1800001823.0,2804.7
4860,2026-09-22,1800001829.0,1800001829.0,1744.13
4861,2026-09-23,1800001837.0,1800001837.0,1657.22
4862,2026-09-22,1800001962.0,1800001962.0,6168.62
4863,2026-09-22,1800002083.0,1800002083.0,5710.64
4864,2026-09-23,1800002138.0,1800002138.0,7387.31
4865,2026-09-22,1800002228.0,1800002228.0,1202.87
4866,2026-09-23,1800002233.0,1800002233.0,14395.61
4867,2026-09-22,1800002280.0,1800002280.0,9721.6
4868,2026-09-23,1800002282.0,1800002282.0,1464.66
4869,2026-09-23,1800002404.0,1800002404.0,371.27
4870,2026-09-22,1800002443.0,1800002443.0,2963.51
4871,2026-09-23,1800002529.0,1800002529.0,4680.01
4872,2026-09-23,1800002555.0,1800002555.0,3317.7
4873,2026-09-22,1800002558.0,1800002558.0,6290.89
4874,2026-09-22,1800002592.0,1800002592.0,6805.3
4875,2026-09-22,1800002614.0,1800002614.0,1056.4
4876,2026-09-23,1800002640.0,1800002640.0,188.93
4877,2026-09-22,1800002656.0,1800002656.0,3670.74
4878,2026-09-22,1800002666.0,1800002666.0,3006.63
4879,2026-09-23,1800002691.0,1800002691.0,14432.48
4880,2026-09-23,1800002770.0,1800002770.0,8983.19
4881,2026-09-23,1800002806.0,1800002806.0,2861.85
4882,2026-09-23,1800002815.0,1800002815.0,2573.05
4883,2026-09-22,1800002828.0,1800002828.0,1605.4
4884,2026-09-22,1800002841.0,1800002841.0,2762.16
4885,2026-09-23,1800002922.0,1800002922.0,7068.04
4886,2026-09-23,1800002925.0,1800002925.0,2656.94
4887,2026-09-23,1800002931.0,1800002931.0,1969.77
4888,2026-09-23,1800002953.0,1800002953.0,2342.89
4889,2026-09-22,1800003027.0,1800003027.0,2113.96
4890,2026-09-22,1800003164.0,1800003164.0,3702.4
4891,2026-09-23,1800003192.0,1800003192.0,6707.7
4892,2026-09-22,1800003275.0,1800003275.0,279.45
4893,2026-09-22,1800003279.0,1800003279.0,323.18
4894,2026-09-22,1800003390.0,1800003390.0,3148.72
4895,2026-09-23,1800003413.0,1800003413.0,5238.33
4896,2026-09-22,1800003425.0,1800003425.0,534.27
4897,2026-09-23,1800003440.0,1800003440.0,4835.56
4898,2026-09-23,1800003461.0,1800003461.0,7647.33
4899,2026-09-23,1800003523.0,1800003523.0,1796.79
4900,2026-09-23,1800003622.0,1800003622.0,746.28
4901,2026-09-23,1800003668.0,1800003668.0,1245.75
4902,2026-09-23,1800003833.0,1800003833.0,1100.55
4903,2026-09-23,1800003966.0,1800003966.0,1549.74
4904,2026-09-23,1800003991.0,1800003991.0,743.95
4905,2026-09-23,1800004113.0,1800004113.0,902.12
4906,2026-09-22,1800004139.0,1800004139.0,1610.59
4907,2026-09-22,1800004148.0,1800004148.0,7938.1
4908,2026-09-23,1800004182.0,1800004182.0,13306.33
4909,2026-09-23,1800004223.0,1800004223.0,830.67
4910,2026-09-23,1800004229.0,1800004229.0,1917.3
4911,2026-09-23,1800004373.0,1800004373.0,948.29
4912,2026-09-23,1800004374.0,1800004374.0,11137.82
4913,2026-09-23,1800004464.0,1800004464.0,1184.41
4914,2026-09-23,1800004516.0,1800004516.0,741.83
4915,2026-09-22,1800004531.0,1800004531.0,4774.4
4916,2026-09-22,1800004543.0,1800004543.0,4203.91
4917,2026-09-22,1800004574.0,1800004574.0,1777.25
4918,2026-09-23,1800004650.0,1800004650.0,4391.97
4919,2026-09-23,1800004703.0,1800004703.0,2889.48
4920,2026-09-22,1800004829.0,1800004829.0,4447.26
4921,2026-09-23,1800004837.0,1800004837.0,1731.3
4922,2026-09-22,1800005012.0,1800005012.0,6523.73
4923,2026-09-23,1800005040.0,1800005040.0,4344.7
4924,2026-09-23,1800005053.0,1800005053.0,3604.39
4925,2026-09-22,1800005065.0,1800005065.0,4092.22
4926,2026-09-22,1800005079.0,1800005079.0,12551.87
4927,2026-09-22,1800005092.0,1800005092.0,3253.89
4928,2026-09-23,1800005166.0,1800005166.0,7590.0
4929,2026-09-22,1800005195.0,1800005195.0,2699.68
4930,2026-09-22,1800005217.0,1800005217.0,14014.2
4931,2026-09-23,1800005283.0,1800005283.0,2274.64
4932,2026-09-23,1800005292.0,1800005292.0,200.17
4933,2026-09-22,1800005310.0,1800005310.0,1062.96
4934,2026-09-23,1800005327.0,1800005327.0,3163.84
4935,2026-09-22,1800005404.0,1800005404.0,7946.27
4936,2026-09-23,1800005412.0,1800005412.0,1819.5
4937,2026-09-22,1800005505.0,1800005505.0,9034.15
4938,2026-09-22,1800005525.0,1800005525.0,204.66
4939,2026-09-22,1800005529.0,1800005529.0,535.98
4940,2026-09-22,1800005547.0,1800005547.0,4154.79
4941,2026-09-23,1800005606.0,1800005606.0,2501.47
4942,2026-09-22,1800005609.0,1800005609.0,239.17
4943,2026-09-22,1800005667.0,1800005667.0,1159.52
4944,2026-09-22,1800005720.0,1800005720.0,1012.74
4945,2026-09-23,1800005735.0,1800005735.0,354.94
4946,2026-09-22,1800005780.0,1800005780.0,565.45
4947,2026-09-23,1800005833.0,1800005833.0,1982.23
4948,2026-09-22,1800005872.0,1800005872.0,5256.9
4949,2026-09-23,1800005890.0,1800005890.0,5176.15
4950,2026-09-22,1800006017.0,1800006017.0,2734.2
4951,2026-09-22,1800006079.0,1800006079.0,5644.37
4952,2026-09-22,1800006188.0,1800006188.0,831.27
4953,2026-09-23,1800000009.0,1800000009.0,4892.94
4954,2026-09-24,1800000087.0,1800000087.0,3076.98
4955,2026-09-23,1800000155.0,1800000155.0,5256.04
4956,2026-09-24,1800000293.0,1800000293.0,8188.54
4957,2026-09-23,1800000326.0,1800000326.0,1296.49
4958,2026-09-24,1800000387.0,1800000387.0,14063.16
4959,2026-09-24,1800000409.0,1800000409.0,6247.54
4960,2026-09-24,1800000422.0,1800000422.0,324.62
4961,2026-09-23,1800000437.0,1800000437.0,7509.55
4962,2026-09-24,1800000440.0,1800000440.0,5186.47
4963,2026-09-23,1800000459.0,1800000459.0,1930.11
4964,2026-09-23,1800000472.0,1800000472.0,2782.92
4965,2026-09-23,1800000489.0,1800000489.0,7956.84
4966,2026-09-24,1800000511.0,1800000511.0,5653.91
4967,2026-09-23,1800000525.0,1800000525.0,2257.29
4968,2026-09-23,1800000584.0,1800000584.0,7670.0
4969,2026-09-24,1800000617.0,1800000617.0,3063.14
4970,2026-09-23,1800000779.0,1800000779.0,987.93
4971,2026-09-23,1800000796.0,1800000796.0,6315.95
4972,2026-09-24,1800000889.0,1800000889.0,10052.4
4973,2026-09-23,1800000930.0,1800000930.0,3061.09
4974,2026-09-23,1800000942.0,1800000942.0,4884.22
4975,2026-09-23,1800001107.0,1800001107.0,5896.96
4976,2026-09-24,1800001233.0,1800001233.0,4519.38
4977,2026-09-24,1800001300.0,1800001300.0,10937.57
4978,2026-09-24,1800001308.0,1800001308.0,4764.35
4979,2026-09-24,1800001394.0,1800001394.0,10902.02
4980,2026-09-23,1800001438.0,1800001438.0,8967.11
4981,2026-09-24,1800001449.0,1800001449.0,826.99
4982,2026-09-23,1800001497.0,1800001497.0,1246.89
4983,2026-09-23,1800001584.0,1800001584.0,866.11
4984,2026-09-23,1800001598.0,1800001598.0,7693.73
4985,2026-09-23,1800001616.0,1800001616.0,1472.05
4986,2026-09-24,1800001646.0,1800001646.0,4027.2
4987,2026-09-24,1800001692.0,1800001692.0,5672.45
4988,2026-09-23,1800001730.0,1800001730.0,9686.63
4989,2026-09-24,1800001816.0,1800001816.0,4871.34
4990,2026-09-23,1800001817.0,1800001817.0,1321.91
4991,2026-09-23,1800001828.0,1800001828.0,3128.59
4992,2026-09-24,1800001864.0,1800001864.0,3690.63
4993,2026-09-24,1800001912.0,1800001912.0,1815.38
4994,2026-09-23,1800001942.0,1800001942.0,3026.87
4995,2026-09-23,1800002025.0,1800002025.0,563.93
4996,2026-09-23,1800002081.0,1800002081.0,777.94
4997,2026-09-24,1800002413.0,1800002413.0,3942.88
4998,2026-09-24,1800002420.0,1800002420.0,761.9
4999,2026-09-23,1800002428.0,1800002428.0,528.76
5000,2026-09-24,1800002447.0,1800002447.0,3273.36
5001,2026-09-23,1800002478.0,1800002478.0,979.86
5002,2026-09-24,1800002504.0,1800002504.0,1682.27
5003,2026-09-24,1800002535.0,1800002535.0,277.04
5004,2026-09-24,1800002553.0,1800002553.0,8582.77
5005,2026-09-23,1800002605.0,1800002605.0,837.32
5006,2026-09-24,1800002731.0,1800002731.0,1016.35
5007,2026-09-24,1800002824.0,1800002824.0,1385.57
5008,2026-09-23,1800003029.0,1800003029.0,9086.46
5009,2026-09-23,1800003041.0,1800003041.0,480.3
5010,2026-09-23,1800003142.0,1800003142.0,5918.81
5011,2026-09-24,1800003264.0,1800003264.0,234.54
5012,2026-09-24,1800003270.0,1800003270.0,337.24
5013,2026-09-23,1800003296.0,1800003296.0,5026.83
5014,2026-09-24,1800003322.0,1800003322.0,4612.83
5015,2026-09-24,1800003528.0,1800003528.0,823.33
5016,2026-09-24,1800003530.0,1800003530.0,4311.56
5017,2026-09-23,1800003561.0,1800003561.0,5364.72
5018,2026-09-23,1800003564.0,1800003564.0,11310.26
5019,2026-09-24,1800003714.0,1800003714.0,727.14
5020,2026-09-24,1800003722.0,1800003722.0,4553.35
5021,2026-09-23,1800003727.0,1800003727.0,619.06
5022,2026-09-24,1800003830.0,1800003830.0,384.5
5023,2026-09-24,1800003949.0,1800003949.0,524.0
5024,2026-09-24,1800003996.0,1800003996.0,1240.01
5025,2026-09-23,1800004006.0,1800004006.0,3210.48
5026,2026-09-24,1800004034.0,1800004034.0,2216.29
5027,2026-09-23,1800004082.0,1800004082.0,908.16
5028,2026-09-23,1800004102.0,1800004102.0,1181.28
5029,2026-09-23,1800004118.0,1800004118.0,1965.58
5030,2026-09-23,1800004134.0,1800004134.0,3134.97
5031,2026-09-23,1800004173.0,1800004173.0,9354.05
5032,2026-09-24,1800004178.0,1800004178.0,2328.47
5033,2026-09-24,1800004249.0,1800004249.0,5490.87
5034,2026-09-24,1800004264.0,1800004264.0,8043.04
5035,2026-09-23,1800004266.0,1800004266.0,8687.47
5036,2026-09-23,1800004272.0,1800004272.0,5293.1
5037,2026-09-23,1800004327.0,1800004327.0,4618.9
5038,2026-09-23,1800004449.0,1800004449.0,3582.36
5039,2026-09-24,1800004469.0,1800004469.0,1364.99
5040,2026-09-23,1800004482.0,1800004482.0,152.17
5041,2026-09-23,1800004538.0,1800004538.0,254.61
5042,2026-09-24,1800004542.0,1800004542.0,5622.43
5043,2026-09-24,1800004690.0,1800004690.0,1868.6
5044,2026-09-24,1800004752.0,1800004752.0,1806.96
5045,2026-09-24,1800004857.0,1800004857.0,882.08
5046,2026-09-24,1800004865.0,1800004865.0,1394.08
5047,2026-09-23,1800004881.0,1800004881.0,7945.03
5048,2026-09-24,1800004927.0,1800004927.0,453.89
5049,2026-09-24,1800004939.0,1800004939.0,6394.02
5050,2026-09-23,1800005082.0,1800005082.0,797.39
5051,2026-09-23,1800005086.0,1800005086.0,4311.18
5052,2026-09-24,1800005203.0,1800005203.0,320.11
5053,2026-09-23,1800005231.0,1800005231.0,207.61
5054,2026-09-24,1800005236.0,1800005236.0,3431.19
5055,2026-09-23,1800005263.0,1800005263.0,2365.74
5056,2026-09-24,1800005264.0,1800005264.0,2777.13
5057,2026-09-24,1800005309.0,1800005309.0,3678.52
5058,2026-09-24,1800005367.0,1800005367.0,6330.87
5059,2026-09-24,1800005510.0,1800005510.0,4159.52
5060,2026-09-23,1800005574.0,1800005574.0,3157.62
5061,2026-09-23,1800005581.0,1800005581.0,3627.95
5062,2026-09-24,1800005602.0,1800005602.0,1965.19
5063,2026-09-23,1800005678.0,1800005678.0,2868.89
5064,2026-09-24,1800005697.0,1800005697.0,2711.47
5065,2026-09-24,1800005777.0,1800005777.0,6042.4
5066,2026-09-23,1800005786.0,1800005786.0,2948.35
5067,2026-09-24,1800005787.0,1800005787.0,2947.99
5068,2026-09-23,1800005919.0,1800005919.0,18028.47
5069,2026-09-24,1800005951.0,1800005951.0,2808.55
5070,2026-09-24,1800006097.0,1800006097.0,9009.12
5071,2026-09-23,1800006116.0,1800006116.0,541.48
5072,2026-09-23,1800006156.0,1800006156.0,8141.44
5073,2026-09-23,1800006160.0,1800006160.0,5183.42
5074,2026-09-25,1800000088.0,1800000088.0,1162.32
5075,2026-09-25,1800000125.0,1800000125.0,539.35
5076,2026-09-24,1800000183.0,1800000183.0,244.04
5077,2026-09-24,1800000201.0,1800000201.0,10163.92
5078,2026-09-25,1800000206.0,1800000206.0,644.08
5079,2026-09-24,1800000242.0,1800000242.0,3936.99
5080,2026-09-24,1800000257.0,1800000257.0,720.19
5081,2026-09-24,1800000335.0,1800000335.0,4207.54
5082,2026-09-24,1800000413.0,1800000413.0,7627.06
5083,2026-09-24,1800000488.0,1800000488.0,2855.25
5084,2026-09-24,1800000538.0,1800000538.0,2496.33
5085,2026-09-25,1800000594.0,1800000594.0,22126.88
5086,2026-09-24,1800000597.0,1800000597.0,1024.25
5087,2026-09-24,1800000642.0,1800000642.0,2319.39
5088,2026-09-24,1800000721.0,1800000721.0,1010.74
5089,2026-09-25,1800000727.0,1800000727.0,5922.81
5090,2026-09-24,1800000774.0,1800000774.0,292.35
5091,2026-09-25,1800000784.0,1800000784.0,12332.29
5092,2026-09-25,1800000888.0,1800000888.0,2907.67
5093,2026-09-24,1800000918.0,1800000918.0,8309.21
5094,2026-09-25,1800001082.0,1800001082.0,4822.75
5095,2026-09-25,1800001110.0,1800001110.0,3347.46
5096,2026-09-25,1800001232.0,1800001232.0,8768.18
5097,2026-09-25,1800001274.0,1800001274.0,1218.04
5098,2026-09-24,1800001378.0,1800001378.0,944.23
5099,2026-09-25,1800001419.0,1800001419.0,3005.64
5100,2026-09-25,1800001441.0,1800001441.0,3592.8
5101,2026-09-24,1800001482.0,1800001482.0,828.45
5102,2026-09-25,1800001489.0,1800001489.0,1694.42
5103,2026-09-25,1800001531.0,1800001531.0,4557.98
5104,2026-09-25,1800001578.0,1800001578.0,15240.51
5105,2026-09-25,1800001600.0,1800001600.0,1629.34
5106,2026-09-24,1800001656.0,1800001656.0,2378.68
5107,2026-09-25,1800001671.0,1800001671.0,1661.64
5108,2026-09-24,1800001690.0,1800001690.0,854.09
5109,2026-09-25,1800001727.0,1800001727.0,2499.98
5110,2026-09-24,1800001738.0,1800001738.0,2113.31
5111,2026-09-25,1800001739.0,1800001739.0,7092.1
5112,2026-09-24,1800001773.0,1800001773.0,12638.64
5113,2026-09-25,1800001780.0,1800001780.0,251.68
5114,2026-09-25,1800001805.0,1800001805.0,4127.29
5115,2026-09-25,1800001836.0,1800001836.0,741.73
5116,2026-09-25,1800001951.0,1800001951.0,4821.66
5117,2026-09-24,1800001956.0,1800001956.0,267.6
5118,2026-09-25,1800001964.0,1800001964.0,7323.25
5119,2026-09-25,1800002174.0,1800002174.0,6301.34
5120,2026-09-25,1800002203.0,1800002203.0,452.73
5121,2026-09-25,1800002223.0,1800002223.0,4877.03
5122,2026-09-24,1800002236.0,1800002236.0,1081.21
5123,2026-09-24,1800002242.0,1800002242.0,621.92
5124,2026-09-24,1800002331.0,1800002331.0,3239.65
5125,2026-09-24,1800002337.0,1800002337.0,2314.48
5126,2026-09-25,1800002377.0,1800002377.0,4599.99
5127,2026-09-25,1800002432.0,1800002432.0,4332.7
5128,2026-09-25,1800002508.0,1800002508.0,6749.14
5129,2026-09-24,1800002524.0,1800002524.0,228.43
5130,2026-09-24,1800002534.0,1800002534.0,1205.29
5131,2026-09-24,1800002575.0,1800002575.0,543.64
5132,2026-09-24,1800002651.0,1800002651.0,9365.38
5133,2026-09-25,1800002676.0,1800002676.0,4968.72
5134,2026-09-25,1800002677.0,1800002677.0,1204.76
5135,2026-09-25,1800002723.0,1800002723.0,656.53
5136,2026-09-25,1800002800.0,1800002800.0,2609.21
5137,2026-09-25,1800002887.0,1800002887.0,710.93
5138,2026-09-25,1800002909.0,1800002909.0,392.05
5139,2026-09-24,1800002980.0,1800002980.0,1315.26
5140,2026-09-24,1800002989.0,1800002989.0,2661.73
5141,2026-09-24,1800003003.0,1800003003.0,2912.68
5142,2026-09-25,1800003008.0,1800003008.0,650.97
5143,2026-09-25,1800003084.0,1800003084.0,3761.23
5144,2026-09-25,1800003103.0,1800003103.0,241.49
5145,2026-09-25,1800003123.0,1800003123.0,192.94
5146,2026-09-25,1800003163.0,1800003163.0,843.25
5147,2026-09-25,1800003166.0,1800003166.0,20251.68
5148,2026-09-24,1800003174.0,1800003174.0,1351.5
5149,2026-09-25,1800003197.0,1800003197.0,5291.22
5150,2026-09-24,1800003201.0,1800003201.0,1452.16
5151,2026-09-25,1800003299.0,1800003299.0,4997.34
5152,2026-09-24,1800003348.0,1800003348.0,1495.09
5153,2026-09-24,1800003355.0,1800003355.0,2858.15
5154,2026-09-24,1800003444.0,1800003444.0,987.0
5155,2026-09-24,1800003466.0,1800003466.0,5148.95
5156,2026-09-25,1800003480.0,1800003480.0,2572.37
5157,2026-09-24,1800003620.0,1800003620.0,2049.61
5158,2026-09-25,1800003637.0,1800003637.0,624.03
5159,2026-09-24,1800003646.0,1800003646.0,2379.44
5160,2026-09-24,1800003757.0,1800003757.0,4632.12
5161,2026-09-24,1800003777.0,1800003777.0,270.64
5162,2026-09-24,1800003868.0,1800003868.0,207.53
5163,2026-09-24,1800003939.0,1800003939.0,13133.13
5164,2026-09-24,1800003945.0,1800003945.0,3565.45
5165,2026-09-25,1800003946.0,1800003946.0,1792.04
5166,2026-09-24,1800003980.0,1800003980.0,485.0
5167,2026-09-25,1800004015.0,1800004015.0,1773.03
5168,2026-09-25,1800004108.0,1800004108.0,265.44
5169,2026-09-24,1800004164.0,1800004164.0,1476.06
5170,2026-09-25,1800004217.0,1800004217.0,1622.33
5171,2026-09-25,1800004225.0,1800004225.0,2127.99
5172,2026-09-25,1800004318.0,1800004318.0,9090.88
5173,2026-09-25,1800004330.0,1800004330.0,3553.97
5174,2026-09-25,1800004486.0,1800004486.0,4993.72
5175,2026-09-25,1800004508.0,1800004508.0,2921.81
5176,2026-09-25,1800004615.0,1800004615.0,304.06
5177,2026-09-24,1800004674.0,1800004674.0,3900.75
5178,2026-09-24,1800004712.0,1800004712.0,4879.86
5179,2026-09-24,1800004725.0,1800004725.0,6178.21
5180,2026-09-25,1800004739.0,1800004739.0,7858.53
5181,2026-09-24,1800004755.0,1800004755.0,2399.55
5182,2026-09-24,1800004900.0,1800004900.0,11403.23
5183,2026-09-25,1800005022.0,1800005022.0,10226.64
5184,2026-09-24,1800005052.0,1800005052.0,628.07
5185,2026-09-25,1800005146.0,1800005146.0,3721.7
5186,2026-09-25,1800005162.0,1800005162.0,2968.74
5187,2026-09-25,1800005183.0,1800005183.0,924.83
5188,2026-09-24,1800005210.0,1800005210.0,3179.1
5189,2026-09-25,1800005239.0,1800005239.0,4872.69
5190,2026-09-25,1800005279.0,1800005279.0,2248.48
5191,2026-09-25,1800005342.0,1800005342.0,1380.0
5192,2026-09-25,1800005408.0,1800005408.0,6493.95
5193,2026-09-24,1800005413.0,1800005413.0,2674.02
5194,2026-09-24,1800005422.0,1800005422.0,3913.9
5195,2026-09-25,1800005444.0,1800005444.0,771.28
5196,2026-09-24,1800005454.0,1800005454.0,9184.72
5197,2026-09-25,1800005467.0,1800005467.0,2808.54
5198,2026-09-25,1800005482.0,1800005482.0,2291.33
5199,2026-09-24,1800005512.0,1800005512.0,338.68
5200,2026-09-25,1800005518.0,1800005518.0,3614.23
5201,2026-09-24,1800005622.0,1800005622.0,11077.62
5202,2026-09-25,1800005737.0,1800005737.0,10591.69
5203,2026-09-25,1800005745.0,1800005745.0,6903.36
5204,2026-09-24,1800005924.0,1800005924.0,4196.38
5205,2026-09-24,1800005958.0,1800005958.0,2593.11
5206,2026-09-25,1800005976.0,1800005976.0,3645.56
5207,2026-09-25,1800005982.0,1800005982.0,3027.62
5208,2026-09-25,1800006000.0,1800006000.0,2070.92
5209,2026-09-24,1800006065.0,1800006065.0,8322.13
5210,2026-09-24,1800006067.0,1800006067.0,2305.07
5211,2026-09-24,1800006111.0,1800006111.0,2045.8
5212,2026-09-24,1800006153.0,1800006153.0,3645.01
5213,2026-09-25,1800006168.0,1800006168.0,1838.64
5214,2026-09-25,1800006169.0,1800006169.0,4919.75
5215,2026-09-25,1800000081.0,1800000081.0,16008.04
5216,2026-09-25,1800000166.0,1800000166.0,697.41
5217,2026-09-26,1800000175.0,1800000175.0,271.15
5218,2026-09-26,1800000292.0,1800000292.0,678.37
5219,2026-09-25,1800000310.0,1800000310.0,4449.15
5220,2026-09-25,1800000320.0,1800000320.0,5349.12
5221,2026-09-26,1800000333.0,1800000333.0,746.18
5222,2026-09-25,1800000461.0,1800000461.0,2957.77
5223,2026-09-26,1800000510.0,1800000510.0,1778.08
5224,2026-09-26,1800000518.0,1800000518.0,2945.53
5225,2026-09-25,1800000605.0,1800000605.0,1799.33
5226,2026-09-25,1800000626.0,1800000626.0,1854.99
5227,2026-09-25,1800000637.0,1800000637.0,10787.54
5228,2026-09-26,1800000652.0,1800000652.0,5975.98
5229,2026-09-26,1800000661.0,1800000661.0,1956.97
5230,2026-09-26,1800000747.0,1800000747.0,1314.65
5231,2026-09-25,1800000842.0,1800000842.0,4524.2
5232,2026-09-26,1800000847.0,1800000847.0,3731.8
5233,2026-09-26,1800000852.0,1800000852.0,9221.16
5234,2026-09-26,1800000906.0,1800000906.0,3728.82
5235,2026-09-25,1800000957.0,1800000957.0,5220.75
5236,2026-09-26,1800000973.0,1800000973.0,3493.89
5237,2026-09-26,1800001046.0,1800001046.0,311.42
5238,2026-09-25,1800001071.0,1800001071.0,3200.31
5239,2026-09-26,1800001084.0,1800001084.0,3359.71
5240,2026-09-26,1800001091.0,1800001091.0,820.87
5241,2026-09-25,1800001251.0,1800001251.0,1095.61
5242,2026-09-25,1800001443.0,1800001443.0,1874.72
5243,2026-09-25,1800001569.0,1800001569.0,1966.5
5244,2026-09-25,1800001589.0,1800001589.0,1751.34
5245,2026-09-26,1800001665.0,1800001665.0,1807.95
5246,2026-09-26,1800001711.0,1800001711.0,5419.98
5247,2026-09-26,1800001792.0,1800001792.0,5443.07
5248,2026-09-26,1800001825.0,1800001825.0,9923.53
5249,2026-09-26,1800001862.0,1800001862.0,206.93
5250,2026-09-25,1800001898.0,1800001898.0,9770.02
5251,2026-09-25,1800001938.0,1800001938.0,3718.39
5252,2026-09-26,1800002012.0,1800002012.0,5991.35
5253,2026-09-26,1800002106.0,1800002106.0,4238.42
5254,2026-09-26,1800002124.0,1800002124.0,3647.22
5255,2026-09-26,1800002125.0,1800002125.0,1772.15
5256,2026-09-25,1800002186.0,1800002186.0,236.98
5257,2026-09-25,1800002324.0,1800002324.0,5205.34
5258,2026-09-26,1800002350.0,1800002350.0,279.97
5259,2026-09-25,1800002363.0,1800002363.0,5239.5
5260,2026-09-26,1800002396.0,1800002396.0,897.13
5261,2026-09-25,1800002440.0,1800002440.0,226.43
5262,2026-09-26,1800002459.0,1800002459.0,1904.58
5263,2026-09-26,1800002541.0,1800002541.0,871.12
5264,2026-09-25,1800002568.0,1800002568.0,6324.52
5265,2026-09-25,1800002587.0,1800002587.0,6782.41
5266,2026-09-26,1800002607.0,1800002607.0,1011.15
5267,2026-09-26,1800002809.0,1800002809.0,2078.19
5268,2026-09-26,1800002862.0,1800002862.0,903.71
5269,2026-09-25,1800002883.0,1800002883.0,1804.32
5270,2026-09-25,1800002890.0,1800002890.0,2289.78
5271,2026-09-26,1800002923.0,1800002923.0,2540.18
5272,2026-09-26,1800003145.0,1800003145.0,5518.0
5273,2026-09-25,1800003185.0,1800003185.0,510.6
5274,2026-09-26,1800003215.0,1800003215.0,219.87
5275,2026-09-25,1800003254.0,1800003254.0,283.72
5276,2026-09-26,1800003262.0,1800003262.0,2864.6
5277,2026-09-25,1800003302.0,1800003302.0,218.55
5278,2026-09-25,1800003309.0,1800003309.0,666.25
5279,2026-09-26,1800003356.0,1800003356.0,1393.57
5280,2026-09-25,1800003375.0,1800003375.0,1278.24
5281,2026-09-26,1800003449.0,1800003449.0,7055.96
5282,2026-09-26,1800003506.0,1800003506.0,216.63
5283,2026-09-25,1800003512.0,1800003512.0,7273.73
5284,2026-09-25,1800003538.0,1800003538.0,1198.21
5285,2026-09-25,1800003580.0,1800003580.0,2203.01
5286,2026-09-25,1800003628.0,1800003628.0,6910.88
5287,2026-09-26,1800003644.0,1800003644.0,1493.19
5288,2026-09-26,1800003651.0,1800003651.0,2798.39
5289,2026-09-26,1800003669.0,1800003669.0,3817.51
5290,2026-09-26,1800003671.0,1800003671.0,4005.26
5291,2026-09-25,1800003726.0,1800003726.0,1880.77
5292,2026-09-25,1800003776.0,1800003776.0,6570.03
5293,2026-09-25,1800003801.0,1800003801.0,1116.26
5294,2026-09-26,1800003802.0,1800003802.0,412.95
5295,2026-09-25,1800003831.0,1800003831.0,1739.16
5296,2026-09-25,1800003871.0,1800003871.0,784.23
5297,2026-09-25,1800003919.0,1800003919.0,4166.55
5298,2026-09-25,1800003975.0,1800003975.0,218.12
5299,2026-09-26,1800003983.0,1800003983.0,4636.83
5300,2026-09-26,1800004035.0,1800004035.0,8999.47
5301,2026-09-25,1800004036.0,1800004036.0,3342.33
5302,2026-09-26,1800004062.0,1800004062.0,226.95
5303,2026-09-26,1800004106.0,1800004106.0,10667.4
5304,2026-09-25,1800004180.0,1800004180.0,1493.5
5305,2026-09-26,1800004233.0,1800004233.0,3596.53
5306,2026-09-26,1800004315.0,1800004315.0,3818.7
5307,2026-09-26,1800004400.0,1800004400.0,3601.16
5308,2026-09-26,1800004410.0,1800004410.0,1580.88
5309,2026-09-25,1800004456.0,1800004456.0,4384.01
5310,2026-09-26,1800004461.0,1800004461.0,849.49
5311,2026-09-25,1800004496.0,1800004496.0,2696.6
5312,2026-09-25,1800004504.0,1800004504.0,461.35
5313,2026-09-26,1800004505.0,1800004505.0,299.35
5314,2026-09-26,1800004511.0,1800004511.0,2016.08
5315,2026-09-26,1800004549.0,1800004549.0,753.09
5316,2026-09-25,1800004562.0,1800004562.0,5005.42
5317,2026-09-26,1800004580.0,1800004580.0,2428.34
5318,2026-09-25,1800004680.0,1800004680.0,1495.02
5319,2026-09-26,1800004769.0,1800004769.0,1854.56
5320,2026-09-25,1800004792.0,1800004792.0,731.35
5321,2026-09-25,1800004810.0,1800004810.0,5954.13
5322,2026-09-25,1800004920.0,1800004920.0,7936.52
5323,2026-09-26,1800004922.0,1800004922.0,7248.04
5324,2026-09-26,1800004964.0,1800004964.0,1533.65
5325,2026-09-25,1800005006.0,1800005006.0,5958.86
5326,2026-09-26,1800005046.0,1800005046.0,2446.32
5327,2026-09-26,1800005112.0,1800005112.0,4607.35
5328,2026-09-25,1800005117.0,1800005117.0,240.63
5329,2026-09-26,1800005125.0,1800005125.0,15205.8
5330,2026-09-25,1800005140.0,1800005140.0,973.1
5331,2026-09-25,1800005172.0,1800005172.0,1059.57
5332,2026-09-26,1800005199.0,1800005199.0,1887.48
5333,2026-09-26,1800005245.0,1800005245.0,581.46
5334,2026-09-26,1800005258.0,1800005258.0,4136.8
5335,2026-09-26,1800005295.0,1800005295.0,639.49
5336,2026-09-26,1800005373.0,1800005373.0,4711.37
5337,2026-09-25,1800005411.0,1800005411.0,2086.61
5338,2026-09-26,1800005447.0,1800005447.0,6029.64
5339,2026-09-25,1800005479.0,1800005479.0,1807.07
5340,2026-09-26,1800005499.0,1800005499.0,5755.17
5341,2026-09-26,1800005599.0,1800005599.0,4404.04
5342,2026-09-26,1800005614.0,1800005614.0,179.3
5343,2026-09-26,1800005754.0,1800005754.0,523.62
5344,2026-09-25,1800005757.0,1800005757.0,1397.58
5345,2026-09-25,1800005768.0,1800005768.0,496.67
5346,2026-09-26,1800005795.0,1800005795.0,2546.59
5347,2026-09-25,1800005810.0,1800005810.0,3782.09
5348,2026-09-25,1800005873.0,1800005873.0,1065.77
5349,2026-09-25,1800005926.0,1800005926.0,10641.19
5350,2026-09-25,1800005984.0,1800005984.0,5024.84
5351,2026-09-26,1800006002.0,1800006002.0,2349.94
5352,2026-09-26,1800006007.0,1800006007.0,1359.33
5353,2026-09-25,1800006025.0,1800006025.0,12456.98
5354,2026-09-25,1800006045.0,1800006045.0,537.06
5355,2026-09-26,1800006162.0,1800006162.0,322.76
5356,2026-09-25,1800006180.0,1800006180.0,8252.02
5357,2026-09-27,1800000007.0,1800000007.0,817.38
5358,2026-09-26,1800000013.0,1800000013.0,794.56
5359,2026-09-26,1800000030.0,1800000030.0,4729.61
5360,2026-09-26,1800000098.0,1800000098.0,2998.83
5361,2026-09-26,1800000168.0,1800000168.0,785.01
5362,2026-09-26,1800000176.0,1800000176.0,1275.57
5363,2026-09-26,1800000263.0,1800000263.0,1452.79
5364,2026-09-27,1800000277.0,1800000277.0,1361.71
5365,2026-09-26,1800000369.0,1800000369.0,1221.27
5366,2026-09-27,1800000375.0,1800000375.0,3028.91
5367,2026-09-27,1800000399.0,1800000399.0,6169.0
5368,2026-09-26,1800000448.0,1800000448.0,1658.04
5369,2026-09-26,1800000477.0,1800000477.0,4999.29
5370,2026-09-27,1800000478.0,1800000478.0,6593.55
5371,2026-09-27,1800000504.0,1800000504.0,1674.33
5372,2026-09-26,1800000599.0,1800000599.0,319.41
5373,2026-09-26,1800000782.0,1800000782.0,3183.57
5374,2026-09-27,1800000824.0,1800000824.0,6603.44
5375,2026-09-26,1800000899.0,1800000899.0,2754.13
5376,2026-09-26,1800001153.0,1800001153.0,438.62
5377,2026-09-26,1800001157.0,1800001157.0,1735.58
5378,2026-09-26,1800001340.0,1800001340.0,2932.44
5379,2026-09-27,1800001424.0,1800001424.0,4881.22
5380,2026-09-27,1800001461.0,1800001461.0,5247.25
5381,2026-09-27,1800001505.0,1800001505.0,2857.82
5382,2026-09-27,1800001550.0,1800001550.0,2117.75
5383,2026-09-27,1800001560.0,1800001560.0,1273.01
5384,2026-09-26,1800001634.0,1800001634.0,495.9
5385,2026-09-27,1800001691.0,1800001691.0,5095.71
5386,2026-09-26,1800001707.0,1800001707.0,5900.63
5387,2026-09-27,1800001725.0,1800001725.0,4259.7
5388,2026-09-27,1800001860.0,1800001860.0,1508.06
5389,2026-09-27,1800001887.0,1800001887.0,2315.02
5390,2026-09-27,1800001900.0,1800001900.0,3775.14
5391,2026-09-26,1800001915.0,1800001915.0,1940.74
5392,2026-09-26,1800001931.0,1800001931.0,1417.08
5393,2026-09-27,1800001958.0,1800001958.0,4605.15
5394,2026-09-26,1800002011.0,1800002011.0,4474.46
5395,2026-09-26,1800002039.0,1800002039.0,6375.39
5396,2026-09-27,1800002062.0,1800002062.0,774.94
5397,2026-09-27,1800002117.0,1800002117.0,2484.17
5398,2026-09-26,1800002129.0,1800002129.0,711.05
5399,2026-09-27,1800002190.0,1800002190.0,5732.82
5400,2026-09-27,1800002222.0,1800002222.0,2367.25
5401,2026-09-26,1800002288.0,1800002288.0,7802.57
5402,2026-09-27,1800002381.0,1800002381.0,12921.66
5403,2026-09-27,1800002390.0,1800002390.0,2268.6
5404,2026-09-27,1800002415.0,1800002415.0,3135.0
5405,2026-09-26,1800002531.0,1800002531.0,626.56
5406,2026-09-26,1800002538.0,1800002538.0,2781.45
5407,2026-09-27,1800002604.0,1800002604.0,1701.92
5408,2026-09-26,1800002625.0,1800002625.0,850.18
5409,2026-09-26,1800002642.0,1800002642.0,2813.05
5410,2026-09-26,1800002702.0,1800002702.0,725.23
5411,2026-09-26,1800002790.0,1800002790.0,7251.59
5412,2026-09-26,1800002894.0,1800002894.0,4911.99
5413,2026-09-27,1800002972.0,1800002972.0,4903.54
5414,2026-09-27,1800002986.0,1800002986.0,5782.17
5415,2026-09-27,1800002995.0,1800002995.0,2253.81
5416,2026-09-27,1800003025.0,1800003025.0,2618.0
5417,2026-09-27,1800003091.0,1800003091.0,2484.58
5418,2026-09-27,1800003116.0,1800003116.0,3600.97
5419,2026-09-27,1800003140.0,1800003140.0,6769.99
5420,2026-09-26,1800003196.0,1800003196.0,3889.29
5421,2026-09-26,1800003211.0,1800003211.0,5046.78
5422,2026-09-26,1800003237.0,1800003237.0,6017.68
5423,2026-09-26,1800003303.0,1800003303.0,459.87
5424,2026-09-27,1800003325.0,1800003325.0,4535.69
5425,2026-09-27,1800003360.0,1800003360.0,4804.27
5426,2026-09-26,1800003400.0,1800003400.0,959.4
5427,2026-09-27,1800003443.0,1800003443.0,1684.95
5428,2026-09-26,1800003468.0,1800003468.0,921.85
5429,2026-09-27,1800003493.0,1800003493.0,14395.68
5430,2026-09-26,1800003529.0,1800003529.0,2746.82
5431,2026-09-26,1800003596.0,1800003596.0,2670.98
5432,2026-09-27,1800003606.0,1800003606.0,2783.67
5433,2026-09-27,1800003631.0,1800003631.0,911.1
5434,2026-09-26,1800003658.0,1800003658.0,2807.42
5435,2026-09-26,1800003703.0,1800003703.0,1388.17
5436,2026-09-27,1800003709.0,1800003709.0,1446.79
5437,2026-09-26,1800003716.0,1800003716.0,7685.47
5438,2026-09-26,1800003734.0,1800003734.0,2831.58
5439,2026-09-27,1800003759.0,1800003759.0,190.73
5440,2026-09-27,1800003819.0,1800003819.0,3536.4
5441,2026-09-26,1800003835.0,1800003835.0,5283.85
5442,2026-09-27,1800003907.0,1800003907.0,447.05
5443,2026-09-26,1800003916.0,1800003916.0,489.18
5444,2026-09-26,1800003932.0,1800003932.0,16599.26
5445,2026-09-27,1800004029.0,1800004029.0,2548.49
5446,2026-09-26,1800004041.0,1800004041.0,3538.66
5447,2026-09-26,1800004052.0,1800004052.0,6406.41
5448,2026-09-26,1800004212.0,1800004212.0,977.14
5449,2026-09-27,1800004253.0,1800004253.0,2224.64
5450,2026-09-26,1800004276.0,1800004276.0,1770.64
5451,2026-09-27,1800004349.0,1800004349.0,1298.6
5452,2026-09-27,1800004369.0,1800004369.0,4108.41
5453,2026-09-27,1800004442.0,1800004442.0,2391.11
5454,2026-09-27,1800004479.0,1800004479.0,2283.92
5455,2026-09-27,1800004500.0,1800004500.0,3667.8
5456,2026-09-27,1800004501.0,1800004501.0,3830.1
5457,2026-09-26,1800004533.0,1800004533.0,13199.17
5458,2026-09-26,1800004570.0,1800004570.0,4922.29
5459,2026-09-26,1800004596.0,1800004596.0,2667.82
5460,2026-09-27,1800004636.0,1800004636.0,1033.46
5461,2026-09-26,1800004642.0,1800004642.0,210.5
5462,2026-09-26,1800004727.0,1800004727.0,1383.6
5463,2026-09-27,1800004793.0,1800004793.0,2515.32
5464,2026-09-27,1800004807.0,1800004807.0,2212.8
5465,2026-09-27,1800004820.0,1800004820.0,2976.47
5466,2026-09-27,1800004838.0,1800004838.0,942.7
5467,2026-09-26,1800004847.0,1800004847.0,853.57
5468,2026-09-26,1800004879.0,1800004879.0,12143.6
5469,2026-09-26,1800004880.0,1800004880.0,1414.68
5470,2026-09-27,1800004926.0,1800004926.0,3199.11
5471,2026-09-26,1800004929.0,1800004929.0,5515.22
5472,2026-09-27,1800004931.0,1800004931.0,5612.01
5473,2026-09-26,1800004943.0,1800004943.0,5390.42
5474,2026-09-26,1800005036.0,1800005036.0,3086.81
5475,2026-09-26,1800005115.0,1800005115.0,2171.69
5476,2026-09-27,1800005246.0,1800005246.0,669.29
5477,2026-09-26,1800005288.0,1800005288.0,837.08
5478,2026-09-27,1800005314.0,1800005314.0,7779.92
5479,2026-09-27,1800005315.0,1800005315.0,978.79
5480,2026-09-27,1800005466.0,1800005466.0,3749.48
5481,2026-09-26,1800005501.0,1800005501.0,160.7
5482,2026-09-27,1800005626.0,1800005626.0,1116.5
5483,2026-09-26,1800005782.0,1800005782.0,8392.36
5484,2026-09-26,1800005838.0,1800005838.0,5499.55
5485,2026-09-26,1800005908.0,1800005908.0,311.12
5486,2026-09-26,1800005912.0,1800005912.0,4128.57
5487,2026-09-26,1800005936.0,1800005936.0,1171.67
5488,2026-09-26,1800006008.0,1800006008.0,9974.74
5489,2026-09-27,1800006041.0,1800006041.0,2408.48
5490,2026-09-27,1800000110.0,1800000110.0,933.49
5491,2026-09-28,1800000123.0,1800000123.0,2866.93
5492,2026-09-28,1800000194.0,1800000194.0,5652.13
5493,2026-09-27,1800000205.0,1800000205.0,1574.32
5494,2026-09-27,1800000295.0,1800000295.0,2118.12
5495,2026-09-27,1800000398.0,1800000398.0,6665.48
5496,2026-09-28,1800000400.0,1800000400.0,1647.64
5497,2026-09-28,1800000403.0,1800000403.0,12096.55
5498,2026-09-28,1800000423.0,1800000423.0,3915.86
5499,2026-09-28,1800000475.0,1800000475.0,2337.65
5500,2026-09-28,1800000496.0,1800000496.0,513.9
5501,2026-09-28,1800000561.0,1800000561.0,761.14
5502,2026-09-28,1800000567.0,1800000567.0,1391.65
5503,2026-09-27,1800000653.0,1800000653.0,1913.12
5504,2026-09-27,1800000679.0,1800000679.0,9479.56
5505,2026-09-28,1800000807.0,1800000807.0,1589.06
5506,2026-09-28,1800000817.0,1800000817.0,16568.39
5507,2026-09-28,1800000883.0,1800000883.0,5650.82
5508,2026-09-27,1800000953.0,1800000953.0,5314.19
5509,2026-09-28,1800000975.0,1800000975.0,12574.84
5510,2026-09-27,1800000979.0,1800000979.0,504.34
5511,2026-09-28,1800000983.0,1800000983.0,2375.09
5512,2026-09-28,1800001045.0,1800001045.0,4577.42
5513,2026-09-27,1800001066.0,1800001066.0,2912.78
5514,2026-09-27,1800001070.0,1800001070.0,2047.3
5515,2026-09-28,1800001117.0,1800001117.0,465.55
5516,2026-09-28,1800001125.0,1800001125.0,14069.1
5517,2026-09-28,1800001139.0,1800001139.0,2149.55
5518,2026-09-27,1800001210.0,1800001210.0,956.76
5519,2026-09-27,1800001258.0,1800001258.0,2538.23
5520,2026-09-28,1800001318.0,1800001318.0,7400.19
5521,2026-09-28,1800001344.0,1800001344.0,3266.79
5522,2026-09-27,1800001423.0,1800001423.0,3483.9
5523,2026-09-27,1800001502.0,1800001502.0,3093.92
5524,2026-09-27,1800001579.0,1800001579.0,11389.11
5525,2026-09-28,1800001673.0,1800001673.0,6606.87
5526,2026-09-28,1800001721.0,1800001721.0,18233.97
5527,2026-09-28,1800001820.0,1800001820.0,14856.98
5528,2026-09-28,1800001840.0,1800001840.0,6240.34
5529,2026-09-28,1800001904.0,1800001904.0,2287.98
5530,2026-09-28,1800001945.0,1800001945.0,6879.63
5531,2026-09-27,1800001960.0,1800001960.0,5459.44
5532,2026-09-28,1800001963.0,1800001963.0,2228.49
5533,2026-09-28,1800001999.0,1800001999.0,4280.01
5534,2026-09-28,1800002054.0,1800002054.0,261.27
5535,2026-09-28,1800002116.0,1800002116.0,4281.33
5536,2026-09-27,1800002150.0,1800002150.0,732.36
5537,2026-09-27,1800002155.0,1800002155.0,12093.98
5538,2026-09-27,1800002284.0,1800002284.0,501.62
5539,2026-09-27,1800002321.0,1800002321.0,983.54
5540,2026-09-27,1800002339.0,1800002339.0,1192.6
5541,2026-09-28,1800002384.0,1800002384.0,851.12
5542,2026-09-28,1800002385.0,1800002385.0,2842.53
5543,2026-09-28,1800002411.0,1800002411.0,933.31
5544,2026-09-27,1800002412.0,1800002412.0,11876.01
5545,2026-09-27,1800002483.0,1800002483.0,6561.69
5546,2026-09-27,1800002580.0,1800002580.0,9512.67
5547,2026-09-28,1800002613.0,1800002613.0,648.84
5548,2026-09-27,1800002615.0,1800002615.0,2859.34
5549,2026-09-28,1800002645.0,1800002645.0,704.3
5550,2026-09-28,1800002652.0,1800002652.0,4282.87
5551,2026-09-27,1800002687.0,1800002687.0,1817.59
5552,2026-09-28,1800002759.0,1800002759.0,8708.2
5553,2026-09-27,1800002813.0,1800002813.0,1094.02
5554,2026-09-28,1800002860.0,1800002860.0,3888.12
5555,2026-09-28,1800002968.0,1800002968.0,3117.98
5556,2026-09-27,1800002987.0,1800002987.0,1720.71
5557,2026-09-28,1800003038.0,1800003038.0,199.3
5558,2026-09-27,1800003092.0,1800003092.0,3773.92
5559,2026-09-27,1800003246.0,1800003246.0,8615.41
5560,2026-09-27,1800003319.0,1800003319.0,1045.37
5561,2026-09-27,1800003326.0,1800003326.0,4591.22
5562,2026-09-27,1800003371.0,1800003371.0,5722.95
5563,2026-09-27,1800003416.0,1800003416.0,2700.34
5564,2026-09-28,1800003418.0,1800003418.0,2112.37
5565,2026-09-27,1800003563.0,1800003563.0,2070.15
5566,2026-09-28,1800003595.0,1800003595.0,3904.4
5567,2026-09-28,1800003600.0,1800003600.0,2717.28
5568,2026-09-27,1800003654.0,1800003654.0,19804.36
5569,2026-09-27,1800003659.0,1800003659.0,7629.55
5570,2026-09-27,1800003729.0,1800003729.0,7494.92
5571,2026-09-27,1800003782.0,1800003782.0,192.38
5572,2026-09-28,1800003786.0,1800003786.0,7036.15
5573,2026-09-27,1800003810.0,1800003810.0,6901.53
5574,2026-09-27,1800003823.0,1800003823.0,575.49
5575,2026-09-27,1800003877.0,1800003877.0,2235.17
5576,2026-09-28,1800003957.0,1800003957.0,527.52
5577,2026-09-27,1800003987.0,1800003987.0,4725.98
5578,2026-09-27,1800004050.0,1800004050.0,2230.56
5579,2026-09-27,1800004058.0,1800004058.0,1891.48
5580,2026-09-28,1800004117.0,1800004117.0,188.95
5581,2026-09-27,1800004163.0,1800004163.0,4037.34
5582,2026-09-28,1800004168.0,1800004168.0,1554.62
5583,2026-09-27,1800004281.0,1800004281.0,3798.49
5584,2026-09-28,1800004303.0,1800004303.0,655.58
5585,2026-09-27,1800004305.0,1800004305.0,3556.57
5586,2026-09-28,1800004322.0,1800004322.0,4444.08
5587,2026-09-28,1800004447.0,1800004447.0,411.7
5588,2026-09-28,1800004577.0,1800004577.0,759.56
5589,2026-09-28,1800004594.0,1800004594.0,5207.77
5590,2026-09-27,1800004613.0,1800004613.0,1107.22
5591,2026-09-27,1800004634.0,1800004634.0,1022.11
5592,2026-09-28,1800004700.0,1800004700.0,1820.96
5593,2026-09-27,1800004709.0,1800004709.0,2012.5
5594,2026-09-27,1800004746.0,1800004746.0,600.65
5595,2026-09-28,1800004750.0,1800004750.0,9611.47
5596,2026-09-27,1800004799.0,1800004799.0,236.3
5597,2026-09-28,1800004848.0,1800004848.0,9494.02
5598,2026-09-28,1800004903.0,1800004903.0,3241.42
5599,2026-09-27,1800004923.0,1800004923.0,2833.71
5600,2026-09-27,1800004937.0,1800004937.0,4222.83
5601,2026-09-28,1800005123.0,1800005123.0,500.79
5602,2026-09-28,1800005143.0,1800005143.0,6085.59
5603,2026-09-27,1800005250.0,1800005250.0,10153.72
5604,2026-09-27,1800005311.0,1800005311.0,1632.96
5605,2026-09-27,1800005438.0,1800005438.0,14629.74
5606,2026-09-28,1800005489.0,1800005489.0,483.07
5607,2026-09-28,1800005492.0,1800005492.0,192.01
5608,2026-09-28,1800005530.0,1800005530.0,2748.2
5609,2026-09-27,1800005543.0,1800005543.0,3390.61
5610,2026-09-27,1800005548.0,1800005548.0,3277.75
5611,2026-09-28,1800005567.0,1800005567.0,495.17
5612,2026-09-27,1800005634.0,1800005634.0,14884.29
5613,2026-09-28,1800005717.0,1800005717.0,3188.99
5614,2026-09-28,1800005744.0,1800005744.0,1605.41
5615,2026-09-28,1800005749.0,1800005749.0,4607.52
5616,2026-09-27,1800005864.0,1800005864.0,2932.09
5617,2026-09-28,1800005871.0,1800005871.0,3128.48
5618,2026-09-28,1800005949.0,1800005949.0,7401.21
5619,2026-09-28,1800005978.0,1800005978.0,4671.39
5620,2026-09-28,1800006023.0,1800006023.0,5031.01
5621,2026-09-28,1800006027.0,1800006027.0,2192.49
5622,2026-09-28,1800006078.0,1800006078.0,2488.46
5623,2026-09-28,1800006154.0,1800006154.0,14784.97
5624,2026-09-28,1800000102.0,1800000102.0,1664.73
5625,2026-09-28,1800000118.0,1800000118.0,1884.81
5626,2026-09-29,1800000152.0,1800000152.0,2716.94
5627,2026-09-28,1800000284.0,1800000284.0,4741.87
5628,2026-09-28,1800000343.0,1800000343.0,4167.26
5629,2026-09-29,1800000381.0,1800000381.0,916.75
5630,2026-09-28,1800000442.0,1800000442.0,6713.55
5631,2026-09-28,1800000458.0,1800000458.0,5446.55
5632,2026-09-28,1800000515.0,1800000515.0,2725.63
5633,2026-09-28,1800000520.0,1800000520.0,6213.42
5634,2026-09-28,1800000522.0,1800000522.0,14210.39
5635,2026-09-29,1800000620.0,1800000620.0,4409.69
5636,2026-09-28,1800000667.0,1800000667.0,3922.9
5637,2026-09-28,1800000743.0,1800000743.0,9922.09
5638,2026-09-28,1800000758.0,1800000758.0,189.99
5639,2026-09-28,1800000867.0,1800000867.0,4088.36
5640,2026-09-29,1800000915.0,1800000915.0,2072.3
5641,2026-09-29,1800000943.0,1800000943.0,2088.85
5642,2026-09-28,1800000947.0,1800000947.0,2494.14
5643,2026-09-29,1800001003.0,1800001003.0,13514.35
5644,2026-09-28,1800001031.0,1800001031.0,1875.08
5645,2026-09-28,1800001041.0,1800001041.0,12944.89
5646,2026-09-28,1800001189.0,1800001189.0,915.66
5647,2026-09-29,1800001223.0,1800001223.0,658.23
5648,2026-09-28,1800001346.0,1800001346.0,618.2
5649,2026-09-29,1800001393.0,1800001393.0,3422.55
5650,2026-09-28,1800001442.0,1800001442.0,4481.51
5651,2026-09-29,1800001471.0,1800001471.0,2567.7
5652,2026-09-29,1800001484.0,1800001484.0,4063.81
5653,2026-09-28,1800001516.0,1800001516.0,474.98
5654,2026-09-28,1800001541.0,1800001541.0,5056.29
5655,2026-09-28,1800001542.0,1800001542.0,1351.24
5656,2026-09-29,1800001593.0,1800001593.0,3858.75
5657,2026-09-28,1800001602.0,1800001602.0,1682.49
5658,2026-09-28,1800001618.0,1800001618.0,6420.43
5659,2026-09-28,1800001632.0,1800001632.0,11142.51
5660,2026-09-28,1800001699.0,1800001699.0,1972.95
5661,2026-09-28,1800001826.0,1800001826.0,875.0
5662,2026-09-29,1800001830.0,1800001830.0,1876.97
5663,2026-09-28,1800001863.0,1800001863.0,5131.35
5664,2026-09-28,1800001957.0,1800001957.0,1827.08
5665,2026-09-29,1800002018.0,1800002018.0,2385.91
5666,2026-09-28,1800002082.0,1800002082.0,664.71
5667,2026-09-29,1800002127.0,1800002127.0,1130.49
5668,2026-09-29,1800002171.0,1800002171.0,2019.43
5669,2026-09-28,1800002172.0,1800002172.0,367.14
5670,2026-09-29,1800002468.0,1800002468.0,443.02
5671,2026-09-28,1800002482.0,1800002482.0,6062.53
5672,2026-09-28,1800002542.0,1800002542.0,3415.23
5673,2026-09-28,1800002609.0,1800002609.0,845.84
5674,2026-09-28,1800002795.0,1800002795.0,797.4
5675,2026-09-29,1800002814.0,1800002814.0,3445.3
5676,2026-09-29,1800002910.0,1800002910.0,845.88
5677,2026-09-28,1800002919.0,1800002919.0,2637.61
5678,2026-09-28,1800002941.0,1800002941.0,2629.92
5679,2026-09-28,1800002976.0,1800002976.0,10857.27
5680,2026-09-29,1800003097.0,1800003097.0,886.9
5681,2026-09-28,1800003155.0,1800003155.0,1382.8
5682,2026-09-28,1800003249.0,1800003249.0,12011.98
5683,2026-09-28,1800003251.0,1800003251.0,5445.01
5684,2026-09-29,1800003542.0,1800003542.0,8224.68
5685,2026-09-28,1800003742.0,1800003742.0,6974.19
5686,2026-09-28,1800003771.0,1800003771.0,15702.66
5687,2026-09-28,1800003865.0,1800003865.0,10050.26
5688,2026-09-29,1800003885.0,1800003885.0,7189.38
5689,2026-09-28,1800004004.0,1800004004.0,349.3
5690,2026-09-29,1800004057.0,1800004057.0,1123.22
5691,2026-09-29,1800004093.0,1800004093.0,2700.02
5692,2026-09-28,1800004104.0,1800004104.0,2120.08
5693,2026-09-28,1800004162.0,1800004162.0,3660.77
5694,2026-09-29,1800004185.0,1800004185.0,5346.63
5695,2026-09-29,1800004306.0,1800004306.0,1731.46
5696,2026-09-28,1800004314.0,1800004314.0,1937.28
5697,2026-09-29,1800004385.0,1800004385.0,380.9
5698,2026-09-28,1800004424.0,1800004424.0,1750.95
5699,2026-09-29,1800004439.0,1800004439.0,535.83
5700,2026-09-28,1800004475.0,1800004475.0,4139.15
5701,2026-09-29,1800004498.0,1800004498.0,16458.71
5702,2026-09-28,1800004537.0,1800004537.0,2391.08
5703,2026-09-28,1800004646.0,1800004646.0,2864.63
5704,2026-09-28,1800004686.0,1800004686.0,4469.16
5705,2026-09-28,1800004715.0,1800004715.0,9412.72
5706,2026-09-28,1800004774.0,1800004774.0,1397.82
5707,2026-09-29,1800004961.0,1800004961.0,9008.75
5708,2026-09-28,1800005102.0,1800005102.0,10201.63
5709,2026-09-28,1800005297.0,1800005297.0,4790.82
5710,2026-09-28,1800005301.0,1800005301.0,6550.22
5711,2026-09-28,1800005303.0,1800005303.0,5224.02
5712,2026-09-29,1800005352.0,1800005352.0,3214.3
5713,2026-09-28,1800005388.0,1800005388.0,6138.64
5714,2026-09-28,1800005395.0,1800005395.0,9896.93
5715,2026-09-28,1800005693.0,1800005693.0,1726.26
5716,2026-09-29,1800005759.0,1800005759.0,3691.44
5717,2026-09-28,1800005845.0,1800005845.0,15741.18
5718,2026-09-28,1800006037.0,1800006037.0,792.94
5719,2026-09-29,1800000005.0,1800000005.0,4727.41
5720,2026-09-29,1800000662.0,1800000662.0,718.43
5721,2026-09-29,1800000753.0,1800000753.0,1021.65
5722,2026-09-29,1800000823.0,1800000823.0,5581.36
5723,2026-09-29,1800000971.0,1800000971.0,1103.49
5724,2026-09-29,1800001080.0,1800001080.0,1727.41
5725,2026-09-29,1800001094.0,1800001094.0,790.26
5726,2026-09-29,1800001239.0,1800001239.0,2917.99
5727,2026-09-29,1800001292.0,1800001292.0,2362.79
5728,2026-09-29,1800002347.0,1800002347.0,2664.32
5729,2026-09-29,1800003159.0,1800003159.0,1027.61
5730,2026-09-29,1800003331.0,1800003331.0,10594.73
5731,2026-09-29,1800003430.0,1800003430.0,6768.38
5732,2026-09-29,1800003599.0,1800003599.0,2239.22
5733,2026-09-29,1800003774.0,1800003774.0,3076.89
5734,2026-09-29,1800003935.0,1800003935.0,11129.19
5735,2026-09-29,1800004008.0,1800004008.0,3115.85
5736,2026-09-29,1800004175.0,1800004175.0,3531.96
5737,2026-09-29,1800004215.0,1800004215.0,827.27
5738,2026-09-29,1800004393.0,1800004393.0,6004.78
5739,2026-09-29,1800004474.0,1800004474.0,602.55
5740,2026-09-29,1800004569.0,1800004569.0,891.86
5741,2026-09-29,1800004602.0,1800004602.0,2515.81
5742,2026-09-29,1800004804.0,1800004804.0,916.23
5743,2026-09-29,1800004892.0,1800004892.0,3328.49
5744,2026-09-29,1800004916.0,1800004916.0,768.44
5745,2026-09-29,1800005184.0,1800005184.0,3541.83
5746,2026-09-29,1800005644.0,1800005644.0,1143.88
5747,2026-09-29,1800005806.0,1800005806.0,3228.77
5748,2026-09-03,1800004407.0,1800004407.0,1905.28
5749,2026-09-06,1800003075.0,1800003075.0,457.37
5750,2026-09-06,1800003104.0,1800003104.0,650.55
5751,2026-09-08,1800001838.0,1800001838.0,1123.42
5752,2026-09-12,1800004040.0,1800004040.0,1992.33
5753,2026-09-12,1800004184.0,1800004184.0,6062.44
5754,2026-09-13,1800004608.0,1800004608.0,3927.88
5755,2026-09-15,1800002996.0,1800002996.0,1117.87
5756,2026-09-17,1800003247.0,1800003247.0,1049.21
5757,2026-09-19,1800002099.0,1800002099.0,419.38
5758,2026-09-22,1800005515.0,1800005515.0,6292.09
5759,2026-09-29,1800003976.0,1800003976.0,5804.79
5760,2026-09-29,1800005450.0,1800005450.0,8576.96
