,Document Date,Document Number,XDoc No.,Amount
0,2026-09-07,180000000,1800000000,5255.19
1,2026-09-12,180000001,1800000001,5190.94
2,2026-09-03,180000003,1800000003,2508.14
3,2026-09-14,180000004,1800000004,3833.99
4,2026-10-01,180000005,1800000005,4727.41
5,2026-09-06,180000006,1800000006,216.2
6,2026-09-28,180000007,1800000007,817.38
7,2026-09-19,180000008,1800000008,5594.01
8,2026-09-25,180000009,1800000009,4892.94
9,2026-09-11,180000010,1800000010,5337.26
10,2026-09-12,180000011,1800000011,363.84
11,2026-09-10,180000012,1800000012,2117.46
12,2026-09-28,180000013,1800000013,794.56
13,2026-09-02,180000014,1800000014,586.67
14,2026-09-15,180000015,1800000015,2327.91
15,2026-09-19,180000016,1800000016,1923.93
16,2026-09-12,180000017,1800000017,3168.17
17,2026-09-22,180000018,1800000018,6980.72
18,2026-09-27,180000019,1800000019,5856.82
19,2026-09-03,180000020,1800000020,501.35
20,2026-09-05,180000021,1800000021,10083.23
21,2026-09-07,180000022,1800000022,4215.05
22,2026-09-20,180000023,1800000023,11444.5
23,2026-09-07,180000024,1800000024,2368.74
24,2026-09-07,180000026,1800000026,7925.33
25,2026-09-04,180000027,1800000027,158.83
26,2026-09-14,180000028,1800000028,9715.26
27,2026-09-22,180000029,1800000029,575.56
28,2026-09-28,180000030,1800000030,4729.61
29,2026-09-22,180000031,1800000031,317.57
30,2026-09-18,180000032,1800000032,1850.28
31,2026-09-16,180000033,1800000033,448.09
32,2026-09-09,180000034,1800000034,2496.84
33,2026-09-17,180000035,1800000035,624.98
34,2026-09-19,180000036,1800000036,1706.16
35,2026-09-15,180000037,1800000037,3941.34
36,2026-09-09,180000038,1800000038,14519.53
37,2026-09-15,180000039,1800000039,1238.75
38,2026-09-28,180000040,1800000040,546.85
39,2026-09-11,180000041,1800000041,918.95
40,2026-09-01,180000042,1800000042,1857.51
41,2026-09-09,180000043,1800000043,657.41
42,2026-09-09,180000044,1800000044,869.79
43,2026-09-08,180000045,1800000045,1219.96
44,2026-09-20,180000046,1800000046,2125.46
45,2026-09-23,180000047,1800000047,517.47
46,2026-09-25,180000048,1800000048,856.26
47,2026-09-05,180000049,1800000049,287.9
48,2026-09-06,180000050,1800000050,10572.8
49,2026-09-03,180000052,1800000052,8145.17
50,2026-09-14,180000053,1800000053,2956.28
51,2026-09-02,180000054,1800000054,1989.1
52,2026-09-20,180000055,1800000055,2114.07
53,2026-09-14,180000057,1800000057,861.37
54,2026-09-13,180000058,1800000058,900.1
55,2026-09-22,180000059,1800000059,6002.85
56,2026-09-22,180000060,1800000060,2270.39
57,2026-09-20,180000061,1800000061,2429.68
58,2026-09-20,180000062,1800000062,2136.8
59,2026-09-05,180000063,1800000063,2567.79
60,2026-09-19,180000065,1800000065,6395.62
61,2026-09-09,180000066,1800000066,6958.95
62,2026-09-27,180000067,1800000067,5105.55
63,2026-09-07,180000068,1800000068,387.8
64,2026-09-10,180000069,1800000069,7180.13
65,2026-09-17,180000070,1800000070,1327.55
66,2026-09-13,180000071,1800000071,3874.42
67,2026-09-15,180000072,1800000072,551.98
68,2026-09-15,180000073,1800000073,295.72
69,2026-09-09,180000074,1800000074,4758.02
70,2026-09-21,180000075,1800000075,10200.3
71,2026-09-04,180000076,1800000076,3902.58
72,2026-09-06,180000077,1800000077,597.42
73,2026-09-24,180000078,1800000078,596.47
74,2026-09-22,180000079,1800000079,4666.69
75,2026-09-10,180000080,1800000080,4441.16
76,2026-09-27,180000081,1800000081,16008.04
77,2026-09-23,180000082,1800000082,3180.84
78,2026-09-28,180000083,1800000083,5575.14
79,2026-09-10,180000084,1800000084,1235.69
80,2026-09-05,180000085,1800000085,950.37
81,2026-09-08,180000086,1800000086,2668.17
82,2026-09-25,180000087,1800000087,3076.98
83,2026-09-26,180000088,1800000088,1162.32
84,2026-09-05,180000089,1800000089,16322.47
85,2026-09-19,180000090,1800000090,1043.56
86,2026-09-28,179990091,1800000091,2438.39
87,2026-09-21,180000092,1800000092,2790.99
88,2026-09-04,180000093,1800000093,453.92
89,2026-09-19,180000094,1800000094,2840.99
90,2026-09-27,180000096,1800000096,769.61
91,2026-09-19,180000097,1800000097,20795.41
92,2026-09-28,180000098,1800000098,2998.83
93,2026-09-08,180000099,1800000099,748.81
94,2026-09-28,180000100,1800000100,2444.89
95,2026-09-09,180000101,1800000101,9418.38
96,2026-09-30,180000102,1800000102,1664.73
97,2026-09-15,180000103,1800000103,927.08
98,2026-09-10,180000104,1800000104,12559.16
99,2026-09-19,180000105,1800000105,1661.53
100,2026-09-19,180000106,1800000106,498.74
101,2026-09-21,180000107,1800000107,2958.52
102,2026-09-19,180000108,1800000108,3766.16
103,2026-09-15,180000109,1800000109,1856.2
104,2026-09-29,180000110,1800000110,933.49
105,2026-09-22,180000111,1800000111,2360.27
106,2026-09-13,180000112,1800000112,1338.14
107,2026-09-22,180000113,1800000113,1415.35
108,2026-09-28,180000114,1800000114,289.77
109,2026-09-04,180000115,1800000115,3608.7
110,2026-09-12,180000116,1800000116,5582.6
111,2026-09-05,180000117,1800000117,3814.37
112,2026-09-30,180000118,1800000118,1884.81
113,2026-09-21,180000119,1800000119,663.34
114,2026-09-23,180000120,1800000120,2659.12
115,2026-09-19,180000121,1800000121,992.11
116,2026-09-03,180000122,1800000122,5776.21
117,2026-09-29,180000123,1800000123,2866.93
118,2026-09-26,180000124,1800000124,703.69
119,2026-09-26,180000125,1800000125,539.35
120,2026-09-09,180000126,1800000126,3097.99
121,2026-09-11,180000127,1800000127,1236.97
122,2026-09-16,180000128,1800000128,5346.83
123,2026-09-06,180000130,1800000130,2237.47
124,2026-09-16,180000131,1800000131,11375.54
125,2026-09-24,180000132,1800000132,21225.56
126,2026-09-24,179990133,1800000133,3933.3
127,2026-09-18,180000134,1800000134,5841.91
128,2026-09-16,180000135,1800000135,846.15
129,2026-09-20,180000136,1800000136,8232.92
130,2026-09-09,180000137,1800000137,4661.99
131,2026-09-07,180000138,1800000138,547.05
132,2026-09-09,180000139,1800000139,3105.39
133,2026-09-21,180000140,1800000140,1962.97
134,2026-09-11,180000141,1800000141,4471.47
135,2026-09-09,180000142,1800000142,17521.31
136,2026-09-05,180000143,1800000143,5730.95
137,2026-09-25,180000144,1800000144,7001.93
138,2026-09-07,179990145,1800000145,4971.11
139,2026-09-19,180000146,1800000146,795.66
140,2026-09-24,180000147,1800000147,3700.04
141,2026-09-20,180000148,1800000148,5027.04
142,2026-09-21,180000149,1800000149,4329.18
143,2026-09-24,180000150,1800000150,9910.26
144,2026-09-07,180000151,1800000151,5597.53
145,2026-09-30,180000152,1800000152,2716.94
146,2026-09-04,180000153,1800000153,2596.48
147,2026-09-23,180000154,1800000154,1191.01
148,2026-09-25,180000155,1800000155,5256.04
149,2026-09-24,180000156,1800000156,2568.94
150,2026-09-18,180000157,1800000157,773.75
151,2026-09-30,180000158,1800000158,6040.29
152,2026-09-04,180000159,1800000159,610.26
153,2026-09-06,180000160,1800000160,11388.7
154,2026-09-06,180000161,1800000161,7351.49
155,2026-09-14,180000162,1800000162,474.43
156,2026-09-24,180000164,1800000164,10415.08
157,2026-09-12,180000165,1800000165,1621.7
158,2026-09-27,180000166,1800000166,697.41
159,2026-09-07,180000167,1800000167,331.62
160,2026-09-28,180000168,1800000168,785.01
161,2026-09-16,180000169,1800000169,8302.92
162,2026-09-12,180000170,1800000170,210.87
163,2026-09-21,180000171,1800000171,514.29
164,2026-09-06,180000173,1800000173,2356.2
165,2026-09-10,180000174,1800000174,12370.68
166,2026-09-27,179990175,1800000175,271.15
167,2026-09-28,180000176,1800000176,1275.57
168,2026-09-23,180000177,1800000177,6772.66
169,2026-09-07,179990179,1800000179,680.66
170,2026-09-08,180000180,1800000180,206.24
171,2026-09-09,180000181,1800000181,1581.56
172,2026-09-04,180000182,1800000182,2642.97
173,2026-09-26,180000183,1800000183,244.04
174,2026-09-04,180000185,1800000185,3682.57
175,2026-09-03,180000186,1800000186,1461.31
176,2026-09-09,180000187,1800000187,6338.66
177,2026-09-19,180000189,1800000189,858.77
178,2026-09-25,180000190,1800000190,1057.98
179,2026-09-07,180000191,1800000191,1591.64
180,2026-09-05,180000192,1800000192,3914.58
181,2026-09-01,180000193,1800000193,4295.93
182,2026-09-29,180000194,1800000194,5652.13
183,2026-09-16,180000195,1800000195,756.96
184,2026-09-04,180000196,1800000196,1404.4
185,2026-09-07,180000197,1800000197,3220.5
186,2026-09-09,180000198,1800000198,4315.16
187,2026-09-03,180000199,1800000199,3851.94
188,2026-09-08,180000200,1800000200,7918.41
189,2026-09-26,180000201,1800000201,10163.92
190,2026-09-03,180000202,1800000202,8364.13
191,2026-09-07,180000203,1800000203,5021.18
192,2026-09-04,180000204,1800000204,453.24
193,2026-09-29,180000205,1800000205,1574.32
194,2026-09-26,179990206,1800000206,644.08
195,2026-09-06,180000207,1800000207,5818.52
196,2026-09-24,180000208,1800000208,3271.24
197,2026-09-26,180000209,1800000209,5393.48
198,2026-09-18,180000210,1800000210,2624.31
199,2026-09-19,180000211,1800000211,3182.73
200,2026-09-18,180000212,1800000212,533.69
201,2026-09-08,180000213,1800000213,4944.02
202,2026-09-03,180000214,1800000214,3407.33
203,2026-09-14,180000215,1800000215,3356.09
204,2026-09-15,180000216,1800000216,8123.47
205,2026-09-14,180000217,1800000217,1871.58
206,2026-09-05,180000218,1800000218,1097.43
207,2026-09-11,180000219,1800000219,426.82
208,2026-09-08,180000220,1800000220,8050.91
209,2026-09-26,180000221,1800000221,1560.9
210,2026-09-23,180000222,1800000222,5798.48
211,2026-09-21,180000223,1800000223,3802.67
212,2026-09-07,180000224,1800000224,1314.74
213,2026-09-07,180000225,1800000225,1408.95
214,2026-09-11,180000226,1800000226,5591.05
215,2026-09-22,180000227,1800000227,3103.25
216,2026-09-17,180000228,1800000228,3458.15
217,2026-09-17,180000229,1800000229,1566.7
218,2026-09-23,179990230,1800000230,1680.42
219,2026-09-03,180000231,1800000231,653.8
220,2026-09-08,180000232,1800000232,1453.79
221,2026-09-18,180000233,1800000233,7409.0
222,2026-09-15,180000234,1800000234,2183.25
223,2026-09-18,180000235,1800000235,912.07
224,2026-09-03,180000236,1800000236,5268.16
225,2026-09-15,180000237,1800000237,961.53
226,2026-09-16,180000238,1800000238,2154.39
227,2026-09-21,180000239,1800000239,6331.08
228,2026-09-18,180000240,1800000240,4200.89
229,2026-09-07,179990241,1800000241,2925.1
230,2026-09-26,180000242,1800000242,3936.99
231,2026-09-17,180000243,1800000243,2354.68
232,2026-09-20,180000244,1800000244,2048.84
233,2026-09-10,179990245,1800000245,1972.81
234,2026-09-12,180000246,1800000246,2150.56
235,2026-09-24,180000247,1800000247,566.09
236,2026-09-05,180000248,1800000248,576.83
237,2026-09-11,180000250,1800000250,1162.88
238,2026-09-06,180000251,1800000251,216.32
239,2026-09-21,180000252,1800000252,4319.41
240,2026-09-23,180000253,1800000253,3859.86
241,2026-09-25,180000254,1800000254,4718.83
242,2026-09-12,180000255,1800000255,248.54
243,2026-09-13,180000256,1800000256,4303.48
244,2026-09-26,180000257,1800000257,720.19
245,2026-09-14,180000258,1800000258,2935.61
246,2026-09-24,180000259,1800000259,3122.51
247,2026-09-19,180000260,1800000260,10889.83
248,2026-09-29,180000261,1800000261,1310.3
249,2026-09-05,180000262,1800000262,3289.14
250,2026-09-28,180000263,1800000263,1452.79
251,2026-09-11,180000264,1800000264,158.89
252,2026-09-04,180000265,1800000265,3958.04
253,2026-09-11,180000266,1800000266,3503.19
254,2026-09-16,180000267,1800000267,1354.52
255,2026-09-14,180000268,1800000268,3672.39
256,2026-09-14,180000269,1800000269,13988.7
257,2026-09-24,180000270,1800000270,4384.74
258,2026-09-21,180000271,1800000271,357.26
259,2026-09-12,180000272,1800000272,2896.72
260,2026-09-17,180000273,1800000273,1603.75
261,2026-09-05,180000274,1800000274,3068.31
262,2026-09-17,180000275,1800000275,1493.67
263,2026-09-08,180000276,1800000276,11836.06
264,2026-09-28,180000277,1800000277,1361.71
265,2026-09-01,180000278,1800000278,2640.17
266,2026-09-27,180000279,1800000279,8227.07
267,2026-09-12,180000280,1800000280,1603.54
268,2026-09-07,180000281,1800000281,4936.95
269,2026-09-18,180000282,1800000282,3195.94
270,2026-09-15,180000283,1800000283,448.09
271,2026-09-30,180000284,1800000284,4741.87
272,2026-09-03,180000285,1800000285,12541.49
273,2026-09-12,180000286,1800000286,2731.03
274,2026-09-12,180000287,1800000287,606.99
275,2026-09-21,180000288,1800000288,4787.8
276,2026-09-01,180000289,1800000289,3507.27
277,2026-09-05,180000290,1800000290,582.78
278,2026-09-15,180000291,1800000291,5137.5
279,2026-09-27,180000292,1800000292,678.37
280,2026-09-25,180000293,1800000293,8188.54
281,2026-09-12,180000294,1800000294,1182.93
282,2026-09-29,180000295,1800000295,2118.12
283,2026-09-10,180000296,1800000296,2274.29
284,2026-09-20,180000297,1800000297,2452.68
285,2026-09-23,180000298,1800000298,3296.38
286,2026-09-02,180000299,1800000299,1975.6
287,2026-09-19,180000300,1800000300,3818.95
288,2026-09-24,180000301,1800000301,1660.65
289,2026-09-26,180000302,1800000302,1859.11
290,2026-09-23,180000303,1800000303,6558.0
291,2026-09-04,180000304,1800000304,2323.09
292,2026-09-26,180000305,1800000305,8223.85
293,2026-09-23,180000306,1800000306,804.19
294,2026-09-23,180000307,1800000307,4169.82
295,2026-09-22,180000308,1800000308,6445.98
296,2026-09-09,180000309,1800000309,2565.05
297,2026-09-27,180000310,1800000310,4449.15
298,2026-09-18,180000311,1800000311,4453.86
299,2026-09-07,180000312,1800000312,12403.78
300,2026-09-20,180000313,1800000313,948.68
301,2026-09-04,180000314,1800000314,3230.46
302,2026-09-06,180000315,1800000315,2968.8
303,2026-09-19,180000316,1800000316,3396.46
304,2026-09-06,180000317,1800000317,298.66
305,2026-09-12,180000318,1800000318,684.48
306,2026-09-21,179990319,1800000319,14047.02
307,2026-09-27,180000320,1800000320,5349.12
308,2026-09-14,180000321,1800000321,2228.21
309,2026-09-05,180000322,1800000322,1567.37
310,2026-09-02,180000323,1800000323,1784.34
311,2026-09-22,180000324,1800000324,4752.08
312,2026-09-16,180000325,1800000325,514.6
313,2026-09-25,180000326,1800000326,1296.49
314,2026-09-19,180000327,1800000327,2731.86
315,2026-09-21,180000328,1800000328,1329.95
316,2026-09-13,180000329,1800000329,827.65
317,2026-09-22,180000330,1800000330,2935.34
318,2026-09-26,180000331,1800000331,2030.81
319,2026-09-21,180000332,1800000332,1013.03
320,2026-09-27,180000333,1800000333,746.18
321,2026-09-17,180000334,1800000334,1243.76
322,2026-09-26,180000335,1800000335,4207.54
323,2026-09-03,180000336,1800000336,2967.69
324,2026-09-28,180000337,1800000337,3167.32
325,2026-09-09,180000338,1800000338,272.05
326,2026-09-05,180000339,1800000339,2067.4
327,2026-09-02,180000340,1800000340,10477.13
328,2026-09-21,180000341,1800000341,916.87
329,2026-09-23,180000342,1800000342,952.59
330,2026-09-30,180000343,1800000343,4167.26
331,2026-09-19,180000344,1800000344,602.35
332,2026-09-11,179990345,1800000345,6472.07
333,2026-09-11,180000346,1800000346,1243.38
334,2026-09-07,180000347,1800000347,1193.9
335,2026-09-26,180000348,1800000348,1564.65
336,2026-09-12,180000349,1800000349,3519.29
337,2026-09-03,180000350,1800000350,2903.35
338,2026-09-05,180000351,1800000351,9082.87
339,2026-09-13,180000352,1800000352,3381.03
340,2026-09-12,179990353,1800000353,4499.77
341,2026-09-18,180000354,1800000354,2260.37
342,2026-09-17,180000355,1800000355,3250.45
343,2026-09-14,180000356,1800000356,5869.78
344,2026-09-22,180000357,1800000357,1429.84
345,2026-09-15,180000358,1800000358,1863.9
346,2026-09-24,180000359,1800000359,1473.59
347,2026-09-11,180000360,1800000360,913.4
348,2026-09-16,180000361,1800000361,159.42
349,2026-09-01,180000362,1800000362,1322.57
350,2026-09-14,180000363,1800000363,2174.27
351,2026-09-15,180000364,1800000364,1201.18
352,2026-09-13,180000365,1800000365,5724.91
353,2026-09-05,180000366,1800000366,415.9
354,2026-09-13,180000367,1800000367,403.85
355,2026-09-11,180000368,1800000368,211.5
356,2026-09-28,180000369,1800000369,1221.27
357,2026-09-24,180000370,1800000370,2665.19
358,2026-09-19,180000371,1800000371,332.25
359,2026-09-08,180000372,1800000372,3395.48
360,2026-09-18,180000373,1800000373,1768.44
361,2026-09-04,180000374,1800000374,11145.45
362,2026-09-28,180000375,1800000375,3028.91
363,2026-09-08,180000376,1800000376,3405.66
364,2026-09-24,180000377,1800000377,522.58
365,2026-09-14,180000378,1800000378,2778.89
366,2026-09-09,180000379,1800000379,2255.99
367,2026-09-13,180000380,1800000380,408.51
368,2026-09-30,180000381,1800000381,916.75
369,2026-09-24,180000382,1800000382,2530.78
370,2026-09-25,180000383,1800000383,2580.4
371,2026-09-15,180000384,1800000384,5245.85
372,2026-09-08,180000385,1800000385,5018.47
373,2026-09-11,180000386,1800000386,872.31
374,2026-09-25,180000387,1800000387,14063.16
375,2026-09-28,180000388,1800000388,5703.11
376,2026-09-23,180000389,1800000389,4370.35
377,2026-09-25,180000390,1800000390,3355.4
378,2026-09-18,180000391,1800000391,902.75
379,2026-09-06,180000392,1800000392,3542.65
380,2026-09-17,180000393,1800000393,641.37
381,2026-09-19,180000394,1800000394,3333.83
382,2026-09-04,180000395,1800000395,1414.08
383,2026-09-16,180000396,1800000396,4320.97
384,2026-09-12,180000397,1800000397,3680.44
385,2026-09-29,180000398,1800000398,6665.48
386,2026-09-28,180000399,1800000399,6169.0
387,2026-09-29,179990400,1800000400,1647.64
388,2026-09-20,180000401,1800000401,248.6
389,2026-09-23,180000402,1800000402,1710.12
390,2026-09-29,180000403,1800000403,12096.55
391,2026-09-19,180000404,1800000404,1479.99
392,2026-09-04,180000405,1800000405,387.67
393,2026-09-08,179990406,1800000406,5808.61
394,2026-09-09,180000407,1800000407,2261.9
395,2026-09-11,180000408,1800000408,762.72
396,2026-09-25,180000409,1800000409,6247.54
397,2026-09-24,180000410,1800000410,1405.6
398,2026-09-19,180000411,1800000411,8794.38
399,2026-09-01,180000412,1800000412,1218.08
400,2026-09-26,180000413,1800000413,7627.06
401,2026-09-20,180000414,1800000414,1493.46
402,2026-09-18,180000415,1800000415,3890.18
403,2026-09-03,180000416,1800000416,1327.65
404,2026-09-27,180000417,1800000417,4454.92
405,2026-09-03,180000419,1800000419,1460.56
406,2026-09-10,180000420,1800000420,6954.82
407,2026-09-13,180000421,1800000421,1247.77
408,2026-09-25,180000422,1800000422,324.62
409,2026-09-29,180000423,1800000423,3915.86
410,2026-09-03,180000424,1800000424,1306.04
411,2026-09-08,180000425,1800000425,5195.34
412,2026-09-01,180000426,1800000426,1122.94
413,2026-09-15,180000427,1800000427,885.9
414,2026-09-09,180000428,1800000428,4891.64
415,2026-09-16,180000429,1800000429,4195.91
416,2026-09-21,180000430,1800000430,457.79
417,2026-09-17,180000431,1800000431,657.61
418,2026-09-03,180000432,1800000432,1022.64
419,2026-09-03,180000433,1800000433,3663.68
420,2026-09-19,180000434,1800000434,4973.23
421,2026-09-20,180000435,1800000435,2223.43
422,2026-09-09,180000436,1800000436,4137.39
423,2026-09-25,180000437,1800000437,7509.55
424,2026-09-19,180000438,1800000438,2973.89
425,2026-09-14,179990439,1800000439,642.46
426,2026-09-25,180000440,1800000440,5186.47
427,2026-09-19,180000441,1800000441,1370.87
428,2026-09-30,180000442,1800000442,6713.55
429,2026-09-18,180000443,1800000443,284.1
430,2026-09-07,180000444,1800000444,6679.51
431,2026-09-04,180000445,1800000445,4820.65
432,2026-09-05,180000446,1800000446,3620.36
433,2026-09-29,180000447,1800000447,1596.38
434,2026-09-28,180000448,1800000448,1658.04
435,2026-09-01,180000450,1800000450,2355.31
436,2026-09-20,180000451,1800000451,838.21
437,2026-09-22,180000452,1800000452,688.79
438,2026-09-23,180000453,1800000453,1540.47
439,2026-09-15,180000454,1800000454,3129.28
440,2026-09-05,180000455,1800000455,2236.29
441,2026-09-16,180000456,1800000456,3001.58
442,2026-09-21,180000457,1800000457,3076.93
443,2026-09-30,180000458,1800000458,5446.55
444,2026-09-25,180000459,1800000459,1930.11
445,2026-09-14,180000460,1800000460,8743.33
446,2026-09-27,180000461,1800000461,2957.77
447,2026-09-21,180000462,1800000462,6226.09
448,2026-09-02,180000463,1800000463,725.8
449,2026-09-11,180000464,1800000464,2909.22
450,2026-09-10,180000465,1800000465,5044.13
451,2026-09-14,180000466,1800000466,4530.06
452,2026-09-13,180000467,1800000467,1219.19
453,2026-09-05,179990468,1800000468,2884.88
454,2026-09-11,180000469,1800000469,531.14
455,2026-09-12,179990470,1800000470,1425.16
456,2026-09-10,180000471,1800000471,1496.9
457,2026-09-25,180000472,1800000472,2782.92
458,2026-09-08,179990473,1800000473,3165.11
459,2026-09-20,180000474,1800000474,1007.23
460,2026-09-29,180000475,1800000475,2337.65
461,2026-09-17,180000476,1800000476,4452.54
462,2026-09-28,180000477,1800000477,4999.29
463,2026-09-28,180000478,1800000478,6593.55
464,2026-09-03,180000479,1800000479,2505.39
465,2026-09-04,180000480,1800000480,1048.22
466,2026-09-20,180000481,1800000481,5058.81
467,2026-09-15,180000482,1800000482,11913.22
468,2026-09-04,180000483,1800000483,2143.37
469,2026-09-04,180000484,1800000484,11306.88
470,2026-09-08,180000485,1800000485,9404.83
471,2026-09-22,180000486,1800000486,5406.21
472,2026-09-15,180000487,1800000487,184.37
473,2026-09-26,180000488,1800000488,2855.25
474,2026-09-25,180000489,1800000489,7956.84
475,2026-09-28,180000490,1800000490,5662.0
476,2026-09-12,180000491,1800000491,2878.43
477,2026-09-13,180000492,1800000492,1813.28
478,2026-09-22,180000493,1800000493,749.99
479,2026-09-12,180000494,1800000494,2149.38
480,2026-09-20,180000495,1800000495,1049.96
481,2026-09-29,180000496,1800000496,513.9
482,2026-09-03,180000497,1800000497,4956.59
483,2026-09-11,180000498,1800000498,8519.07
484,2026-09-25,180000500,1800000500,14812.86
485,2026-09-21,180000501,1800000501,8304.31
486,2026-09-23,180000502,1800000502,14083.31
487,2026-09-21,180000503,1800000503,1697.21
488,2026-09-28,180000504,1800000504,1674.33
489,2026-09-01,180000505,1800000505,5396.39
490,2026-09-15,180000506,1800000506,5958.01
491,2026-09-08,180000507,1800000507,4667.69
492,2026-09-18,180000508,1800000508,2324.18
493,2026-09-21,180000509,1800000509,1723.56
494,2026-09-27,180000510,1800000510,1778.08
495,2026-09-25,180000511,1800000511,5653.91
496,2026-09-07,179990512,1800000512,1649.49
497,2026-09-10,180000513,1800000513,1635.05
498,2026-09-12,180000514,1800000514,14674.17
499,2026-09-30,180000515,1800000515,2725.63
500,2026-09-03,180000516,1800000516,6746.79
501,2026-09-14,180000517,1800000517,172.77
502,2026-09-27,180000518,1800000518,2945.53
503,2026-09-21,180000519,1800000519,3893.13
504,2026-09-30,180000520,1800000520,6213.42
505,2026-09-17,180000521,1800000521,5225.63
506,2026-09-30,180000522,1800000522,14210.39
507,2026-09-08,180000523,1800000523,7188.7
508,2026-09-04,180000524,1800000524,757.49
509,2026-09-25,180000525,1800000525,2257.29
510,2026-09-18,180000526,1800000526,8419.94
511,2026-09-16,180000527,1800000527,4268.1
512,2026-09-24,180000528,1800000528,1920.48
513,2026-09-19,180000529,1800000529,5869.47
514,2026-09-15,180000530,1800000530,3205.59
515,2026-09-10,180000531,1800000531,1112.41
516,2026-09-04,180000532,1800000532,7968.05
517,2026-09-13,180000533,1800000533,1381.79
518,2026-09-14,180000534,1800000534,503.23
519,2026-09-11,180000535,1800000535,25091.39
520,2026-09-18,180000536,1800000536,924.39
521,2026-09-24,179990537,1800000537,261.7
522,2026-09-26,180000538,1800000538,2496.33
523,2026-09-22,180000539,1800000539,302.17
524,2026-09-27,180000540,1800000540,2322.99
525,2026-09-15,180000541,1800000541,1459.19
526,2026-09-29,180000542,1800000542,1368.87
527,2026-09-19,180000543,1800000543,1142.54
528,2026-09-09,180000544,1800000544,1796.63
529,2026-09-16,180000546,1800000546,1346.94
530,2026-09-06,180000547,1800000547,6628.16
531,2026-09-06,180000548,1800000548,1305.54
532,2026-09-21,180000549,1800000549,652.1
533,2026-09-11,180000550,1800000550,2460.8
534,2026-09-12,180000551,1800000551,5673.04
535,2026-09-22,180000552,1800000552,5112.23
536,2026-09-27,180000553,1800000553,2086.36
537,2026-09-21,180000554,1800000554,5968.98
538,2026-09-24,180000555,1800000555,2538.59
539,2026-09-07,180000557,1800000557,4013.13
540,2026-09-18,180000558,1800000558,2206.52
541,2026-09-21,180000559,1800000559,9200.21
542,2026-09-03,180000560,1800000560,3324.2
543,2026-09-29,180000561,1800000561,761.14
544,2026-09-22,180000562,1800000562,644.77
545,2026-09-26,180000563,1800000563,4782.5
546,2026-09-03,180000564,1800000564,2231.09
547,2026-09-20,180000565,1800000565,2560.41
548,2026-09-19,179990566,1800000566,1214.86
549,2026-09-29,180000567,1800000567,1391.65
550,2026-09-17,180000568,1800000568,9992.32
551,2026-09-06,180000569,1800000569,3012.49
552,2026-09-17,180000570,1800000570,2073.2
553,2026-09-06,180000571,1800000571,383.47
554,2026-09-21,180000572,1800000572,11348.74
555,2026-09-23,180000573,1800000573,1319.47
556,2026-09-11,180000574,1800000574,7907.33
557,2026-09-12,180000575,1800000575,3206.34
558,2026-09-15,180000576,1800000576,838.56
559,2026-09-12,180000577,1800000577,1689.45
560,2026-09-10,180000578,1800000578,3375.02
561,2026-09-16,180000579,1800000579,1708.73
562,2026-09-11,180000580,1800000580,427.51
563,2026-09-14,180000581,1800000581,758.17
564,2026-09-24,179990582,1800000582,5897.25
565,2026-09-11,180000583,1800000583,245.07
566,2026-09-25,180000584,1800000584,7670.0
567,2026-09-16,180000585,1800000585,7554.36
568,2026-09-10,180000586,1800000586,319.56
569,2026-09-25,180000587,1800000587,3239.07
570,2026-09-20,180000588,1800000588,7554.82
571,2026-09-23,180000589,1800000589,550.96
572,2026-09-15,180000590,1800000590,4135.15
573,2026-09-09,180000591,1800000591,5170.99
574,2026-09-13,180000592,1800000592,8383.16
575,2026-09-03,180000593,1800000593,1212.48
576,2026-09-26,180000594,1800000594,22126.88
577,2026-09-19,180000595,1800000595,367.65
578,2026-09-06,180000596,1800000596,5409.46
579,2026-09-26,180000597,1800000597,1024.25
580,2026-09-12,180000598,1800000598,827.85
581,2026-09-28,180000599,1800000599,319.41
582,2026-09-11,180000600,1800000600,8262.29
583,2026-09-27,180000601,1800000601,1905.21
584,2026-09-07,180000602,1800000602,3554.76
585,2026-09-01,180000603,1800000603,2276.69
586,2026-09-16,180000604,1800000604,8186.84
587,2026-09-27,180000605,1800000605,1799.33
588,2026-09-08,180000606,1800000606,1703.36
589,2026-09-13,179990607,1800000607,744.1
590,2026-09-05,180000608,1800000608,9197.87
591,2026-09-04,180000609,1800000609,2525.36
592,2026-09-07,180000610,1800000610,1186.14
593,2026-09-03,180000611,1800000611,2692.59
594,2026-09-02,180000612,1800000612,1356.5
595,2026-09-19,180000613,1800000613,4558.14
596,2026-09-18,180000614,1800000614,1594.8
597,2026-09-23,180000615,1800000615,2897.59
598,2026-09-04,180000616,1800000616,8523.82
599,2026-09-25,180000617,1800000617,3063.14
600,2026-09-06,180000618,1800000618,501.6
601,2026-09-21,180000619,1800000619,1003.92
602,2026-09-30,180000620,1800000620,4409.69
603,2026-09-23,180000621,1800000621,7309.68
604,2026-09-15,180000622,1800000622,5464.41
605,2026-09-13,180000623,1800000623,2788.8
606,2026-09-20,180000624,1800000624,2076.59
607,2026-09-15,180000625,1800000625,453.43
608,2026-09-27,180000626,1800000626,1854.99
609,2026-09-26,180000627,1800000627,4516.19
610,2026-09-19,180000628,1800000628,4717.61
611,2026-09-26,180000629,1800000629,3055.81
612,2026-09-05,180000630,1800000630,3961.5
613,2026-09-06,180000631,1800000631,2624.28
614,2026-09-01,180000632,1800000632,18518.42
615,2026-09-13,180000633,1800000633,6839.12
616,2026-09-12,180000634,1800000634,2289.55
617,2026-09-20,180000635,1800000635,2555.98
618,2026-09-12,180000636,1800000636,9722.74
619,2026-09-27,180000637,1800000637,10787.54
620,2026-09-05,180000638,1800000638,1581.78
621,2026-09-28,180000639,1800000639,307.06
622,2026-09-13,180000640,1800000640,2433.91
623,2026-09-09,180000641,1800000641,982.82
624,2026-09-26,180000642,1800000642,2319.39
625,2026-09-16,180000643,1800000643,3444.63
626,2026-09-23,180000644,1800000644,833.73
627,2026-09-14,180000645,1800000645,4837.44
628,2026-09-22,180000646,1800000646,275.81
629,2026-09-13,180000647,1800000647,235.77
630,2026-09-20,180000648,1800000648,5616.72
631,2026-09-16,180000649,1800000649,356.17
632,2026-09-12,180000650,1800000650,8206.38
633,2026-09-27,180000651,1800000651,7776.35
634,2026-09-27,180000652,1800000652,5975.98
635,2026-09-29,180000653,1800000653,1913.12
636,2026-09-17,179990654,1800000654,3705.77
637,2026-09-24,179990655,1800000655,6971.84
638,2026-09-12,180000656,1800000656,3618.47
639,2026-09-07,180000657,1800000657,6738.8
640,2026-09-11,180000658,1800000658,302.31
641,2026-09-10,180000659,1800000659,2642.74
642,2026-09-19,180000660,1800000660,3203.34
643,2026-09-27,180000661,1800000661,1956.97
644,2026-10-01,180000662,1800000662,718.43
645,2026-09-09,180000663,1800000663,14567.7
646,2026-09-23,180000664,1800000664,186.66
647,2026-09-07,180000665,1800000665,5309.5
648,2026-09-06,180000666,1800000666,204.19
649,2026-09-30,180000667,1800000667,3922.9
650,2026-09-02,180000668,1800000668,2057.28
651,2026-09-06,180000669,1800000669,1301.88
652,2026-09-19,180000670,1800000670,514.8
653,2026-09-04,179990671,1800000671,1964.51
654,2026-09-26,180000672,1800000672,4662.36
655,2026-09-20,180000673,1800000673,1876.88
656,2026-09-16,180000674,1800000674,3208.3
657,2026-09-12,180000675,1800000675,9671.21
658,2026-09-21,180000676,1800000676,2927.88
659,2026-09-20,180000677,1800000677,1585.22
660,2026-09-15,180000678,1800000678,1090.28
661,2026-09-29,180000679,1800000679,9479.56
662,2026-09-11,180000680,1800000680,6299.19
663,2026-09-15,180000681,1800000681,2040.39
664,2026-09-11,180000682,1800000682,2178.79
665,2026-09-06,180000683,1800000683,2615.45
666,2026-09-12,180000684,1800000684,4412.8
667,2026-09-13,180000685,1800000685,4216.76
668,2026-09-09,180000686,1800000686,729.69
669,2026-09-12,180000687,1800000687,738.63
670,2026-09-08,180000688,1800000688,805.58
671,2026-09-14,180000689,1800000689,9513.22
672,2026-09-03,180000690,1800000690,227.17
673,2026-09-20,180000691,1800000691,1406.45
674,2026-09-13,180000692,1800000692,599.49
675,2026-09-05,180000693,1800000693,3957.38
676,2026-09-21,180000694,1800000694,3664.6
677,2026-09-04,180000695,1800000695,9723.75
678,2026-09-08,180000696,1800000696,5714.32
679,2026-09-05,180000697,1800000697,193.53
680,2026-09-08,180000698,1800000698,5470.73
681,2026-09-10,180000699,1800000699,3864.87
682,2026-09-05,180000700,1800000700,10193.47
683,2026-09-24,180000701,1800000701,243.42
684,2026-09-03,180000702,1800000702,3825.08
685,2026-09-14,180000704,1800000704,1096.43
686,2026-09-12,180000705,1800000705,10618.96
687,2026-09-26,180000706,1800000706,6370.02
688,2026-09-10,180000707,1800000707,6788.04
689,2026-09-16,180000708,1800000708,3852.33
690,2026-09-18,180000709,1800000709,4178.5
691,2026-09-26,180000710,1800000710,1281.73
692,2026-09-09,180000711,1800000711,1222.37
693,2026-09-27,180000712,1800000712,1840.32
694,2026-09-05,180000713,1800000713,1628.29
695,2026-09-12,180000714,1800000714,1670.07
696,2026-09-17,180000715,1800000715,4305.34
697,2026-09-14,180000716,1800000716,7268.24
698,2026-09-14,180000717,1800000717,13348.01
699,2026-09-04,180000718,1800000718,7345.22
700,2026-09-18,180000719,1800000719,2514.36
701,2026-09-14,180000720,1800000720,6588.95
702,2026-09-26,180000721,1800000721,1010.74
703,2026-09-18,180000722,1800000722,1932.48
704,2026-09-24,180000723,1800000723,758.55
705,2026-09-14,180000724,1800000724,1924.22
706,2026-09-18,180000725,1800000725,8752.59
707,2026-09-11,180000726,1800000726,2033.67
708,2026-09-26,180000727,1800000727,5922.81
709,2026-09-26,180000728,1800000728,1019.24
710,2026-09-23,180000729,1800000729,1620.1
711,2026-09-09,180000730,1800000730,5821.92
712,2026-09-12,180000731,1800000731,1201.35
713,2026-09-19,180000732,1800000732,5996.33
714,2026-09-22,180000733,1800000733,1060.05
715,2026-09-21,180000734,1800000734,3865.55
716,2026-09-19,180000735,1800000735,3604.76
717,2026-09-17,180000736,1800000736,7748.34
718,2026-09-17,180000737,1800000737,1963.2
719,2026-09-19,180000738,1800000738,1887.09
720,2026-09-04,180000739,1800000739,2037.78
721,2026-09-14,180000740,1800000740,416.39
722,2026-09-24,180000741,1800000741,8187.13
723,2026-09-26,180000742,1800000742,6200.09
724,2026-09-30,180000743,1800000743,9922.09
725,2026-09-11,180000744,1800000744,592.79
726,2026-09-15,180000745,1800000745,7455.6
727,2026-09-02,180000746,1800000746,4809.46
728,2026-09-27,180000747,1800000747,1314.65
729,2026-09-27,180000748,1800000748,656.0
730,2026-09-06,180000749,1800000749,8623.05
731,2026-09-07,180000750,1800000750,8088.43
732,2026-09-03,180000751,1800000751,7132.72
733,2026-09-13,180000752,1800000752,7538.74
734,2026-10-01,180000753,1800000753,1021.65
735,2026-09-04,180000754,1800000754,5401.71
736,2026-09-27,180000755,1800000755,2921.2
737,2026-09-26,180000756,1800000756,163.82
738,2026-09-09,180000757,1800000757,626.71
739,2026-09-30,180000758,1800000758,189.99
740,2026-09-19,180000759,1800000759,616.73
741,2026-09-15,180000760,1800000760,482.6
742,2026-09-16,180000761,1800000761,2548.13
743,2026-09-24,180000762,1800000762,1231.98
744,2026-09-27,180000763,1800000763,837.13
745,2026-09-22,180000764,1800000764,2392.71
746,2026-09-03,180000765,1800000765,988.12
747,2026-09-18,180000766,1800000766,5239.04
748,2026-09-04,180000767,1800000767,1429.03
749,2026-09-19,180000768,1800000768,6809.93
750,2026-09-12,180000769,1800000769,1098.11
751,2026-09-15,180000770,1800000770,9677.33
752,2026-09-20,180000771,1800000771,4399.69
753,2026-09-09,180000772,1800000772,8638.18
754,2026-09-12,180000773,1800000773,2464.19
755,2026-09-26,180000774,1800000774,292.35
756,2026-09-24,180000775,1800000775,4583.58
757,2026-09-14,180000776,1800000776,257.15
758,2026-09-18,180000777,1800000777,10835.65
759,2026-09-16,179990778,1800000778,3793.81
760,2026-09-25,180000779,1800000779,987.93
761,2026-09-19,180000780,1800000780,9510.92
762,2026-09-19,180000781,1800000781,11062.09
763,2026-09-28,180000782,1800000782,3183.57
764,2026-09-08,180000783,1800000783,13317.58
765,2026-09-26,180000784,1800000784,12332.29
766,2026-09-03,180000785,1800000785,3285.34
767,2026-09-07,179990786,1800000786,10834.63
768,2026-09-04,180000787,1800000787,7149.34
769,2026-09-04,180000788,1800000788,7153.54
770,2026-09-06,180000789,1800000789,4579.4
771,2026-09-15,180000790,1800000790,2114.26
772,2026-09-24,180000791,1800000791,278.07
773,2026-09-23,180000792,1800000792,5758.97
774,2026-09-23,180000793,1800000793,2767.17
775,2026-09-17,180000794,1800000794,9482.0
776,2026-09-17,180000795,1800000795,3111.05
777,2026-09-25,180000796,1800000796,6315.95
778,2026-09-22,180000797,1800000797,1965.56
779,2026-09-19,180000798,1800000798,2927.99
780,2026-09-22,180000799,1800000799,727.28
781,2026-09-22,180000800,1800000800,5377.84
782,2026-09-13,180000801,1800000801,584.01
783,2026-09-23,180000802,1800000802,2135.54
784,2026-09-17,180000803,1800000803,520.99
785,2026-09-15,180000804,1800000804,376.02
786,2026-09-14,180000805,1800000805,879.95
787,2026-09-18,180000806,1800000806,1757.44
788,2026-09-29,180000807,1800000807,1589.06
789,2026-09-21,180000808,1800000808,293.7
790,2026-09-21,180000809,1800000809,2254.53
791,2026-09-23,180000810,1800000810,937.74
792,2026-09-23,180000811,1800000811,7046.12
793,2026-09-10,180000812,1800000812,1711.39
794,2026-09-11,180000813,1800000813,2605.43
795,2026-09-22,180000814,1800000814,1873.85
796,2026-09-04,180000815,1800000815,2390.14
797,2026-09-08,180000816,1800000816,2790.72
798,2026-09-29,180000817,1800000817,16568.39
799,2026-09-18,179990818,1800000818,2438.66
800,2026-09-14,180000819,1800000819,2934.21
801,2026-09-05,180000820,1800000820,580.27
802,2026-09-08,180000821,1800000821,3905.75
803,2026-09-10,180000822,1800000822,312.03
804,2026-10-01,180000823,1800000823,5581.36
805,2026-09-28,180000824,1800000824,6603.44
806,2026-09-16,180000825,1800000825,3281.49
807,2026-09-16,180000826,1800000826,8124.26
808,2026-09-05,180000827,1800000827,3266.8
809,2026-09-12,180000828,1800000828,1430.26
810,2026-09-23,180000829,1800000829,3929.03
811,2026-09-05,180000830,1800000830,905.29
812,2026-09-07,180000831,1800000831,4615.12
813,2026-09-16,180000832,1800000832,5119.98
814,2026-09-20,180000833,1800000833,959.31
815,2026-09-26,180000834,1800000834,7546.96
816,2026-09-10,180000835,1800000835,4117.54
817,2026-09-16,180000837,1800000837,4184.57
818,2026-09-13,180000838,1800000838,982.45
819,2026-09-02,180000839,1800000839,560.58
820,2026-09-05,180000840,1800000840,945.08
821,2026-09-21,180000841,1800000841,9157.31
822,2026-09-27,180000842,1800000842,4524.2
823,2026-09-12,180000843,1800000843,436.52
824,2026-09-20,180000844,1800000844,3155.47
825,2026-09-16,180000845,1800000845,1319.34
826,2026-09-12,180000846,1800000846,1204.62
827,2026-09-27,180000847,1800000847,3731.8
828,2026-09-04,180000848,1800000848,1597.52
829,2026-09-15,180000849,1800000849,5645.42
830,2026-09-16,180000850,1800000850,11678.65
831,2026-09-27,179990852,1800000852,9221.16
832,2026-09-16,180000853,1800000853,4251.4
833,2026-09-09,180000854,1800000854,1377.16
834,2026-09-04,180000855,1800000855,7822.73
835,2026-09-08,180000856,1800000856,3583.42
836,2026-09-03,180000857,1800000857,5021.27
837,2026-09-14,180000858,1800000858,4439.87
838,2026-09-03,180000859,1800000859,2393.48
839,2026-09-22,180000860,1800000860,2480.08
840,2026-09-02,180000861,1800000861,2899.97
841,2026-09-22,180000862,1800000862,2456.17
842,2026-09-22,180000863,1800000863,5752.92
843,2026-09-10,180000864,1800000864,406.35
844,2026-09-21,180000865,1800000865,4213.86
845,2026-09-16,180000866,1800000866,10226.63
846,2026-09-30,180000867,1800000867,4088.36
847,2026-09-07,180000868,1800000868,11335.72
848,2026-09-15,180000869,1800000869,1968.7
849,2026-09-14,180000870,1800000870,2566.75
850,2026-09-18,180000871,1800000871,2443.41
851,2026-09-26,180000872,1800000872,636.35
852,2026-09-08,180000873,1800000873,4930.48
853,2026-09-02,180000874,1800000874,5062.02
854,2026-09-18,180000875,1800000875,1861.34
855,2026-09-22,180000876,1800000876,8818.66
856,2026-09-18,180000877,1800000877,5839.95
857,2026-09-21,180000878,1800000878,1097.18
858,2026-09-02,180000879,1800000879,4523.93
859,2026-09-16,180000880,1800000880,1559.16
860,2026-09-08,180000881,1800000881,3926.52
861,2026-09-19,180000882,1800000882,2406.32
862,2026-09-29,180000883,1800000883,5650.82
863,2026-09-11,180000884,1800000884,4253.45
864,2026-09-08,180000885,1800000885,1274.89
865,2026-09-02,179990886,1800000886,404.12
866,2026-09-09,180000887,1800000887,1224.49
867,2026-09-26,180000888,1800000888,2907.67
868,2026-09-25,180000889,1800000889,10052.4
869,2026-09-05,180000890,1800000890,243.92
870,2026-09-15,180000891,1800000891,330.72
871,2026-09-24,180000892,1800000892,454.64
872,2026-09-23,180000893,1800000893,1368.61
873,2026-09-18,180000895,1800000895,2588.2
874,2026-09-19,180000896,1800000896,3106.8
875,2026-09-17,180000897,1800000897,1066.71
876,2026-09-16,180000898,1800000898,1967.36
877,2026-09-28,180000899,1800000899,2754.13
878,2026-09-12,180000900,1800000900,4264.62
879,2026-09-10,180000901,1800000901,2684.87
880,2026-09-02,180000902,1800000902,6158.26
881,2026-09-10,180000903,1800000903,8281.52
882,2026-09-24,180000904,1800000904,1514.03
883,2026-09-05,180000905,1800000905,624.72
884,2026-09-27,180000906,1800000906,3728.82
885,2026-09-13,179990907,1800000907,5711.53
886,2026-09-28,180000908,1800000908,500.53
887,2026-09-22,180000909,1800000909,5299.34
888,2026-09-22,180000910,1800000910,1517.13
889,2026-09-15,180000911,1800000911,2925.57
890,2026-09-22,180000912,1800000912,1855.66
891,2026-09-03,180000913,1800000913,3711.94
892,2026-09-23,180000914,1800000914,2096.86
893,2026-09-30,180000915,1800000915,2072.3
894,2026-09-16,179990916,1800000916,2364.92
895,2026-09-19,180000917,1800000917,759.63
896,2026-09-26,180000918,1800000918,8309.21
897,2026-09-11,180000919,1800000919,6888.33
898,2026-09-21,180000920,1800000920,1139.73
899,2026-09-26,180000921,1800000921,6516.61
900,2026-09-08,180000922,1800000922,3166.62
901,2026-09-20,180000923,1800000923,1124.58
902,2026-09-23,180000924,1800000924,2995.32
903,2026-09-07,180000925,1800000925,1094.85
904,2026-09-25,180000926,1800000926,2667.31
905,2026-09-25,180000927,1800000927,382.16
906,2026-09-06,180000928,1800000928,505.38
907,2026-09-16,180000929,1800000929,1511.45
908,2026-09-25,180000930,1800000930,3061.09
909,2026-09-13,180000931,1800000931,4515.4
910,2026-09-24,180000932,1800000932,1719.81
911,2026-09-10,180000933,1800000933,8851.77
912,2026-09-25,180000934,1800000934,3866.96
913,2026-09-11,180000935,1800000935,7660.99
914,2026-09-13,180000936,1800000936,3027.62
915,2026-09-21,180000937,1800000937,814.6
916,2026-09-12,180000938,1800000938,1221.34
917,2026-09-18,180000939,1800000939,5149.49
918,2026-09-04,180000940,1800000940,7660.65
919,2026-09-06,180000941,1800000941,2525.05
920,2026-09-25,180000942,1800000942,4884.22
921,2026-09-30,180000943,1800000943,2088.85
922,2026-09-15,180000944,1800000944,1738.39
923,2026-09-05,180000945,1800000945,383.31
924,2026-09-18,179990946,1800000946,2957.13
925,2026-09-30,179990947,1800000947,2494.14
926,2026-09-27,180000948,1800000948,9648.36
927,2026-09-21,180000949,1800000949,16005.53
928,2026-09-28,179990950,1800000950,2889.33
929,2026-09-19,180000951,1800000951,647.0
930,2026-09-03,180000952,1800000952,7203.97
931,2026-09-29,180000953,1800000953,5314.19
932,2026-09-09,180000954,1800000954,5309.19
933,2026-09-01,180000955,1800000955,1568.62
934,2026-09-15,180000956,1800000956,1508.4
935,2026-09-27,180000957,1800000957,5220.75
936,2026-09-10,180000958,1800000958,466.08
937,2026-09-11,180000959,1800000959,8024.04
938,2026-09-10,180000960,1800000960,660.93
939,2026-09-13,180000961,1800000961,393.9
940,2026-09-24,180000962,1800000962,8856.73
941,2026-09-19,180000963,1800000963,4306.85
942,2026-09-08,180000964,1800000964,3328.28
943,2026-09-12,180000965,1800000965,523.18
944,2026-09-15,180000966,1800000966,6827.03
945,2026-09-22,180000967,1800000967,8122.01
946,2026-09-27,180000968,1800000968,1021.34
947,2026-09-19,180000969,1800000969,1167.08
948,2026-09-12,180000970,1800000970,5258.36
949,2026-10-01,180000971,1800000971,1103.49
950,2026-09-05,180000972,1800000972,4601.33
951,2026-09-27,180000973,1800000973,3493.89
952,2026-09-12,180000974,1800000974,3688.32
953,2026-09-29,180000975,1800000975,12574.84
954,2026-09-07,180000976,1800000976,7228.01
955,2026-09-14,180000977,1800000977,1605.55
956,2026-09-03,180000978,1800000978,609.81
957,2026-09-29,180000979,1800000979,504.34
958,2026-09-04,180000980,1800000980,4242.88
959,2026-09-19,180000981,1800000981,794.16
960,2026-09-07,180000982,1800000982,1632.91
961,2026-09-29,180000983,1800000983,2375.09
962,2026-09-21,180000984,1800000984,4009.9
963,2026-09-15,180000985,1800000985,3833.26
964,2026-09-01,180000986,1800000986,2516.31
965,2026-09-06,180000987,1800000987,5503.71
966,2026-09-19,180000988,1800000988,4471.27
967,2026-09-14,180000989,1800000989,2479.43
968,2026-09-24,180000990,1800000990,704.11
969,2026-09-20,180000991,1800000991,1329.38
970,2026-09-03,180000992,1800000992,328.27
971,2026-09-03,180000993,1800000993,2876.68
972,2026-09-11,180000994,1800000994,13565.62
973,2026-09-18,180000995,1800000995,5317.04
974,2026-09-06,180000996,1800000996,909.49
975,2026-09-14,180000997,1800000997,2804.34
976,2026-09-24,180000998,1800000998,5632.47
977,2026-09-12,180000999,1800000999,1028.39
978,2026-09-03,180001000,1800001000,527.72
979,2026-09-15,180001001,1800001001,3786.2
980,2026-09-21,180001002,1800001002,335.28
981,2026-09-30,180001003,1800001003,13514.35
982,2026-09-27,180001004,1800001004,159.84
983,2026-09-24,180001005,1800001005,2265.81
984,2026-09-23,180001006,1800001006,193.71
985,2026-09-19,180001007,1800001007,723.32
986,2026-09-10,180001008,1800001008,317.51
987,2026-09-10,180001009,1800001009,2429.8
988,2026-09-19,180001010,1800001010,3096.06
989,2026-09-12,180001011,1800001011,9709.76
990,2026-09-16,179991012,1800001012,3765.85
991,2026-09-18,180001013,1800001013,7013.34
992,2026-09-03,180001014,1800001014,5543.64
993,2026-09-09,180001015,1800001015,4757.92
994,2026-09-06,180001016,1800001016,5330.02
995,2026-09-07,180001017,1800001017,3426.43
996,2026-09-27,180001018,1800001018,10727.59
997,2026-09-23,180001019,1800001019,586.81
998,2026-09-12,180001020,1800001020,3455.26
999,2026-09-26,180001021,1800001021,6780.34
1000,2026-09-08,180001022,1800001022,939.02
1001,2026-09-21,180001023,1800001023,2188.42
1002,2026-09-23,180001024,1800001024,4217.22
1003,2026-09-12,180001025,1800001025,7950.31
1004,2026-09-12,180001026,1800001026,2579.32
1005,2026-09-12,179991027,1800001027,3002.84
1006,2026-09-13,180001028,1800001028,923.7
1007,2026-09-05,180001029,1800001029,1504.25
1008,2026-09-14,180001030,1800001030,1714.58
1009,2026-09-30,180001031,1800001031,1875.08
1010,2026-09-20,180001032,1800001032,956.62
1011,2026-09-21,180001033,1800001033,4961.89
1012,2026-09-12,180001034,1800001034,6462.2
1013,2026-09-24,180001036,1800001036,4055.72
1014,2026-09-17,180001037,1800001037,6212.74
1015,2026-09-14,180001038,1800001038,627.79
1016,2026-09-16,180001039,1800001039,2533.02
1017,2026-09-17,180001040,1800001040,1822.93
1018,2026-09-30,180001041,1800001041,12944.89
1019,2026-09-24,180001043,1800001043,2236.09
1020,2026-09-26,180001044,1800001044,1305.52
1021,2026-09-29,180001045,1800001045,4577.42
1022,2026-09-27,180001046,1800001046,311.42
1023,2026-09-02,180001047,1800001047,2046.07
1024,2026-09-19,180001048,1800001048,5676.02
1025,2026-09-20,180001049,1800001049,1083.11
1026,2026-09-04,179991050,1800001050,1299.27
1027,2026-09-21,180001051,1800001051,4138.91
1028,2026-09-16,180001052,1800001052,3059.72
1029,2026-09-21,180001053,1800001053,2348.23
1030,2026-09-17,180001054,1800001054,957.08
1031,2026-09-19,180001055,1800001055,2500.36
1032,2026-09-24,180001056,1800001056,1944.29
1033,2026-09-11,180001057,1800001057,3006.47
1034,2026-09-21,180001058,1800001058,179.56
1035,2026-09-03,180001059,1800001059,602.84
1036,2026-09-17,180001060,1800001060,964.39
1037,2026-09-22,180001061,1800001061,3259.56
1038,2026-09-23,180001062,1800001062,2292.82
1039,2026-09-02,179991063,1800001063,6386.35
1040,2026-09-10,180001064,1800001064,2248.65
1041,2026-09-05,180001065,1800001065,1232.42
1042,2026-09-29,180001066,1800001066,2912.78
1043,2026-09-22,180001067,1800001067,435.16
1044,2026-09-23,180001068,1800001068,2853.52
1045,2026-09-29,180001070,1800001070,2047.3
1046,2026-09-27,180001071,1800001071,3200.31
1047,2026-09-12,180001072,1800001072,900.55
1048,2026-09-17,180001073,1800001073,2256.18
1049,2026-09-04,180001074,1800001074,6735.28
1050,2026-09-24,180001075,1800001075,1428.86
1051,2026-09-16,180001076,1800001076,543.07
1052,2026-09-15,180001077,1800001077,752.62
1053,2026-09-16,180001079,1800001079,919.84
1054,2026-10-01,180001080,1800001080,1727.41
1055,2026-09-03,180001081,1800001081,12478.07
1056,2026-09-26,180001082,1800001082,4822.75
1057,2026-09-05,180001083,1800001083,8238.82
1058,2026-09-27,180001084,1800001084,3359.71
1059,2026-09-18,180001085,1800001085,6146.02
1060,2026-09-05,180001086,1800001086,4227.54
1061,2026-09-07,180001087,1800001087,710.43
1062,2026-09-15,180001088,1800001088,9536.49
1063,2026-09-24,180001089,1800001089,9109.01
1064,2026-09-15,179991090,1800001090,5821.01
1065,2026-09-27,180001091,1800001091,820.87
1066,2026-09-23,180001092,1800001092,2719.6
1067,2026-09-10,180001093,1800001093,3193.79
1068,2026-10-01,180001094,1800001094,790.26
1069,2026-09-17,180001095,1800001095,1399.25
1070,2026-09-16,180001096,1800001096,918.83
1071,2026-09-22,180001097,1800001097,741.28
1072,2026-09-20,180001098,1800001098,1059.56
1073,2026-09-11,180001099,1800001099,3171.08
1074,2026-09-11,180001100,1800001100,1961.4
1075,2026-09-08,180001101,1800001101,2549.64
1076,2026-09-10,180001102,1800001102,3031.9
1077,2026-09-24,180001103,1800001103,4842.74
1078,2026-09-03,180001104,1800001104,1623.92
1079,2026-09-18,180001105,1800001105,1036.91
1080,2026-09-15,180001106,1800001106,3169.41
1081,2026-09-25,180001107,1800001107,5896.96
1082,2026-09-07,180001108,1800001108,4427.26
1083,2026-09-22,180001109,1800001109,1288.75
1084,2026-09-26,180001110,1800001110,3347.46
1085,2026-09-19,180001112,1800001112,1088.52
1086,2026-09-22,180001113,1800001113,1764.44
1087,2026-09-03,180001114,1800001114,3686.78
1088,2026-09-06,180001115,1800001115,1269.59
1089,2026-09-15,180001116,1800001116,4701.34
1090,2026-09-29,180001117,1800001117,465.55
1091,2026-09-24,180001118,1800001118,7176.2
1092,2026-09-17,180001119,1800001119,1589.88
1093,2026-09-05,180001120,1800001120,2385.19
1094,2026-09-17,180001121,1800001121,966.91
1095,2026-09-05,180001122,1800001122,639.24
1096,2026-09-16,180001123,1800001123,4485.7
1097,2026-09-06,180001124,1800001124,8395.77
1098,2026-09-29,180001125,1800001125,14069.1
1099,2026-09-08,180001126,1800001126,1857.1
1100,2026-09-17,180001127,1800001127,1232.63
1101,2026-09-26,180001128,1800001128,1604.05
1102,2026-09-21,180001129,1800001129,1118.11
1103,2026-09-21,180001130,1800001130,9331.63
1104,2026-09-24,180001131,1800001131,6661.84
1105,2026-09-26,180001132,1800001132,11493.51
1106,2026-09-17,180001133,1800001133,16661.74
1107,2026-09-24,180001134,1800001134,6247.44
1108,2026-09-23,180001135,1800001135,10511.28
1109,2026-09-11,180001136,1800001136,2886.88
1110,2026-09-06,180001137,1800001137,1572.23
1111,2026-09-27,180001138,1800001138,542.15
1112,2026-09-29,180001139,1800001139,2149.55
1113,2026-09-03,180001140,1800001140,596.34
1114,2026-09-06,180001141,1800001141,178.15
1115,2026-09-04,180001142,1800001142,581.8
1116,2026-09-22,180001143,1800001143,211.79
1117,2026-09-18,180001144,1800001144,626.88
1118,2026-09-08,179991145,1800001145,6476.95
1119,2026-09-20,179991146,1800001146,196.13
1120,2026-09-20,180001147,1800001147,7631.47
1121,2026-09-05,180001148,1800001148,8315.71
1122,2026-09-26,180001149,1800001149,4040.63
1123,2026-09-18,180001150,1800001150,5020.75
1124,2026-09-15,180001151,1800001151,281.08
1125,2026-09-27,179991152,1800001152,2040.45
1126,2026-09-28,180001153,1800001153,438.62
1127,2026-09-10,180001154,1800001154,5075.16
1128,2026-09-15,180001155,1800001155,2646.97
1129,2026-09-19,180001156,1800001156,722.39
1130,2026-09-28,180001157,1800001157,1735.58
1131,2026-09-14,180001158,1800001158,972.79
1132,2026-09-13,180001159,1800001159,2893.29
1133,2026-09-10,180001160,1800001160,1471.58
1134,2026-09-14,180001161,1800001161,3771.4
1135,2026-09-11,180001162,1800001162,1678.84
1136,2026-09-01,180001163,1800001163,978.74
1137,2026-09-19,180001164,1800001164,3410.78
1138,2026-09-17,180001165,1800001165,3801.05
1139,2026-09-16,180001166,1800001166,5534.66
1140,2026-09-17,180001167,1800001167,3788.99
1141,2026-09-11,180001168,1800001168,1306.87
1142,2026-09-13,180001172,1800001172,669.91
1143,2026-09-13,180001173,1800001173,7229.01
1144,2026-09-10,180001174,1800001174,1329.23
1145,2026-09-13,180001175,1800001175,2743.54
1146,2026-09-10,180001176,1800001176,1765.87
1147,2026-09-20,180001177,1800001177,3676.86
1148,2026-09-24,180001178,1800001178,1654.16
1149,2026-09-13,179991179,1800001179,934.4
1150,2026-09-18,180001180,1800001180,2388.87
1151,2026-09-04,180001181,1800001181,3846.98
1152,2026-09-02,180001182,1800001182,588.94
1153,2026-09-16,180001183,1800001183,10442.13
1154,2026-09-05,180001184,1800001184,4836.64
1155,2026-09-19,180001185,1800001185,1795.49
1156,2026-09-15,180001186,1800001186,8623.27
1157,2026-09-19,180001187,1800001187,3904.32
1158,2026-09-10,180001188,1800001188,6437.57
1159,2026-09-30,180001189,1800001189,915.66
1160,2026-09-05,179991190,1800001190,2906.96
1161,2026-09-22,180001191,1800001191,2182.43
1162,2026-09-04,180001192,1800001192,254.02
1163,2026-09-03,180001193,1800001193,3147.78
1164,2026-09-24,180001194,1800001194,1163.82
1165,2026-09-25,180001195,1800001195,2200.46
1166,2026-09-03,180001196,1800001196,3508.54
1167,2026-09-22,180001197,1800001197,880.4
1168,2026-09-09,180001198,1800001198,7416.28
1169,2026-09-12,180001199,1800001199,8184.66
1170,2026-09-11,180001200,1800001200,10787.51
1171,2026-09-23,180001201,1800001201,2110.83
1172,2026-09-14,180001202,1800001202,1449.92
1173,2026-09-11,180001203,1800001203,294.1
1174,2026-09-06,179991204,1800001204,1375.02
1175,2026-09-20,180001205,1800001205,2407.28
1176,2026-09-16,180001206,1800001206,1246.68
1177,2026-09-24,180001207,1800001207,1368.09
1178,2026-09-22,180001208,1800001208,4751.07
1179,2026-09-05,180001209,1800001209,3580.62
1180,2026-09-29,180001210,1800001210,956.76
1181,2026-09-23,180001211,1800001211,8466.14
1182,2026-09-02,180001212,1800001212,2287.52
1183,2026-09-05,180001213,1800001213,13919.79
1184,2026-09-15,180001214,1800001214,2243.24
1185,2026-09-23,180001215,1800001215,2679.58
1186,2026-09-21,180001217,1800001217,961.99
1187,2026-09-29,180001218,1800001218,926.18
1188,2026-09-24,180001219,1800001219,330.01
1189,2026-09-01,180001220,1800001220,4043.19
1190,2026-09-10,180001221,1800001221,740.52
1191,2026-09-21,180001222,1800001222,1386.51
1192,2026-09-30,180001223,1800001223,658.23
1193,2026-09-08,180001224,1800001224,4019.25
1194,2026-09-22,180001225,1800001225,282.85
1195,2026-09-15,180001226,1800001226,3768.96
1196,2026-09-14,180001227,1800001227,2041.85
1197,2026-09-14,180001228,1800001228,5542.79
1198,2026-09-17,180001229,1800001229,2514.63
1199,2026-09-27,180001230,1800001230,6197.72
1200,2026-09-25,180001231,1800001231,418.41
1201,2026-09-26,180001232,1800001232,8768.18
1202,2026-09-25,180001233,1800001233,4519.38
1203,2026-09-02,179991234,1800001234,295.79
1204,2026-09-17,180001235,1800001235,4495.9
1205,2026-09-15,180001236,1800001236,3825.63
1206,2026-09-23,180001237,1800001237,7047.18
1207,2026-09-03,180001238,1800001238,626.11
1208,2026-10-01,180001239,1800001239,2917.99
1209,2026-09-16,180001240,1800001240,2458.23
1210,2026-09-11,180001241,1800001241,862.47
1211,2026-09-07,180001242,1800001242,385.25
1212,2026-09-25,180001243,1800001243,4079.1
1213,2026-09-21,179991244,1800001244,2309.85
1214,2026-09-24,180001245,1800001245,1377.63
1215,2026-09-21,180001247,1800001247,4372.24
1216,2026-09-10,180001248,1800001248,371.86
1217,2026-09-18,180001249,1800001249,6651.57
1218,2026-09-03,180001250,1800001250,11003.72
1219,2026-09-27,180001251,1800001251,1095.61
1220,2026-09-19,180001252,1800001252,400.07
1221,2026-09-24,180001253,1800001253,442.16
1222,2026-09-20,180001254,1800001254,3212.53
1223,2026-09-24,180001255,1800001255,3697.79
1224,2026-09-12,180001257,1800001257,2897.61
1225,2026-09-29,180001258,1800001258,2538.23
1226,2026-09-13,180001259,1800001259,2930.54
1227,2026-09-19,180001260,1800001260,3412.39
1228,2026-09-26,180001261,1800001261,4146.81
1229,2026-09-04,180001262,1800001262,4325.93
1230,2026-09-17,180001263,1800001263,8919.34
1231,2026-09-22,180001264,1800001264,2160.47
1232,2026-09-10,180001265,1800001265,1241.11
1233,2026-09-05,180001266,1800001266,15935.01
1234,2026-09-22,180001267,1800001267,323.77
1235,2026-09-09,180001268,1800001268,2379.36
1236,2026-09-14,180001269,1800001269,1740.79
1237,2026-09-05,180001270,1800001270,3005.78
1238,2026-09-13,180001271,1800001271,3551.36
1239,2026-09-19,180001272,1800001272,6033.9
1240,2026-09-20,179991273,1800001273,3395.45
1241,2026-09-26,180001274,1800001274,1218.04
1242,2026-09-14,180001275,1800001275,8196.25
1243,2026-09-15,180001276,1800001276,242.25
1244,2026-09-16,180001277,1800001277,5861.59
1245,2026-09-11,180001278,1800001278,1469.27
1246,2026-09-04,180001279,1800001279,953.01
1247,2026-09-14,179991280,1800001280,1761.42
1248,2026-09-23,180001281,1800001281,1627.24
1249,2026-09-28,180001282,1800001282,864.08
1250,2026-09-19,180001283,1800001283,9072.41
1251,2026-09-15,180001284,1800001284,2850.8
1252,2026-09-15,180001285,1800001285,1397.42
1253,2026-09-03,180001286,1800001286,3293.5
1254,2026-09-13,180001288,1800001288,15740.46
1255,2026-09-16,180001289,1800001289,7242.48
1256,2026-09-19,180001290,1800001290,2468.96
1257,2026-09-14,179991291,1800001291,1092.59
1258,2026-10-01,180001292,1800001292,2362.79
1259,2026-09-09,180001293,1800001293,2487.11
1260,2026-09-27,180001294,1800001294,1538.86
1261,2026-09-03,180001295,1800001295,195.3
1262,2026-09-22,180001296,1800001296,2957.8
1263,2026-09-06,180001297,1800001297,749.36
1264,2026-09-09,180001298,1800001298,11037.01
1265,2026-09-10,180001299,1800001299,3060.74
1266,2026-09-25,180001300,1800001300,10937.57
1267,2026-09-20,180001301,1800001301,5588.66
1268,2026-09-10,180001302,1800001302,692.17
1269,2026-09-04,180001303,1800001303,3011.58
1270,2026-09-15,180001304,1800001304,1913.88
1271,2026-09-15,180001305,1800001305,7931.03
1272,2026-09-17,180001306,1800001306,1282.89
1273,2026-09-09,180001307,1800001307,10913.72
1274,2026-09-25,180001308,1800001308,4764.35
1275,2026-09-14,180001309,1800001309,439.08
1276,2026-09-27,180001310,1800001310,2186.1
1277,2026-09-05,180001311,1800001311,12673.66
1278,2026-09-15,180001312,1800001312,11778.6
1279,2026-09-11,180001313,1800001313,4536.09
1280,2026-09-18,180001314,1800001314,672.76
1281,2026-09-21,180001315,1800001315,8769.51
1282,2026-09-10,180001316,1800001316,10476.41
1283,2026-09-10,180001317,1800001317,9780.09
1284,2026-09-29,179991318,1800001318,7400.19
1285,2026-09-06,180001319,1800001319,1555.43
1286,2026-09-21,180001320,1800001320,4635.1
1287,2026-09-17,180001321,1800001321,10991.95
1288,2026-09-23,180001322,1800001322,10846.29
1289,2026-09-09,180001323,1800001323,405.99
1290,2026-09-04,180001324,1800001324,3853.1
1291,2026-09-04,180001325,1800001325,6380.09
1292,2026-09-15,180001326,1800001326,467.53
1293,2026-09-29,180001327,1800001327,1266.37
1294,2026-09-09,180001328,1800001328,3152.37
1295,2026-09-19,180001329,1800001329,2089.96
1296,2026-09-04,180001330,1800001330,4445.32
1297,2026-09-16,180001331,1800001331,1059.86
1298,2026-09-17,180001332,1800001332,2388.8
1299,2026-09-16,180001333,1800001333,10469.16
1300,2026-09-22,180001334,1800001334,2008.41
1301,2026-09-08,180001335,1800001335,4453.4
1302,2026-09-09,180001336,1800001336,523.51
1303,2026-09-13,180001337,1800001337,2726.55
1304,2026-09-27,180001338,1800001338,1531.75
1305,2026-09-18,180001339,1800001339,1264.13
1306,2026-09-28,180001340,1800001340,2932.44
1307,2026-09-09,180001341,1800001341,3080.45
1308,2026-09-19,180001342,1800001342,6343.82
1309,2026-09-03,180001343,1800001343,217.02
1310,2026-09-29,180001344,1800001344,3266.79
1311,2026-09-13,180001345,1800001345,1468.66
1312,2026-09-30,180001346,1800001346,618.2
1313,2026-09-22,180001347,1800001347,1475.59
1314,2026-09-27,180001348,1800001348,8000.59
1315,2026-09-17,180001349,1800001349,826.64
1316,2026-09-23,180001350,1800001350,4269.21
1317,2026-09-02,180001351,1800001351,2247.85
1318,2026-09-02,180001352,1800001352,1426.34
1319,2026-09-08,180001353,1800001353,234.55
1320,2026-09-02,180001354,1800001354,3693.31
1321,2026-09-16,180001356,1800001356,862.64
1322,2026-09-18,180001357,1800001357,5199.94
1323,2026-09-06,180001358,1800001358,998.96
1324,2026-09-23,180001359,1800001359,1124.56
1325,2026-09-16,180001360,1800001360,6062.52
1326,2026-09-16,180001361,1800001361,1495.8
1327,2026-09-10,180001362,1800001362,4283.16
1328,2026-09-25,179991363,1800001363,4119.23
1329,2026-09-14,180001364,1800001364,3925.24
1330,2026-09-06,180001365,1800001365,654.29
1331,2026-09-05,180001366,1800001366,1169.2
1332,2026-09-08,180001367,1800001367,6034.78
1333,2026-09-05,180001368,1800001368,13460.52
1334,2026-09-08,180001369,1800001369,3165.3
1335,2026-09-13,180001370,1800001370,628.8
1336,2026-09-10,180001371,1800001371,279.79
1337,2026-09-01,180001372,1800001372,374.22
1338,2026-09-22,180001373,1800001373,8833.54
1339,2026-09-04,180001374,1800001374,1798.78
1340,2026-09-10,180001375,1800001375,3210.52
1341,2026-09-16,180001376,1800001376,1355.3
1342,2026-09-17,180001377,1800001377,4280.0
1343,2026-09-26,180001378,1800001378,944.23
1344,2026-09-11,180001379,1800001379,1694.98
1345,2026-09-02,180001380,1800001380,5824.15
1346,2026-09-25,180001381,1800001381,5527.65
1347,2026-09-12,180001382,1800001382,1561.74
1348,2026-09-09,180001383,1800001383,713.79
1349,2026-09-20,180001384,1800001384,237.03
1350,2026-09-21,180001385,1800001385,2010.97
1351,2026-09-26,180001386,1800001386,8723.05
1352,2026-09-16,180001387,1800001387,6873.28
1353,2026-09-16,180001388,1800001388,532.83
1354,2026-09-05,180001389,1800001389,2717.24
1355,2026-09-01,180001390,1800001390,530.72
1356,2026-09-20,180001391,1800001391,777.33
1357,2026-09-25,180001392,1800001392,611.67
1358,2026-09-30,180001393,1800001393,3422.55
1359,2026-09-25,180001394,1800001394,10902.02
1360,2026-09-15,180001395,1800001395,655.37
1361,2026-09-22,180001396,1800001396,4595.04
1362,2026-09-18,180001397,1800001397,3243.53
1363,2026-09-06,180001398,1800001398,1477.04
1364,2026-09-11,179991399,1800001399,2736.4
1365,2026-09-23,179991400,1800001400,1800.7
1366,2026-09-06,180001401,1800001401,311.62
1367,2026-09-20,180001402,1800001402,1699.37
1368,2026-09-16,180001403,1800001403,9971.52
1369,2026-09-06,180001404,1800001404,1444.76
1370,2026-09-04,180001405,1800001405,2449.34
1371,2026-09-03,180001406,1800001406,1520.38
1372,2026-09-10,179991407,1800001407,1279.53
1373,2026-09-28,180001408,1800001408,4969.57
1374,2026-09-05,180001409,1800001409,5044.3
1375,2026-09-20,180001410,1800001410,5729.5
1376,2026-09-03,180001411,1800001411,6041.56
1377,2026-09-24,180001412,1800001412,154.89
1378,2026-09-23,180001413,1800001413,9616.13
1379,2026-09-22,180001414,1800001414,2538.89
1380,2026-09-03,180001415,1800001415,3435.54
1381,2026-09-18,180001416,1800001416,364.41
1382,2026-09-15,180001417,1800001417,2358.08
1383,2026-09-12,180001418,1800001418,244.21
1384,2026-09-26,180001419,1800001419,3005.64
1385,2026-09-04,180001420,1800001420,8804.51
1386,2026-09-05,180001421,1800001421,4879.65
1387,2026-09-29,180001423,1800001423,3483.9
1388,2026-09-28,180001424,1800001424,4881.22
1389,2026-09-09,179991426,1800001426,3543.47
1390,2026-09-15,180001427,1800001427,7595.56
1391,2026-09-08,180001428,1800001428,1756.92
1392,2026-09-02,180001429,1800001429,1778.75
1393,2026-09-16,180001430,1800001430,409.28
1394,2026-09-06,179991431,1800001431,4567.35
1395,2026-09-08,180001432,1800001432,256.66
1396,2026-09-09,180001433,1800001433,15704.48
1397,2026-09-17,180001434,1800001434,15294.28
1398,2026-09-08,180001435,1800001435,3906.4
1399,2026-09-13,180001437,1800001437,2540.87
1400,2026-09-25,180001438,1800001438,8967.11
1401,2026-09-29,180001439,1800001439,7837.44
1402,2026-09-06,179991440,1800001440,1463.06
1403,2026-09-26,180001441,1800001441,3592.8
1404,2026-09-30,179991442,1800001442,4481.51
1405,2026-09-27,180001443,1800001443,1874.72
1406,2026-09-04,180001444,1800001444,2016.25
1407,2026-09-19,180001445,1800001445,4543.14
1408,2026-09-27,180001446,1800001446,851.58
1409,2026-09-26,180001447,1800001447,2213.63
1410,2026-09-23,180001448,1800001448,810.22
1411,2026-09-25,180001449,1800001449,826.99
1412,2026-09-10,180001450,1800001450,721.8
1413,2026-09-16,180001451,1800001451,3520.38
1414,2026-09-03,180001452,1800001452,6825.59
1415,2026-09-16,180001453,1800001453,2266.16
1416,2026-09-02,180001454,1800001454,923.62
1417,2026-09-19,180001455,1800001455,2842.69
1418,2026-09-27,180001456,1800001456,447.02
1419,2026-09-17,180001457,1800001457,8182.34
1420,2026-09-22,180001458,1800001458,9053.21
1421,2026-09-03,180001459,1800001459,1796.35
1422,2026-09-22,180001460,1800001460,9423.88
1423,2026-09-28,180001461,1800001461,5247.25
1424,2026-09-13,180001462,1800001462,3022.2
1425,2026-09-08,180001463,1800001463,8572.72
1426,2026-09-24,180001464,1800001464,2331.55
1427,2026-09-20,180001465,1800001465,511.62
1428,2026-09-18,180001466,1800001466,7817.04
1429,2026-09-19,180001467,1800001467,2520.65
1430,2026-09-15,180001468,1800001468,2685.87
1431,2026-09-22,180001470,1800001470,573.27
1432,2026-09-30,180001471,1800001471,2567.7
1433,2026-09-05,180001472,1800001472,3056.74
1434,2026-09-03,180001473,1800001473,2026.25
1435,2026-09-01,180001474,1800001474,593.73
1436,2026-09-06,180001475,1800001475,10472.5
1437,2026-09-25,180001476,1800001476,6307.41
1438,2026-09-19,180001477,1800001477,7874.77
1439,2026-09-12,180001478,1800001478,1513.61
1440,2026-09-04,180001479,1800001479,1784.49
1441,2026-09-28,180001481,1800001481,3264.31
1442,2026-09-26,180001482,1800001482,828.45
1443,2026-09-10,180001483,1800001483,2205.11
1444,2026-09-30,179991484,1800001484,4063.81
1445,2026-09-20,180001485,1800001485,755.48
1446,2026-09-25,180001486,1800001486,335.85
1447,2026-09-28,180001488,1800001488,4188.28
1448,2026-09-26,180001489,1800001489,1694.42
1449,2026-09-15,180001490,1800001490,2610.17
1450,2026-09-11,179991491,1800001491,2572.88
1451,2026-09-12,180001492,1800001492,10091.44
1452,2026-09-22,180001493,1800001493,4391.07
1453,2026-09-25,180001494,1800001494,1399.39
1454,2026-09-08,180001495,1800001495,5527.69
1455,2026-09-21,180001496,1800001496,4459.22
1456,2026-09-25,180001497,1800001497,1246.89
1457,2026-09-14,180001498,1800001498,3554.88
1458,2026-09-14,180001499,1800001499,1516.62
1459,2026-09-14,179991500,1800001500,167.66
1460,2026-09-11,180001501,1800001501,1938.13
1461,2026-09-29,180001502,1800001502,3093.92
1462,2026-09-06,180001503,1800001503,2112.04
1463,2026-09-24,180001504,1800001504,845.06
1464,2026-09-28,180001505,1800001505,2857.82
1465,2026-09-03,180001506,1800001506,5055.16
1466,2026-09-04,180001507,1800001507,3057.15
1467,2026-09-21,180001508,1800001508,2843.6
1468,2026-09-07,180001509,1800001509,1159.76
1469,2026-09-20,180001510,1800001510,1308.13
1470,2026-09-20,180001511,1800001511,8065.15
1471,2026-09-06,180001512,1800001512,754.57
1472,2026-09-21,180001513,1800001513,763.41
1473,2026-09-01,180001514,1800001514,7498.39
1474,2026-09-22,180001515,1800001515,1060.79
1475,2026-09-30,180001516,1800001516,474.98
1476,2026-09-16,180001517,1800001517,455.2
1477,2026-09-27,180001518,1800001518,2123.17
1478,2026-09-14,180001519,1800001519,5111.91
1479,2026-09-22,180001520,1800001520,1953.21
1480,2026-09-26,180001522,1800001522,4770.56
1481,2026-09-19,180001523,1800001523,4009.01
1482,2026-09-05,180001524,1800001524,2413.03
1483,2026-09-11,180001525,1800001525,958.81
1484,2026-09-04,180001526,1800001526,4615.04
1485,2026-09-19,180001527,1800001527,2210.79
1486,2026-09-04,180001528,1800001528,2441.11
1487,2026-09-04,180001529,1800001529,1915.65
1488,2026-09-29,180001530,1800001530,191.48
1489,2026-09-26,180001531,1800001531,4557.98
1490,2026-09-22,180001532,1800001532,2842.21
1491,2026-09-05,180001533,1800001533,1326.99
1492,2026-09-14,180001534,1800001534,2309.65
1493,2026-09-02,180001535,1800001535,5454.41
1494,2026-09-16,180001536,1800001536,1385.4
1495,2026-09-14,180001537,1800001537,3489.16
1496,2026-09-23,180001538,1800001538,7651.86
1497,2026-09-01,180001539,1800001539,1452.0
1498,2026-09-12,180001540,1800001540,14022.34
1499,2026-09-30,180001541,1800001541,5056.29
1500,2026-09-30,180001542,1800001542,1351.24
1501,2026-09-17,180001543,1800001543,1704.74
1502,2026-09-16,180001544,1800001544,5851.4
1503,2026-09-21,180001545,1800001545,1904.68
1504,2026-09-20,180001546,1800001546,534.52
1505,2026-09-22,180001547,1800001547,430.09
1506,2026-09-18,179991548,1800001548,2935.26
1507,2026-09-08,180001549,1800001549,2368.01
1508,2026-09-28,180001550,1800001550,2117.75
1509,2026-09-19,179991551,1800001551,2561.56
1510,2026-09-11,180001552,1800001552,937.86
1511,2026-09-03,180001553,1800001553,3120.88
1512,2026-09-11,180001554,1800001554,693.19
1513,2026-09-21,180001555,1800001555,645.61
1514,2026-09-01,180001556,1800001556,12486.09
1515,2026-09-04,180001557,1800001557,6356.91
1516,2026-09-27,180001558,1800001558,1415.4
1517,2026-09-18,180001559,1800001559,3022.41
1518,2026-09-28,180001560,1800001560,1273.01
1519,2026-09-19,180001561,1800001561,6823.77
1520,2026-09-29,180001562,1800001562,326.76
1521,2026-09-17,179991563,1800001563,1861.64
1522,2026-09-07,180001564,1800001564,8931.36
1523,2026-09-10,180001565,1800001565,159.51
1524,2026-09-12,180001566,1800001566,1463.07
1525,2026-09-08,180001567,1800001567,3600.44
1526,2026-09-13,180001568,1800001568,3154.82
1527,2026-09-27,180001569,1800001569,1966.5
1528,2026-09-07,180001570,1800001570,2464.11
1529,2026-09-15,180001571,1800001571,1252.86
1530,2026-09-09,180001572,1800001572,2885.88
1531,2026-09-22,180001573,1800001573,3175.59
1532,2026-09-07,180001574,1800001574,1964.26
1533,2026-09-05,180001575,1800001575,4021.4
1534,2026-09-21,179991576,1800001576,742.19
1535,2026-09-04,180001577,1800001577,400.7
1536,2026-09-26,180001578,1800001578,15240.51
1537,2026-09-29,180001579,1800001579,11389.11
1538,2026-09-17,180001580,1800001580,195.65
1539,2026-09-16,180001581,1800001581,931.59
1540,2026-09-11,180001582,1800001582,3524.93
1541,2026-09-18,180001583,1800001583,2169.98
1542,2026-09-25,180001584,1800001584,866.11
1543,2026-09-14,180001585,1800001585,1190.16
1544,2026-09-04,180001586,1800001586,3203.09
1545,2026-09-14,180001587,1800001587,3338.19
1546,2026-09-27,179991588,1800001588,1556.32
1547,2026-09-27,180001589,1800001589,1751.34
1548,2026-09-04,179991590,1800001590,658.91
1549,2026-09-06,180001591,1800001591,5798.52
1550,2026-09-20,180001592,1800001592,2289.31
1551,2026-09-30,180001593,1800001593,3858.75
1552,2026-09-08,180001594,1800001594,974.93
1553,2026-09-24,180001595,1800001595,6882.78
1554,2026-09-17,180001596,1800001596,516.18
1555,2026-09-25,180001597,1800001597,4197.17
1556,2026-09-25,180001598,1800001598,7693.73
1557,2026-09-02,180001599,1800001599,265.31
1558,2026-09-26,180001600,1800001600,1629.34
1559,2026-09-06,180001601,1800001601,1353.2
1560,2026-09-30,180001602,1800001602,1682.49
1561,2026-09-04,180001603,1800001603,2268.42
1562,2026-09-01,180001604,1800001604,2213.9
1563,2026-09-05,180001605,1800001605,1682.05
1564,2026-09-20,180001606,1800001606,1676.75
1565,2026-09-16,180001607,1800001607,2075.62
1566,2026-09-07,180001608,1800001608,3756.06
1567,2026-09-25,180001609,1800001609,3957.43
1568,2026-09-17,180001610,1800001610,5606.52
1569,2026-09-06,180001611,1800001611,1640.44
1570,2026-09-04,180001612,1800001612,3641.8
1571,2026-09-15,180001613,1800001613,1291.7
1572,2026-09-15,180001614,1800001614,5535.4
1573,2026-09-10,180001615,1800001615,4896.08
1574,2026-09-25,180001616,1800001616,1472.05
1575,2026-09-18,180001617,1800001617,11588.87
1576,2026-09-30,179991618,1800001618,6420.43
1577,2026-09-12,180001619,1800001619,2266.17
1578,2026-09-15,180001620,1800001620,6893.78
1579,2026-09-18,180001621,1800001621,1756.08
1580,2026-09-10,180001622,1800001622,2033.36
1581,2026-09-11,180001623,1800001623,233.73
1582,2026-09-13,180001624,1800001624,1715.3
1583,2026-09-19,180001625,1800001625,15163.32
1584,2026-09-17,180001626,1800001626,2002.3
1585,2026-09-13,180001627,1800001627,468.62
1586,2026-09-08,180001628,1800001628,4531.18
1587,2026-09-05,180001629,1800001629,14921.92
1588,2026-09-09,180001630,1800001630,1577.55
1589,2026-09-12,180001631,1800001631,9519.12
1590,2026-09-30,180001632,1800001632,11142.51
1591,2026-09-08,180001633,1800001633,3073.61
1592,2026-09-28,180001634,1800001634,495.9
1593,2026-09-18,180001635,1800001635,4266.51
1594,2026-09-12,180001636,1800001636,1214.48
1595,2026-09-29,180001637,1800001637,14408.77
1596,2026-09-22,180001638,1800001638,3435.33
1597,2026-09-02,180001639,1800001639,11318.61
1598,2026-09-08,180001640,1800001640,3752.92
1599,2026-09-03,180001641,1800001641,1070.62
1600,2026-09-01,180001642,1800001642,5661.26
1601,2026-09-06,180001643,1800001643,842.39
1602,2026-09-12,180001644,1800001644,1660.18
1603,2026-09-18,180001645,1800001645,1493.24
1604,2026-09-25,180001646,1800001646,4027.2
1605,2026-09-17,180001647,1800001647,2957.38
1606,2026-09-24,180001648,1800001648,4772.2
1607,2026-09-01,180001649,1800001649,1556.53
1608,2026-09-22,180001650,1800001650,2527.44
1609,2026-09-03,180001651,1800001651,346.1
1610,2026-09-08,180001652,1800001652,2798.98
1611,2026-09-09,179991653,1800001653,10376.48
1612,2026-09-19,180001654,1800001654,1929.73
1613,2026-09-14,179991655,1800001655,492.24
1614,2026-09-26,180001656,1800001656,2378.68
1615,2026-09-11,180001657,1800001657,2856.98
1616,2026-09-16,180001658,1800001658,3088.61
1617,2026-09-11,180001659,1800001659,3645.12
1618,2026-09-08,180001660,1800001660,2992.65
1619,2026-09-15,180001661,1800001661,6135.66
1620,2026-09-07,180001662,1800001662,2360.31
1621,2026-09-24,179991663,1800001663,1472.03
1622,2026-09-27,180001664,1800001664,3104.63
1623,2026-09-27,180001665,1800001665,1807.95
1624,2026-09-12,180001666,1800001666,6035.13
1625,2026-09-06,180001667,1800001667,1675.33
1626,2026-09-10,180001668,1800001668,3520.35
1627,2026-09-04,180001669,1800001669,11850.71
1628,2026-09-06,180001670,1800001670,5926.83
1629,2026-09-26,180001671,1800001671,1661.64
1630,2026-09-13,180001672,1800001672,4147.02
1631,2026-09-29,180001673,1800001673,6606.87
1632,2026-09-19,180001674,1800001674,1530.62
1633,2026-09-12,180001675,1800001675,1400.43
1634,2026-09-13,179991676,1800001676,6011.21
1635,2026-09-20,180001677,1800001677,233.25
1636,2026-09-16,180001678,1800001678,2598.03
1637,2026-09-12,180001679,1800001679,4130.61
1638,2026-09-19,180001680,1800001680,3382.62
1639,2026-09-02,180001681,1800001681,12139.75
1640,2026-09-24,180001682,1800001682,987.25
1641,2026-09-14,180001683,1800001683,2198.46
1642,2026-09-24,180001684,1800001684,467.8
1643,2026-09-07,180001685,1800001685,11838.66
1644,2026-09-23,180001686,1800001686,2863.31
1645,2026-09-20,180001687,1800001687,3824.4
1646,2026-09-04,180001688,1800001688,5097.28
1647,2026-09-13,180001689,1800001689,4704.22
1648,2026-09-26,180001690,1800001690,854.09
1649,2026-09-28,180001691,1800001691,5095.71
1650,2026-09-25,180001692,1800001692,5672.45
1651,2026-09-11,180001693,1800001693,4373.46
1652,2026-09-19,180001694,1800001694,2949.55
1653,2026-09-19,180001695,1800001695,8699.48
1654,2026-09-16,180001696,1800001696,2725.89
1655,2026-09-02,180001697,1800001697,16429.72
1656,2026-09-19,180001698,1800001698,1425.99
1657,2026-09-30,180001699,1800001699,1972.95
1658,2026-09-04,180001700,1800001700,2104.94
1659,2026-09-04,180001701,1800001701,6977.64
1660,2026-09-04,180001702,1800001702,10972.17
1661,2026-09-23,180001703,1800001703,5290.22
1662,2026-09-20,180001704,1800001704,1131.63
1663,2026-09-20,180001705,1800001705,717.33
1664,2026-09-15,180001706,1800001706,772.9
1665,2026-09-28,180001707,1800001707,5900.63
1666,2026-09-09,180001708,1800001708,845.79
1667,2026-09-04,180001709,1800001709,1833.25
1668,2026-09-29,180001710,1800001710,5988.62
1669,2026-09-27,180001711,1800001711,5419.98
1670,2026-09-23,180001712,1800001712,5961.82
1671,2026-09-16,180001713,1800001713,321.16
1672,2026-09-08,180001714,1800001714,1539.26
1673,2026-09-21,180001715,1800001715,240.59
1674,2026-09-12,180001716,1800001716,4276.24
1675,2026-09-05,180001717,1800001717,1657.83
1676,2026-09-05,180001718,1800001718,311.28
1677,2026-09-29,180001719,1800001719,1468.18
1678,2026-09-01,180001720,1800001720,5389.74
1679,2026-09-29,180001721,1800001721,18233.97
1680,2026-09-19,180001722,1800001722,386.74
1681,2026-09-22,180001723,1800001723,3268.78
1682,2026-09-01,180001724,1800001724,2844.76
1683,2026-09-28,180001725,1800001725,4259.7
1684,2026-09-13,180001726,1800001726,1020.59
1685,2026-09-26,180001727,1800001727,2499.98
1686,2026-09-15,180001728,1800001728,1663.76
1687,2026-09-07,180001729,1800001729,2581.58
1688,2026-09-25,180001730,1800001730,9686.63
1689,2026-09-20,180001731,1800001731,5360.33
1690,2026-09-24,180001732,1800001732,2082.9
1691,2026-09-23,180001733,1800001733,1137.25
1692,2026-09-08,180001734,1800001734,17086.93
1693,2026-09-05,180001735,1800001735,1184.37
1694,2026-09-03,180001736,1800001736,2517.0
1695,2026-09-20,180001737,1800001737,974.22
1696,2026-09-26,180001738,1800001738,2113.31
1697,2026-09-26,180001739,1800001739,7092.1
1698,2026-09-03,180001740,1800001740,12161.64
1699,2026-09-06,180001741,1800001741,18363.02
1700,2026-09-06,180001742,1800001742,4722.77
1701,2026-09-22,180001744,1800001744,171.57
1702,2026-09-13,180001745,1800001745,4093.73
1703,2026-09-24,180001746,1800001746,4707.15
1704,2026-09-11,180001747,1800001747,5287.6
1705,2026-09-21,180001748,1800001748,2772.3
1706,2026-09-01,179991749,1800001749,8136.59
1707,2026-09-18,180001750,1800001750,423.59
1708,2026-09-02,180001751,1800001751,10221.07
1709,2026-09-10,180001752,1800001752,1128.83
1710,2026-09-16,180001753,1800001753,617.35
1711,2026-09-26,180001754,1800001754,1934.71
1712,2026-09-06,180001755,1800001755,11069.95
1713,2026-09-07,180001756,1800001756,5688.21
1714,2026-09-18,180001757,1800001757,2586.46
1715,2026-09-17,180001758,1800001758,4306.25
1716,2026-09-15,180001759,1800001759,798.91
1717,2026-09-11,180001760,1800001760,435.45
1718,2026-09-14,180001761,1800001761,1477.61
1719,2026-09-16,180001762,1800001762,6404.09
1720,2026-09-18,180001763,1800001763,2168.43
1721,2026-09-05,180001764,1800001764,907.75
1722,2026-09-11,180001765,1800001765,2704.73
1723,2026-09-13,180001766,1800001766,2440.24
1724,2026-09-16,180001767,1800001767,1740.14
1725,2026-09-10,180001768,1800001768,5621.98
1726,2026-09-08,180001769,1800001769,480.04
1727,2026-09-25,180001770,1800001770,1352.16
1728,2026-09-17,180001771,1800001771,4612.03
1729,2026-09-25,180001772,1800001772,873.18
1730,2026-09-26,180001773,1800001773,12638.64
1731,2026-09-24,180001775,1800001775,4375.5
1732,2026-09-11,180001776,1800001776,3773.25
1733,2026-09-07,180001777,1800001777,1261.08
1734,2026-09-18,180001778,1800001778,10177.39
1735,2026-09-24,180001779,1800001779,591.79
1736,2026-09-26,180001780,1800001780,251.68
1737,2026-09-07,180001781,1800001781,1222.86
1738,2026-09-22,179991782,1800001782,8091.38
1739,2026-09-03,180001783,1800001783,308.61
1740,2026-09-21,180001784,1800001784,216.47
1741,2026-09-16,180001785,1800001785,827.07
1742,2026-09-15,180001786,1800001786,980.37
1743,2026-09-06,180001787,1800001787,9864.46
1744,2026-09-24,180001788,1800001788,3493.39
1745,2026-09-16,180001789,1800001789,7386.98
1746,2026-09-11,180001790,1800001790,798.34
1747,2026-09-09,179991791,1800001791,11807.72
1748,2026-09-27,180001792,1800001792,5443.07
1749,2026-09-15,180001793,1800001793,2487.86
1750,2026-09-15,180001794,1800001794,241.47
1751,2026-09-17,180001795,1800001795,941.07
1752,2026-09-20,180001796,1800001796,678.93
1753,2026-09-17,180001797,1800001797,8369.56
1754,2026-09-05,180001798,1800001798,954.58
1755,2026-09-18,180001799,1800001799,1826.28
1756,2026-09-19,180001800,1800001800,3674.03
1757,2026-09-28,180001801,1800001801,256.31
1758,2026-09-24,180001802,1800001802,1988.0
1759,2026-09-08,180001803,1800001803,7003.02
1760,2026-09-09,180001804,1800001804,1589.1
1761,2026-09-26,180001805,1800001805,4127.29
1762,2026-09-13,180001806,1800001806,7550.13
1763,2026-09-19,180001807,1800001807,686.92
1764,2026-09-23,180001808,1800001808,5905.65
1765,2026-09-03,180001809,1800001809,6158.54
1766,2026-09-14,179991810,1800001810,3069.96
1767,2026-09-21,180001811,1800001811,10561.59
1768,2026-09-28,180001812,1800001812,930.33
1769,2026-09-05,180001813,1800001813,8443.77
1770,2026-09-05,180001814,1800001814,5683.4
1771,2026-09-25,180001816,1800001816,4871.34
1772,2026-09-25,180001817,1800001817,1321.91
1773,2026-09-01,180001818,1800001818,1798.61
1774,2026-09-26,180001819,1800001819,2257.89
1775,2026-09-29,180001820,1800001820,14856.98
1776,2026-09-09,180001821,1800001821,1825.57
1777,2026-09-21,180001822,1800001822,269.0
1778,2026-09-24,180001823,1800001823,2804.7
1779,2026-09-09,180001824,1800001824,3566.46
1780,2026-09-27,180001825,1800001825,9923.53
1781,2026-09-30,180001826,1800001826,875.0
1782,2026-09-07,180001827,1800001827,576.1
1783,2026-09-25,180001828,1800001828,3128.59
1784,2026-09-24,180001829,1800001829,1744.13
1785,2026-09-30,180001830,1800001830,1876.97
1786,2026-09-02,180001831,1800001831,1220.64
1787,2026-09-12,180001832,1800001832,5648.76
1788,2026-09-21,180001833,1800001833,3026.45
1789,2026-09-22,180001834,1800001834,4297.6
1790,2026-09-04,179991835,1800001835,154.61
1791,2026-09-26,180001836,1800001836,741.73
1792,2026-09-24,180001837,1800001837,1657.22
1793,2026-09-08,180001838,1800001838,1123.45
1794,2026-09-09,180001839,1800001839,9490.75
1795,2026-09-29,180001840,1800001840,6240.34
1796,2026-09-07,180001841,1800001841,1588.58
1797,2026-09-22,180001842,1800001842,5517.2
1798,2026-09-16,180001843,1800001843,646.25
1799,2026-09-10,180001844,1800001844,11478.94
1800,2026-09-12,180001845,1800001845,2267.84
1801,2026-09-29,179991846,1800001846,6969.98
1802,2026-09-15,180001847,1800001847,1896.76
1803,2026-09-12,180001848,1800001848,1566.08
1804,2026-09-16,179991849,1800001849,17562.24
1805,2026-09-17,180001850,1800001850,1230.52
1806,2026-09-13,180001851,1800001851,1702.7
1807,2026-09-22,180001852,1800001852,4632.73
1808,2026-09-10,180001853,1800001853,3848.32
1809,2026-09-20,180001854,1800001854,226.68
1810,2026-09-01,180001855,1800001855,9596.6
1811,2026-09-18,180001856,1800001856,5994.48
1812,2026-09-05,180001857,1800001857,1667.12
1813,2026-09-14,180001858,1800001858,2307.53
1814,2026-09-11,180001859,1800001859,3679.81
1815,2026-09-28,180001860,1800001860,1508.06
1816,2026-09-22,180001861,1800001861,1030.16
1817,2026-09-27,180001862,1800001862,206.93
1818,2026-09-30,180001863,1800001863,5131.35
1819,2026-09-25,180001864,1800001864,3690.63
1820,2026-09-08,180001865,1800001865,8936.63
1821,2026-09-17,180001866,1800001866,2114.08
1822,2026-09-23,180001867,1800001867,2430.12
1823,2026-09-17,180001868,1800001868,9949.8
1824,2026-09-05,180001869,1800001869,1318.17
1825,2026-09-22,180001870,1800001870,1743.84
1826,2026-09-12,180001871,1800001871,1932.55
1827,2026-09-04,179991872,1800001872,6576.95
1828,2026-09-15,180001873,1800001873,3137.17
1829,2026-09-10,180001874,1800001874,1309.31
1830,2026-09-14,180001875,1800001875,7083.02
1831,2026-09-07,180001876,1800001876,856.6
1832,2026-09-20,180001877,1800001877,2819.73
1833,2026-09-25,180001878,1800001878,2353.58
1834,2026-09-19,180001879,1800001879,7783.86
1835,2026-09-08,180001880,1800001880,4194.56
1836,2026-09-03,180001881,1800001881,757.07
1837,2026-09-04,180001882,1800001882,247.99
1838,2026-09-22,180001883,1800001883,20528.81
1839,2026-09-17,180001884,1800001884,3201.74
1840,2026-09-23,180001885,1800001885,7341.02
1841,2026-09-10,180001886,1800001886,3607.65
1842,2026-09-28,180001887,1800001887,2315.02
1843,2026-09-16,180001888,1800001888,502.26
1844,2026-09-21,180001889,1800001889,4345.01
1845,2026-09-24,180001890,1800001890,554.56
1846,2026-09-22,180001891,1800001891,4821.08
1847,2026-09-15,180001892,1800001892,1857.29
1848,2026-09-07,180001893,1800001893,1677.06
1849,2026-09-13,180001894,1800001894,7450.09
1850,2026-09-17,180001895,1800001895,579.0
1851,2026-09-25,180001896,1800001896,1264.73
1852,2026-09-10,180001897,1800001897,3487.79
1853,2026-09-27,180001898,1800001898,9770.02
1854,2026-09-22,180001899,1800001899,4653.6
1855,2026-09-28,180001900,1800001900,3775.14
1856,2026-09-06,180001901,1800001901,2640.23
1857,2026-09-17,180001902,1800001902,676.73
1858,2026-09-03,180001903,1800001903,5423.82
1859,2026-09-29,180001904,1800001904,2287.98
1860,2026-09-20,180001905,1800001905,6262.68
1861,2026-09-13,180001906,1800001906,15293.99
1862,2026-09-08,180001907,1800001907,2358.38
1863,2026-09-10,180001908,1800001908,595.93
1864,2026-09-15,180001909,1800001909,1945.62
1865,2026-09-11,180001910,1800001910,4499.8
1866,2026-09-17,180001911,1800001911,633.02
1867,2026-09-25,180001912,1800001912,1815.38
1868,2026-09-16,180001913,1800001913,545.97
1869,2026-09-16,180001914,1800001914,4009.71
1870,2026-09-28,180001915,1800001915,1940.74
1871,2026-09-20,180001916,1800001916,3069.24
1872,2026-09-07,180001917,1800001917,1503.72
1873,2026-09-07,180001918,1800001918,634.14
1874,2026-09-08,179991919,1800001919,1572.04
1875,2026-09-06,180001920,1800001920,642.18
1876,2026-09-08,180001921,1800001921,2840.08
1877,2026-09-06,180001922,1800001922,2424.68
1878,2026-09-11,180001923,1800001923,7979.11
1879,2026-09-11,180001924,1800001924,1412.22
1880,2026-10-01,180001925,1800001925,17416.03
1881,2026-09-21,180001926,1800001926,1035.42
1882,2026-09-20,180001927,1800001927,1321.38
1883,2026-09-21,180001928,1800001928,1193.53
1884,2026-09-21,180001929,1800001929,1555.9
1885,2026-09-22,180001930,1800001930,11003.85
1886,2026-09-28,179991931,1800001931,1417.08
1887,2026-09-15,180001932,1800001932,1411.63
1888,2026-09-02,180001933,1800001933,1405.85
1889,2026-09-11,180001934,1800001934,248.37
1890,2026-09-08,180001935,1800001935,1224.71
1891,2026-09-19,180001936,1800001936,487.33
1892,2026-09-21,180001937,1800001937,1629.81
1893,2026-09-27,180001938,1800001938,3718.39
1894,2026-09-24,180001939,1800001939,1805.86
1895,2026-09-03,180001940,1800001940,1446.82
1896,2026-09-04,180001941,1800001941,3239.79
1897,2026-09-25,180001942,1800001942,3026.87
1898,2026-09-11,180001943,1800001943,8216.74
1899,2026-09-19,180001944,1800001944,13096.83
1900,2026-09-29,180001945,1800001945,6879.63
1901,2026-09-16,180001946,1800001946,3485.71
1902,2026-09-06,179991947,1800001947,1037.71
1903,2026-09-18,179991948,1800001948,2074.32
1904,2026-09-22,180001949,1800001949,2018.81
1905,2026-09-23,179991950,1800001950,949.66
1906,2026-09-26,180001951,1800001951,4821.66
1907,2026-09-11,180001952,1800001952,480.53
1908,2026-09-29,180001953,1800001953,3965.92
1909,2026-09-12,180001954,1800001954,4020.84
1910,2026-09-10,180001955,1800001955,645.11
1911,2026-09-26,180001956,1800001956,267.6
1912,2026-09-30,180001957,1800001957,1827.08
1913,2026-09-28,179991958,1800001958,4605.15
1914,2026-09-19,180001959,1800001959,2478.96
1915,2026-09-29,180001960,1800001960,5459.44
1916,2026-09-13,180001961,1800001961,3736.97
1917,2026-09-24,180001962,1800001962,6168.62
1918,2026-09-29,180001963,1800001963,2228.49
1919,2026-09-26,180001964,1800001964,7323.25
1920,2026-09-04,180001965,1800001965,13107.57
1921,2026-09-12,180001966,1800001966,2184.67
1922,2026-09-24,180001967,1800001967,15334.82
1923,2026-09-11,180001968,1800001968,1636.61
1924,2026-09-18,180001969,1800001969,4053.12
1925,2026-09-13,180001970,1800001970,1192.09
1926,2026-09-05,180001972,1800001972,1173.49
1927,2026-09-10,180001973,1800001973,5783.66
1928,2026-09-04,180001974,1800001974,1626.95
1929,2026-09-18,179991975,1800001975,1444.68
1930,2026-09-01,180001976,1800001976,1698.26
1931,2026-09-10,180001977,1800001977,1932.11
1932,2026-09-05,180001978,1800001978,1419.23
1933,2026-09-13,180001979,1800001979,1366.69
1934,2026-09-29,180001980,1800001980,5853.7
1935,2026-09-28,180001981,1800001981,1931.35
1936,2026-09-09,180001982,1800001982,1157.96
1937,2026-09-19,180001983,1800001983,5204.5
1938,2026-09-20,180001984,1800001984,21105.5
1939,2026-09-14,180001985,1800001985,1359.44
1940,2026-09-23,180001986,1800001986,765.16
1941,2026-09-19,180001987,1800001987,1891.0
1942,2026-09-07,180001988,1800001988,2986.85
1943,2026-09-11,180001989,1800001989,3227.14
1944,2026-09-20,180001990,1800001990,872.84
1945,2026-09-18,179991991,1800001991,2520.49
1946,2026-09-13,180001992,1800001992,329.24
1947,2026-09-12,180001993,1800001993,7076.06
1948,2026-09-15,180001994,1800001994,2507.21
1949,2026-09-13,180001995,1800001995,2360.4
1950,2026-09-26,180001996,1800001996,877.88
1951,2026-09-13,180001997,1800001997,842.64
1952,2026-09-14,180001998,1800001998,11689.58
1953,2026-09-29,180001999,1800001999,4280.01
1954,2026-09-17,180002000,1800002000,5050.9
1955,2026-09-01,180002001,1800002001,2954.3
1956,2026-09-17,180002002,1800002002,906.3
1957,2026-09-10,180002003,1800002003,937.35
1958,2026-09-04,180002004,1800002004,3699.86
1959,2026-09-28,180002005,1800002005,183.12
1960,2026-09-09,180002006,1800002006,1454.4
1961,2026-09-07,179992007,1800002007,331.06
1962,2026-09-25,180002008,1800002008,6709.99
1963,2026-09-21,180002009,1800002009,4697.38
1964,2026-09-10,180002010,1800002010,591.84
1965,2026-09-28,180002011,1800002011,4474.46
1966,2026-09-27,180002012,1800002012,5991.35
1967,2026-09-09,180002013,1800002013,2143.57
1968,2026-09-07,180002014,1800002014,1992.61
1969,2026-09-15,180002015,1800002015,3359.37
1970,2026-09-13,180002016,1800002016,3709.41
1971,2026-09-24,180002017,1800002017,382.05
1972,2026-09-30,179992018,1800002018,2385.91
1973,2026-09-23,180002019,1800002019,14364.42
1974,2026-09-13,180002020,1800002020,737.07
1975,2026-09-14,180002021,1800002021,888.69
1976,2026-09-25,180002022,1800002022,557.52
1977,2026-09-13,180002023,1800002023,1587.19
1978,2026-09-21,180002024,1800002024,1453.75
1979,2026-09-25,180002025,1800002025,563.93
1980,2026-09-16,179992026,1800002026,13627.54
1981,2026-09-07,180002027,1800002027,213.42
1982,2026-09-10,180002028,1800002028,899.8
1983,2026-09-21,180002029,1800002029,3195.32
1984,2026-09-05,180002030,1800002030,10085.24
1985,2026-09-09,180002031,1800002031,1661.56
1986,2026-09-26,180002032,1800002032,4069.75
1987,2026-09-04,180002033,1800002033,816.51
1988,2026-09-18,180002034,1800002034,4175.07
1989,2026-09-20,180002035,1800002035,4644.22
1990,2026-09-20,180002036,1800002036,3574.87
1991,2026-09-19,180002037,1800002037,1252.65
1992,2026-09-23,180002038,1800002038,2514.01
1993,2026-09-28,180002039,1800002039,6375.39
1994,2026-09-16,180002040,1800002040,11891.11
1995,2026-09-23,180002041,1800002041,3435.28
1996,2026-09-21,180002042,1800002042,1267.53
1997,2026-09-10,180002043,1800002043,2747.36
1998,2026-09-22,180002044,1800002044,4716.47
1999,2026-09-15,180002045,1800002045,6086.59
2000,2026-09-17,180002046,1800002046,1333.09
2001,2026-09-13,180002047,1800002047,784.46
2002,2026-09-07,180002048,1800002048,1181.2
2003,2026-09-24,180002049,1800002049,787.75
2004,2026-09-27,180002050,1800002050,3129.4
2005,2026-09-10,180002051,1800002051,4162.44
2006,2026-09-29,180002052,1800002052,6322.69
2007,2026-09-13,180002053,1800002053,22049.91
2008,2026-09-29,180002054,1800002054,261.27
2009,2026-09-09,180002055,1800002055,1719.66
2010,2026-09-29,180002056,1800002056,2988.1
2011,2026-09-25,180002057,1800002057,4617.87
2012,2026-09-24,180002059,1800002059,1575.68
2013,2026-09-10,180002060,1800002060,1087.94
2014,2026-09-18,180002061,1800002061,12033.11
2015,2026-09-28,180002062,1800002062,774.94
2016,2026-09-08,180002063,1800002063,2001.0
2017,2026-09-03,180002064,1800002064,14324.01
2018,2026-09-08,180002065,1800002065,2780.8
2019,2026-09-23,180002066,1800002066,1410.59
2020,2026-09-14,180002067,1800002067,8523.7
2021,2026-09-12,180002068,1800002068,1873.99
2022,2026-09-06,180002069,1800002069,1904.41
2023,2026-09-23,180002070,1800002070,4338.23
2024,2026-09-08,180002071,1800002071,1355.57
2025,2026-09-20,180002072,1800002072,996.71
2026,2026-09-17,180002073,1800002073,2463.72
2027,2026-09-25,180002074,1800002074,11083.68
2028,2026-09-05,180002075,1800002075,2999.84
2029,2026-09-08,180002076,1800002076,1625.06
2030,2026-09-09,179992077,1800002077,3258.19
2031,2026-09-12,180002079,1800002079,780.23
2032,2026-09-23,180002080,1800002080,1645.63
2033,2026-09-25,180002081,1800002081,777.94
2034,2026-09-30,180002082,1800002082,664.71
2035,2026-09-24,180002083,1800002083,5710.64
2036,2026-09-13,180002084,1800002084,8322.31
2037,2026-09-02,180002085,1800002085,4846.01
2038,2026-09-23,180002086,1800002086,1665.23
2039,2026-09-14,180002087,1800002087,3864.52
2040,2026-09-22,179992088,1800002088,1383.25
2041,2026-09-12,180002089,1800002089,7007.88
2042,2026-09-22,180002090,1800002090,1261.32
2043,2026-09-05,180002091,1800002091,4872.0
2044,2026-09-03,180002092,1800002092,7861.78
2045,2026-09-23,180002093,1800002093,2317.29
2046,2026-09-13,180002094,1800002094,6419.13
2047,2026-09-14,180002095,1800002095,1144.53
2048,2026-09-13,180002096,1800002096,2488.11
2049,2026-09-17,180002097,1800002097,3547.82
2050,2026-09-18,180002098,1800002098,5471.45
2051,2026-09-19,180002099,1800002099,419.41
2052,2026-09-23,180002100,1800002100,2297.11
2053,2026-09-12,180002101,1800002101,2305.16
2054,2026-09-03,180002102,1800002102,437.5
2055,2026-09-12,180002103,1800002103,1328.45
2056,2026-09-18,180002104,1800002104,1501.98
2057,2026-09-19,179992105,1800002105,3810.77
2058,2026-09-27,180002106,1800002106,4238.42
2059,2026-09-25,180002107,1800002107,7265.91
2060,2026-09-15,180002108,1800002108,5659.44
2061,2026-09-02,180002109,1800002109,5913.94
2062,2026-09-16,180002110,1800002110,846.04
2063,2026-09-26,180002111,1800002111,4118.54
2064,2026-09-06,180002112,1800002112,2114.94
2065,2026-09-14,180002113,1800002113,3035.31
2066,2026-09-23,180002114,1800002114,748.55
2067,2026-09-15,180002115,1800002115,6930.95
2068,2026-09-29,180002116,1800002116,4281.33
2069,2026-09-28,180002117,1800002117,2484.17
2070,2026-09-21,180002119,1800002119,216.26
2071,2026-09-06,180002120,1800002120,875.63
2072,2026-09-04,180002121,1800002121,2793.16
2073,2026-09-03,180002122,1800002122,3133.57
2074,2026-09-17,180002123,1800002123,227.71
2075,2026-09-27,180002124,1800002124,3647.22
2076,2026-09-27,180002125,1800002125,1772.15
2077,2026-09-16,180002126,1800002126,1322.39
2078,2026-09-30,180002127,1800002127,1130.49
2079,2026-09-20,180002128,1800002128,1802.83
2080,2026-09-28,180002129,1800002129,711.05
2081,2026-09-09,180002130,1800002130,1433.99
2082,2026-09-16,180002131,1800002131,5439.67
2083,2026-09-15,180002132,1800002132,3836.69
2084,2026-09-23,180002133,1800002133,3568.78
2085,2026-09-20,180002134,1800002134,482.84
2086,2026-09-28,180002135,1800002135,521.79
2087,2026-09-03,180002136,1800002136,13721.02
2088,2026-09-01,180002137,1800002137,6799.35
2089,2026-09-24,180002138,1800002138,7387.31
2090,2026-09-17,180002139,1800002139,3274.0
2091,2026-09-16,180002140,1800002140,548.48
2092,2026-09-11,180002141,1800002141,2355.32
2093,2026-09-06,180002142,1800002142,2688.42
2094,2026-09-02,180002143,1800002143,29936.47
2095,2026-09-08,180002144,1800002144,841.8
2096,2026-09-05,180002145,1800002145,5545.82
2097,2026-09-19,180002146,1800002146,637.07
2098,2026-09-05,179992147,1800002147,10947.1
2099,2026-09-08,180002148,1800002148,171.33
2100,2026-09-20,180002149,1800002149,4014.05
2101,2026-09-29,180002150,1800002150,732.36
2102,2026-09-02,180002151,1800002151,836.05
2103,2026-09-03,180002152,1800002152,568.66
2104,2026-09-01,180002153,1800002153,593.37
2105,2026-09-18,180002154,1800002154,5689.61
2106,2026-09-29,180002155,1800002155,12093.98
2107,2026-09-01,180002156,1800002156,150.51
2108,2026-09-17,180002157,1800002157,2427.92
2109,2026-09-17,180002158,1800002158,4078.72
2110,2026-09-16,179992159,1800002159,3766.5
2111,2026-09-15,180002160,1800002160,2158.46
2112,2026-09-20,180002161,1800002161,3607.3
2113,2026-09-28,180002162,1800002162,1230.83
2114,2026-09-03,180002163,1800002163,4268.94
2115,2026-09-16,180002164,1800002164,24957.46
2116,2026-09-14,180002165,1800002165,2866.8
2117,2026-09-06,180002166,1800002166,787.97
2118,2026-09-20,180002167,1800002167,1036.45
2119,2026-09-05,179992168,1800002168,2316.85
2120,2026-09-08,180002169,1800002169,489.19
2121,2026-09-14,180002170,1800002170,177.1
2122,2026-09-30,180002171,1800002171,2019.43
2123,2026-09-30,180002172,1800002172,367.14
2124,2026-09-09,180002173,1800002173,3094.8
2125,2026-09-26,180002174,1800002174,6301.34
2126,2026-09-27,180002175,1800002175,6169.16
2127,2026-09-23,180002176,1800002176,5566.18
2128,2026-09-29,179992177,1800002177,3035.85
2129,2026-09-16,180002178,1800002178,16584.89
2130,2026-09-08,180002179,1800002179,1410.98
2131,2026-09-20,179992180,1800002180,4859.02
2132,2026-09-07,180002181,1800002181,3684.31
2133,2026-09-03,180002182,1800002182,1355.47
2134,2026-09-13,179992183,1800002183,4137.94
2135,2026-09-01,180002184,1800002184,1784.55
2136,2026-09-17,180002185,1800002185,799.73
2137,2026-09-27,180002186,1800002186,236.98
2138,2026-09-07,180002187,1800002187,1102.24
2139,2026-09-09,180002188,1800002188,819.68
2140,2026-09-28,180002190,1800002190,5732.82
2141,2026-09-19,180002191,1800002191,1757.34
2142,2026-09-16,180002192,1800002192,1651.88
2143,2026-09-23,180002193,1800002193,403.85
2144,2026-09-21,180002194,1800002194,3405.44
2145,2026-09-09,180002195,1800002195,1026.75
2146,2026-09-18,180002196,1800002196,8298.21
2147,2026-09-23,180002197,1800002197,1267.06
2148,2026-09-17,180002198,1800002198,2922.37
2149,2026-09-06,180002199,1800002199,386.63
2150,2026-09-09,180002200,1800002200,1383.74
2151,2026-09-05,180002201,1800002201,11638.96
2152,2026-09-06,180002202,1800002202,4637.45
2153,2026-09-26,180002203,1800002203,452.73
2154,2026-09-06,180002204,1800002204,779.45
2155,2026-09-15,180002205,1800002205,6468.82
2156,2026-09-11,180002206,1800002206,2454.06
2157,2026-09-22,180002207,1800002207,4835.25
2158,2026-09-02,180002208,1800002208,6087.29
2159,2026-09-10,180002209,1800002209,14908.47
2160,2026-09-07,180002210,1800002210,4709.59
2161,2026-09-03,180002211,1800002211,721.26
2162,2026-09-19,180002212,1800002212,5091.85
2163,2026-09-26,180002213,1800002213,1231.28
2164,2026-09-27,180002214,1800002214,535.17
2165,2026-09-05,180002215,1800002215,1691.5
2166,2026-09-08,180002216,1800002216,9155.98
2167,2026-09-22,180002217,1800002217,2945.62
2168,2026-09-13,180002218,1800002218,4039.59
2169,2026-09-02,180002219,1800002219,8103.69
2170,2026-09-10,180002220,1800002220,8666.85
2171,2026-09-03,180002221,1800002221,11958.16
2172,2026-09-28,180002222,1800002222,2367.25
2173,2026-09-26,180002223,1800002223,4877.03
2174,2026-09-17,180002224,1800002224,5296.1
2175,2026-09-05,180002225,1800002225,2287.64
2176,2026-09-04,180002226,1800002226,6056.93
2177,2026-09-07,180002227,1800002227,1269.26
2178,2026-09-24,180002228,1800002228,1202.87
2179,2026-09-04,180002229,1800002229,3919.71
2180,2026-09-07,180002230,1800002230,881.02
2181,2026-09-21,180002231,1800002231,4677.98
2182,2026-09-10,180002232,1800002232,5138.95
2183,2026-09-24,180002233,1800002233,14395.61
2184,2026-09-17,180002234,1800002234,255.25
2185,2026-09-04,180002235,1800002235,2286.91
2186,2026-09-26,179992236,1800002236,1081.21
2187,2026-09-14,180002237,1800002237,1068.35
2188,2026-09-11,180002238,1800002238,17580.95
2189,2026-09-11,180002239,1800002239,10478.91
2190,2026-09-07,180002240,1800002240,4176.71
2191,2026-09-06,180002241,1800002241,474.88
2192,2026-09-26,180002242,1800002242,621.92
2193,2026-09-10,180002243,1800002243,853.27
2194,2026-09-08,180002244,1800002244,2317.03
2195,2026-09-07,180002245,1800002245,5946.59
2196,2026-09-03,180002246,1800002246,3573.19
2197,2026-09-09,180002247,1800002247,1670.12
2198,2026-09-21,180002248,1800002248,647.13
2199,2026-09-03,180002249,1800002249,2228.47
2200,2026-09-21,180002250,1800002250,1136.79
2201,2026-09-12,180002251,1800002251,1032.29
2202,2026-09-07,180002252,1800002252,3338.94
2203,2026-09-06,180002253,1800002253,5020.5
2204,2026-09-07,180002254,1800002254,6540.04
2205,2026-09-17,180002255,1800002255,4649.74
2206,2026-09-20,180002256,1800002256,1853.94
2207,2026-09-20,180002257,1800002257,400.58
2208,2026-09-05,180002259,1800002259,1500.06
2209,2026-09-04,180002260,1800002260,3128.35
2210,2026-09-22,180002261,1800002261,447.71
2211,2026-09-11,180002262,1800002262,868.97
2212,2026-09-09,180002263,1800002263,821.95
2213,2026-09-23,180002264,1800002264,432.36
2214,2026-09-03,180002265,1800002265,3715.24
2215,2026-09-04,180002266,1800002266,702.26
2216,2026-09-27,180002267,1800002267,9486.8
2217,2026-09-09,180002268,1800002268,3060.53
2218,2026-09-13,180002270,1800002270,954.47
2219,2026-09-05,180002271,1800002271,623.23
2220,2026-09-03,180002272,1800002272,1798.53
2221,2026-09-12,180002273,1800002273,980.03
2222,2026-09-25,180002274,1800002274,8384.71
2223,2026-09-15,180002275,1800002275,874.99
2224,2026-09-15,180002276,1800002276,6347.19
2225,2026-09-17,180002277,1800002277,3353.24
2226,2026-09-22,180002278,1800002278,7983.4
2227,2026-09-01,180002279,1800002279,2620.91
2228,2026-09-24,180002280,1800002280,9721.6
2229,2026-09-12,180002281,1800002281,1259.83
2230,2026-09-24,180002282,1800002282,1464.66
2231,2026-09-10,180002283,1800002283,2076.29
2232,2026-09-29,180002284,1800002284,501.62
2233,2026-09-20,180002285,1800002285,1800.15
2234,2026-09-09,180002286,1800002286,979.49
2235,2026-09-08,180002287,1800002287,2286.55
2236,2026-09-28,180002288,1800002288,7802.57
2237,2026-09-03,180002289,1800002289,3199.91
2238,2026-09-16,180002290,1800002290,538.7
2239,2026-09-13,180002291,1800002291,5479.3
2240,2026-09-11,180002292,1800002292,6280.72
2241,2026-09-22,180002293,1800002293,13083.7
2242,2026-09-21,180002294,1800002294,5456.61
2243,2026-09-07,180002295,1800002295,3451.16
2244,2026-09-16,180002296,1800002296,283.47
2245,2026-09-17,180002297,1800002297,12039.92
2246,2026-09-03,180002298,1800002298,5229.63
2247,2026-09-19,180002300,1800002300,6753.21
2248,2026-09-14,180002301,1800002301,3640.95
2249,2026-09-25,180002302,1800002302,348.99
2250,2026-09-08,180002303,1800002303,251.58
2251,2026-09-03,180002304,1800002304,7781.71
2252,2026-09-04,180002305,1800002305,5689.33
2253,2026-09-06,180002306,1800002306,2674.54
2254,2026-09-16,180002307,1800002307,1752.28
2255,2026-09-22,180002308,1800002308,2758.86
2256,2026-09-13,180002309,1800002309,1046.33
2257,2026-09-10,179992310,1800002310,3841.19
2258,2026-09-17,180002311,1800002311,8480.32
2259,2026-09-03,180002312,1800002312,306.15
2260,2026-09-02,180002313,1800002313,11810.28
2261,2026-09-23,180002314,1800002314,663.0
2262,2026-09-19,180002315,1800002315,2609.41
2263,2026-09-23,180002316,1800002316,907.13
2264,2026-09-15,180002317,1800002317,1552.85
2265,2026-09-04,180002318,1800002318,4604.4
2266,2026-09-19,180002319,1800002319,15496.46
2267,2026-09-11,180002320,1800002320,1032.48
2268,2026-09-29,180002321,1800002321,983.54
2269,2026-09-18,180002322,1800002322,7312.4
2270,2026-09-04,180002323,1800002323,4433.25
2271,2026-09-27,180002324,1800002324,5205.34
2272,2026-09-16,180002325,1800002325,2310.63
2273,2026-09-11,180002326,1800002326,2299.96
2274,2026-09-12,180002327,1800002327,2131.26
2275,2026-09-05,180002328,1800002328,9819.55
2276,2026-09-08,180002329,1800002329,398.27
2277,2026-09-05,180002330,1800002330,4672.69
2278,2026-09-26,180002331,1800002331,3239.65
2279,2026-09-04,180002332,1800002332,1234.14
2280,2026-09-09,180002333,1800002333,2421.72
2281,2026-09-07,180002334,1800002334,7278.8
2282,2026-09-12,180002335,1800002335,1026.49
2283,2026-09-02,180002336,1800002336,717.62
2284,2026-09-26,180002337,1800002337,2314.48
2285,2026-09-17,180002338,1800002338,4254.48
2286,2026-09-29,180002339,1800002339,1192.6
2287,2026-09-20,180002340,1800002340,5229.69
2288,2026-09-10,180002341,1800002341,1089.12
2289,2026-09-03,180002342,1800002342,468.35
2290,2026-09-23,180002343,1800002343,2003.54
2291,2026-09-23,180002344,1800002344,5551.4
2292,2026-09-04,180002345,1800002345,803.2
2293,2026-09-15,180002346,1800002346,4972.98
2294,2026-10-01,180002347,1800002347,2664.32
2295,2026-09-17,180002348,1800002348,2701.6
2296,2026-09-27,180002349,1800002349,1481.67
2297,2026-09-27,180002350,1800002350,279.97
2298,2026-09-23,180002351,1800002351,716.02
2299,2026-09-12,180002352,1800002352,6780.79
2300,2026-09-07,180002353,1800002353,3507.24
2301,2026-09-14,180002354,1800002354,16604.02
2302,2026-09-20,180002355,1800002355,429.56
2303,2026-09-09,180002356,1800002356,9499.83
2304,2026-09-17,180002357,1800002357,6097.77
2305,2026-09-02,180002358,1800002358,635.7
2306,2026-09-11,180002359,1800002359,8073.75
2307,2026-09-23,180002360,1800002360,1169.68
2308,2026-09-23,180002361,1800002361,1180.71
2309,2026-09-15,180002362,1800002362,3989.5
2310,2026-09-27,180002363,1800002363,5239.5
2311,2026-09-04,180002364,1800002364,10612.19
2312,2026-09-18,180002365,1800002365,432.88
2313,2026-09-27,180002366,1800002366,6575.84
2314,2026-09-18,180002367,1800002367,3913.27
2315,2026-09-26,180002369,1800002369,293.85
2316,2026-09-20,180002370,1800002370,949.7
2317,2026-09-11,180002371,1800002371,226.97
2318,2026-09-02,179992372,1800002372,1018.66
2319,2026-09-14,180002373,1800002373,2727.16
2320,2026-09-03,180002374,1800002374,4087.17
2321,2026-09-10,180002375,1800002375,4113.34
2322,2026-09-04,180002376,1800002376,3046.96
2323,2026-09-26,180002377,1800002377,4599.99
2324,2026-09-02,180002378,1800002378,1790.28
2325,2026-09-01,180002379,1800002379,172.8
2326,2026-09-19,180002380,1800002380,366.49
2327,2026-09-28,180002381,1800002381,12921.66
2328,2026-09-24,180002382,1800002382,6582.46
2329,2026-09-18,179992383,1800002383,4294.45
2330,2026-09-29,180002384,1800002384,851.12
2331,2026-09-29,180002385,1800002385,2842.53
2332,2026-09-12,180002386,1800002386,1781.5
2333,2026-09-13,180002387,1800002387,799.62
2334,2026-09-21,180002388,1800002388,9298.54
2335,2026-09-08,180002389,1800002389,6762.69
2336,2026-09-28,180002390,1800002390,2268.6
2337,2026-09-08,180002391,1800002391,3665.53
2338,2026-09-28,180002392,1800002392,5297.67
2339,2026-09-12,180002393,1800002393,3222.49
2340,2026-09-04,180002394,1800002394,1949.7
2341,2026-09-06,180002395,1800002395,3170.57
2342,2026-09-27,180002396,1800002396,897.13
2343,2026-09-16,180002397,1800002397,2032.25
2344,2026-09-08,180002398,1800002398,505.13
2345,2026-09-18,180002399,1800002399,8467.1
2346,2026-09-19,179992400,1800002400,2882.5
2347,2026-09-11,180002401,1800002401,1823.14
2348,2026-09-03,180002402,1800002402,1713.86
2349,2026-09-03,180002403,1800002403,3453.26
2350,2026-09-24,180002404,1800002404,371.27
2351,2026-09-09,180002405,1800002405,7035.06
2352,2026-09-06,180002406,1800002406,3559.3
2353,2026-09-10,180002407,1800002407,1046.6
2354,2026-09-26,180002408,1800002408,5216.65
2355,2026-09-21,180002409,1800002409,721.86
2356,2026-09-20,180002410,1800002410,5647.11
2357,2026-09-29,180002411,1800002411,933.31
2358,2026-09-29,180002412,1800002412,11876.01
2359,2026-09-25,180002413,1800002413,3942.88
2360,2026-09-18,180002414,1800002414,11400.54
2361,2026-09-28,180002415,1800002415,3135.0
2362,2026-09-20,180002416,1800002416,2828.87
2363,2026-09-26,180002417,1800002417,1217.92
2364,2026-09-03,180002418,1800002418,719.53
2365,2026-09-05,180002419,1800002419,1118.98
2366,2026-09-25,180002420,1800002420,761.9
2367,2026-09-18,180002421,1800002421,178.28
2368,2026-09-04,180002422,1800002422,4502.93
2369,2026-09-16,180002423,1800002423,3032.51
2370,2026-09-10,180002424,1800002424,3401.2
2371,2026-09-17,180002425,1800002425,557.03
2372,2026-09-18,180002426,1800002426,1007.19
2373,2026-09-23,180002427,1800002427,2278.03
2374,2026-09-25,180002428,1800002428,528.76
2375,2026-09-12,180002429,1800002429,714.21
2376,2026-09-15,180002430,1800002430,1341.45
2377,2026-09-18,180002431,1800002431,3101.01
2378,2026-09-26,180002432,1800002432,4332.7
2379,2026-09-09,180002433,1800002433,1591.49
2380,2026-09-17,180002434,1800002434,1247.12
2381,2026-09-13,180002435,1800002435,2877.6
2382,2026-09-11,180002436,1800002436,8555.4
2383,2026-09-03,180002437,1800002437,2573.94
2384,2026-09-11,180002438,1800002438,1990.78
2385,2026-09-04,180002439,1800002439,5151.77
2386,2026-09-27,180002440,1800002440,226.43
2387,2026-09-06,180002441,1800002441,1731.58
2388,2026-09-04,180002442,1800002442,1303.24
2389,2026-09-24,180002443,1800002443,2963.51
2390,2026-09-15,179992444,1800002444,451.35
2391,2026-09-03,180002445,1800002445,2011.25
2392,2026-09-08,180002446,1800002446,1638.13
2393,2026-09-25,180002447,1800002447,3273.36
2394,2026-09-03,180002448,1800002448,2534.9
2395,2026-09-15,180002449,1800002449,2232.08
2396,2026-09-02,180002450,1800002450,2386.63
2397,2026-09-12,180002451,1800002451,10804.13
2398,2026-09-07,179992452,1800002452,1780.84
2399,2026-09-07,180002453,1800002453,4842.31
2400,2026-09-03,180002454,1800002454,636.93
2401,2026-09-04,180002455,1800002455,11472.47
2402,2026-09-05,180002456,1800002456,818.71
2403,2026-09-15,180002457,1800002457,7664.19
2404,2026-09-04,180002458,1800002458,4458.21
2405,2026-09-27,180002459,1800002459,1904.58
2406,2026-09-16,180002460,1800002460,1582.24
2407,2026-09-08,180002461,1800002461,805.14
2408,2026-09-12,180002462,1800002462,11127.36
2409,2026-09-04,180002463,1800002463,2918.04
2410,2026-09-16,180002464,1800002464,5057.17
2411,2026-09-12,180002465,1800002465,1323.81
2412,2026-09-23,179992466,1800002466,2819.52
2413,2026-09-11,180002467,1800002467,6958.57
2414,2026-09-30,180002468,1800002468,443.02
2415,2026-09-28,180002469,1800002469,7823.47
2416,2026-09-23,180002470,1800002470,2124.87
2417,2026-09-18,180002471,1800002471,10198.79
2418,2026-09-05,180002472,1800002472,5514.35
2419,2026-09-04,180002473,1800002473,6534.04
2420,2026-09-12,179992474,1800002474,668.59
2421,2026-09-09,180002475,1800002475,1618.5
2422,2026-09-25,180002476,1800002476,4098.96
2423,2026-09-18,180002477,1800002477,4462.17
2424,2026-09-25,180002478,1800002478,979.86
2425,2026-09-06,180002479,1800002479,2656.05
2426,2026-09-07,180002480,1800002480,4399.36
2427,2026-09-08,180002481,1800002481,3077.3
2428,2026-09-30,180002482,1800002482,6062.53
2429,2026-09-29,180002483,1800002483,6561.69
2430,2026-09-20,180002484,1800002484,4503.13
2431,2026-09-14,180002485,1800002485,6295.2
2432,2026-09-09,180002486,1800002486,3292.17
2433,2026-09-09,180002487,1800002487,693.42
2434,2026-09-07,180002488,1800002488,6134.24
2435,2026-09-07,180002489,1800002489,489.36
2436,2026-09-08,180002490,1800002490,642.73
2437,2026-09-17,180002491,1800002491,3257.03
2438,2026-09-10,180002492,1800002492,4322.23
2439,2026-09-13,180002493,1800002493,6502.68
2440,2026-09-03,180002494,1800002494,9258.38
2441,2026-09-13,179992495,1800002495,1492.03
2442,2026-09-24,180002496,1800002496,2784.93
2443,2026-09-03,180002497,1800002497,4522.43
2444,2026-09-14,180002498,1800002498,621.55
2445,2026-09-14,180002499,1800002499,2152.9
2446,2026-09-27,180002500,1800002500,2032.46
2447,2026-09-12,180002501,1800002501,11148.18
2448,2026-09-27,180002502,1800002502,5310.45
2449,2026-09-26,180002503,1800002503,404.94
2450,2026-09-25,180002504,1800002504,1682.27
2451,2026-09-23,180002505,1800002505,9516.26
2452,2026-09-05,180002506,1800002506,300.48
2453,2026-09-21,180002507,1800002507,10320.49
2454,2026-09-26,180002508,1800002508,6749.14
2455,2026-09-07,180002509,1800002509,10474.38
2456,2026-09-21,180002511,1800002511,3662.43
2457,2026-09-17,180002512,1800002512,7837.15
2458,2026-09-03,180002513,1800002513,319.43
2459,2026-09-15,180002514,1800002514,1943.08
2460,2026-09-21,180002515,1800002515,752.55
2461,2026-09-11,180002516,1800002516,792.66
2462,2026-09-22,180002517,1800002517,5830.1
2463,2026-09-11,180002518,1800002518,260.46
2464,2026-09-17,180002519,1800002519,3089.6
2465,2026-09-20,180002520,1800002520,1768.68
2466,2026-09-10,180002521,1800002521,8881.7
2467,2026-09-17,180002522,1800002522,232.53
2468,2026-09-22,180002523,1800002523,2311.57
2469,2026-09-26,180002524,1800002524,228.43
2470,2026-09-19,180002525,1800002525,3153.28
2471,2026-09-12,180002526,1800002526,1382.19
2472,2026-09-02,180002527,1800002527,1717.14
2473,2026-09-04,180002528,1800002528,2018.6
2474,2026-09-24,180002529,1800002529,4680.01
2475,2026-09-16,180002530,1800002530,5980.79
2476,2026-09-28,180002531,1800002531,626.56
2477,2026-09-22,180002532,1800002532,7358.11
2478,2026-09-27,180002533,1800002533,4262.67
2479,2026-09-26,180002534,1800002534,1205.29
2480,2026-09-25,180002535,1800002535,277.04
2481,2026-09-18,180002536,1800002536,4724.66
2482,2026-09-05,180002537,1800002537,5302.71
2483,2026-09-28,180002538,1800002538,2781.45
2484,2026-09-06,180002539,1800002539,6613.44
2485,2026-09-01,180002540,1800002540,4740.3
2486,2026-09-27,180002541,1800002541,871.12
2487,2026-09-30,180002542,1800002542,3415.23
2488,2026-09-09,179992543,1800002543,1222.88
2489,2026-09-07,180002544,1800002544,2232.32
2490,2026-09-13,180002545,1800002545,18676.05
2491,2026-09-12,180002546,1800002546,715.2
2492,2026-09-24,180002547,1800002547,6000.2
2493,2026-09-07,180002548,1800002548,2843.31
2494,2026-09-02,180002549,1800002549,1915.13
2495,2026-09-21,179992550,1800002550,5169.79
2496,2026-09-01,180002551,1800002551,390.26
2497,2026-09-28,180002552,1800002552,2897.95
2498,2026-09-25,180002553,1800002553,8582.77
2499,2026-09-21,180002554,1800002554,4417.82
2500,2026-09-24,180002555,1800002555,3317.7
2501,2026-09-24,180002556,1800002556,1460.33
2502,2026-09-23,180002557,1800002557,749.07
2503,2026-09-24,180002558,1800002558,6290.89
2504,2026-09-02,180002559,1800002559,10185.31
2505,2026-09-24,180002560,1800002560,5750.84
2506,2026-09-18,180002562,1800002562,625.02
2507,2026-09-15,180002563,1800002563,1288.41
2508,2026-09-23,180002564,1800002564,1589.56
2509,2026-09-24,180002565,1800002565,2329.57
2510,2026-09-06,180002566,1800002566,5610.23
2511,2026-09-27,180002567,1800002567,754.88
2512,2026-09-27,180002568,1800002568,6324.52
2513,2026-09-12,180002569,1800002569,1117.81
2514,2026-09-23,180002570,1800002570,3250.36
2515,2026-09-09,180002571,1800002571,4139.12
2516,2026-09-05,180002572,1800002572,2630.6
2517,2026-09-17,180002573,1800002573,3235.51
2518,2026-09-11,180002574,1800002574,1586.64
2519,2026-09-26,180002575,1800002575,543.64
2520,2026-09-05,180002576,1800002576,9331.75
2521,2026-09-12,179992577,1800002577,1608.52
2522,2026-09-15,180002578,1800002578,560.23
2523,2026-09-10,180002579,1800002579,16122.11
2524,2026-09-29,180002580,1800002580,9512.67
2525,2026-09-10,180002582,1800002582,7416.92
2526,2026-09-10,180002583,1800002583,6154.96
2527,2026-09-15,180002584,1800002584,2678.09
2528,2026-09-16,180002585,1800002585,780.93
2529,2026-09-27,180002586,1800002586,3275.52
2530,2026-09-27,180002587,1800002587,6782.41
2531,2026-09-05,180002588,1800002588,866.67
2532,2026-09-27,180002589,1800002589,407.58
2533,2026-09-04,180002590,1800002590,193.35
2534,2026-09-22,180002591,1800002591,948.75
2535,2026-09-24,180002592,1800002592,6805.3
2536,2026-09-07,180002593,1800002593,2229.62
2537,2026-09-10,180002594,1800002594,583.75
2538,2026-09-09,180002595,1800002595,2295.37
2539,2026-09-22,180002596,1800002596,8742.92
2540,2026-09-19,180002598,1800002598,2760.35
2541,2026-09-14,180002599,1800002599,5613.12
2542,2026-09-25,180002600,1800002600,3533.64
2543,2026-09-11,180002601,1800002601,403.07
2544,2026-09-09,180002602,1800002602,1732.77
2545,2026-09-17,180002603,1800002603,533.08
2546,2026-09-28,180002604,1800002604,1701.92
2547,2026-09-25,180002605,1800002605,837.32
2548,2026-09-14,179992606,1800002606,3853.79
2549,2026-09-27,180002607,1800002607,1011.15
2550,2026-09-06,180002608,1800002608,2823.76
2551,2026-09-30,180002609,1800002609,845.84
2552,2026-09-03,180002610,1800002610,2648.26
2553,2026-09-19,180002611,1800002611,2314.31
2554,2026-09-06,180002612,1800002612,886.68
2555,2026-09-29,180002613,1800002613,648.84
2556,2026-09-24,180002614,1800002614,1056.4
2557,2026-09-29,180002615,1800002615,2859.34
2558,2026-09-25,180002616,1800002616,3202.17
2559,2026-09-13,180002617,1800002617,821.66
2560,2026-09-17,180002618,1800002618,8364.04
2561,2026-09-14,180002619,1800002619,5428.51
2562,2026-09-09,180002620,1800002620,7671.76
2563,2026-09-18,180002621,1800002621,3070.13
2564,2026-09-23,180002622,1800002622,796.87
2565,2026-09-07,180002623,1800002623,1845.99
2566,2026-09-07,180002624,1800002624,1348.87
2567,2026-09-28,180002625,1800002625,850.18
2568,2026-09-25,180002626,1800002626,345.91
2569,2026-09-11,180002627,1800002627,3924.41
2570,2026-09-03,180002628,1800002628,5556.34
2571,2026-09-09,179992629,1800002629,3418.14
2572,2026-09-08,180002630,1800002630,6244.05
2573,2026-09-18,180002631,1800002631,821.02
2574,2026-09-15,180002632,1800002632,1255.79
2575,2026-09-02,180002633,1800002633,8561.45
2576,2026-09-20,180002634,1800002634,494.98
2577,2026-09-15,180002635,1800002635,9131.43
2578,2026-09-05,180002636,1800002636,3658.76
2579,2026-09-15,180002637,1800002637,587.88
2580,2026-09-04,180002638,1800002638,2299.32
2581,2026-09-08,180002639,1800002639,800.1
2582,2026-09-24,179992640,1800002640,188.93
2583,2026-09-07,180002641,1800002641,446.21
2584,2026-09-28,180002642,1800002642,2813.05
2585,2026-09-05,180002643,1800002643,2450.34
2586,2026-09-14,180002644,1800002644,1897.97
2587,2026-09-29,180002645,1800002645,704.3
2588,2026-09-06,180002646,1800002646,11525.72
2589,2026-09-28,179992647,1800002647,781.44
2590,2026-09-20,180002648,1800002648,2207.52
2591,2026-09-18,180002649,1800002649,2795.05
2592,2026-09-04,180002650,1800002650,3070.39
2593,2026-09-26,180002651,1800002651,9365.38
2594,2026-09-29,180002652,1800002652,4282.87
2595,2026-09-20,180002653,1800002653,2486.92
2596,2026-09-21,180002654,1800002654,1797.32
2597,2026-09-02,180002655,1800002655,532.46
2598,2026-09-24,180002656,1800002656,3670.74
2599,2026-09-22,180002657,1800002657,2685.61
2600,2026-09-23,180002658,1800002658,853.28
2601,2026-09-19,180002659,1800002659,202.34
2602,2026-09-23,180002660,1800002660,8138.88
2603,2026-09-18,180002661,1800002661,2913.87
2604,2026-09-16,180002662,1800002662,5918.73
2605,2026-09-12,180002663,1800002663,2748.88
2606,2026-09-03,180002664,1800002664,22419.4
2607,2026-09-17,180002665,1800002665,2642.0
2608,2026-09-24,180002666,1800002666,3006.63
2609,2026-09-05,180002668,1800002668,606.83
2610,2026-09-06,180002669,1800002669,1347.14
2611,2026-09-12,180002670,1800002670,2431.25
2612,2026-09-21,180002671,1800002671,3798.43
2613,2026-09-21,179992672,1800002672,5365.6
2614,2026-09-04,180002673,1800002673,6272.57
2615,2026-09-21,180002674,1800002674,818.26
2616,2026-09-09,180002675,1800002675,2911.58
2617,2026-09-26,180002676,1800002676,4968.72
2618,2026-09-26,180002677,1800002677,1204.76
2619,2026-09-23,180002678,1800002678,1502.27
2620,2026-09-04,180002679,1800002679,2084.52
2621,2026-09-15,180002680,1800002680,1612.16
2622,2026-09-11,180002681,1800002681,4078.31
2623,2026-09-24,180002682,1800002682,621.56
2624,2026-09-10,180002683,1800002683,923.52
2625,2026-09-17,180002684,1800002684,3800.88
2626,2026-09-08,180002685,1800002685,938.85
2627,2026-09-20,180002686,1800002686,5412.04
2628,2026-09-29,180002687,1800002687,1817.59
2629,2026-09-28,180002688,1800002688,1321.61
2630,2026-09-19,180002689,1800002689,686.49
2631,2026-09-04,179992690,1800002690,5944.93
2632,2026-09-24,180002691,1800002691,14432.48
2633,2026-09-08,180002692,1800002692,227.42
2634,2026-09-10,180002693,1800002693,6100.54
2635,2026-09-12,180002694,1800002694,1320.33
2636,2026-09-21,180002695,1800002695,1476.11
2637,2026-09-17,180002696,1800002696,232.48
2638,2026-09-23,180002697,1800002697,2645.79
2639,2026-09-16,180002698,1800002698,14560.2
2640,2026-09-21,180002699,1800002699,1292.51
2641,2026-09-02,180002700,1800002700,1527.56
2642,2026-09-04,180002701,1800002701,3570.29
2643,2026-09-28,180002702,1800002702,725.23
2644,2026-09-19,180002703,1800002703,1281.7
2645,2026-09-20,180002704,1800002704,887.33
2646,2026-09-19,180002705,1800002705,4386.24
2647,2026-09-20,180002706,1800002706,5593.57
2648,2026-09-16,180002707,1800002707,5273.51
2649,2026-09-21,180002708,1800002708,8779.24
2650,2026-09-14,180002709,1800002709,1162.91
2651,2026-09-17,180002710,1800002710,3255.82
2652,2026-09-28,180002711,1800002711,4752.04
2653,2026-09-23,180002712,1800002712,2323.26
2654,2026-09-09,180002713,1800002713,693.12
2655,2026-09-03,180002714,1800002714,1431.53
2656,2026-09-25,180002715,1800002715,8196.72
2657,2026-09-18,179992716,1800002716,2708.22
2658,2026-09-21,180002717,1800002717,4915.52
2659,2026-09-12,180002718,1800002718,1872.12
2660,2026-09-20,180002719,1800002719,2579.28
2661,2026-09-09,180002721,1800002721,3050.81
2662,2026-09-16,180002722,1800002722,5522.13
2663,2026-09-26,180002723,1800002723,656.53
2664,2026-09-19,180002724,1800002724,1480.02
2665,2026-09-10,180002725,1800002725,2373.02
2666,2026-09-27,180002727,1800002727,1448.48
2667,2026-09-17,180002728,1800002728,385.33
2668,2026-09-24,180002729,1800002729,5469.71
2669,2026-09-04,180002730,1800002730,5884.28
2670,2026-09-25,180002731,1800002731,1016.35
2671,2026-09-07,180002732,1800002732,4948.93
2672,2026-09-01,180002733,1800002733,4559.63
2673,2026-09-08,180002734,1800002734,2493.75
2674,2026-09-23,180002735,1800002735,4085.5
2675,2026-09-11,180002736,1800002736,4152.35
2676,2026-09-08,180002737,1800002737,540.01
2677,2026-09-19,180002738,1800002738,4731.28
2678,2026-09-12,180002739,1800002739,3489.99
2679,2026-09-05,180002740,1800002740,8967.77
2680,2026-09-14,180002741,1800002741,4550.31
2681,2026-09-14,180002742,1800002742,706.78
2682,2026-09-07,180002743,1800002743,3551.79
2683,2026-09-12,180002744,1800002744,1314.76
2684,2026-09-14,180002745,1800002745,1302.74
2685,2026-09-23,180002746,1800002746,3608.19
2686,2026-09-11,180002747,1800002747,1804.47
2687,2026-09-22,180002748,1800002748,5202.86
2688,2026-09-19,180002749,1800002749,8553.96
2689,2026-09-18,180002750,1800002750,16886.64
2690,2026-09-25,180002751,1800002751,3109.73
2691,2026-09-20,180002752,1800002752,3810.17
2692,2026-09-08,180002753,1800002753,2431.08
2693,2026-09-17,180002755,1800002755,5813.06
2694,2026-09-16,180002756,1800002756,6385.9
2695,2026-09-18,180002757,1800002757,307.17
2696,2026-09-09,180002758,1800002758,8015.12
2697,2026-09-29,180002759,1800002759,8708.2
2698,2026-09-16,180002760,1800002760,2280.22
2699,2026-09-20,180002761,1800002761,6324.86
2700,2026-09-17,180002762,1800002762,1840.53
2701,2026-09-05,180002763,1800002763,3748.54
2702,2026-09-21,180002764,1800002764,10279.06
2703,2026-09-26,180002765,1800002765,674.91
2704,2026-09-20,180002766,1800002766,1719.27
2705,2026-09-18,180002767,1800002767,572.06
2706,2026-09-05,180002768,1800002768,1059.11
2707,2026-09-25,180002769,1800002769,9534.87
2708,2026-09-24,180002770,1800002770,8983.19
2709,2026-09-16,180002771,1800002771,1070.38
2710,2026-09-04,180002772,1800002772,779.48
2711,2026-09-05,180002773,1800002773,1239.37
2712,2026-09-18,180002774,1800002774,2129.12
2713,2026-09-19,180002776,1800002776,3408.17
2714,2026-09-12,180002777,1800002777,4235.29
2715,2026-09-21,180002778,1800002778,2323.38
2716,2026-09-15,179992779,1800002779,1511.66
2717,2026-09-20,180002780,1800002780,2131.2
2718,2026-09-18,180002781,1800002781,3022.88
2719,2026-09-23,179992782,1800002782,1390.18
2720,2026-09-13,179992784,1800002784,1408.61
2721,2026-09-04,180002785,1800002785,1045.54
2722,2026-09-22,180002786,1800002786,1062.31
2723,2026-09-13,180002787,1800002787,5876.36
2724,2026-09-18,180002788,1800002788,8739.94
2725,2026-09-28,180002789,1800002789,2941.38
2726,2026-09-28,180002790,1800002790,7251.59
2727,2026-09-15,180002791,1800002791,3838.96
2728,2026-09-09,180002792,1800002792,9136.35
2729,2026-09-11,179992793,1800002793,2297.84
2730,2026-09-21,180002794,1800002794,6694.98
2731,2026-09-30,180002795,1800002795,797.4
2732,2026-09-08,180002796,1800002796,503.41
2733,2026-09-10,180002797,1800002797,643.73
2734,2026-09-09,180002798,1800002798,-50.35000000000002
2735,2026-09-15,180002799,1800002799,806.11
2736,2026-09-26,180002800,1800002800,2609.21
2737,2026-09-28,180002801,1800002801,812.63
2738,2026-09-24,180002802,1800002802,3374.3
2739,2026-09-13,180002803,1800002803,1639.38
2740,2026-09-16,180002804,1800002804,190.19
2741,2026-09-20,180002805,1800002805,580.07
2742,2026-09-24,180002806,1800002806,2861.85
2743,2026-09-22,180002807,1800002807,1747.8
2744,2026-09-03,180002808,1800002808,12337.17
2745,2026-09-27,180002809,1800002809,2078.19
2746,2026-09-14,180002810,1800002810,522.06
2747,2026-09-03,180002811,1800002811,804.69
2748,2026-09-12,180002812,1800002812,2959.8
2749,2026-09-29,180002813,1800002813,1094.02
2750,2026-09-30,180002814,1800002814,3445.3
2751,2026-09-24,180002815,1800002815,2573.05
2752,2026-09-27,180002816,1800002816,2652.64
2753,2026-09-15,180002817,1800002817,197.27
2754,2026-09-20,180002818,1800002818,2845.54
2755,2026-09-08,180002819,1800002819,1037.21
2756,2026-09-22,180002820,1800002820,4631.27
2757,2026-09-13,180002821,1800002821,7089.34
2758,2026-09-22,180002822,1800002822,929.64
2759,2026-09-21,180002823,1800002823,2555.63
2760,2026-09-25,180002824,1800002824,1385.57
2761,2026-09-11,180002825,1800002825,2788.6
2762,2026-09-11,179992826,1800002826,2032.62
2763,2026-09-08,180002827,1800002827,1705.24
2764,2026-09-24,180002828,1800002828,1605.4
2765,2026-09-03,180002829,1800002829,6823.86
2766,2026-09-07,180002830,1800002830,1068.71
2767,2026-09-08,180002831,1800002831,2508.64
2768,2026-09-19,180002832,1800002832,943.63
2769,2026-09-20,180002833,1800002833,391.89
2770,2026-09-17,180002834,1800002834,7288.91
2771,2026-09-17,179992835,1800002835,746.56
2772,2026-09-15,180002836,1800002836,529.54
2773,2026-09-12,180002837,1800002837,4216.32
2774,2026-09-18,180002838,1800002838,1326.55
2775,2026-09-19,180002839,1800002839,3546.25
2776,2026-09-09,180002840,1800002840,445.85
2777,2026-09-24,180002841,1800002841,2762.16
2778,2026-09-13,180002842,1800002842,3670.41
2779,2026-09-03,180002843,1800002843,2544.23
2780,2026-09-04,180002844,1800002844,2367.07
2781,2026-09-07,180002845,1800002845,799.8
2782,2026-09-10,180002846,1800002846,193.5
2783,2026-09-22,180002847,1800002847,6159.82
2784,2026-09-10,180002848,1800002848,514.74
2785,2026-09-17,180002849,1800002849,3722.52
2786,2026-09-03,180002850,1800002850,3750.39
2787,2026-09-12,180002851,1800002851,3728.89
2788,2026-09-19,180002852,1800002852,7027.45
2789,2026-09-15,180002853,1800002853,7109.62
2790,2026-09-19,180002854,1800002854,1961.48
2791,2026-09-16,180002855,1800002855,3383.15
2792,2026-09-13,180002856,1800002856,4445.58
2793,2026-09-24,180002857,1800002857,1995.5
2794,2026-09-05,179992858,1800002858,1238.17
2795,2026-09-19,180002859,1800002859,4159.17
2796,2026-09-29,180002860,1800002860,3888.12
2797,2026-09-13,180002861,1800002861,4220.83
2798,2026-09-27,180002862,1800002862,903.71
2799,2026-09-22,180002863,1800002863,4302.62
2800,2026-09-22,180002864,1800002864,2583.94
2801,2026-09-19,180002865,1800002865,2708.63
2802,2026-09-23,180002866,1800002866,2601.17
2803,2026-09-20,180002867,1800002867,7134.22
2804,2026-09-09,180002868,1800002868,4573.36
2805,2026-09-11,180002869,1800002869,1132.29
2806,2026-09-12,180002870,1800002870,3617.12
2807,2026-09-25,180002872,1800002872,8718.24
2808,2026-09-14,180002873,1800002873,528.58
2809,2026-09-06,180002874,1800002874,1182.44
2810,2026-09-11,180002875,1800002875,4100.89
2811,2026-09-27,180002876,1800002876,5448.9
2812,2026-09-28,180002877,1800002877,5097.52
2813,2026-09-21,180002878,1800002878,4902.89
2814,2026-09-11,180002879,1800002879,4184.91
2815,2026-09-06,180002880,1800002880,8858.45
2816,2026-09-12,180002881,1800002881,4207.79
2817,2026-09-08,180002882,1800002882,631.4
2818,2026-09-27,180002883,1800002883,1804.32
2819,2026-09-10,180002885,1800002885,740.26
2820,2026-09-21,180002886,1800002886,1467.99
2821,2026-09-26,180002887,1800002887,710.93
2822,2026-09-02,180002888,1800002888,2344.88
2823,2026-09-15,180002889,1800002889,204.89
2824,2026-09-27,180002890,1800002890,2289.78
2825,2026-09-16,180002891,1800002891,7243.5
2826,2026-09-03,180002892,1800002892,471.93
2827,2026-09-28,180002894,1800002894,4911.99
2828,2026-09-20,180002895,1800002895,2359.54
2829,2026-09-14,180002896,1800002896,2457.68
2830,2026-09-22,180002897,1800002897,6119.15
2831,2026-09-10,180002898,1800002898,3666.3
2832,2026-09-20,180002899,1800002899,901.55
2833,2026-09-23,180002900,1800002900,555.83
2834,2026-09-20,180002901,1800002901,1125.39
2835,2026-09-03,180002902,1800002902,4654.59
2836,2026-09-02,179992903,1800002903,3956.81
2837,2026-09-10,180002904,1800002904,4308.87
2838,2026-09-23,180002905,1800002905,1549.92
2839,2026-09-20,180002906,1800002906,380.68
2840,2026-09-27,180002907,1800002907,9344.2
2841,2026-09-23,180002908,1800002908,1333.95
2842,2026-09-26,179992909,1800002909,392.05
2843,2026-09-30,180002910,1800002910,845.88
2844,2026-09-12,180002911,1800002911,277.75
2845,2026-09-22,180002912,1800002912,1456.05
2846,2026-09-21,180002913,1800002913,1863.18
2847,2026-09-03,180002914,1800002914,1573.18
2848,2026-09-13,180002915,1800002915,6777.47
2849,2026-09-20,180002916,1800002916,11201.5
2850,2026-09-04,180002917,1800002917,857.14
2851,2026-09-14,180002918,1800002918,2101.65
2852,2026-09-30,180002919,1800002919,2637.61
2853,2026-09-22,180002920,1800002920,2070.26
2854,2026-09-19,179992921,1800002921,3413.89
2855,2026-09-24,180002922,1800002922,7068.04
2856,2026-09-27,179992923,1800002923,2540.18
2857,2026-09-17,180002924,1800002924,537.06
2858,2026-09-24,179992925,1800002925,2656.94
2859,2026-09-05,180002926,1800002926,163.86
2860,2026-09-25,180002927,1800002927,2465.87
2861,2026-09-15,180002928,1800002928,3110.18
2862,2026-09-06,180002930,1800002930,4634.39
2863,2026-09-24,180002931,1800002931,1969.77
2864,2026-09-09,180002932,1800002932,1614.3
2865,2026-09-19,180002933,1800002933,1894.44
2866,2026-09-14,180002934,1800002934,4140.28
2867,2026-09-05,180002935,1800002935,2019.77
2868,2026-09-16,180002936,1800002936,5626.64
2869,2026-09-22,180002937,1800002937,1406.33
2870,2026-09-13,180002938,1800002938,6358.79
2871,2026-09-17,180002939,1800002939,14427.25
2872,2026-09-21,180002940,1800002940,3588.39
2873,2026-09-30,180002941,1800002941,2629.92
2874,2026-09-02,180002942,1800002942,296.97
2875,2026-09-17,180002943,1800002943,353.67
2876,2026-09-11,180002944,1800002944,5178.46
2877,2026-09-07,180002945,1800002945,3182.0200000000004
2878,2026-09-15,180002946,1800002946,6498.53
2879,2026-09-12,180002947,1800002947,458.63
2880,2026-09-20,180002948,1800002948,1280.66
2881,2026-09-11,180002949,1800002949,1091.57
2882,2026-09-20,180002950,1800002950,5418.05
2883,2026-09-07,180002951,1800002951,1548.37
2884,2026-09-11,180002952,1800002952,6013.29
2885,2026-09-24,180002953,1800002953,2342.89
2886,2026-09-15,180002954,1800002954,5724.66
2887,2026-09-04,180002955,1800002955,1609.66
2888,2026-09-19,180002956,1800002956,695.29
2889,2026-09-26,180002957,1800002957,5928.84
2890,2026-09-05,180002959,1800002959,3823.82
2891,2026-09-04,180002960,1800002960,2202.57
2892,2026-09-02,180002961,1800002961,661.71
2893,2026-09-17,180002962,1800002962,505.39
2894,2026-09-17,180002963,1800002963,601.81
2895,2026-09-12,180002964,1800002964,163.44
2896,2026-09-28,180002965,1800002965,476.63
2897,2026-09-23,180002966,1800002966,453.99
2898,2026-09-25,180002967,1800002967,257.02
2899,2026-09-29,180002968,1800002968,3117.98
2900,2026-09-04,179992969,1800002969,6516.4
2901,2026-09-10,180002970,1800002970,7922.91
2902,2026-09-19,180002971,1800002971,8225.83
2903,2026-09-28,180002972,1800002972,4903.54
2904,2026-09-14,180002973,1800002973,948.93
2905,2026-09-23,180002974,1800002974,4047.57
2906,2026-09-10,180002975,1800002975,15583.41
2907,2026-09-30,179992976,1800002976,10857.27
2908,2026-09-03,180002977,1800002977,1352.39
2909,2026-09-02,180002978,1800002978,466.18
2910,2026-09-21,180002979,1800002979,890.95
2911,2026-09-26,180002980,1800002980,1315.26
2912,2026-09-24,180002981,1800002981,1646.48
2913,2026-09-10,180002982,1800002982,1171.8
2914,2026-09-11,180002983,1800002983,1298.9
2915,2026-09-11,180002984,1800002984,2795.81
2916,2026-09-09,180002985,1800002985,836.64
2917,2026-09-28,179992986,1800002986,5782.17
2918,2026-09-29,180002987,1800002987,1720.71
2919,2026-09-08,180002988,1800002988,7369.77
2920,2026-09-26,180002989,1800002989,2661.73
2921,2026-09-13,180002990,1800002990,6887.22
2922,2026-09-14,180002991,1800002991,283.45
2923,2026-09-17,180002992,1800002992,9717.6
2924,2026-09-08,180002993,1800002993,218.25
2925,2026-09-06,180002994,1800002994,718.61
2926,2026-09-28,180002995,1800002995,2253.81
2927,2026-09-15,180002996,1800002996,1117.9
2928,2026-09-10,180002997,1800002997,1264.74
2929,2026-09-22,180002998,1800002998,2797.69
2930,2026-09-16,180002999,1800002999,2001.54
2931,2026-09-21,180003000,1800003000,5224.1
2932,2026-09-12,180003001,1800003001,2041.15
2933,2026-09-15,180003002,1800003002,1908.28
2934,2026-09-26,180003003,1800003003,2912.68
2935,2026-09-08,180003004,1800003004,6180.34
2936,2026-09-08,180003005,1800003005,8640.94
2937,2026-09-11,180003006,1800003006,4264.41
2938,2026-09-08,180003007,1800003007,215.9
2939,2026-09-26,180003008,1800003008,650.97
2940,2026-09-17,180003009,1800003009,1315.65
2941,2026-09-16,180003010,1800003010,2182.7
2942,2026-09-08,180003011,1800003011,5775.29
2943,2026-09-08,180003012,1800003012,3198.9
2944,2026-09-23,179993013,1800003013,4962.63
2945,2026-09-06,180003014,1800003014,534.03
2946,2026-09-14,180003015,1800003015,1063.0
2947,2026-09-06,180003016,1800003016,2216.47
2948,2026-09-14,180003017,1800003017,4156.11
2949,2026-09-16,180003018,1800003018,2938.6
2950,2026-09-04,180003020,1800003020,7495.21
2951,2026-09-14,180003021,1800003021,2385.31
2952,2026-09-08,180003022,1800003022,796.07
2953,2026-09-11,180003023,1800003023,1019.67
2954,2026-09-06,180003024,1800003024,910.09
2955,2026-09-28,180003025,1800003025,2618.0
2956,2026-09-08,180003026,1800003026,4031.87
2957,2026-09-24,180003027,1800003027,2113.96
2958,2026-09-23,180003028,1800003028,586.56
2959,2026-09-25,180003029,1800003029,9086.46
2960,2026-09-11,180003030,1800003030,1633.26
2961,2026-09-05,180003031,1800003031,4013.07
2962,2026-09-22,180003032,1800003032,858.27
2963,2026-09-03,180003033,1800003033,4301.99
2964,2026-09-24,180003034,1800003034,1974.36
2965,2026-09-12,180003035,1800003035,13916.09
2966,2026-09-13,180003036,1800003036,7253.38
2967,2026-09-17,180003037,1800003037,3904.14
2968,2026-09-29,180003038,1800003038,199.3
2969,2026-09-16,180003039,1800003039,5035.84
2970,2026-09-22,180003040,1800003040,3818.52
2971,2026-09-25,180003041,1800003041,480.3
2972,2026-09-17,180003042,1800003042,800.8
2973,2026-09-20,180003043,1800003043,1430.33
2974,2026-09-14,180003044,1800003044,4675.18
2975,2026-09-13,180003045,1800003045,1513.12
2976,2026-09-15,180003046,1800003046,3254.22
2977,2026-09-16,180003047,1800003047,4414.92
2978,2026-09-15,180003048,1800003048,552.59
2979,2026-09-20,180003049,1800003049,7868.25
2980,2026-09-17,180003050,1800003050,212.24
2981,2026-09-03,180003051,1800003051,607.94
2982,2026-09-15,180003052,1800003052,5257.15
2983,2026-09-17,180003053,1800003053,2824.62
2984,2026-09-23,180003054,1800003054,6637.74
2985,2026-09-25,180003055,1800003055,1662.67
2986,2026-09-02,180003056,1800003056,6477.69
2987,2026-09-05,180003058,1800003058,1283.64
2988,2026-09-11,180003059,1800003059,6443.3
2989,2026-09-09,180003060,1800003060,2385.16
2990,2026-09-05,180003061,1800003061,8828.57
2991,2026-09-15,180003062,1800003062,2427.95
2992,2026-09-09,180003063,1800003063,332.44
2993,2026-09-13,180003064,1800003064,4257.46
2994,2026-09-09,180003065,1800003065,2957.63
2995,2026-09-07,180003066,1800003066,782.46
2996,2026-09-17,180003068,1800003068,6041.81
2997,2026-09-07,180003069,1800003069,2962.84
2998,2026-09-20,180003070,1800003070,2162.66
2999,2026-09-14,180003071,1800003071,2043.61
3000,2026-09-02,180003072,1800003072,7148.77
3001,2026-09-25,180003073,1800003073,5747.09
3002,2026-09-08,180003074,1800003074,8768.32
3003,2026-09-06,180003075,1800003075,457.38
3004,2026-09-23,180003076,1800003076,1541.58
3005,2026-09-19,180003077,1800003077,1073.47
3006,2026-09-23,180003078,1800003078,4140.11
3007,2026-09-27,180003079,1800003079,1662.01
3008,2026-09-01,180003080,1800003080,3069.53
3009,2026-09-12,180003081,1800003081,7605.6
3010,2026-09-18,180003082,1800003082,1053.94
3011,2026-09-28,180003083,1800003083,9217.23
3012,2026-09-26,180003084,1800003084,3761.23
3013,2026-09-09,180003085,1800003085,3113.56
3014,2026-09-12,180003086,1800003086,2554.35
3015,2026-09-06,180003087,1800003087,5291.97
3016,2026-09-12,180003088,1800003088,3348.72
3017,2026-09-13,180003089,1800003089,1155.74
3018,2026-09-15,180003090,1800003090,1183.37
3019,2026-09-28,180003091,1800003091,2484.58
3020,2026-09-29,180003092,1800003092,3773.92
3021,2026-09-11,180003093,1800003093,743.75
3022,2026-09-07,180003094,1800003094,2289.94
3023,2026-09-09,180003095,1800003095,6753.55
3024,2026-09-15,180003096,1800003096,3803.04
3025,2026-09-30,180003097,1800003097,886.9
3026,2026-09-17,180003098,1800003098,6523.95
3027,2026-09-13,180003099,1800003099,4977.53
3028,2026-09-16,180003100,1800003100,3172.71
3029,2026-09-18,180003101,1800003101,7323.17
3030,2026-09-06,180003102,1800003102,2121.34
3031,2026-09-26,180003103,1800003103,241.49
3032,2026-09-06,180003104,1800003104,650.54
3033,2026-09-08,180003105,1800003105,563.41
3034,2026-09-18,180003106,1800003106,739.91
3035,2026-09-02,180003107,1800003107,667.95
3036,2026-09-28,180003108,1800003108,392.41
3037,2026-09-06,180003109,1800003109,971.33
3038,2026-09-27,180003110,1800003110,9812.04
3039,2026-09-13,180003111,1800003111,771.15
3040,2026-09-07,180003112,1800003112,570.91
3041,2026-09-20,180003113,1800003113,5166.17
3042,2026-09-17,180003114,1800003114,3171.81
3043,2026-09-17,180003115,1800003115,479.46
3044,2026-09-28,180003116,1800003116,3600.97
3045,2026-09-03,180003117,1800003117,3266.23
3046,2026-09-23,180003118,1800003118,171.52
3047,2026-09-10,180003119,1800003119,13388.64
3048,2026-09-21,180003120,1800003120,226.26
3049,2026-09-08,180003121,1800003121,4515.98
3050,2026-09-26,180003123,1800003123,192.94
3051,2026-09-19,180003124,1800003124,5776.35
3052,2026-09-23,179993125,1800003125,13195.89
3053,2026-09-15,180003126,1800003126,5893.36
3054,2026-09-21,180003127,1800003127,6819.53
3055,2026-09-01,180003128,1800003128,5769.33
3056,2026-09-28,180003129,1800003129,6844.11
3057,2026-09-21,180003130,1800003130,1495.87
3058,2026-09-20,180003131,1800003131,3085.86
3059,2026-09-20,180003132,1800003132,1677.49
3060,2026-09-13,180003133,1800003133,1621.59
3061,2026-09-01,180003134,1800003134,3013.91
3062,2026-09-22,180003135,1800003135,1635.39
3063,2026-09-03,180003136,1800003136,680.38
3064,2026-09-15,180003137,1800003137,2716.55
3065,2026-09-07,180003138,1800003138,12612.07
3066,2026-09-03,180003139,1800003139,722.11
3067,2026-09-28,180003140,1800003140,6769.99
3068,2026-09-17,180003141,1800003141,2441.77
3069,2026-09-25,180003142,1800003142,5918.81
3070,2026-09-21,180003143,1800003143,2623.7
3071,2026-09-04,180003144,1800003144,3418.71
3072,2026-09-27,180003145,1800003145,5518.0
3073,2026-09-11,179993146,1800003146,6617.97
3074,2026-09-11,180003147,1800003147,4932.78
3075,2026-09-23,180003148,1800003148,15613.12
3076,2026-09-22,180003149,1800003149,320.01
3077,2026-09-05,180003150,1800003150,1366.87
3078,2026-09-20,180003151,1800003151,377.79
3079,2026-09-15,180003152,1800003152,374.4
3080,2026-09-21,180003153,1800003153,9917.89
3081,2026-09-07,180003154,1800003154,9106.64
3082,2026-09-30,180003155,1800003155,1382.8
3083,2026-09-20,180003156,1800003156,671.68
3084,2026-09-08,180003157,1800003157,974.56
3085,2026-09-03,180003158,1800003158,8024.01
3086,2026-10-01,180003159,1800003159,1027.61
3087,2026-09-14,180003160,1800003160,3458.26
3088,2026-09-15,180003161,1800003161,4812.37
3089,2026-09-08,180003162,1800003162,1507.67
3090,2026-09-26,179993163,1800003163,843.25
3091,2026-09-24,180003164,1800003164,3702.4
3092,2026-09-23,179993165,1800003165,1902.87
3093,2026-09-26,180003166,1800003166,20251.68
3094,2026-09-19,179993167,1800003167,3989.73
3095,2026-09-14,180003168,1800003168,715.26
3096,2026-09-25,180003169,1800003169,1351.17
3097,2026-09-06,180003170,1800003170,1268.31
3098,2026-09-19,180003171,1800003171,388.8
3099,2026-09-04,180003172,1800003172,1848.71
3100,2026-09-11,180003173,1800003173,1369.65
3101,2026-09-26,180003174,1800003174,1351.5
3102,2026-09-11,180003175,1800003175,3675.27
3103,2026-09-13,180003176,1800003176,274.95
3104,2026-09-22,180003177,1800003177,7831.7
3105,2026-09-03,180003178,1800003178,897.5
3106,2026-09-20,180003179,1800003179,2724.29
3107,2026-09-06,180003180,1800003180,2330.98
3108,2026-09-09,180003181,1800003181,4513.01
3109,2026-09-23,180003182,1800003182,4626.92
3110,2026-09-23,180003183,1800003183,20334.88
3111,2026-09-02,180003184,1800003184,6921.24
3112,2026-09-27,180003185,1800003185,510.6
3113,2026-09-14,180003186,1800003186,3690.34
3114,2026-09-15,180003187,1800003187,1087.15
3115,2026-09-09,180003188,1800003188,1115.64
3116,2026-09-13,180003189,1800003189,4482.52
3117,2026-09-08,180003190,1800003190,9289.44
3118,2026-09-03,180003191,1800003191,2252.46
3119,2026-09-24,180003192,1800003192,6707.7
3120,2026-09-21,180003193,1800003193,3849.09
3121,2026-09-03,180003194,1800003194,5324.91
3122,2026-09-09,180003195,1800003195,4473.43
3123,2026-09-28,180003196,1800003196,3889.29
3124,2026-09-26,180003197,1800003197,5291.22
3125,2026-09-19,180003198,1800003198,5198.88
3126,2026-09-08,180003199,1800003199,6469.14
3127,2026-09-23,180003200,1800003200,808.2
3128,2026-09-26,180003201,1800003201,1452.16
3129,2026-09-13,180003202,1800003202,2164.26
3130,2026-09-09,180003203,1800003203,3336.18
3131,2026-09-19,180003204,1800003204,1596.78
3132,2026-09-29,180003205,1800003205,9726.05
3133,2026-09-16,180003206,1800003206,12587.39
3134,2026-09-12,180003207,1800003207,9945.28
3135,2026-09-22,180003208,1800003208,5690.71
3136,2026-09-25,180003209,1800003209,3398.17
3137,2026-09-06,180003210,1800003210,243.79
3138,2026-09-28,180003211,1800003211,5046.78
3139,2026-09-08,180003212,1800003212,2354.47
3140,2026-09-26,180003213,1800003213,723.53
3141,2026-09-14,180003214,1800003214,3025.46
3142,2026-09-27,180003215,1800003215,219.87
3143,2026-09-23,180003216,1800003216,2744.78
3144,2026-09-14,180003217,1800003217,10880.9
3145,2026-09-17,180003218,1800003218,469.56
3146,2026-09-21,180003219,1800003219,2184.55
3147,2026-09-05,180003220,1800003220,8949.82
3148,2026-09-12,180003221,1800003221,793.47
3149,2026-09-23,180003222,1800003222,4512.28
3150,2026-09-16,180003223,1800003223,4704.23
3151,2026-09-01,180003224,1800003224,2296.11
3152,2026-09-06,180003225,1800003225,1518.48
3153,2026-09-06,180003226,1800003226,2658.41
3154,2026-09-20,180003227,1800003227,425.92
3155,2026-09-18,180003228,1800003228,16083.28
3156,2026-09-15,180003229,1800003229,5230.13
3157,2026-09-04,180003230,1800003230,4046.13
3158,2026-09-06,180003231,1800003231,4155.52
3159,2026-09-05,180003232,1800003232,4330.93
3160,2026-09-07,180003233,1800003233,206.59
3161,2026-09-10,180003234,1800003234,1120.85
3162,2026-09-14,180003235,1800003235,1170.31
3163,2026-09-13,180003236,1800003236,3584.29
3164,2026-09-28,180003237,1800003237,6017.68
3165,2026-09-26,180003238,1800003238,686.2
3166,2026-09-03,180003239,1800003239,3579.38
3167,2026-09-21,180003240,1800003240,945.37
3168,2026-09-26,180003241,1800003241,3802.55
3169,2026-09-11,180003242,1800003242,2998.03
3170,2026-09-09,180003243,1800003243,2787.26
3171,2026-09-07,180003244,1800003244,289.6
3172,2026-09-16,179993245,1800003245,529.39
3173,2026-09-29,180003246,1800003246,8615.41
3174,2026-09-17,180003247,1800003247,1049.22
3175,2026-09-14,180003248,1800003248,1244.3
3176,2026-09-30,180003249,1800003249,12011.98
3177,2026-09-09,180003250,1800003250,436.48
3178,2026-09-30,180003251,1800003251,5445.01
3179,2026-09-15,180003252,1800003252,1723.48
3180,2026-09-11,180003253,1800003253,9080.87
3181,2026-09-27,180003254,1800003254,283.72
3182,2026-09-19,180003255,1800003255,1498.71
3183,2026-09-18,180003256,1800003256,866.82
3184,2026-09-10,180003257,1800003257,6239.67
3185,2026-09-22,180003258,1800003258,2472.86
3186,2026-09-21,180003259,1800003259,2388.1
3187,2026-09-02,180003260,1800003260,3613.44
3188,2026-09-20,180003261,1800003261,6121.56
3189,2026-09-27,180003262,1800003262,2864.6
3190,2026-09-28,180003263,1800003263,1050.33
3191,2026-09-25,180003264,1800003264,234.54
3192,2026-09-21,180003265,1800003265,7812.29
3193,2026-09-13,180003266,1800003266,3245.85
3194,2026-09-13,180003267,1800003267,3839.49
3195,2026-09-12,180003268,1800003268,2095.16
3196,2026-09-27,180003269,1800003269,1538.31
3197,2026-09-25,179993270,1800003270,337.24
3198,2026-09-25,180003271,1800003271,6534.14
3199,2026-09-22,180003272,1800003272,3938.56
3200,2026-09-17,180003273,1800003273,3656.96
3201,2026-09-05,180003274,1800003274,14841.08
3202,2026-09-24,180003275,1800003275,279.45
3203,2026-09-11,180003276,1800003276,2397.22
3204,2026-09-15,180003277,1800003277,7905.99
3205,2026-09-03,180003278,1800003278,3787.28
3206,2026-09-24,180003279,1800003279,323.18
3207,2026-09-23,180003280,1800003280,2010.16
3208,2026-09-28,180003281,1800003281,5878.74
3209,2026-09-22,180003282,1800003282,3483.72
3210,2026-09-10,180003283,1800003283,1009.54
3211,2026-09-18,180003284,1800003284,2138.74
3212,2026-09-17,180003285,1800003285,1613.54
3213,2026-09-03,180003286,1800003286,4895.16
3214,2026-09-13,180003287,1800003287,5220.24
3215,2026-09-14,180003288,1800003288,1014.45
3216,2026-09-22,180003289,1800003289,444.19
3217,2026-09-08,180003290,1800003290,1577.12
3218,2026-09-19,180003291,1800003291,8413.96
3219,2026-09-01,180003293,1800003293,2805.59
3220,2026-09-20,180003294,1800003294,12300.14
3221,2026-09-20,180003295,1800003295,729.57
3222,2026-09-25,180003296,1800003296,5026.83
3223,2026-09-01,180003297,1800003297,2364.65
3224,2026-09-07,180003298,1800003298,797.58
3225,2026-09-26,180003299,1800003299,4997.34
3226,2026-09-09,180003300,1800003300,194.2
3227,2026-09-19,180003301,1800003301,5435.04
3228,2026-09-27,180003302,1800003302,218.55
3229,2026-09-28,180003303,1800003303,459.87
3230,2026-09-05,180003304,1800003304,1067.23
3231,2026-09-26,179993305,1800003305,2123.04
3232,2026-09-17,180003306,1800003306,4049.52
3233,2026-09-12,180003307,1800003307,193.51
3234,2026-09-16,180003308,1800003308,2645.82
3235,2026-09-27,180003309,1800003309,666.25
3236,2026-09-15,180003310,1800003310,2172.94
3237,2026-09-05,180003311,1800003311,1264.24
3238,2026-09-20,180003312,1800003312,507.26
3239,2026-09-15,180003313,1800003313,2752.34
3240,2026-09-06,180003314,1800003314,9366.46
3241,2026-09-09,180003315,1800003315,4845.11
3242,2026-09-24,180003316,1800003316,12154.25
3243,2026-09-02,180003317,1800003317,5452.6
3244,2026-09-15,180003318,1800003318,434.88
3245,2026-09-29,180003319,1800003319,1045.37
3246,2026-09-10,180003320,1800003320,689.75
3247,2026-09-07,180003321,1800003321,1136.34
3248,2026-09-25,180003322,1800003322,4612.83
3249,2026-09-22,180003323,1800003323,1038.2
3250,2026-09-18,180003324,1800003324,1084.96
3251,2026-09-28,180003325,1800003325,4535.69
3252,2026-09-29,180003326,1800003326,4591.22
3253,2026-09-05,180003327,1800003327,4354.91
3254,2026-09-07,180003328,1800003328,3075.91
3255,2026-09-04,180003329,1800003329,2762.34
3256,2026-09-21,180003330,1800003330,2895.62
3257,2026-10-01,180003331,1800003331,10594.73
3258,2026-09-10,180003332,1800003332,1158.57
3259,2026-09-19,180003333,1800003333,1437.76
3260,2026-09-13,180003334,1800003334,353.87
3261,2026-09-19,180003335,1800003335,238.0
3262,2026-09-21,180003336,1800003336,5131.63
3263,2026-09-17,180003337,1800003337,2455.91
3264,2026-09-07,180003338,1800003338,1418.57
3265,2026-09-09,180003339,1800003339,3065.18
3266,2026-09-25,180003340,1800003340,1447.33
3267,2026-09-28,180003341,1800003341,3821.63
3268,2026-09-14,180003342,1800003342,1303.21
3269,2026-09-07,180003343,1800003343,5614.31
3270,2026-09-23,180003344,1800003344,6824.24
3271,2026-09-16,180003345,1800003345,1393.54
3272,2026-09-13,180003346,1800003346,672.85
3273,2026-09-21,180003347,1800003347,2762.58
3274,2026-09-26,180003348,1800003348,1495.09
3275,2026-09-18,180003349,1800003349,4004.58
3276,2026-09-17,180003350,1800003350,2053.15
3277,2026-09-21,179993351,1800003351,9114.05
3278,2026-09-22,180003352,1800003352,828.3
3279,2026-09-04,180003353,1800003353,2975.27
3280,2026-09-09,180003354,1800003354,2554.88
3281,2026-09-26,180003355,1800003355,2858.15
3282,2026-09-27,180003356,1800003356,1393.57
3283,2026-09-26,180003357,1800003357,917.75
3284,2026-09-20,180003358,1800003358,10616.43
3285,2026-09-09,180003359,1800003359,3829.5
3286,2026-09-28,180003360,1800003360,4804.27
3287,2026-09-19,180003361,1800003361,8834.36
3288,2026-09-05,180003362,1800003362,9961.08
3289,2026-09-18,180003363,1800003363,7965.11
3290,2026-09-22,180003364,1800003364,3902.99
3291,2026-09-13,180003365,1800003365,1936.69
3292,2026-09-15,180003366,1800003366,1868.59
3293,2026-09-13,180003367,1800003367,3342.79
3294,2026-09-23,180003368,1800003368,5769.42
3295,2026-09-11,180003369,1800003369,1981.66
3296,2026-09-29,180003370,1800003370,220.84
3297,2026-09-29,180003371,1800003371,5722.95
3298,2026-09-04,180003372,1800003372,420.21
3299,2026-09-05,180003373,1800003373,5210.24
3300,2026-09-04,180003374,1800003374,210.67
3301,2026-09-27,180003375,1800003375,1278.24
3302,2026-09-24,180003376,1800003376,9685.5
3303,2026-09-08,180003377,1800003377,2526.37
3304,2026-09-19,180003378,1800003378,3602.3
3305,2026-09-02,180003379,1800003379,8411.24
3306,2026-09-10,180003380,1800003380,3158.77
3307,2026-09-10,180003382,1800003382,3364.77
3308,2026-09-09,180003383,1800003383,657.52
3309,2026-09-24,180003384,1800003384,3608.75
3310,2026-09-15,180003385,1800003385,2805.66
3311,2026-09-08,180003386,1800003386,3926.6
3312,2026-09-13,180003387,1800003387,2341.97
3313,2026-09-28,180003388,1800003388,4039.44
3314,2026-09-09,180003389,1800003389,1436.32
3315,2026-09-24,180003390,1800003390,3148.72
3316,2026-09-20,180003391,1800003391,3204.98
3317,2026-09-20,179993392,1800003392,737.15
3318,2026-09-02,180003393,1800003393,6963.12
3319,2026-09-09,180003394,1800003394,2562.01
3320,2026-09-18,180003395,1800003395,2835.28
3321,2026-09-11,180003396,1800003396,2576.25
3322,2026-09-03,180003397,1800003397,1286.72
3323,2026-09-18,180003399,1800003399,276.77
3324,2026-09-28,180003400,1800003400,959.4
3325,2026-09-07,180003401,1800003401,3336.55
3326,2026-09-28,180003402,1800003402,1604.53
3327,2026-09-03,180003403,1800003403,2917.15
3328,2026-09-10,180003405,1800003405,191.21
3329,2026-09-22,180003407,1800003407,14503.39
3330,2026-09-19,180003408,1800003408,458.25
3331,2026-09-23,180003409,1800003409,528.45
3332,2026-09-17,180003410,1800003410,1595.91
3333,2026-09-23,179993411,1800003411,1881.39
3334,2026-09-17,180003412,1800003412,5910.63
3335,2026-09-24,180003413,1800003413,5238.33
3336,2026-09-20,180003414,1800003414,2346.06
3337,2026-09-06,180003415,1800003415,1051.67
3338,2026-09-29,180003416,1800003416,2700.34
3339,2026-09-21,180003417,1800003417,7085.31
3340,2026-09-29,180003418,1800003418,2112.37
3341,2026-09-26,180003419,1800003419,3462.62
3342,2026-09-16,180003420,1800003420,5061.45
3343,2026-09-18,180003421,1800003421,1651.98
3344,2026-09-02,180003422,1800003422,654.79
3345,2026-09-23,180003423,1800003423,2356.51
3346,2026-09-15,180003424,1800003424,3848.07
3347,2026-09-24,180003425,1800003425,534.27
3348,2026-09-23,180003426,1800003426,231.72
3349,2026-09-04,180003427,1800003427,367.49
3350,2026-09-16,180003428,1800003428,2127.72
3351,2026-09-14,180003429,1800003429,7502.69
3352,2026-10-01,180003430,1800003430,6768.38
3353,2026-09-03,180003431,1800003431,2778.9
3354,2026-09-03,180003432,1800003432,3339.88
3355,2026-09-05,180003433,1800003433,367.57
3356,2026-09-09,179993434,1800003434,2917.36
3357,2026-09-05,180003435,1800003435,462.33
3358,2026-09-12,180003436,1800003436,1275.71
3359,2026-09-17,180003437,1800003437,3930.01
3360,2026-09-16,180003438,1800003438,183.32
3361,2026-09-26,180003439,1800003439,1726.62
3362,2026-09-24,180003440,1800003440,4835.56
3363,2026-09-02,180003441,1800003441,982.61
3364,2026-09-23,180003442,1800003442,6388.92
3365,2026-09-28,180003443,1800003443,1684.95
3366,2026-09-26,180003444,1800003444,987.0
3367,2026-09-12,180003445,1800003445,503.14
3368,2026-09-20,180003446,1800003446,4110.71
3369,2026-09-11,180003447,1800003447,802.7
3370,2026-09-17,180003448,1800003448,2972.33
3371,2026-09-27,180003449,1800003449,7055.96
3372,2026-09-01,180003450,1800003450,9814.19
3373,2026-09-13,180003451,1800003451,202.58
3374,2026-09-24,180003452,1800003452,3301.25
3375,2026-09-06,180003453,1800003453,3545.18
3376,2026-09-13,180003454,1800003454,608.54
3377,2026-09-27,180003455,1800003455,3699.32
3378,2026-09-15,180003456,1800003456,2225.19
3379,2026-09-22,180003457,1800003457,2721.9
3380,2026-09-04,180003458,1800003458,5360.46
3381,2026-09-16,180003459,1800003459,4469.23
3382,2026-09-10,180003460,1800003460,406.07
3383,2026-09-24,180003461,1800003461,7647.33
3384,2026-09-20,180003462,1800003462,1961.8
3385,2026-09-03,180003463,1800003463,1157.14
3386,2026-09-22,180003464,1800003464,6243.67
3387,2026-09-15,180003465,1800003465,1365.67
3388,2026-09-26,180003466,1800003466,5148.95
3389,2026-09-09,180003467,1800003467,2452.44
3390,2026-09-28,180003468,1800003468,921.85
3391,2026-09-16,180003469,1800003469,227.07
3392,2026-09-10,180003470,1800003470,2328.02
3393,2026-09-14,180003471,1800003471,280.9
3394,2026-09-07,180003472,1800003472,4401.74
3395,2026-09-27,180003473,1800003473,4415.44
3396,2026-09-14,180003474,1800003474,1367.98
3397,2026-09-15,180003475,1800003475,484.49
3398,2026-09-20,180003476,1800003476,10167.86
3399,2026-09-18,180003477,1800003477,418.94
3400,2026-09-15,180003478,1800003478,3749.4
3401,2026-09-27,180003479,1800003479,1096.8
3402,2026-09-26,180003480,1800003480,2572.37
3403,2026-09-09,180003481,1800003481,5507.84
3404,2026-09-22,180003482,1800003482,4054.98
3405,2026-09-05,180003483,1800003483,900.72
3406,2026-09-07,180003484,1800003484,6059.18
3407,2026-09-18,180003485,1800003485,5547.55
3408,2026-09-15,180003486,1800003486,4464.19
3409,2026-09-23,180003487,1800003487,22223.95
3410,2026-09-15,179993488,1800003488,3564.32
3411,2026-09-04,180003489,1800003489,20062.16
3412,2026-09-02,180003490,1800003490,1990.85
3413,2026-09-08,180003491,1800003491,4013.78
3414,2026-09-04,180003492,1800003492,2631.97
3415,2026-09-28,180003493,1800003493,14395.68
3416,2026-09-05,180003494,1800003494,2146.88
3417,2026-09-12,179993495,1800003495,2748.89
3418,2026-09-19,180003496,1800003496,486.42
3419,2026-09-07,180003497,1800003497,5960.99
3420,2026-09-04,180003498,1800003498,1510.16
3421,2026-09-05,180003499,1800003499,3367.4
3422,2026-09-05,180003500,1800003500,2918.81
3423,2026-09-22,180003501,1800003501,904.72
3424,2026-09-08,180003502,1800003502,530.46
3425,2026-09-27,180003503,1800003503,1017.57
3426,2026-09-11,180003504,1800003504,11776.96
3427,2026-09-26,180003505,1800003505,8557.58
3428,2026-09-27,179993506,1800003506,216.63
3429,2026-09-08,180003507,1800003507,1734.63
3430,2026-09-19,180003508,1800003508,13980.6
3431,2026-09-06,180003509,1800003509,1660.35
3432,2026-09-25,180003510,1800003510,608.7
3433,2026-09-27,180003511,1800003511,4689.98
3434,2026-09-27,180003512,1800003512,7273.73
3435,2026-09-21,180003513,1800003513,1491.87
3436,2026-09-20,180003514,1800003514,1258.48
3437,2026-09-19,180003515,1800003515,3092.88
3438,2026-09-11,180003516,1800003516,9232.34
3439,2026-09-21,180003517,1800003517,376.12
3440,2026-09-20,180003518,1800003518,2591.36
3441,2026-09-10,180003519,1800003519,3025.13
3442,2026-09-09,180003520,1800003520,3610.27
3443,2026-09-03,180003521,1800003521,326.22
3444,2026-09-20,180003522,1800003522,857.33
3445,2026-09-24,180003523,1800003523,1796.79
3446,2026-09-18,180003524,1800003524,1987.86
3447,2026-09-22,180003525,1800003525,6536.92
3448,2026-09-12,179993526,1800003526,252.95
3449,2026-09-17,180003527,1800003527,1387.99
3450,2026-09-25,179993528,1800003528,823.33
3451,2026-09-28,180003529,1800003529,2746.82
3452,2026-09-25,180003530,1800003530,4311.56
3453,2026-09-04,180003532,1800003532,4338.96
3454,2026-09-10,180003533,1800003533,1043.38
3455,2026-09-09,180003534,1800003534,240.11
3456,2026-09-16,180003535,1800003535,222.57
3457,2026-09-20,180003536,1800003536,5195.23
3458,2026-09-14,180003537,1800003537,738.93
3459,2026-09-27,179993538,1800003538,1198.21
3460,2026-09-09,180003539,1800003539,7637.17
3461,2026-09-12,180003540,1800003540,12474.17
3462,2026-09-15,180003541,1800003541,3292.65
3463,2026-09-30,180003542,1800003542,8224.68
3464,2026-09-21,180003543,1800003543,5579.47
3465,2026-09-15,180003544,1800003544,2516.51
3466,2026-09-25,180003545,1800003545,3738.97
3467,2026-09-23,179993546,1800003546,1565.64
3468,2026-09-22,180003547,1800003547,10643.37
3469,2026-09-17,180003548,1800003548,6478.71
3470,2026-09-03,180003549,1800003549,3839.45
3471,2026-09-24,180003550,1800003550,4017.97
3472,2026-09-15,180003551,1800003551,13616.48
3473,2026-09-17,180003552,1800003552,430.95
3474,2026-09-22,180003553,1800003553,579.62
3475,2026-09-10,180003554,1800003554,1313.08
3476,2026-09-07,180003555,1800003555,7600.88
3477,2026-09-03,180003556,1800003556,3985.58
3478,2026-09-03,180003557,1800003557,1578.11
3479,2026-09-28,180003558,1800003558,9450.65
3480,2026-09-24,180003559,1800003559,11086.74
3481,2026-09-12,180003560,1800003560,3524.38
3482,2026-09-25,180003561,1800003561,5364.72
3483,2026-09-09,180003562,1800003562,2628.82
3484,2026-09-29,180003563,1800003563,2070.15
3485,2026-09-25,180003564,1800003564,11310.26
3486,2026-09-11,180003565,1800003565,2135.66
3487,2026-09-30,180003566,1800003566,4200.05
3488,2026-09-22,180003567,1800003567,569.43
3489,2026-09-20,180003568,1800003568,428.54
3490,2026-09-09,179993569,1800003569,3608.39
3491,2026-09-15,180003570,1800003570,939.74
3492,2026-09-07,180003571,1800003571,6219.72
3493,2026-09-24,180003572,1800003572,397.89
3494,2026-09-08,180003573,1800003573,3334.7
3495,2026-09-10,180003574,1800003574,6167.75
3496,2026-09-18,180003575,1800003575,581.41
3497,2026-09-26,180003576,1800003576,7159.29
3498,2026-09-09,180003577,1800003577,354.43
3499,2026-09-06,180003578,1800003578,3377.37
3500,2026-09-10,180003579,1800003579,13456.63
3501,2026-09-27,180003580,1800003580,2203.01
3502,2026-09-23,180003581,1800003581,1178.4
3503,2026-09-06,180003582,1800003582,1050.47
3504,2026-09-23,180003583,1800003583,1314.34
3505,2026-09-03,180003584,1800003584,340.0
3506,2026-09-10,180003585,1800003585,12535.82
3507,2026-09-25,180003586,1800003586,1101.77
3508,2026-09-18,179993587,1800003587,2918.17
3509,2026-09-15,180003588,1800003588,803.62
3510,2026-09-17,180003589,1800003589,6695.64
3511,2026-09-16,180003590,1800003590,4562.0
3512,2026-09-07,180003591,1800003591,841.9
3513,2026-09-05,180003592,1800003592,4433.54
3514,2026-09-04,180003593,1800003593,2229.64
3515,2026-09-05,180003594,1800003594,1702.95
3516,2026-09-29,179993595,1800003595,3904.4
3517,2026-09-28,180003596,1800003596,2670.98
3518,2026-09-06,180003597,1800003597,463.65
3519,2026-09-05,180003598,1800003598,1593.46
3520,2026-10-01,180003599,1800003599,2239.22
3521,2026-09-29,180003600,1800003600,2717.28
3522,2026-09-20,179993601,1800003601,7764.69
3523,2026-09-08,180003602,1800003602,7664.14
3524,2026-09-16,180003603,1800003603,429.38
3525,2026-09-07,180003604,1800003604,512.0
3526,2026-09-12,180003605,1800003605,1783.18
3527,2026-09-28,179993606,1800003606,2783.67
3528,2026-09-10,180003607,1800003607,1044.12
3529,2026-09-10,180003608,1800003608,1691.73
3530,2026-09-27,180003609,1800003609,7809.35
3531,2026-09-12,180003610,1800003610,1404.23
3532,2026-09-16,180003611,1800003611,938.19
3533,2026-09-03,180003612,1800003612,816.95
3534,2026-09-11,180003613,1800003613,1972.71
3535,2026-09-21,180003614,1800003614,1121.91
3536,2026-09-24,180003615,1800003615,982.95
3537,2026-09-24,180003616,1800003616,290.7
3538,2026-09-07,180003617,1800003617,8227.95
3539,2026-09-13,180003618,1800003618,2045.77
3540,2026-09-16,180003619,1800003619,1755.04
3541,2026-09-26,180003620,1800003620,2049.61
3542,2026-09-24,180003622,1800003622,746.28
3543,2026-09-13,180003623,1800003623,7748.01
3544,2026-09-07,180003624,1800003624,1636.93
3545,2026-09-12,180003625,1800003625,290.04
3546,2026-09-05,180003626,1800003626,1756.53
3547,2026-09-16,180003627,1800003627,13860.92
3548,2026-09-27,180003628,1800003628,6910.88
3549,2026-09-03,179993629,1800003629,11358.69
3550,2026-09-18,180003630,1800003630,4487.76
3551,2026-09-28,180003631,1800003631,911.1
3552,2026-09-05,180003632,1800003632,3293.33
3553,2026-09-15,180003633,1800003633,1171.39
3554,2026-09-04,180003634,1800003634,266.56
3555,2026-09-23,179993635,1800003635,311.28
3556,2026-09-17,180003636,1800003636,2546.25
3557,2026-09-26,180003637,1800003637,624.03
3558,2026-09-17,180003638,1800003638,151.2
3559,2026-09-19,180003639,1800003639,5752.63
3560,2026-09-05,180003640,1800003640,729.66
3561,2026-09-19,180003641,1800003641,287.43
3562,2026-09-05,180003642,1800003642,4037.06
3563,2026-09-20,180003643,1800003643,3413.35
3564,2026-09-27,180003644,1800003644,1493.19
3565,2026-09-08,180003645,1800003645,3153.39
3566,2026-09-26,180003646,1800003646,2379.44
3567,2026-09-20,180003647,1800003647,2168.02
3568,2026-09-12,180003648,1800003648,1037.09
3569,2026-09-27,180003649,1800003649,406.67
3570,2026-09-04,180003650,1800003650,1157.0
3571,2026-09-27,180003651,1800003651,2798.39
3572,2026-09-07,180003652,1800003652,2010.67
3573,2026-09-22,180003653,1800003653,340.75
3574,2026-09-29,180003654,1800003654,19804.36
3575,2026-09-18,180003655,1800003655,6335.75
3576,2026-09-19,180003656,1800003656,284.24
3577,2026-09-02,180003657,1800003657,3255.96
3578,2026-09-28,180003658,1800003658,2807.42
3579,2026-09-29,179993659,1800003659,7629.55
3580,2026-09-10,180003660,1800003660,24180.9
3581,2026-09-14,180003661,1800003661,6210.91
3582,2026-09-07,180003662,1800003662,3392.8
3583,2026-09-14,180003663,1800003663,5849.66
3584,2026-09-14,180003664,1800003664,609.18
3585,2026-09-10,180003665,1800003665,3108.68
3586,2026-09-12,180003667,1800003667,14262.73
3587,2026-09-24,179993668,1800003668,1245.75
3588,2026-09-27,179993669,1800003669,3817.51
3589,2026-09-09,180003670,1800003670,6582.76
3590,2026-09-27,180003671,1800003671,4005.26
3591,2026-09-11,180003672,1800003672,189.32
3592,2026-09-21,180003673,1800003673,13657.32
3593,2026-09-23,180003675,1800003675,2977.26
3594,2026-09-17,180003676,1800003676,2110.14
3595,2026-09-05,180003677,1800003677,2253.99
3596,2026-09-12,180003678,1800003678,2227.42
3597,2026-09-08,180003679,1800003679,7006.99
3598,2026-09-14,180003680,1800003680,2789.04
3599,2026-09-12,180003682,1800003682,4436.65
3600,2026-09-24,180003683,1800003683,2989.21
3601,2026-09-09,180003684,1800003684,1023.96
3602,2026-09-29,180003685,1800003685,2760.06
3603,2026-09-10,180003686,1800003686,4337.69
3604,2026-09-20,180003687,1800003687,3218.09
3605,2026-09-27,180003688,1800003688,384.36
3606,2026-09-15,180003689,1800003689,1012.79
3607,2026-09-18,180003690,1800003690,1820.9
3608,2026-09-24,180003691,1800003691,10571.41
3609,2026-09-07,180003692,1800003692,1391.86
3610,2026-09-14,180003693,1800003693,5359.39
3611,2026-09-19,180003694,1800003694,10209.33
3612,2026-09-23,179993695,1800003695,602.88
3613,2026-09-19,180003696,1800003696,7129.89
3614,2026-09-14,180003697,1800003697,1386.93
3615,2026-09-08,180003698,1800003698,2796.5
3616,2026-09-13,180003699,1800003699,1778.15
3617,2026-09-17,179993700,1800003700,1476.87
3618,2026-09-13,180003702,1800003702,16412.64
3619,2026-09-28,180003703,1800003703,1388.17
3620,2026-09-12,180003704,1800003704,3538.92
3621,2026-09-12,180003705,1800003705,3558.46
3622,2026-09-06,180003706,1800003706,841.15
3623,2026-09-14,180003707,1800003707,4387.64
3624,2026-09-21,180003708,1800003708,531.63
3625,2026-09-28,180003709,1800003709,1446.79
3626,2026-09-07,180003710,1800003710,249.28
3627,2026-09-23,179993711,1800003711,157.57
3628,2026-09-10,180003712,1800003712,5028.07
3629,2026-09-25,180003713,1800003713,5435.25
3630,2026-09-25,180003714,1800003714,727.14
3631,2026-09-12,180003715,1800003715,1520.42
3632,2026-09-28,180003716,1800003716,7685.47
3633,2026-09-16,180003717,1800003717,6807.56
3634,2026-09-09,180003718,1800003718,14182.0
3635,2026-09-16,179993719,1800003719,1318.22
3636,2026-09-12,180003720,1800003720,1095.37
3637,2026-09-16,180003721,1800003721,701.8
3638,2026-09-25,180003722,1800003722,4553.35
3639,2026-09-15,180003723,1800003723,215.14
3640,2026-09-10,180003724,1800003724,4064.03
3641,2026-09-19,180003725,1800003725,905.79
3642,2026-09-27,180003726,1800003726,1880.77
3643,2026-09-25,180003727,1800003727,619.06
3644,2026-09-10,180003728,1800003728,942.79
3645,2026-09-29,180003729,1800003729,7494.92
3646,2026-09-21,180003730,1800003730,830.89
3647,2026-09-16,180003731,1800003731,6336.97
3648,2026-09-22,180003732,1800003732,540.51
3649,2026-09-22,180003733,1800003733,4537.82
3650,2026-09-28,179993734,1800003734,2831.58
3651,2026-09-08,180003735,1800003735,622.02
3652,2026-09-09,180003736,1800003736,2256.72
3653,2026-09-12,180003738,1800003738,2089.16
3654,2026-09-08,180003739,1800003739,5179.72
3655,2026-09-28,180003740,1800003740,3160.28
3656,2026-09-16,180003741,1800003741,1118.8
3657,2026-09-30,179993742,1800003742,6974.19
3658,2026-09-03,180003743,1800003743,5633.14
3659,2026-09-18,180003744,1800003744,16048.65
3660,2026-09-06,179993745,1800003745,2109.63
3661,2026-09-12,180003746,1800003746,3841.69
3662,2026-09-18,180003747,1800003747,3455.07
3663,2026-09-20,179993748,1800003748,4715.03
3664,2026-09-23,180003750,1800003750,2599.61
3665,2026-09-13,180003751,1800003751,2431.74
3666,2026-09-14,180003752,1800003752,14020.74
3667,2026-09-03,180003754,1800003754,7934.95
3668,2026-09-19,180003755,1800003755,1974.72
3669,2026-09-11,180003756,1800003756,435.76
3670,2026-09-26,180003757,1800003757,4632.12
3671,2026-09-28,180003759,1800003759,190.73
3672,2026-09-05,180003760,1800003760,6389.66
3673,2026-09-13,180003761,1800003761,4976.66
3674,2026-09-07,180003762,1800003762,6090.69
3675,2026-09-25,180003763,1800003763,14156.72
3676,2026-09-09,180003764,1800003764,10067.76
3677,2026-09-03,180003765,1800003765,6197.46
3678,2026-09-09,180003766,1800003766,691.43
3679,2026-09-19,180003767,1800003767,702.08
3680,2026-09-21,180003768,1800003768,10598.67
3681,2026-09-04,180003769,1800003769,3593.38
3682,2026-09-27,180003770,1800003770,3153.56
3683,2026-09-30,180003771,1800003771,15702.66
3684,2026-09-07,180003772,1800003772,743.47
3685,2026-09-21,180003773,1800003773,3468.61
3686,2026-10-01,179993774,1800003774,3076.89
3687,2026-09-22,180003775,1800003775,898.05
3688,2026-09-27,180003776,1800003776,6570.03
3689,2026-09-26,180003777,1800003777,270.64
3690,2026-09-28,180003778,1800003778,5824.59
3691,2026-09-05,180003779,1800003779,576.06
3692,2026-09-22,180003780,1800003780,1150.24
3693,2026-09-10,180003781,1800003781,420.25
3694,2026-09-29,180003782,1800003782,192.38
3695,2026-09-04,179993783,1800003783,25026.94
3696,2026-09-12,180003784,1800003784,230.86
3697,2026-09-09,180003785,1800003785,521.44
3698,2026-09-29,180003786,1800003786,7036.15
3699,2026-09-15,179993787,1800003787,8539.92
3700,2026-09-23,180003788,1800003788,1302.29
3701,2026-09-18,180003789,1800003789,1380.42
3702,2026-09-01,180003790,1800003790,2612.6
3703,2026-09-17,180003792,1800003792,1878.15
3704,2026-09-20,180003793,1800003793,1931.23
3705,2026-09-25,180003794,1800003794,1757.09
3706,2026-09-19,180003795,1800003795,5719.02
3707,2026-09-10,180003796,1800003796,1885.17
3708,2026-09-21,180003797,1800003797,8529.49
3709,2026-09-18,180003798,1800003798,1913.6
3710,2026-09-12,180003799,1800003799,712.62
3711,2026-09-27,180003801,1800003801,1116.26
3712,2026-09-27,180003802,1800003802,412.95
3713,2026-09-09,180003803,1800003803,1094.11
3714,2026-09-03,180003804,1800003804,6326.41
3715,2026-09-06,180003805,1800003805,3024.5
3716,2026-09-19,180003806,1800003806,4311.53
3717,2026-09-19,180003807,1800003807,3721.7
3718,2026-09-03,179993808,1800003808,1788.33
3719,2026-09-13,180003809,1800003809,3913.18
3720,2026-09-29,180003810,1800003810,6901.53
3721,2026-09-04,180003811,1800003811,16847.66
3722,2026-09-03,179993812,1800003812,210.19
3723,2026-09-09,180003813,1800003813,2588.36
3724,2026-09-11,180003814,1800003814,2164.13
3725,2026-09-20,180003815,1800003815,6542.94
3726,2026-09-06,180003816,1800003816,3120.08
3727,2026-09-11,180003817,1800003817,1443.69
3728,2026-09-07,180003818,1800003818,14695.03
3729,2026-09-28,180003819,1800003819,3536.4
3730,2026-09-01,180003820,1800003820,2943.02
3731,2026-09-06,179993821,1800003821,2306.85
3732,2026-09-16,180003822,1800003822,1531.38
3733,2026-09-29,180003823,1800003823,575.49
3734,2026-09-10,180003824,1800003824,6134.79
3735,2026-09-07,180003825,1800003825,4977.66
3736,2026-09-23,180003826,1800003826,3315.83
3737,2026-09-20,180003827,1800003827,2337.1
3738,2026-09-10,180003828,1800003828,10645.54
3739,2026-09-10,180003829,1800003829,585.99
3740,2026-09-25,180003830,1800003830,384.5
3741,2026-09-27,180003831,1800003831,1739.16
3742,2026-09-10,180003832,1800003832,1923.38
3743,2026-09-24,180003833,1800003833,1100.55
3744,2026-09-19,180003834,1800003834,3746.72
3745,2026-09-28,180003835,1800003835,5283.85
3746,2026-09-27,180003836,1800003836,22061.84
3747,2026-09-16,180003837,1800003837,276.73
3748,2026-09-12,180003838,1800003838,4558.94
3749,2026-09-02,180003839,1800003839,2321.48
3750,2026-09-12,180003840,1800003840,5112.4
3751,2026-09-07,180003841,1800003841,873.88
3752,2026-09-06,180003842,1800003842,3987.03
3753,2026-09-23,180003843,1800003843,4582.53
3754,2026-09-21,180003844,1800003844,1475.86
3755,2026-09-27,180003845,1800003845,934.08
3756,2026-09-14,180003846,1800003846,1649.34
3757,2026-09-10,180003847,1800003847,890.67
3758,2026-09-07,180003848,1800003848,3386.87
3759,2026-09-06,180003849,1800003849,1007.64
3760,2026-09-23,180003850,1800003850,15840.05
3761,2026-09-08,180003851,1800003851,1584.68
3762,2026-09-16,180003852,1800003852,6621.22
3763,2026-09-19,180003853,1800003853,628.42
3764,2026-09-23,180003854,1800003854,3175.86
3765,2026-09-21,180003855,1800003855,2722.77
3766,2026-09-26,180003856,1800003856,998.35
3767,2026-09-08,180003857,1800003857,987.87
3768,2026-09-12,180003858,1800003858,4835.11
3769,2026-09-14,180003859,1800003859,2503.52
3770,2026-09-15,180003860,1800003860,389.5
3771,2026-09-05,180003861,1800003861,1555.31
3772,2026-09-18,180003862,1800003862,1840.51
3773,2026-09-02,180003863,1800003863,556.68
3774,2026-09-04,180003864,1800003864,976.48
3775,2026-09-30,179993865,1800003865,10050.26
3776,2026-09-11,180003866,1800003866,193.6
3777,2026-09-11,180003867,1800003867,3706.58
3778,2026-09-26,180003868,1800003868,207.53
3779,2026-09-25,180003869,1800003869,832.73
3780,2026-09-11,180003870,1800003870,1436.81
3781,2026-09-27,180003871,1800003871,784.23
3782,2026-09-03,180003872,1800003872,203.45
3783,2026-09-05,180003873,1800003873,353.75
3784,2026-09-18,180003874,1800003874,2164.58
3785,2026-09-03,180003875,1800003875,843.17
3786,2026-09-20,180003876,1800003876,7897.6
3787,2026-09-29,180003877,1800003877,2235.17
3788,2026-09-23,180003878,1800003878,4961.23
3789,2026-09-09,180003879,1800003879,316.05
3790,2026-09-10,180003880,1800003880,5986.73
3791,2026-09-16,180003881,1800003881,610.29
3792,2026-09-14,180003882,1800003882,5487.68
3793,2026-09-03,180003883,1800003883,3110.51
3794,2026-09-18,180003884,1800003884,6971.07
3795,2026-09-30,180003885,1800003885,7189.38
3796,2026-09-09,179993886,1800003886,5256.4
3797,2026-09-09,180003887,1800003887,4560.05
3798,2026-09-16,180003888,1800003888,6519.58
3799,2026-09-28,180003889,1800003889,1732.99
3800,2026-09-18,180003890,1800003890,2856.66
3801,2026-09-09,180003891,1800003891,1127.85
3802,2026-09-09,180003892,1800003892,1098.62
3803,2026-09-13,180003893,1800003893,1384.38
3804,2026-09-12,180003894,1800003894,3825.6
3805,2026-09-13,180003895,1800003895,1032.72
3806,2026-09-17,180003896,1800003896,5521.39
3807,2026-09-22,180003897,1800003897,2068.05
3808,2026-09-12,180003898,1800003898,2200.37
3809,2026-09-21,180003899,1800003899,4122.81
3810,2026-09-11,180003900,1800003900,2101.26
3811,2026-09-16,180003901,1800003901,2589.97
3812,2026-09-28,180003902,1800003902,6425.55
3813,2026-09-10,180003903,1800003903,5489.71
3814,2026-09-13,180003904,1800003904,825.94
3815,2026-09-01,180003905,1800003905,878.73
3816,2026-09-05,180003906,1800003906,2066.82
3817,2026-09-28,180003907,1800003907,447.05
3818,2026-09-07,180003908,1800003908,1125.81
3819,2026-09-14,180003909,1800003909,370.9
3820,2026-09-20,180003910,1800003910,2606.04
3821,2026-09-22,180003911,1800003911,10194.19
3822,2026-09-02,180003912,1800003912,5767.13
3823,2026-09-07,180003913,1800003913,928.85
3824,2026-09-26,180003914,1800003914,1314.79
3825,2026-09-10,180003915,1800003915,4738.29
3826,2026-09-28,180003916,1800003916,489.18
3827,2026-09-19,180003918,1800003918,4127.7
3828,2026-09-27,180003919,1800003919,4166.55
3829,2026-09-06,180003920,1800003920,2234.88
3830,2026-09-03,180003921,1800003921,540.84
3831,2026-09-08,180003922,1800003922,3750.54
3832,2026-09-07,180003923,1800003923,2515.15
3833,2026-09-16,180003924,1800003924,5813.66
3834,2026-09-08,180003925,1800003925,2261.83
3835,2026-09-11,180003926,1800003926,3550.33
3836,2026-09-20,180003927,1800003927,1179.24
3837,2026-09-10,179993928,1800003928,1994.48
3838,2026-09-16,180003930,1800003930,10998.56
3839,2026-09-04,180003931,1800003931,2346.82
3840,2026-09-28,180003932,1800003932,16599.26
3841,2026-09-06,180003933,1800003933,1836.23
3842,2026-09-17,180003934,1800003934,1736.08
3843,2026-10-01,180003935,1800003935,11129.19
3844,2026-09-08,180003936,1800003936,2809.53
3845,2026-09-12,180003937,1800003937,3575.05
3846,2026-09-13,180003938,1800003938,7130.87
3847,2026-09-26,180003939,1800003939,13133.13
3848,2026-09-23,179993940,1800003940,4546.69
3849,2026-09-04,180003941,1800003941,2574.41
3850,2026-09-25,180003942,1800003942,11468.91
3851,2026-09-19,180003944,1800003944,11374.05
3852,2026-09-26,180003945,1800003945,3565.45
3853,2026-09-26,180003946,1800003946,1792.04
3854,2026-09-08,180003947,1800003947,1449.79
3855,2026-09-21,180003948,1800003948,883.75
3856,2026-09-25,180003949,1800003949,524.0
3857,2026-09-20,180003950,1800003950,10026.94
3858,2026-09-04,180003951,1800003951,1492.27
3859,2026-09-26,180003952,1800003952,6750.76
3860,2026-09-18,179993953,1800003953,4791.92
3861,2026-09-14,180003954,1800003954,238.34
3862,2026-09-04,180003955,1800003955,635.67
3863,2026-09-22,180003956,1800003956,1318.35
3864,2026-09-29,180003957,1800003957,527.52
3865,2026-09-08,180003958,1800003958,294.04
3866,2026-09-21,180003959,1800003959,1095.98
3867,2026-09-23,179993960,1800003960,6717.07
3868,2026-09-03,180003961,1800003961,952.5
3869,2026-09-19,180003962,1800003962,256.36
3870,2026-09-18,180003963,1800003963,3776.35
3871,2026-09-24,180003964,1800003964,2714.12
3872,2026-09-21,180003965,1800003965,6558.71
3873,2026-09-24,180003966,1800003966,1549.74
3874,2026-09-12,179993967,1800003967,7929.89
3875,2026-09-05,180003968,1800003968,3376.96
3876,2026-09-26,180003970,1800003970,319.86
3877,2026-09-08,180003971,1800003971,6472.28
3878,2026-09-14,180003972,1800003972,4988.37
3879,2026-09-03,180003973,1800003973,3211.42
3880,2026-09-24,180003974,1800003974,14086.35
3881,2026-09-27,180003975,1800003975,218.12
3882,2026-09-29,180003976,1800003976,5804.82
3883,2026-09-18,180003977,1800003977,1559.81
3884,2026-09-20,180003978,1800003978,3815.98
3885,2026-09-22,180003979,1800003979,2384.31
3886,2026-09-26,180003980,1800003980,485.0
3887,2026-09-22,180003981,1800003981,925.84
3888,2026-09-22,180003982,1800003982,522.17
3889,2026-09-27,180003983,1800003983,4636.83
3890,2026-09-01,180003984,1800003984,1158.69
3891,2026-09-15,180003985,1800003985,8620.87
3892,2026-09-18,180003986,1800003986,6812.13
3893,2026-09-29,180003987,1800003987,4725.98
3894,2026-09-08,180003988,1800003988,743.56
3895,2026-09-01,180003989,1800003989,3522.03
3896,2026-09-16,180003990,1800003990,7714.62
3897,2026-09-24,180003991,1800003991,743.95
3898,2026-09-19,180003992,1800003992,6702.93
3899,2026-09-17,180003993,1800003993,2355.96
3900,2026-09-08,180003994,1800003994,2647.03
3901,2026-09-10,180003995,1800003995,395.31
3902,2026-09-25,180003996,1800003996,1240.01
3903,2026-09-26,180003997,1800003997,2330.23
3904,2026-09-19,180003998,1800003998,2352.28
3905,2026-09-09,180003999,1800003999,1223.41
3906,2026-09-12,180004000,1800004000,1582.66
3907,2026-09-10,180004001,1800004001,2361.96
3908,2026-09-23,180004002,1800004002,2416.92
3909,2026-09-05,180004003,1800004003,4714.76
3910,2026-09-30,180004004,1800004004,349.3
3911,2026-09-26,180004005,1800004005,1989.01
3912,2026-09-25,180004006,1800004006,3210.48
3913,2026-09-11,180004007,1800004007,373.77
3914,2026-10-01,180004008,1800004008,3115.85
3915,2026-09-23,180004009,1800004009,4095.5
3916,2026-09-15,180004010,1800004010,4944.76
3917,2026-09-21,180004011,1800004011,1124.8
3918,2026-09-18,180004012,1800004012,8549.55
3919,2026-09-12,180004013,1800004013,8245.34
3920,2026-09-12,180004014,1800004014,1918.33
3921,2026-09-26,180004015,1800004015,1773.03
3922,2026-09-25,180004017,1800004017,5180.41
3923,2026-09-12,180004018,1800004018,670.86
3924,2026-09-23,180004019,1800004019,4556.09
3925,2026-09-16,180004020,1800004020,2672.34
3926,2026-09-16,180004021,1800004021,6449.79
3927,2026-09-20,180004022,1800004022,3106.81
3928,2026-09-13,180004023,1800004023,376.08
3929,2026-09-29,180004024,1800004024,3289.26
3930,2026-09-04,180004025,1800004025,286.26
3931,2026-09-17,179994026,1800004026,2587.57
3932,2026-09-16,179994027,1800004027,1049.14
3933,2026-09-16,180004028,1800004028,3068.93
3934,2026-09-28,179994029,1800004029,2548.49
3935,2026-09-16,180004030,1800004030,1791.79
3936,2026-09-09,180004032,1800004032,389.84
3937,2026-09-10,180004033,1800004033,2755.75
3938,2026-09-25,180004034,1800004034,2216.29
3939,2026-09-27,180004035,1800004035,8999.47
3940,2026-09-27,180004036,1800004036,3342.33
3941,2026-09-03,180004037,1800004037,4697.79
3942,2026-09-02,180004038,1800004038,10465.06
3943,2026-09-09,180004039,1800004039,2311.72
3944,2026-09-12,180004040,1800004040,1992.31
3945,2026-09-28,180004041,1800004041,3538.66
3946,2026-09-03,180004042,1800004042,1350.95
3947,2026-09-17,180004043,1800004043,538.18
3948,2026-09-14,179994044,1800004044,17035.4
3949,2026-09-10,180004045,1800004045,2914.77
3950,2026-09-08,180004046,1800004046,3725.11
3951,2026-09-27,180004047,1800004047,374.13
3952,2026-09-27,180004048,1800004048,1053.23
3953,2026-09-23,180004049,1800004049,3240.04
3954,2026-09-29,180004050,1800004050,2230.56
3955,2026-09-16,180004051,1800004051,770.16
3956,2026-09-28,180004052,1800004052,6406.41
3957,2026-09-10,180004053,1800004053,740.4
3958,2026-09-24,180004054,1800004054,3165.01
3959,2026-09-17,180004055,1800004055,1525.97
3960,2026-09-23,180004056,1800004056,846.61
3961,2026-09-30,180004057,1800004057,1123.22
3962,2026-09-29,180004058,1800004058,1891.48
3963,2026-09-02,180004059,1800004059,2105.48
3964,2026-09-07,180004060,1800004060,269.42
3965,2026-09-17,180004061,1800004061,1466.45
3966,2026-09-27,180004062,1800004062,226.95
3967,2026-09-14,180004063,1800004063,5785.07
3968,2026-09-14,180004064,1800004064,309.76
3969,2026-09-20,180004065,1800004065,2155.78
3970,2026-09-21,180004066,1800004066,3193.98
3971,2026-09-17,180004067,1800004067,1575.65
3972,2026-09-10,180004068,1800004068,3305.53
3973,2026-09-03,180004069,1800004069,535.31
3974,2026-09-18,180004070,1800004070,12855.87
3975,2026-09-23,180004071,1800004071,9230.4
3976,2026-09-08,180004072,1800004072,8334.29
3977,2026-09-26,180004073,1800004073,1677.25
3978,2026-09-12,179994074,1800004074,819.24
3979,2026-09-08,180004075,1800004075,2497.45
3980,2026-09-07,180004076,1800004076,186.81
3981,2026-09-01,180004077,1800004077,5418.95
3982,2026-09-22,180004078,1800004078,662.77
3983,2026-09-29,180004079,1800004079,6666.91
3984,2026-09-16,180004080,1800004080,7957.63
3985,2026-09-05,180004081,1800004081,2621.78
3986,2026-09-25,180004082,1800004082,908.16
3987,2026-09-21,180004083,1800004083,19302.57
3988,2026-09-25,180004084,1800004084,1255.41
3989,2026-09-03,180004085,1800004085,1760.07
3990,2026-09-11,180004086,1800004086,2417.62
3991,2026-09-12,180004087,1800004087,4907.55
3992,2026-09-15,180004088,1800004088,6836.55
3993,2026-09-25,180004089,1800004089,996.39
3994,2026-09-24,180004090,1800004090,5551.33
3995,2026-09-15,180004091,1800004091,4472.07
3996,2026-09-02,180004092,1800004092,4308.07
3997,2026-09-30,180004093,1800004093,2700.02
3998,2026-09-07,180004094,1800004094,1993.09
3999,2026-09-05,180004095,1800004095,5469.49
4000,2026-09-01,180004096,1800004096,2384.58
4001,2026-09-07,180004097,1800004097,8411.44
4002,2026-09-06,180004098,1800004098,848.44
4003,2026-09-22,180004099,1800004099,3097.17
4004,2026-09-16,180004100,1800004100,2460.4
4005,2026-09-21,180004101,1800004101,2226.78
4006,2026-09-25,180004102,1800004102,1181.28
4007,2026-09-13,180004103,1800004103,216.88
4008,2026-09-30,180004104,1800004104,2120.08
4009,2026-09-13,180004105,1800004105,1356.36
4010,2026-09-27,179994106,1800004106,10667.4
4011,2026-09-04,180004107,1800004107,3364.36
4012,2026-09-26,180004108,1800004108,265.44
4013,2026-09-21,180004109,1800004109,5752.72
4014,2026-09-07,180004110,1800004110,4666.26
4015,2026-09-22,180004111,1800004111,1401.01
4016,2026-09-14,180004112,1800004112,4627.09
4017,2026-09-24,180004113,1800004113,902.12
4018,2026-09-02,180004114,1800004114,6126.88
4019,2026-09-17,180004115,1800004115,427.85
4020,2026-09-11,180004116,1800004116,5065.97
4021,2026-09-29,180004117,1800004117,188.95
4022,2026-09-25,180004118,1800004118,1965.58
4023,2026-09-08,180004119,1800004119,3029.08
4024,2026-09-02,180004120,1800004120,16687.83
4025,2026-09-04,180004121,1800004121,12377.48
4026,2026-09-16,180004122,1800004122,9251.33
4027,2026-09-07,180004123,1800004123,1831.46
4028,2026-09-13,180004124,1800004124,3039.14
4029,2026-09-15,180004125,1800004125,12473.84
4030,2026-09-20,180004126,1800004126,1192.5
4031,2026-09-15,180004127,1800004127,1017.51
4032,2026-09-18,180004128,1800004128,6461.3
4033,2026-09-22,180004129,1800004129,7672.49
4034,2026-09-15,180004130,1800004130,375.0
4035,2026-09-13,180004131,1800004131,3822.13
4036,2026-09-02,180004132,1800004132,5212.98
4037,2026-09-23,180004133,1800004133,5253.44
4038,2026-09-25,180004134,1800004134,3134.97
4039,2026-09-25,180004135,1800004135,2415.98
4040,2026-09-17,180004136,1800004136,10887.66
4041,2026-09-11,180004137,1800004137,5225.76
4042,2026-09-15,180004138,1800004138,12703.06
4043,2026-09-24,180004139,1800004139,1610.59
4044,2026-09-10,180004140,1800004140,427.12
4045,2026-09-12,180004141,1800004141,2870.54
4046,2026-09-03,180004142,1800004142,5310.44
4047,2026-09-15,180004143,1800004143,6973.02
4048,2026-09-22,180004144,1800004144,1475.6
4049,2026-09-14,180004145,1800004145,773.43
4050,2026-09-25,180004146,1800004146,6937.42
4051,2026-09-14,180004147,1800004147,2724.6
4052,2026-09-24,180004148,1800004148,7938.1
4053,2026-09-04,180004149,1800004149,694.11
4054,2026-09-15,180004150,1800004150,2349.82
4055,2026-09-18,180004151,1800004151,3525.62
4056,2026-09-05,180004152,1800004152,4583.29
4057,2026-09-04,180004153,1800004153,1566.84
4058,2026-09-13,180004154,1800004154,937.27
4059,2026-09-02,180004155,1800004155,1269.58
4060,2026-09-06,180004156,1800004156,380.51
4061,2026-09-29,180004157,1800004157,304.34
4062,2026-09-05,180004158,1800004158,166.54
4063,2026-09-21,180004159,1800004159,325.63
4064,2026-09-14,180004160,1800004160,605.06
4065,2026-09-22,180004161,1800004161,1172.51
4066,2026-09-30,180004162,1800004162,3660.77
4067,2026-09-29,180004163,1800004163,4037.34
4068,2026-09-26,180004164,1800004164,1476.06
4069,2026-09-14,180004165,1800004165,9850.98
4070,2026-09-11,180004166,1800004166,5735.9
4071,2026-09-17,180004167,1800004167,2981.42
4072,2026-09-29,180004168,1800004168,1554.62
4073,2026-09-20,180004169,1800004169,6979.22
4074,2026-09-04,180004170,1800004170,1453.63
4075,2026-09-16,180004171,1800004171,7213.65
4076,2026-09-01,180004172,1800004172,3776.66
4077,2026-09-25,180004173,1800004173,9354.05
4078,2026-09-03,180004174,1800004174,2787.44
4079,2026-10-01,180004175,1800004175,3531.96
4080,2026-09-28,180004176,1800004176,2292.07
4081,2026-09-16,180004177,1800004177,5318.73
4082,2026-09-25,180004178,1800004178,2328.47
4083,2026-09-27,180004179,1800004179,1099.96
4084,2026-09-27,180004180,1800004180,1493.5
4085,2026-09-19,180004181,1800004181,596.4
4086,2026-09-24,180004182,1800004182,13306.33
4087,2026-09-06,180004183,1800004183,657.93
4088,2026-09-12,180004184,1800004184,6062.429999999999
4089,2026-09-30,180004185,1800004185,5346.63
4090,2026-09-15,180004186,1800004186,390.8
4091,2026-09-10,180004187,1800004187,8750.57
4092,2026-09-20,179994188,1800004188,3147.91
4093,2026-09-09,180004189,1800004189,2007.05
4094,2026-09-11,180004190,1800004190,936.42
4095,2026-09-16,180004191,1800004191,1844.49
4096,2026-09-17,180004192,1800004192,1952.26
4097,2026-09-05,180004193,1800004193,4217.18
4098,2026-09-17,180004194,1800004194,6955.38
4099,2026-09-06,180004195,1800004195,10078.21
4100,2026-09-12,180004196,1800004196,206.24
4101,2026-09-14,180004197,1800004197,8170.66
4102,2026-09-06,180004198,1800004198,161.73
4103,2026-09-01,180004199,1800004199,2669.23
4104,2026-09-20,180004200,1800004200,8261.62
4105,2026-09-05,180004201,1800004201,7426.34
4106,2026-09-07,180004202,1800004202,5061.76
4107,2026-09-23,180004203,1800004203,21528.72
4108,2026-09-05,180004204,1800004204,3399.19
4109,2026-09-20,180004205,1800004205,2236.86
4110,2026-09-04,180004206,1800004206,933.25
4111,2026-09-12,180004207,1800004207,812.75
4112,2026-09-14,180004208,1800004208,4200.82
4113,2026-09-24,180004209,1800004209,622.91
4114,2026-09-04,180004210,1800004210,2284.44
4115,2026-09-27,180004211,1800004211,3644.61
4116,2026-09-28,180004212,1800004212,977.14
4117,2026-09-11,180004213,1800004213,9876.88
4118,2026-09-12,180004214,1800004214,3902.61
4119,2026-10-01,180004215,1800004215,827.27
4120,2026-09-21,180004216,1800004216,4608.5
4121,2026-09-26,180004217,1800004217,1622.33
4122,2026-09-16,180004218,1800004218,2288.72
4123,2026-09-14,180004219,1800004219,816.4
4124,2026-09-12,180004220,1800004220,3678.7
4125,2026-09-21,180004221,1800004221,2131.49
4126,2026-09-17,180004222,1800004222,694.64
4127,2026-09-24,180004223,1800004223,830.67
4128,2026-09-19,180004224,1800004224,4419.15
4129,2026-09-26,180004225,1800004225,2127.99
4130,2026-09-16,180004226,1800004226,430.54
4131,2026-09-04,180004227,1800004227,1328.44
4132,2026-09-22,180004228,1800004228,3134.96
4133,2026-09-24,180004229,1800004229,1917.3
4134,2026-09-19,180004230,1800004230,6941.2
4135,2026-09-19,180004231,1800004231,2360.47
4136,2026-09-14,180004232,1800004232,5784.91
4137,2026-09-27,179994233,1800004233,3596.53
4138,2026-09-18,179994234,1800004234,529.4
4139,2026-09-07,179994235,1800004235,800.54
4140,2026-09-03,180004236,1800004236,1111.88
4141,2026-09-09,180004237,1800004237,3919.3
4142,2026-09-13,180004238,1800004238,6080.17
4143,2026-09-11,180004239,1800004239,1567.28
4144,2026-09-05,180004240,1800004240,1323.4
4145,2026-09-03,180004241,1800004241,7755.32
4146,2026-09-19,180004242,1800004242,8313.8
4147,2026-09-13,180004243,1800004243,936.64
4148,2026-09-14,180004244,1800004244,2863.47
4149,2026-09-26,180004245,1800004245,5014.8
4150,2026-09-12,180004246,1800004246,3077.92
4151,2026-09-05,180004247,1800004247,502.6
4152,2026-09-04,180004248,1800004248,294.74
4153,2026-09-25,180004249,1800004249,5490.87
4154,2026-09-09,180004250,1800004250,2944.48
4155,2026-09-20,180004251,1800004251,1625.09
4156,2026-09-03,180004252,1800004252,5274.58
4157,2026-09-28,180004253,1800004253,2224.64
4158,2026-09-14,180004254,1800004254,733.64
4159,2026-09-13,180004255,1800004255,610.23
4160,2026-09-10,180004256,1800004256,5107.64
4161,2026-09-15,180004258,1800004258,294.12
4162,2026-09-22,180004259,1800004259,1862.22
4163,2026-09-06,180004260,1800004260,5850.1
4164,2026-09-27,180004261,1800004261,5324.16
4165,2026-09-07,180004262,1800004262,3532.63
4166,2026-09-22,179994263,1800004263,1519.58
4167,2026-09-25,180004264,1800004264,8043.04
4168,2026-09-15,180004265,1800004265,3589.17
4169,2026-09-25,180004266,1800004266,8687.47
4170,2026-09-27,180004267,1800004267,13538.77
4171,2026-09-20,180004268,1800004268,590.69
4172,2026-09-12,180004269,1800004269,12094.7
4173,2026-09-20,180004270,1800004270,6786.34
4174,2026-09-08,180004271,1800004271,1680.31
4175,2026-09-25,180004272,1800004272,5293.1
4176,2026-09-11,180004273,1800004273,6262.16
4177,2026-09-10,180004274,1800004274,4708.35
4178,2026-09-15,180004275,1800004275,6041.76
4179,2026-09-28,180004276,1800004276,1770.64
4180,2026-09-09,180004277,1800004277,3941.84
4181,2026-09-21,180004278,1800004278,12666.75
4182,2026-09-07,180004279,1800004279,1695.04
4183,2026-09-15,180004280,1800004280,4341.52
4184,2026-09-29,180004281,1800004281,3798.49
4185,2026-09-10,180004282,1800004282,707.09
4186,2026-09-09,180004283,1800004283,8266.83
4187,2026-09-18,180004284,1800004284,273.71
4188,2026-09-17,180004285,1800004285,6182.34
4189,2026-09-08,180004286,1800004286,1064.4
4190,2026-09-23,180004287,1800004287,16700.22
4191,2026-09-04,180004288,1800004288,1122.18
4192,2026-09-03,180004289,1800004289,3837.49
4193,2026-09-04,180004290,1800004290,7951.89
4194,2026-09-16,180004291,1800004291,1000.85
4195,2026-09-17,180004292,1800004292,2251.37
4196,2026-09-17,180004293,1800004293,2747.89
4197,2026-09-24,180004294,1800004294,379.19
4198,2026-09-07,179994295,1800004295,2744.55
4199,2026-09-17,180004296,1800004296,333.72
4200,2026-09-16,180004297,1800004297,1777.38
4201,2026-09-06,180004298,1800004298,5763.41
4202,2026-09-06,179994299,1800004299,1320.54
4203,2026-09-11,180004300,1800004300,1780.81
4204,2026-09-06,180004301,1800004301,1240.76
4205,2026-09-08,180004302,1800004302,5151.44
4206,2026-09-29,180004303,1800004303,655.58
4207,2026-09-03,180004304,1800004304,5567.74
4208,2026-09-29,180004305,1800004305,3556.57
4209,2026-09-30,180004306,1800004306,1731.46
4210,2026-09-15,180004307,1800004307,2494.87
4211,2026-09-15,180004308,1800004308,8079.01
4212,2026-09-17,179994310,1800004310,2439.33
4213,2026-09-09,180004311,1800004311,1882.33
4214,2026-09-04,180004312,1800004312,5568.66
4215,2026-09-16,180004313,1800004313,533.35
4216,2026-09-30,180004314,1800004314,1937.28
4217,2026-09-27,180004315,1800004315,3818.7
4218,2026-09-23,179994316,1800004316,2588.19
4219,2026-09-15,180004317,1800004317,1980.28
4220,2026-09-26,180004318,1800004318,9090.88
4221,2026-09-09,180004319,1800004319,8624.8
4222,2026-09-02,180004320,1800004320,1084.73
4223,2026-09-03,180004321,1800004321,1996.0
4224,2026-09-29,180004322,1800004322,4444.08
4225,2026-09-15,180004323,1800004323,6831.22
4226,2026-09-23,180004325,1800004325,2723.28
4227,2026-09-23,180004326,1800004326,1832.69
4228,2026-09-25,180004327,1800004327,4618.9
4229,2026-09-01,180004328,1800004328,1508.08
4230,2026-09-03,180004329,1800004329,881.07
4231,2026-09-26,180004330,1800004330,3553.97
4232,2026-09-06,180004331,1800004331,900.19
4233,2026-09-06,180004332,1800004332,2230.46
4234,2026-09-10,180004333,1800004333,3534.18
4235,2026-09-17,180004334,1800004334,1399.79
4236,2026-09-07,180004335,1800004335,3601.17
4237,2026-09-20,180004336,1800004336,7189.86
4238,2026-09-09,180004337,1800004337,15512.49
4239,2026-09-06,180004338,1800004338,591.02
4240,2026-09-11,180004339,1800004339,16176.71
4241,2026-09-17,180004340,1800004340,3612.36
4242,2026-09-16,180004341,1800004341,9391.97
4243,2026-09-17,180004342,1800004342,285.37
4244,2026-09-05,180004343,1800004343,2044.7
4245,2026-09-13,180004344,1800004344,2358.54
4246,2026-09-06,180004345,1800004345,2417.54
4247,2026-09-12,179994346,1800004346,5486.56
4248,2026-09-01,179994347,1800004347,1403.0
4249,2026-09-24,180004348,1800004348,1096.67
4250,2026-09-28,180004349,1800004349,1298.6
4251,2026-09-04,180004350,1800004350,2952.15
4252,2026-09-12,180004351,1800004351,5320.43
4253,2026-09-27,180004352,1800004352,8695.82
4254,2026-09-09,180004353,1800004353,975.66
4255,2026-09-19,180004354,1800004354,3854.14
4256,2026-09-09,180004355,1800004355,6340.9
4257,2026-09-13,180004356,1800004356,1346.7
4258,2026-09-23,180004357,1800004357,3370.08
4259,2026-09-04,180004358,1800004358,819.86
4260,2026-09-17,180004359,1800004359,2189.04
4261,2026-09-10,180004360,1800004360,593.99
4262,2026-09-27,180004361,1800004361,780.12
4263,2026-09-13,180004362,1800004362,3856.71
4264,2026-09-13,180004363,1800004363,13771.66
4265,2026-09-14,180004364,1800004364,657.54
4266,2026-09-04,180004365,1800004365,1821.9
4267,2026-09-17,180004366,1800004366,1498.04
4268,2026-09-20,180004367,1800004367,5678.5
4269,2026-09-16,180004368,1800004368,8036.81
4270,2026-09-28,180004369,1800004369,4108.41
4271,2026-09-21,180004370,1800004370,2690.29
4272,2026-09-14,180004371,1800004371,9183.91
4273,2026-09-04,180004372,1800004372,1410.79
4274,2026-09-24,180004373,1800004373,948.29
4275,2026-09-24,180004374,1800004374,11137.82
4276,2026-09-28,180004375,1800004375,6217.62
4277,2026-09-08,180004376,1800004376,3408.85
4278,2026-09-10,180004377,1800004377,8382.5
4279,2026-09-05,180004378,1800004378,2618.13
4280,2026-09-11,179994379,1800004379,844.14
4281,2026-09-23,180004380,1800004380,1229.39
4282,2026-09-16,180004381,1800004381,2410.84
4283,2026-09-22,180004382,1800004382,5376.18
4284,2026-09-08,179994383,1800004383,6793.68
4285,2026-09-01,180004384,1800004384,355.85
4286,2026-09-30,180004385,1800004385,380.9
4287,2026-09-02,180004386,1800004386,1862.49
4288,2026-09-27,180004387,1800004387,2686.83
4289,2026-09-07,180004388,1800004388,2683.29
4290,2026-09-21,180004389,1800004389,4128.13
4291,2026-09-25,180004390,1800004390,8378.11
4292,2026-09-16,180004391,1800004391,2984.36
4293,2026-09-21,180004392,1800004392,181.94
4294,2026-10-01,180004393,1800004393,6004.78
4295,2026-09-12,180004394,1800004394,3190.21
4296,2026-09-27,180004395,1800004395,4725.25
4297,2026-09-27,180004396,1800004396,8026.1
4298,2026-09-07,180004397,1800004397,3578.27
4299,2026-09-10,180004398,1800004398,6795.93
4300,2026-09-12,179994399,1800004399,403.65
4301,2026-09-27,180004400,1800004400,3601.16
4302,2026-09-20,180004401,1800004401,1935.37
4303,2026-09-04,180004402,1800004402,752.65
4304,2026-09-07,180004403,1800004403,1392.79
4305,2026-09-04,180004404,1800004404,6055.82
4306,2026-09-23,180004405,1800004405,7751.42
4307,2026-09-21,180004406,1800004406,765.67
4308,2026-09-03,180004407,1800004407,1905.26
4309,2026-09-02,180004408,1800004408,4809.48
4310,2026-09-15,180004409,1800004409,4365.5
4311,2026-09-27,180004410,1800004410,1580.88
4312,2026-09-10,180004411,1800004411,1714.14
4313,2026-09-20,180004412,1800004412,10726.97
4314,2026-09-12,180004413,1800004413,6834.8
4315,2026-09-17,180004414,1800004414,3906.76
4316,2026-09-15,180004415,1800004415,423.37
4317,2026-09-04,180004416,1800004416,2291.37
4318,2026-09-04,180004417,1800004417,1169.24
4319,2026-09-18,180004418,1800004418,6535.5
4320,2026-09-07,180004419,1800004419,2579.35
4321,2026-09-21,180004420,1800004420,6498.33
4322,2026-09-19,180004421,1800004421,1419.5
4323,2026-09-21,180004422,1800004422,921.27
4324,2026-09-22,180004423,1800004423,3756.72
4325,2026-09-30,180004424,1800004424,1750.95
4326,2026-09-03,180004425,1800004425,4131.68
4327,2026-09-14,180004426,1800004426,1074.36
4328,2026-09-08,180004427,1800004427,4477.89
4329,2026-09-21,180004428,1800004428,1362.43
4330,2026-09-04,180004429,1800004429,5311.51
4331,2026-09-05,180004431,1800004431,13341.45
4332,2026-09-26,179994433,1800004433,3285.5
4333,2026-09-23,180004434,1800004434,3737.4
4334,2026-09-06,180004435,1800004435,4359.07
4335,2026-09-13,180004436,1800004436,563.56
4336,2026-09-16,180004437,1800004437,544.14
4337,2026-09-11,180004438,1800004438,4038.15
4338,2026-09-30,180004439,1800004439,535.83
4339,2026-09-05,180004440,1800004440,3893.86
4340,2026-09-09,180004441,1800004441,4222.46
4341,2026-09-28,180004442,1800004442,2391.11
4342,2026-09-14,180004443,1800004443,1459.94
4343,2026-09-10,180004444,1800004444,3963.96
4344,2026-09-08,180004445,1800004445,6113.71
4345,2026-09-05,180004446,1800004446,4689.04
4346,2026-09-29,180004447,1800004447,411.7
4347,2026-09-05,180004448,1800004448,2091.54
4348,2026-09-25,180004449,1800004449,3582.36
4349,2026-09-06,180004450,1800004450,2633.17
4350,2026-09-02,180004451,1800004451,1630.05
4351,2026-09-21,180004452,1800004452,2933.66
4352,2026-09-12,180004453,1800004453,1220.82
4353,2026-09-04,180004454,1800004454,11848.51
4354,2026-09-14,180004455,1800004455,6579.88
4355,2026-09-27,180004456,1800004456,4384.01
4356,2026-09-03,180004457,1800004457,2566.24
4357,2026-09-10,180004458,1800004458,5358.79
4358,2026-09-18,180004459,1800004459,4581.11
4359,2026-09-16,180004460,1800004460,6071.06
4360,2026-09-27,180004461,1800004461,849.49
4361,2026-09-05,180004462,1800004462,1094.98
4362,2026-09-10,180004463,1800004463,4302.18
4363,2026-09-24,179994464,1800004464,1184.41
4364,2026-09-21,180004465,1800004465,609.52
4365,2026-09-23,180004466,1800004466,2366.66
4366,2026-09-08,180004467,1800004467,2452.16
4367,2026-09-11,180004468,1800004468,2719.32
4368,2026-09-25,180004469,1800004469,1364.99
4369,2026-09-08,180004470,1800004470,349.33
4370,2026-09-03,180004471,1800004471,266.22
4371,2026-09-03,180004472,1800004472,801.02
4372,2026-09-09,180004473,1800004473,2441.2
4373,2026-10-01,180004474,1800004474,602.55
4374,2026-09-30,179994475,1800004475,4139.15
4375,2026-09-11,180004476,1800004476,3803.03
4376,2026-09-12,180004477,1800004477,1528.54
4377,2026-09-19,180004478,1800004478,925.18
4378,2026-09-28,180004479,1800004479,2283.92
4379,2026-09-11,180004480,1800004480,7224.93
4380,2026-09-08,180004481,1800004481,205.33
4381,2026-09-25,180004482,1800004482,152.17
4382,2026-09-05,180004483,1800004483,4260.17
4383,2026-09-06,179994484,1800004484,4237.72
4384,2026-09-20,180004485,1800004485,506.03
4385,2026-09-26,180004486,1800004486,4993.72
4386,2026-09-15,180004487,1800004487,2953.39
4387,2026-09-08,179994488,1800004488,3622.73
4388,2026-09-10,180004489,1800004489,8577.29
4389,2026-09-22,180004490,1800004490,6925.76
4390,2026-09-10,180004492,1800004492,3640.94
4391,2026-09-20,180004493,1800004493,648.11
4392,2026-09-11,180004494,1800004494,726.54
4393,2026-09-05,180004495,1800004495,4066.44
4394,2026-09-27,180004496,1800004496,2696.6
4395,2026-09-12,180004497,1800004497,292.97
4396,2026-09-30,180004498,1800004498,16458.71
4397,2026-09-16,180004499,1800004499,818.13
4398,2026-09-28,180004500,1800004500,3667.8
4399,2026-09-28,180004501,1800004501,3830.1
4400,2026-09-17,180004502,1800004502,4568.63
4401,2026-09-13,180004503,1800004503,3851.25
4402,2026-09-27,180004504,1800004504,461.35
4403,2026-09-27,180004505,1800004505,299.35
4404,2026-09-13,180004506,1800004506,3023.44
4405,2026-09-08,180004507,1800004507,1763.55
4406,2026-09-26,180004508,1800004508,2921.81
4407,2026-09-01,180004509,1800004509,1588.37
4408,2026-09-06,180004510,1800004510,1203.47
4409,2026-09-27,180004511,1800004511,2016.08
4410,2026-09-15,180004512,1800004512,5756.21
4411,2026-09-08,180004513,1800004513,8711.5
4412,2026-09-02,180004514,1800004514,3877.0
4413,2026-09-23,180004515,1800004515,918.41
4414,2026-09-24,180004516,1800004516,741.83
4415,2026-09-08,180004517,1800004517,1421.32
4416,2026-09-03,180004518,1800004518,2500.48
4417,2026-09-07,179994519,1800004519,3071.33
4418,2026-09-22,180004520,1800004520,1233.96
4419,2026-09-23,180004521,1800004521,784.63
4420,2026-09-20,180004522,1800004522,2016.33
4421,2026-09-02,180004523,1800004523,646.1
4422,2026-09-22,180004524,1800004524,7603.09
4423,2026-09-17,180004525,1800004525,3958.58
4424,2026-09-05,179994526,1800004526,4151.95
4425,2026-09-14,180004527,1800004527,7784.35
4426,2026-09-18,180004528,1800004528,10405.84
4427,2026-09-19,180004529,1800004529,4341.52
4428,2026-09-09,180004530,1800004530,18688.54
4429,2026-09-24,180004531,1800004531,4774.4
4430,2026-09-15,180004532,1800004532,172.14
4431,2026-09-28,180004533,1800004533,13199.17
4432,2026-09-07,180004534,1800004534,1731.14
4433,2026-09-20,180004535,1800004535,6305.93
4434,2026-09-10,180004536,1800004536,3062.17
4435,2026-09-30,180004537,1800004537,2391.08
4436,2026-09-25,180004538,1800004538,254.61
4437,2026-09-15,180004539,1800004539,3549.7
4438,2026-09-14,180004540,1800004540,1141.5
4439,2026-09-14,180004541,1800004541,1411.82
4440,2026-09-25,180004542,1800004542,5622.43
4441,2026-09-24,180004543,1800004543,4203.91
4442,2026-09-17,180004544,1800004544,1080.21
4443,2026-09-22,180004546,1800004546,26301.75
4444,2026-09-15,180004547,1800004547,2265.4
4445,2026-09-11,180004548,1800004548,801.18
4446,2026-09-27,180004549,1800004549,753.09
4447,2026-09-26,180004550,1800004550,9874.95
4448,2026-09-08,180004551,1800004551,10859.35
4449,2026-09-12,180004552,1800004552,1668.85
4450,2026-09-03,180004553,1800004553,672.53
4451,2026-09-25,180004554,1800004554,3423.45
4452,2026-09-15,179994555,1800004555,5998.04
4453,2026-09-07,180004556,1800004556,14507.87
4454,2026-09-16,180004557,1800004557,1411.62
4455,2026-09-13,180004558,1800004558,17165.73
4456,2026-09-23,180004559,1800004559,506.01
4457,2026-09-04,180004561,1800004561,4070.78
4458,2026-09-27,180004562,1800004562,5005.42
4459,2026-09-18,180004563,1800004563,1413.06
4460,2026-09-02,180004564,1800004564,299.04
4461,2026-09-07,180004565,1800004565,281.69
4462,2026-09-23,179994566,1800004566,311.0
4463,2026-09-02,180004567,1800004567,3013.32
4464,2026-09-27,180004568,1800004568,1050.99
4465,2026-10-01,180004569,1800004569,891.86
4466,2026-09-28,180004570,1800004570,4922.29
4467,2026-09-07,180004571,1800004571,559.31
4468,2026-09-15,180004572,1800004572,1247.48
4469,2026-09-19,180004573,1800004573,1327.07
4470,2026-09-24,180004574,1800004574,1777.25
4471,2026-09-18,180004575,1800004575,3467.99
4472,2026-09-21,180004576,1800004576,2040.94
4473,2026-09-29,180004577,1800004577,759.56
4474,2026-09-08,180004578,1800004578,2528.16
4475,2026-09-10,180004579,1800004579,824.11
4476,2026-09-27,180004580,1800004580,2428.34
4477,2026-09-11,180004581,1800004581,4100.8
4478,2026-09-10,180004583,1800004583,2133.87
4479,2026-09-16,180004584,1800004584,6750.12
4480,2026-09-29,180004585,1800004585,188.15
4481,2026-09-26,180004586,1800004586,4273.81
4482,2026-09-04,180004587,1800004587,7610.61
4483,2026-09-01,179994588,1800004588,1826.99
4484,2026-09-22,180004589,1800004589,7799.29
4485,2026-09-07,180004590,1800004590,4159.44
4486,2026-09-02,180004591,1800004591,1694.7
4487,2026-09-10,180004592,1800004592,1328.68
4488,2026-09-01,180004593,1800004593,1594.68
4489,2026-09-29,180004594,1800004594,5207.77
4490,2026-09-21,180004595,1800004595,2304.23
4491,2026-09-28,180004596,1800004596,2667.82
4492,2026-09-13,179994597,1800004597,2126.59
4493,2026-09-02,180004598,1800004598,6347.89
4494,2026-09-21,180004599,1800004599,663.76
4495,2026-09-07,180004600,1800004600,11156.43
4496,2026-09-23,180004601,1800004601,4151.55
4497,2026-10-01,180004602,1800004602,2515.81
4498,2026-09-02,180004603,1800004603,3460.22
4499,2026-09-04,180004604,1800004604,1582.45
4500,2026-09-17,180004605,1800004605,8260.65
4501,2026-09-23,180004606,1800004606,167.48
4502,2026-09-17,180004607,1800004607,2608.44
4503,2026-09-13,180004608,1800004608,3927.91
4504,2026-09-05,180004609,1800004609,1956.81
4505,2026-09-11,180004610,1800004610,7687.9
4506,2026-09-09,180004611,1800004611,1908.29
4507,2026-09-12,180004612,1800004612,2418.99
4508,2026-09-29,180004613,1800004613,1107.22
4509,2026-09-10,180004614,1800004614,6139.19
4510,2026-09-26,180004615,1800004615,304.06
4511,2026-09-24,180004616,1800004616,742.47
4512,2026-09-08,180004617,1800004617,384.16
4513,2026-09-02,180004618,1800004618,2666.77
4514,2026-09-12,180004619,1800004619,190.63
4515,2026-09-10,180004620,1800004620,184.29
4516,2026-09-06,180004621,1800004621,6028.39
4517,2026-09-25,180004622,1800004622,5310.61
4518,2026-09-12,180004623,1800004623,16298.52
4519,2026-09-25,180004624,1800004624,1150.08
4520,2026-09-05,180004625,1800004625,4601.53
4521,2026-09-03,180004626,1800004626,826.69
4522,2026-09-07,180004627,1800004627,4896.25
4523,2026-09-12,180004628,1800004628,5746.79
4524,2026-09-26,180004629,1800004629,2238.76
4525,2026-09-15,180004630,1800004630,2054.15
4526,2026-09-16,179994631,1800004631,1399.78
4527,2026-09-17,180004632,1800004632,2114.26
4528,2026-09-22,180004633,1800004633,2313.95
4529,2026-09-29,180004634,1800004634,1022.11
4530,2026-09-07,180004635,1800004635,1811.54
4531,2026-09-28,180004636,1800004636,1033.46
4532,2026-09-24,180004637,1800004637,3715.71
4533,2026-09-26,180004638,1800004638,438.33
4534,2026-09-09,179994639,1800004639,1583.19
4535,2026-09-06,180004640,1800004640,282.14
4536,2026-09-10,180004641,1800004641,843.82
4537,2026-09-28,180004642,1800004642,210.5
4538,2026-09-10,180004643,1800004643,2275.95
4539,2026-09-05,180004644,1800004644,5071.35
4540,2026-09-07,180004645,1800004645,1236.79
4541,2026-09-30,180004646,1800004646,2864.63
4542,2026-09-12,179994647,1800004647,5393.21
4543,2026-09-17,180004648,1800004648,230.83
4544,2026-09-24,180004650,1800004650,4391.97
4545,2026-09-20,180004651,1800004651,1718.61
4546,2026-09-01,180004652,1800004652,8446.3
4547,2026-09-11,180004653,1800004653,2428.87
4548,2026-09-12,180004654,1800004654,5165.14
4549,2026-09-23,180004655,1800004655,1665.68
4550,2026-09-01,180004656,1800004656,1921.02
4551,2026-09-15,180004657,1800004657,5350.46
4552,2026-09-20,180004658,1800004658,1175.03
4553,2026-09-16,180004659,1800004659,175.87
4554,2026-09-23,180004660,1800004660,1929.03
4555,2026-09-04,180004661,1800004661,4240.91
4556,2026-09-20,180004662,1800004662,5718.62
4557,2026-09-21,179994663,1800004663,3192.17
4558,2026-09-08,180004665,1800004665,3996.71
4559,2026-09-05,180004666,1800004666,925.8
4560,2026-09-22,180004667,1800004667,11736.95
4561,2026-09-22,180004668,1800004668,6121.03
4562,2026-09-04,180004669,1800004669,2037.13
4563,2026-09-19,180004670,1800004670,2679.12
4564,2026-09-16,180004671,1800004671,560.9
4565,2026-09-08,180004672,1800004672,4117.15
4566,2026-09-03,180004673,1800004673,1275.15
4567,2026-09-26,180004674,1800004674,3900.75
4568,2026-09-18,180004675,1800004675,1638.95
4569,2026-09-21,180004676,1800004676,1417.5
4570,2026-09-10,180004677,1800004677,1065.75
4571,2026-09-08,180004678,1800004678,6513.24
4572,2026-09-20,180004679,1800004679,3772.22
4573,2026-09-27,180004680,1800004680,1495.02
4574,2026-09-06,180004681,1800004681,3095.24
4575,2026-09-24,180004682,1800004682,2550.62
4576,2026-09-17,180004683,1800004683,10384.81
4577,2026-09-17,180004684,1800004684,1139.43
4578,2026-09-11,180004685,1800004685,4098.12
4579,2026-09-30,180004686,1800004686,4469.16
4580,2026-09-25,180004687,1800004687,5901.34
4581,2026-09-16,180004688,1800004688,3608.29
4582,2026-09-09,180004689,1800004689,2641.58
4583,2026-09-25,180004690,1800004690,1868.6
4584,2026-09-10,180004691,1800004691,1012.37
4585,2026-09-06,180004692,1800004692,15677.28
4586,2026-09-03,180004693,1800004693,1496.31
4587,2026-09-06,180004694,1800004694,160.7
4588,2026-09-07,180004695,1800004695,7360.95
4589,2026-09-21,180004696,1800004696,435.29
4590,2026-09-20,180004697,1800004697,4277.48
4591,2026-09-11,180004698,1800004698,6081.56
4592,2026-09-10,180004699,1800004699,4600.67
4593,2026-09-29,180004700,1800004700,1820.96
4594,2026-09-16,180004701,1800004701,4245.62
4595,2026-09-21,180004702,1800004702,1694.57
4596,2026-09-24,180004703,1800004703,2889.48
4597,2026-09-16,180004704,1800004704,4326.19
4598,2026-09-22,180004705,1800004705,9086.6
4599,2026-09-19,180004706,1800004706,3483.09
4600,2026-09-19,180004707,1800004707,1057.23
4601,2026-09-18,179994708,1800004708,1644.48
4602,2026-09-29,180004709,1800004709,2012.5
4603,2026-09-21,180004710,1800004710,7893.15
4604,2026-09-05,180004711,1800004711,1362.32
4605,2026-09-26,180004712,1800004712,4879.86
4606,2026-09-16,180004713,1800004713,6582.41
4607,2026-09-16,180004714,1800004714,996.4
4608,2026-09-30,180004715,1800004715,9412.72
4609,2026-09-10,180004716,1800004716,8544.06
4610,2026-09-22,180004717,1800004717,1044.05
4611,2026-09-17,180004718,1800004718,3207.38
4612,2026-09-18,180004719,1800004719,3777.31
4613,2026-09-14,180004720,1800004720,5865.37
4614,2026-09-20,180004721,1800004721,1868.45
4615,2026-09-01,180004722,1800004722,669.87
4616,2026-09-21,180004723,1800004723,5588.13
4617,2026-09-07,180004724,1800004724,1711.71
4618,2026-09-26,180004725,1800004725,6178.21
4619,2026-09-28,180004726,1800004726,3987.62
4620,2026-09-28,179994727,1800004727,1383.6
4621,2026-09-19,180004728,1800004728,22487.44
4622,2026-09-04,180004729,1800004729,1242.73
4623,2026-09-28,180004730,1800004730,3372.09
4624,2026-09-09,180004731,1800004731,4840.02
4625,2026-09-11,180004732,1800004732,3567.26
4626,2026-09-22,180004733,1800004733,933.68
4627,2026-09-20,180004734,1800004734,2410.76
4628,2026-09-18,180004735,1800004735,504.99
4629,2026-09-02,180004736,1800004736,10709.77
4630,2026-09-08,180004737,1800004737,2752.69
4631,2026-09-04,180004738,1800004738,1793.59
4632,2026-09-26,180004739,1800004739,7858.53
4633,2026-09-02,180004740,1800004740,5274.33
4634,2026-09-13,180004741,1800004741,687.07
4635,2026-09-10,180004742,1800004742,2740.0
4636,2026-09-14,180004743,1800004743,6102.89
4637,2026-09-20,180004744,1800004744,847.82
4638,2026-09-23,180004745,1800004745,557.41
4639,2026-09-29,180004746,1800004746,600.65
4640,2026-09-04,180004747,1800004747,1506.48
4641,2026-09-12,180004748,1800004748,204.52
4642,2026-09-12,180004749,1800004749,1293.86
4643,2026-09-29,180004750,1800004750,9611.47
4644,2026-09-06,180004751,1800004751,5177.32
4645,2026-09-25,180004752,1800004752,1806.96
4646,2026-09-17,179994753,1800004753,3085.87
4647,2026-09-21,180004754,1800004754,233.85
4648,2026-09-26,180004755,1800004755,2399.55
4649,2026-09-12,180004756,1800004756,555.46
4650,2026-09-19,180004757,1800004757,5925.46
4651,2026-09-13,180004758,1800004758,1784.16
4652,2026-09-01,180004759,1800004759,1147.06
4653,2026-09-02,180004760,1800004760,8029.41
4654,2026-09-09,180004761,1800004761,776.8
4655,2026-09-09,180004762,1800004762,438.49
4656,2026-09-17,180004763,1800004763,888.43
4657,2026-09-28,180004764,1800004764,1991.95
4658,2026-09-11,180004765,1800004765,7014.59
4659,2026-09-16,180004766,1800004766,342.86
4660,2026-09-14,180004767,1800004767,8323.69
4661,2026-09-18,180004768,1800004768,1298.56
4662,2026-09-27,180004769,1800004769,1854.56
4663,2026-09-12,180004770,1800004770,2808.22
4664,2026-09-26,180004771,1800004771,3520.98
4665,2026-09-09,180004772,1800004772,2999.33
4666,2026-09-16,179994773,1800004773,295.44
4667,2026-09-30,180004774,1800004774,1397.82
4668,2026-09-04,180004775,1800004775,4097.46
4669,2026-09-21,180004776,1800004776,8455.08
4670,2026-09-23,180004777,1800004777,1557.64
4671,2026-09-08,180004778,1800004778,417.92
4672,2026-09-20,180004779,1800004779,1829.43
4673,2026-09-18,180004780,1800004780,7588.89
4674,2026-09-21,180004781,1800004781,875.03
4675,2026-09-22,180004782,1800004782,2378.69
4676,2026-09-19,180004783,1800004783,579.05
4677,2026-09-15,180004784,1800004784,12428.13
4678,2026-09-21,180004785,1800004785,6365.59
4679,2026-09-06,180004786,1800004786,5916.99
4680,2026-09-10,180004787,1800004787,5584.01
4681,2026-09-03,180004788,1800004788,3706.49
4682,2026-09-06,180004789,1800004789,1509.84
4683,2026-09-16,180004790,1800004790,2703.47
4684,2026-09-11,180004791,1800004791,10127.89
4685,2026-09-27,180004792,1800004792,731.35
4686,2026-09-28,180004793,1800004793,2515.32
4687,2026-09-20,180004794,1800004794,3294.15
4688,2026-09-12,180004795,1800004795,1776.34
4689,2026-09-27,180004796,1800004796,1172.83
4690,2026-09-02,180004797,1800004797,1325.54
4691,2026-09-16,180004798,1800004798,927.12
4692,2026-09-29,179994799,1800004799,236.3
4693,2026-09-16,180004800,1800004800,1834.42
4694,2026-09-08,180004801,1800004801,2266.76
4695,2026-09-12,180004802,1800004802,2941.74
4696,2026-09-21,180004803,1800004803,364.84
4697,2026-10-01,180004804,1800004804,916.23
4698,2026-09-09,180004805,1800004805,2056.48
4699,2026-09-06,180004806,1800004806,343.55
4700,2026-09-28,180004807,1800004807,2212.8
4701,2026-09-15,180004808,1800004808,420.58
4702,2026-09-07,180004809,1800004809,2408.07
4703,2026-09-27,180004810,1800004810,5954.13
4704,2026-09-13,180004811,1800004811,2952.74
4705,2026-09-27,180004812,1800004812,406.42
4706,2026-09-25,180004813,1800004813,1742.72
4707,2026-09-25,180004814,1800004814,8256.22
4708,2026-09-02,180004815,1800004815,4016.67
4709,2026-09-03,180004816,1800004816,787.14
4710,2026-09-16,180004817,1800004817,1433.16
4711,2026-09-05,180004818,1800004818,5442.43
4712,2026-09-24,180004819,1800004819,8141.16
4713,2026-09-28,180004820,1800004820,2976.47
4714,2026-09-08,180004821,1800004821,1703.16
4715,2026-09-07,180004822,1800004822,662.52
4716,2026-09-01,180004823,1800004823,4560.15
4717,2026-09-19,180004824,1800004824,5000.74
4718,2026-09-23,180004825,1800004825,3357.31
4719,2026-09-22,180004826,1800004826,409.74
4720,2026-09-07,180004827,1800004827,4901.75
4721,2026-09-23,180004828,1800004828,2919.21
4722,2026-09-24,180004829,1800004829,4447.26
4723,2026-09-21,180004830,1800004830,2273.85
4724,2026-09-03,180004831,1800004831,1917.69
4725,2026-09-26,180004832,1800004832,5314.29
4726,2026-09-18,180004833,1800004833,12096.51
4727,2026-09-19,180004834,1800004834,1107.28
4728,2026-09-08,179994835,1800004835,8913.34
4729,2026-09-08,180004836,1800004836,904.29
4730,2026-09-24,180004837,1800004837,1731.3
4731,2026-09-28,180004838,1800004838,942.7
4732,2026-09-03,180004839,1800004839,517.0
4733,2026-09-05,180004840,1800004840,708.22
4734,2026-09-18,180004841,1800004841,6890.21
4735,2026-09-08,180004842,1800004842,462.72
4736,2026-09-14,180004843,1800004843,1150.06
4737,2026-09-21,180004844,1800004844,2392.27
4738,2026-09-11,180004845,1800004845,7549.75
4739,2026-09-13,180004846,1800004846,1836.55
4740,2026-09-28,180004847,1800004847,853.57
4741,2026-09-29,179994848,1800004848,9494.02
4742,2026-09-19,180004849,1800004849,7685.64
4743,2026-09-23,180004850,1800004850,2326.57
4744,2026-09-22,180004851,1800004851,1493.87
4745,2026-09-11,180004852,1800004852,4359.27
4746,2026-09-19,180004853,1800004853,4571.13
4747,2026-09-24,180004854,1800004854,3947.32
4748,2026-09-14,180004855,1800004855,4268.47
4749,2026-09-23,180004856,1800004856,636.41
4750,2026-09-25,180004857,1800004857,882.08
4751,2026-09-07,180004858,1800004858,1889.22
4752,2026-09-20,180004859,1800004859,5242.38
4753,2026-09-25,180004860,1800004860,10893.13
4754,2026-09-07,180004861,1800004861,1775.9
4755,2026-09-18,179994862,1800004862,1334.32
4756,2026-09-21,179994863,1800004863,1266.45
4757,2026-09-20,180004864,1800004864,750.72
4758,2026-09-25,180004865,1800004865,1394.08
4759,2026-09-22,180004866,1800004866,3569.64
4760,2026-09-04,180004867,1800004867,1750.72
4761,2026-09-05,180004868,1800004868,7353.48
4762,2026-09-09,180004869,1800004869,1817.62
4763,2026-09-10,180004870,1800004870,5143.61
4764,2026-09-14,180004871,1800004871,1647.32
4765,2026-09-09,180004872,1800004872,433.87
4766,2026-09-08,180004873,1800004873,4923.5
4767,2026-09-09,180004874,1800004874,315.54
4768,2026-09-18,180004875,1800004875,3808.66
4769,2026-09-14,180004876,1800004876,4320.31
4770,2026-09-06,179994877,1800004877,4147.98
4771,2026-09-11,180004878,1800004878,3245.28
4772,2026-09-28,180004879,1800004879,12143.6
4773,2026-09-28,180004880,1800004880,1414.68
4774,2026-09-25,180004881,1800004881,7945.03
4775,2026-09-20,180004882,1800004882,10041.7
4776,2026-09-12,180004883,1800004883,2912.75
4777,2026-09-16,180004884,1800004884,16411.45
4778,2026-09-16,180004885,1800004885,1420.14
4779,2026-09-08,180004886,1800004886,3482.86
4780,2026-09-18,180004887,1800004887,719.91
4781,2026-09-21,180004888,1800004888,6975.86
4782,2026-09-03,180004889,1800004889,5374.84
4783,2026-09-15,180004890,1800004890,5495.43
4784,2026-09-25,180004891,1800004891,7603.5
4785,2026-10-01,179994892,1800004892,3328.49
4786,2026-09-05,180004893,1800004893,1340.93
4787,2026-09-18,180004894,1800004894,1825.96
4788,2026-09-06,180004895,1800004895,4513.57
4789,2026-09-19,180004896,1800004896,4656.82
4790,2026-09-24,180004897,1800004897,932.69
4791,2026-09-15,180004898,1800004898,1199.25
4792,2026-09-18,180004899,1800004899,2276.35
4793,2026-09-26,180004900,1800004900,11403.23
4794,2026-09-10,180004901,1800004901,12159.49
4795,2026-09-18,180004902,1800004902,1219.8
4796,2026-09-29,180004903,1800004903,3241.42
4797,2026-09-11,180004904,1800004904,9539.79
4798,2026-09-09,180004905,1800004905,1401.87
4799,2026-09-19,180004906,1800004906,6516.52
4800,2026-09-28,180004907,1800004907,1772.83
4801,2026-09-03,180004908,1800004908,1207.61
4802,2026-09-18,180004909,1800004909,13672.26
4803,2026-09-16,180004910,1800004910,2585.04
4804,2026-09-15,180004911,1800004911,1448.67
4805,2026-09-08,180004912,1800004912,1319.91
4806,2026-09-03,180004913,1800004913,2517.07
4807,2026-09-07,180004914,1800004914,2448.11
4808,2026-09-21,180004915,1800004915,822.09
4809,2026-10-01,180004916,1800004916,768.44
4810,2026-09-08,180004917,1800004917,2364.51
4811,2026-09-19,180004918,1800004918,11738.01
4812,2026-09-03,180004919,1800004919,2981.18
4813,2026-09-27,180004920,1800004920,7936.52
4814,2026-09-09,180004921,1800004921,4834.78
4815,2026-09-27,180004922,1800004922,7248.04
4816,2026-09-29,179994923,1800004923,2833.71
4817,2026-09-15,180004924,1800004924,1578.89
4818,2026-09-06,180004925,1800004925,1412.72
4819,2026-09-28,180004926,1800004926,3199.11
4820,2026-09-25,180004927,1800004927,453.89
4821,2026-09-23,180004928,1800004928,1331.79
4822,2026-09-28,180004929,1800004929,5515.22
4823,2026-09-23,180004930,1800004930,5248.14
4824,2026-09-28,180004931,1800004931,5612.01
4825,2026-09-24,180004932,1800004932,282.76
4826,2026-09-06,180004933,1800004933,1602.39
4827,2026-09-11,180004934,1800004934,808.6
4828,2026-09-09,180004935,1800004935,267.32
4829,2026-09-10,180004936,1800004936,4790.32
4830,2026-09-29,180004937,1800004937,4222.83
4831,2026-09-03,180004938,1800004938,1041.09
4832,2026-09-25,180004939,1800004939,6394.02
4833,2026-09-10,179994940,1800004940,648.55
4834,2026-09-18,180004941,1800004941,287.03
4835,2026-09-12,180004942,1800004942,1879.81
4836,2026-09-28,180004943,1800004943,5390.42
4837,2026-09-05,180004944,1800004944,260.36
4838,2026-09-18,180004945,1800004945,3645.7
4839,2026-09-12,180004946,1800004946,1517.6
4840,2026-09-08,180004947,1800004947,5470.92
4841,2026-09-17,180004948,1800004948,2761.46
4842,2026-09-04,180004949,1800004949,2770.99
4843,2026-09-19,180004950,1800004950,5574.35
4844,2026-09-16,180004951,1800004951,7496.61
4845,2026-09-01,180004952,1800004952,2460.01
4846,2026-09-12,180004953,1800004953,4223.27
4847,2026-09-15,180004954,1800004954,953.58
4848,2026-09-15,180004955,1800004955,502.41
4849,2026-09-21,180004956,1800004956,190.34
4850,2026-09-13,180004957,1800004957,642.17
4851,2026-09-07,180004958,1800004958,675.72
4852,2026-09-21,180004959,1800004959,1024.54
4853,2026-09-10,180004960,1800004960,1878.39
4854,2026-09-30,180004961,1800004961,9008.75
4855,2026-09-20,180004962,1800004962,1185.81
4856,2026-09-02,180004963,1800004963,5403.48
4857,2026-09-27,180004964,1800004964,1533.65
4858,2026-09-04,180004965,1800004965,2190.64
4859,2026-09-06,180004966,1800004966,7412.6
4860,2026-09-21,180004968,1800004968,4930.07
4861,2026-09-07,180004969,1800004969,1270.01
4862,2026-09-26,180004970,1800004970,768.82
4863,2026-09-21,180004971,1800004971,3789.63
4864,2026-09-10,180004972,1800004972,8820.4
4865,2026-09-13,180004973,1800004973,13234.11
4866,2026-09-15,180004974,1800004974,545.68
4867,2026-09-06,180004975,1800004975,308.53
4868,2026-09-07,180004976,1800004976,271.37
4869,2026-09-07,180004977,1800004977,1102.96
4870,2026-09-18,180004978,1800004978,8040.71
4871,2026-09-23,180004979,1800004979,1875.48
4872,2026-09-12,180004980,1800004980,3687.56
4873,2026-09-19,180004981,1800004981,340.0
4874,2026-09-01,180004982,1800004982,6508.97
4875,2026-09-22,180004983,1800004983,6118.94
4876,2026-09-10,180004984,1800004984,3405.21
4877,2026-09-06,180004985,1800004985,7881.0
4878,2026-09-16,180004986,1800004986,3437.75
4879,2026-09-26,180004987,1800004987,1224.95
4880,2026-09-04,180004988,1800004988,354.53
4881,2026-09-15,180004989,1800004989,658.94
4882,2026-09-16,180004990,1800004990,893.11
4883,2026-09-08,180004991,1800004991,874.04
4884,2026-09-15,180004992,1800004992,2289.62
4885,2026-09-16,180004993,1800004993,6529.79
4886,2026-09-19,180004994,1800004994,5866.01
4887,2026-09-18,180004995,1800004995,702.22
4888,2026-09-11,180004996,1800004996,4871.59
4889,2026-09-19,180004997,1800004997,843.68
4890,2026-09-16,180004998,1800004998,1378.39
4891,2026-09-27,180004999,1800004999,457.3
4892,2026-09-12,180005000,1800005000,4283.08
4893,2026-09-10,180005001,1800005001,5680.64
4894,2026-09-16,180005002,1800005002,7733.87
4895,2026-09-14,180005003,1800005003,6685.27
4896,2026-09-24,180005004,1800005004,8529.44
4897,2026-09-27,180005006,1800005006,5958.86
4898,2026-09-06,180005007,1800005007,491.24
4899,2026-09-07,180005008,1800005008,4817.31
4900,2026-09-12,180005009,1800005009,630.96
4901,2026-09-05,180005010,1800005010,4337.33
4902,2026-09-09,180005011,1800005011,3819.14
4903,2026-09-24,180005012,1800005012,6523.73
4904,2026-09-17,180005013,1800005013,544.83
4905,2026-09-22,180005014,1800005014,6191.7
4906,2026-09-09,180005015,1800005015,4302.24
4907,2026-09-09,180005017,1800005017,6877.25
4908,2026-09-01,180005018,1800005018,893.68
4909,2026-09-26,180005019,1800005019,517.9
4910,2026-09-19,180005020,1800005020,7403.76
4911,2026-09-04,180005021,1800005021,853.96
4912,2026-09-26,179995022,1800005022,10226.64
4913,2026-09-07,180005023,1800005023,6295.19
4914,2026-09-12,180005024,1800005024,4452.77
4915,2026-09-10,180005025,1800005025,1729.05
4916,2026-09-26,180005026,1800005026,5076.63
4917,2026-09-26,180005027,1800005027,4018.76
4918,2026-09-17,180005028,1800005028,1076.06
4919,2026-09-23,180005029,1800005029,3296.6
4920,2026-09-13,180005030,1800005030,7859.08
4921,2026-09-21,180005031,1800005031,3971.78
4922,2026-09-19,180005032,1800005032,9841.83
4923,2026-09-22,180005033,1800005033,1463.2
4924,2026-09-05,180005034,1800005034,2964.33
4925,2026-09-11,180005035,1800005035,443.76
4926,2026-09-28,180005036,1800005036,3086.81
4927,2026-09-28,180005037,1800005037,1951.57
4928,2026-09-15,180005038,1800005038,1119.07
4929,2026-09-23,180005039,1800005039,401.8
4930,2026-09-24,180005040,1800005040,4344.7
4931,2026-09-12,180005041,1800005041,7158.03
4932,2026-09-19,180005042,1800005042,7287.88
4933,2026-09-20,180005043,1800005043,9091.95
4934,2026-09-04,180005044,1800005044,6943.47
4935,2026-09-16,180005045,1800005045,5179.09
4936,2026-09-27,179995046,1800005046,2446.32
4937,2026-09-04,180005047,1800005047,7083.6
4938,2026-09-04,180005048,1800005048,4172.55
4939,2026-09-21,180005049,1800005049,2293.85
4940,2026-09-11,180005050,1800005050,3264.03
4941,2026-09-03,180005051,1800005051,6604.71
4942,2026-09-26,180005052,1800005052,628.07
4943,2026-09-24,180005053,1800005053,3604.39
4944,2026-09-12,180005055,1800005055,3701.1
4945,2026-09-08,180005056,1800005056,296.22
4946,2026-09-12,180005057,1800005057,4251.06
4947,2026-09-13,180005058,1800005058,593.01
4948,2026-09-16,180005059,1800005059,1011.56
4949,2026-09-23,180005060,1800005060,17673.24
4950,2026-09-15,180005061,1800005061,4635.82
4951,2026-09-13,180005062,1800005062,684.77
4952,2026-09-11,180005063,1800005063,2390.57
4953,2026-09-13,180005064,1800005064,4112.86
4954,2026-09-24,180005065,1800005065,4092.22
4955,2026-09-19,180005066,1800005066,7758.21
4956,2026-09-18,180005067,1800005067,5327.38
4957,2026-09-02,180005068,1800005068,9800.05
4958,2026-09-16,180005069,1800005069,2496.57
4959,2026-09-02,180005070,1800005070,8007.06
4960,2026-09-18,180005071,1800005071,7739.85
4961,2026-09-24,180005072,1800005072,6166.99
4962,2026-09-28,180005073,1800005073,2463.89
4963,2026-09-02,180005074,1800005074,5295.66
4964,2026-09-11,180005075,1800005075,1670.06
4965,2026-09-01,180005076,1800005076,2867.45
4966,2026-09-17,180005077,1800005077,2430.27
4967,2026-09-21,180005078,1800005078,3783.09
4968,2026-09-24,180005079,1800005079,12551.87
4969,2026-09-02,180005080,1800005080,4812.66
4970,2026-09-05,180005081,1800005081,1540.31
4971,2026-09-25,180005082,1800005082,797.39
4972,2026-09-15,180005083,1800005083,2158.23
4973,2026-09-07,180005084,1800005084,815.56
4974,2026-09-20,180005085,1800005085,3242.06
4975,2026-09-25,180005086,1800005086,4311.18
4976,2026-09-22,180005087,1800005087,648.21
4977,2026-09-13,180005088,1800005088,169.09
4978,2026-09-22,180005089,1800005089,3066.08
4979,2026-09-18,180005090,1800005090,5809.16
4980,2026-09-17,180005091,1800005091,8467.96
4981,2026-09-24,180005092,1800005092,3253.89
4982,2026-09-24,180005093,1800005093,460.56
4983,2026-09-21,180005094,1800005094,18107.35
4984,2026-09-13,180005095,1800005095,2284.38
4985,2026-09-17,180005096,1800005096,3530.51
4986,2026-09-04,180005097,1800005097,776.22
4987,2026-09-04,180005098,1800005098,1341.94
4988,2026-09-19,180005099,1800005099,2345.86
4989,2026-09-10,179995100,1800005100,2665.95
4990,2026-09-15,180005101,1800005101,12649.51
4991,2026-09-30,180005102,1800005102,10201.63
4992,2026-09-21,180005103,1800005103,1704.18
4993,2026-09-11,180005104,1800005104,402.24
4994,2026-09-17,180005105,1800005105,1247.85
4995,2026-09-14,180005106,1800005106,2665.26
4996,2026-09-11,180005107,1800005107,8695.64
4997,2026-09-23,180005108,1800005108,4102.33
4998,2026-09-19,180005109,1800005109,7675.55
4999,2026-09-21,180005110,1800005110,3559.16
5000,2026-09-16,180005111,1800005111,3233.92
5001,2026-09-27,180005112,1800005112,4607.35
5002,2026-09-08,180005113,1800005113,1382.73
5003,2026-09-07,180005114,1800005114,379.3
5004,2026-09-28,180005115,1800005115,2171.69
5005,2026-09-08,180005116,1800005116,6317.61
5006,2026-09-27,180005117,1800005117,240.63
5007,2026-09-04,180005118,1800005118,4826.7
5008,2026-09-02,180005119,1800005119,4215.97
5009,2026-09-14,180005120,1800005120,1645.13
5010,2026-09-23,180005121,1800005121,1371.81
5011,2026-09-03,180005122,1800005122,2199.26
5012,2026-09-29,180005123,1800005123,500.79
5013,2026-09-18,179995124,1800005124,1965.61
5014,2026-09-27,180005125,1800005125,15205.8
5015,2026-09-13,180005126,1800005126,2562.84
5016,2026-09-12,180005127,1800005127,7206.99
5017,2026-09-13,180005128,1800005128,924.57
5018,2026-09-25,180005129,1800005129,943.18
5019,2026-09-17,180005130,1800005130,1301.13
5020,2026-09-16,180005131,1800005131,4796.21
5021,2026-09-17,180005132,1800005132,7613.18
5022,2026-09-14,180005133,1800005133,4883.16
5023,2026-09-06,180005134,1800005134,744.95
5024,2026-09-22,180005135,1800005135,1920.95
5025,2026-09-04,179995136,1800005136,696.95
5026,2026-09-07,180005137,1800005137,6967.36
5027,2026-09-22,180005138,1800005138,7374.57
5028,2026-09-27,180005140,1800005140,973.1
5029,2026-09-11,180005141,1800005141,998.16
5030,2026-09-07,180005142,1800005142,5339.21
5031,2026-09-29,180005143,1800005143,6085.59
5032,2026-09-04,180005144,1800005144,3597.79
5033,2026-09-05,180005145,1800005145,5665.33
5034,2026-09-26,179995146,1800005146,3721.7
5035,2026-09-03,180005147,1800005147,754.33
5036,2026-09-15,180005148,1800005148,1199.92
5037,2026-09-13,180005149,1800005149,6488.18
5038,2026-09-14,180005150,1800005150,4369.72
5039,2026-09-12,180005151,1800005151,914.48
5040,2026-09-22,180005152,1800005152,1220.0
5041,2026-09-17,180005153,1800005153,5873.42
5042,2026-09-17,180005154,1800005154,1047.77
5043,2026-09-09,180005155,1800005155,1628.26
5044,2026-09-22,180005156,1800005156,1841.57
5045,2026-09-06,180005157,1800005157,4381.66
5046,2026-09-26,180005158,1800005158,3407.74
5047,2026-09-07,180005159,1800005159,1058.04
5048,2026-09-28,180005160,1800005160,2195.1
5049,2026-09-09,180005161,1800005161,1888.7
5050,2026-09-26,179995162,1800005162,2968.74
5051,2026-09-15,180005163,1800005163,2244.29
5052,2026-09-20,180005164,1800005164,1506.87
5053,2026-09-17,180005165,1800005165,890.63
5054,2026-09-24,180005166,1800005166,7590.0
5055,2026-09-14,180005167,1800005167,5666.84
5056,2026-09-03,180005168,1800005168,554.02
5057,2026-09-10,180005169,1800005169,503.48
5058,2026-09-20,180005170,1800005170,10057.66
5059,2026-09-20,180005171,1800005171,774.68
5060,2026-09-27,180005172,1800005172,1059.57
5061,2026-09-21,180005173,1800005173,1128.28
5062,2026-09-06,180005174,1800005174,4750.06
5063,2026-09-18,180005175,1800005175,839.94
5064,2026-09-22,180005176,1800005176,594.66
5065,2026-09-13,180005177,1800005177,3190.95
5066,2026-09-03,180005178,1800005178,5204.65
5067,2026-09-13,180005179,1800005179,3126.48
5068,2026-09-26,180005180,1800005180,155.47
5069,2026-09-15,180005181,1800005181,12167.83
5070,2026-09-17,180005182,1800005182,5119.35
5071,2026-09-26,180005183,1800005183,924.83
5072,2026-10-01,180005184,1800005184,3541.83
5073,2026-09-22,180005185,1800005185,3870.75
5074,2026-09-08,180005186,1800005186,287.13
5075,2026-09-17,180005187,1800005187,6595.43
5076,2026-09-26,180005188,1800005188,2925.17
5077,2026-09-13,180005189,1800005189,3755.36
5078,2026-09-05,180005190,1800005190,5916.38
5079,2026-09-13,180005191,1800005191,4155.51
5080,2026-09-09,180005192,1800005192,13057.12
5081,2026-09-17,180005193,1800005193,261.02
5082,2026-09-04,180005194,1800005194,9018.27
5083,2026-09-24,180005195,1800005195,2699.68
5084,2026-09-04,180005196,1800005196,4352.89
5085,2026-09-14,180005197,1800005197,7408.13
5086,2026-09-12,180005198,1800005198,1297.43
5087,2026-09-27,180005199,1800005199,1887.48
5088,2026-09-26,180005200,1800005200,3900.23
5089,2026-09-18,180005201,1800005201,299.08
5090,2026-09-05,180005202,1800005202,3002.2
5091,2026-09-25,180005203,1800005203,320.11
5092,2026-09-20,180005204,1800005204,1979.95
5093,2026-09-25,180005205,1800005205,6347.26
5094,2026-09-22,180005206,1800005206,922.26
5095,2026-09-20,180005207,1800005207,2914.78
5096,2026-09-18,180005208,1800005208,1826.62
5097,2026-09-11,180005209,1800005209,5242.49
5098,2026-09-26,180005210,1800005210,3179.1
5099,2026-09-08,180005211,1800005211,358.76
5100,2026-09-11,180005212,1800005212,6785.51
5101,2026-09-14,180005213,1800005213,4573.08
5102,2026-09-20,180005214,1800005214,2707.88
5103,2026-09-07,180005215,1800005215,3409.54
5104,2026-09-11,180005216,1800005216,4808.96
5105,2026-09-24,180005217,1800005217,14014.2
5106,2026-09-20,180005218,1800005218,1253.5
5107,2026-09-17,180005219,1800005219,7177.68
5108,2026-09-04,180005220,1800005220,408.05
5109,2026-09-25,180005221,1800005221,8281.21
5110,2026-09-20,180005222,1800005222,2598.1
5111,2026-09-06,180005223,1800005223,2895.62
5112,2026-09-15,180005224,1800005224,945.77
5113,2026-09-23,180005225,1800005225,14372.5
5114,2026-09-07,180005226,1800005226,2575.88
5115,2026-09-08,180005227,1800005227,7371.43
5116,2026-09-17,180005228,1800005228,1601.36
5117,2026-09-16,180005229,1800005229,1259.21
5118,2026-09-10,180005230,1800005230,1045.29
5119,2026-09-25,180005231,1800005231,207.61
5120,2026-09-23,180005232,1800005232,457.2
5121,2026-09-02,180005233,1800005233,3704.29
5122,2026-09-04,180005235,1800005235,9416.33
5123,2026-09-25,180005236,1800005236,3431.19
5124,2026-09-03,180005237,1800005237,5496.04
5125,2026-09-03,180005238,1800005238,3488.29
5126,2026-09-26,180005239,1800005239,4872.69
5127,2026-09-07,180005240,1800005240,2802.35
5128,2026-09-18,180005241,1800005241,3552.6
5129,2026-09-24,180005242,1800005242,1442.32
5130,2026-09-08,180005243,1800005243,1115.4
5131,2026-09-10,179995244,1800005244,386.46
5132,2026-09-27,180005245,1800005245,581.46
5133,2026-09-28,180005246,1800005246,669.29
5134,2026-09-16,180005247,1800005247,7789.8
5135,2026-09-07,180005248,1800005248,1289.42
5136,2026-09-17,180005249,1800005249,3506.15
5137,2026-09-29,180005250,1800005250,10153.72
5138,2026-09-26,180005251,1800005251,3408.18
5139,2026-09-06,180005252,1800005252,3642.35
5140,2026-09-18,180005253,1800005253,2336.21
5141,2026-09-03,180005254,1800005254,8577.26
5142,2026-09-01,180005255,1800005255,8258.71
5143,2026-09-26,180005256,1800005256,7222.65
5144,2026-09-19,180005257,1800005257,10387.11
5145,2026-09-27,180005258,1800005258,4136.8
5146,2026-09-18,180005259,1800005259,2006.59
5147,2026-09-16,180005260,1800005260,4706.14
5148,2026-09-19,180005261,1800005261,1982.88
5149,2026-09-18,180005262,1800005262,4434.09
5150,2026-09-25,179995263,1800005263,2365.74
5151,2026-09-25,180005264,1800005264,2777.13
5152,2026-09-06,180005265,1800005265,1234.55
5153,2026-09-18,180005266,1800005266,1211.2
5154,2026-09-06,180005267,1800005267,2049.47
5155,2026-09-03,180005268,1800005268,1529.09
5156,2026-09-11,180005269,1800005269,257.87
5157,2026-09-21,180005270,1800005270,1969.85
5158,2026-09-16,180005271,1800005271,4361.53
5159,2026-09-03,180005272,1800005272,1511.86
5160,2026-09-07,180005273,1800005273,720.57
5161,2026-09-06,179995274,1800005274,5744.04
5162,2026-09-21,180005275,1800005275,14292.3
5163,2026-09-09,180005276,1800005276,6082.42
5164,2026-09-17,180005277,1800005277,1083.37
5165,2026-09-08,179995278,1800005278,1120.25
5166,2026-09-26,180005279,1800005279,2248.48
5167,2026-09-05,180005280,1800005280,5126.88
5168,2026-09-05,180005282,1800005282,9424.92
5169,2026-09-24,180005283,1800005283,2274.64
5170,2026-09-03,180005284,1800005284,1598.18
5171,2026-09-16,180005285,1800005285,3113.88
5172,2026-09-05,180005286,1800005286,432.17
5173,2026-09-14,180005287,1800005287,749.29
5174,2026-09-28,180005288,1800005288,837.08
5175,2026-09-06,180005289,1800005289,3354.41
5176,2026-09-18,180005290,1800005290,733.06
5177,2026-09-23,180005291,1800005291,1844.84
5178,2026-09-24,180005292,1800005292,200.17
5179,2026-09-22,179995293,1800005293,6235.99
5180,2026-09-09,180005294,1800005294,6870.12
5181,2026-09-27,180005295,1800005295,639.49
5182,2026-09-02,180005296,1800005296,11397.43
5183,2026-09-30,180005297,1800005297,4790.82
5184,2026-09-01,179995298,1800005298,7031.28
5185,2026-09-21,180005299,1800005299,11999.98
5186,2026-09-16,180005300,1800005300,4020.86
5187,2026-09-30,180005301,1800005301,6550.22
5188,2026-09-04,180005302,1800005302,3442.81
5189,2026-09-30,180005303,1800005303,5224.02
5190,2026-09-19,179995304,1800005304,2148.76
5191,2026-09-29,180005305,1800005305,857.16
5192,2026-09-17,180005306,1800005306,2193.95
5193,2026-09-22,180005307,1800005307,1640.67
5194,2026-09-18,180005308,1800005308,584.48
5195,2026-09-25,180005309,1800005309,3678.52
5196,2026-09-24,179995310,1800005310,1062.96
5197,2026-09-29,180005311,1800005311,1632.96
5198,2026-09-12,180005312,1800005312,150.53
5199,2026-09-12,180005313,1800005313,1127.75
5200,2026-09-28,180005314,1800005314,7779.92
5201,2026-09-28,180005315,1800005315,978.79
5202,2026-09-23,180005316,1800005316,4962.57
5203,2026-09-03,180005317,1800005317,552.0
5204,2026-09-18,180005318,1800005318,2378.8
5205,2026-09-23,180005319,1800005319,2016.84
5206,2026-09-16,180005320,1800005320,4371.9
5207,2026-09-15,180005321,1800005321,3413.82
5208,2026-09-19,180005322,1800005322,1402.69
5209,2026-09-19,180005323,1800005323,3620.18
5210,2026-09-10,180005324,1800005324,10193.54
5211,2026-09-03,180005325,1800005325,3202.02
5212,2026-09-28,180005326,1800005326,708.65
5213,2026-09-24,180005327,1800005327,3163.84
5214,2026-09-26,180005328,1800005328,7599.05
5215,2026-09-15,180005329,1800005329,2081.91
5216,2026-09-17,180005330,1800005330,1415.77
5217,2026-09-23,180005331,1800005331,1473.97
5218,2026-09-21,180005332,1800005332,190.41
5219,2026-09-14,180005333,1800005333,564.85
5220,2026-09-09,180005334,1800005334,6294.98
5221,2026-09-13,180005335,1800005335,3328.71
5222,2026-09-24,179995336,1800005336,8699.31
5223,2026-09-25,180005337,1800005337,1852.27
5224,2026-09-18,180005338,1800005338,22352.84
5225,2026-09-15,180005339,1800005339,6774.14
5226,2026-09-17,180005340,1800005340,423.33
5227,2026-09-18,180005341,1800005341,3073.25
5228,2026-09-26,180005342,1800005342,1380.0
5229,2026-09-18,180005343,1800005343,1803.68
5230,2026-09-16,180005344,1800005344,7132.77
5231,2026-09-20,179995345,1800005345,5525.73
5232,2026-09-05,180005346,1800005346,2707.59
5233,2026-09-03,180005347,1800005347,1360.17
5234,2026-09-14,180005348,1800005348,1176.99
5235,2026-09-10,180005349,1800005349,5626.99
5236,2026-09-12,180005350,1800005350,10049.25
5237,2026-09-30,180005352,1800005352,3214.3
5238,2026-09-03,180005353,1800005353,3923.49
5239,2026-09-22,180005354,1800005354,2548.08
5240,2026-09-03,180005355,1800005355,3312.08
5241,2026-09-25,180005356,1800005356,4877.05
5242,2026-09-09,180005357,1800005357,7799.88
5243,2026-09-07,180005358,1800005358,3576.14
5244,2026-09-20,180005359,1800005359,3753.94
5245,2026-09-08,180005360,1800005360,7313.25
5246,2026-09-06,180005361,1800005361,4313.05
5247,2026-09-05,180005362,1800005362,10683.05
5248,2026-09-14,180005363,1800005363,8247.36
5249,2026-09-07,180005364,1800005364,5526.61
5250,2026-09-11,180005365,1800005365,192.7
5251,2026-09-22,180005366,1800005366,4928.99
5252,2026-09-25,180005367,1800005367,6330.87
5253,2026-09-02,180005368,1800005368,3213.61
5254,2026-09-10,180005369,1800005369,923.42
5255,2026-09-15,180005370,1800005370,1321.54
5256,2026-09-22,180005371,1800005371,6314.69
5257,2026-09-17,180005372,1800005372,602.11
5258,2026-09-27,180005373,1800005373,4711.37
5259,2026-09-23,180005374,1800005374,222.74
5260,2026-09-25,180005375,1800005375,4648.5
5261,2026-09-25,180005376,1800005376,-111.45
5262,2026-09-14,180005377,1800005377,1378.75
5263,2026-09-10,180005378,1800005378,7883.56
5264,2026-09-07,180005379,1800005379,1124.23
5265,2026-09-14,180005380,1800005380,4337.93
5266,2026-09-11,179995381,1800005381,6249.88
5267,2026-09-03,180005382,1800005382,5457.88
5268,2026-09-03,180005383,1800005383,3031.29
5269,2026-09-15,179995384,1800005384,1171.53
5270,2026-09-20,180005385,1800005385,1402.27
5271,2026-09-12,180005386,1800005386,2445.15
5272,2026-09-19,180005387,1800005387,4697.35
5273,2026-09-30,180005388,1800005388,6138.64
5274,2026-09-18,180005389,1800005389,962.08
5275,2026-09-07,180005390,1800005390,2549.09
5276,2026-09-08,180005391,1800005391,5245.24
5277,2026-09-10,180005392,1800005392,1258.74
5278,2026-09-22,180005393,1800005393,1380.55
5279,2026-09-15,180005394,1800005394,2046.95
5280,2026-09-30,180005395,1800005395,9896.93
5281,2026-09-21,180005396,1800005396,4312.06
5282,2026-09-16,180005397,1800005397,3478.94
5283,2026-09-18,180005398,1800005398,1437.19
5284,2026-09-09,180005399,1800005399,2899.18
5285,2026-09-26,180005400,1800005400,3909.38
5286,2026-09-17,180005401,1800005401,5588.17
5287,2026-09-28,180005402,1800005402,2127.18
5288,2026-09-09,180005403,1800005403,2195.0
5289,2026-09-24,180005404,1800005404,7946.27
5290,2026-09-04,180005405,1800005405,2229.52
5291,2026-09-04,180005406,1800005406,1458.25
5292,2026-09-21,180005407,1800005407,3459.44
5293,2026-09-26,180005408,1800005408,6493.95
5294,2026-09-09,180005409,1800005409,2166.33
5295,2026-09-23,180005410,1800005410,777.99
5296,2026-09-27,180005411,1800005411,2086.61
5297,2026-09-24,180005412,1800005412,1819.5
5298,2026-09-26,180005413,1800005413,2674.02
5299,2026-09-19,180005414,1800005414,2602.74
5300,2026-09-11,180005415,1800005415,2102.35
5301,2026-09-07,179995416,1800005416,3920.28
5302,2026-09-18,180005417,1800005417,2157.11
5303,2026-09-17,180005418,1800005418,5818.85
5304,2026-09-16,180005419,1800005419,3291.46
5305,2026-09-23,180005420,1800005420,14210.76
5306,2026-09-13,180005421,1800005421,4250.23
5307,2026-09-26,180005422,1800005422,3913.9
5308,2026-09-03,180005423,1800005423,8637.83
5309,2026-09-23,180005424,1800005424,4538.55
5310,2026-09-02,180005425,1800005425,6357.67
5311,2026-09-23,180005426,1800005426,4053.46
5312,2026-09-17,180005427,1800005427,1800.43
5313,2026-09-08,180005428,1800005428,19052.45
5314,2026-09-06,180005429,1800005429,3792.43
5315,2026-09-22,180005430,1800005430,6616.55
5316,2026-09-13,180005431,1800005431,1233.46
5317,2026-09-04,180005432,1800005432,3688.59
5318,2026-09-03,180005433,1800005433,646.09
5319,2026-09-03,180005434,1800005434,556.37
5320,2026-09-12,180005435,1800005435,3069.04
5321,2026-09-12,180005436,1800005436,1006.43
5322,2026-09-06,180005437,1800005437,495.47
5323,2026-09-29,180005438,1800005438,14629.74
5324,2026-09-16,180005440,1800005440,5492.84
5325,2026-09-01,179995441,1800005441,1910.87
5326,2026-09-08,179995442,1800005442,10553.86
5327,2026-09-03,180005443,1800005443,4668.46
5328,2026-09-26,180005444,1800005444,771.28
5329,2026-09-04,180005445,1800005445,871.5
5330,2026-09-06,180005446,1800005446,629.28
5331,2026-09-27,180005447,1800005447,6029.64
5332,2026-09-04,180005448,1800005448,700.71
5333,2026-09-24,179995449,1800005449,1770.47
5334,2026-09-29,180005450,1800005450,8576.949999999999
5335,2026-09-13,180005451,1800005451,819.95
5336,2026-09-18,180005452,1800005452,2077.15
5337,2026-09-11,180005453,1800005453,5331.3
5338,2026-09-26,180005454,1800005454,9184.72
5339,2026-09-09,180005455,1800005455,8484.52
5340,2026-09-08,180005456,1800005456,5773.52
5341,2026-09-20,180005457,1800005457,3747.3
5342,2026-09-11,180005458,1800005458,3716.84
5343,2026-09-07,180005459,1800005459,11239.92
5344,2026-09-22,179995460,1800005460,5751.02
5345,2026-09-05,180005461,1800005461,9318.24
5346,2026-09-25,180005462,1800005462,1191.87
5347,2026-09-07,180005463,1800005463,2678.67
5348,2026-09-13,180005464,1800005464,1887.97
5349,2026-09-22,179995465,1800005465,1872.87
5350,2026-09-28,180005466,1800005466,3749.48
5351,2026-09-26,180005467,1800005467,2808.54
5352,2026-09-03,180005468,1800005468,193.48
5353,2026-09-21,180005469,1800005469,2642.49
5354,2026-09-23,180005470,1800005470,3002.05
5355,2026-09-17,180005471,1800005471,257.74
5356,2026-09-20,180005472,1800005472,8319.75
5357,2026-09-02,180005473,1800005473,1688.25
5358,2026-09-15,180005474,1800005474,1387.31
5359,2026-09-17,180005475,1800005475,1709.81
5360,2026-09-15,180005476,1800005476,4010.82
5361,2026-09-16,180005477,1800005477,2812.47
5362,2026-09-12,180005478,1800005478,636.49
5363,2026-09-27,180005479,1800005479,1807.07
5364,2026-09-09,180005480,1800005480,443.8
5365,2026-09-15,180005481,1800005481,8870.3
5366,2026-09-26,180005482,1800005482,2291.33
5367,2026-09-08,180005483,1800005483,13526.67
5368,2026-09-27,180005484,1800005484,2075.61
5369,2026-09-08,180005485,1800005485,722.43
5370,2026-09-20,180005486,1800005486,924.7
5371,2026-09-14,180005487,1800005487,159.99
5372,2026-09-04,180005488,1800005488,968.41
5373,2026-09-29,180005489,1800005489,483.07
5374,2026-09-22,180005490,1800005490,2378.68
5375,2026-09-19,180005491,1800005491,4919.37
5376,2026-09-29,180005492,1800005492,192.01
5377,2026-09-03,180005493,1800005493,2271.28
5378,2026-09-13,180005494,1800005494,12246.42
5379,2026-09-06,180005495,1800005495,2374.95
5380,2026-09-23,180005496,1800005496,2750.01
5381,2026-09-06,180005498,1800005498,3136.9
5382,2026-09-27,180005499,1800005499,5755.17
5383,2026-09-16,180005500,1800005500,1253.02
5384,2026-09-28,180005501,1800005501,160.7
5385,2026-09-09,180005502,1800005502,957.03
5386,2026-09-15,180005503,1800005503,849.95
5387,2026-09-15,180005504,1800005504,302.93
5388,2026-09-24,180005505,1800005505,9034.15
5389,2026-09-04,180005506,1800005506,1799.48
5390,2026-09-17,180005507,1800005507,5030.5
5391,2026-09-25,180005508,1800005508,7371.64
5392,2026-09-19,180005509,1800005509,8199.73
5393,2026-09-25,180005510,1800005510,4159.52
5394,2026-09-25,180005511,1800005511,1508.39
5395,2026-09-26,180005512,1800005512,338.68
5396,2026-09-04,180005513,1800005513,6948.05
5397,2026-09-07,180005514,1800005514,1268.27
5398,2026-09-22,180005515,1800005515,6292.1
5399,2026-09-12,180005516,1800005516,821.28
5400,2026-09-16,180005517,1800005517,281.01
5401,2026-09-26,180005518,1800005518,3614.23
5402,2026-09-17,180005519,1800005519,179.13
5403,2026-09-08,180005520,1800005520,6957.03
5404,2026-09-16,180005521,1800005521,324.87
5405,2026-09-13,180005522,1800005522,1744.27
5406,2026-09-07,180005523,1800005523,7526.93
5407,2026-09-09,180005524,1800005524,2610.62
5408,2026-09-24,180005525,1800005525,204.66
5409,2026-09-01,180005526,1800005526,255.6
5410,2026-09-18,180005527,1800005527,1678.08
5411,2026-09-03,180005528,1800005528,6666.92
5412,2026-09-24,180005529,1800005529,535.98
5413,2026-09-29,180005530,1800005530,2748.2
5414,2026-09-17,180005531,1800005531,8283.8
5415,2026-09-21,180005532,1800005532,10312.06
5416,2026-09-11,180005533,1800005533,10352.15
5417,2026-09-20,180005534,1800005534,3944.12
5418,2026-09-07,180005535,1800005535,1036.7
5419,2026-09-06,180005536,1800005536,1169.12
5420,2026-09-10,180005537,1800005537,2192.45
5421,2026-09-14,180005538,1800005538,3339.53
5422,2026-09-18,180005539,1800005539,670.13
5423,2026-09-10,180005540,1800005540,888.16
5424,2026-09-12,180005541,1800005541,8234.56
5425,2026-09-09,180005542,1800005542,1502.98
5426,2026-09-29,180005543,1800005543,3390.61
5427,2026-09-17,180005544,1800005544,611.05
5428,2026-09-13,180005545,1800005545,360.72
5429,2026-09-11,180005546,1800005546,2147.29
5430,2026-09-24,180005547,1800005547,4154.79
5431,2026-09-29,180005548,1800005548,3277.75
5432,2026-09-10,179995550,1800005550,493.34
5433,2026-09-22,179995551,1800005551,765.76
5434,2026-09-23,180005552,1800005552,6492.85
5435,2026-09-03,180005553,1800005553,4343.47
5436,2026-09-02,180005554,1800005554,2575.63
5437,2026-09-12,179995555,1800005555,4008.78
5438,2026-09-21,180005556,1800005556,1075.55
5439,2026-09-08,180005557,1800005557,2820.32
5440,2026-09-21,180005558,1800005558,3500.16
5441,2026-09-11,180005559,1800005559,1110.77
5442,2026-09-20,180005560,1800005560,3831.62
5443,2026-09-19,180005561,1800005561,781.9
5444,2026-09-09,180005562,1800005562,7217.53
5445,2026-09-28,180005563,1800005563,8154.25
5446,2026-09-04,180005564,1800005564,223.84
5447,2026-09-03,180005565,1800005565,6481.42
5448,2026-09-07,180005566,1800005566,1426.99
5449,2026-09-29,180005567,1800005567,495.17
5450,2026-09-12,180005568,1800005568,4657.07
5451,2026-09-12,180005569,1800005569,1408.59
5452,2026-09-05,180005570,1800005570,3790.94
5453,2026-09-16,180005571,1800005571,4534.22
5454,2026-09-20,180005572,1800005572,2252.52
5455,2026-09-09,180005573,1800005573,3256.01
5456,2026-09-25,180005574,1800005574,3157.62
5457,2026-09-06,180005575,1800005575,5775.83
5458,2026-09-13,179995576,1800005576,1760.25
5459,2026-09-11,179995578,1800005578,599.36
5460,2026-09-18,180005579,1800005579,1070.24
5461,2026-09-18,179995580,1800005580,5481.16
5462,2026-09-25,180005581,1800005581,3627.95
5463,2026-09-17,180005582,1800005582,299.37
5464,2026-09-09,180005583,1800005583,597.84
5465,2026-09-16,180005584,1800005584,2111.72
5466,2026-09-23,179995585,1800005585,425.56
5467,2026-09-17,180005586,1800005586,2922.24
5468,2026-09-05,180005587,1800005587,5858.2
5469,2026-09-19,180005588,1800005588,3486.45
5470,2026-09-15,180005589,1800005589,1327.34
5471,2026-09-02,180005590,1800005590,8045.64
5472,2026-09-16,180005593,1800005593,2466.71
5473,2026-09-01,180005594,1800005594,407.87
5474,2026-09-03,180005595,1800005595,2981.38
5475,2026-09-19,180005596,1800005596,9017.69
5476,2026-09-20,180005597,1800005597,1057.94
5477,2026-09-05,180005598,1800005598,382.09
5478,2026-09-27,180005599,1800005599,4404.04
5479,2026-09-13,180005600,1800005600,4659.73
5480,2026-09-24,180005601,1800005601,3104.73
5481,2026-09-25,180005602,1800005602,1965.19
5482,2026-09-17,180005603,1800005603,1577.01
5483,2026-09-09,180005604,1800005604,4684.95
5484,2026-09-02,180005605,1800005605,2788.41
5485,2026-09-24,180005606,1800005606,2501.47
5486,2026-09-15,180005607,1800005607,11474.08
5487,2026-09-20,180005608,1800005608,627.55
5488,2026-09-24,180005609,1800005609,239.17
5489,2026-09-24,180005610,1800005610,1890.01
5490,2026-09-01,180005611,1800005611,3653.48
5491,2026-09-07,180005612,1800005612,2651.58
5492,2026-09-20,180005613,1800005613,277.69
5493,2026-09-27,180005614,1800005614,179.3
5494,2026-09-04,180005615,1800005615,1697.61
5495,2026-09-28,180005616,1800005616,1897.75
5496,2026-09-11,180005617,1800005617,5822.94
5497,2026-09-05,180005618,1800005618,11191.89
5498,2026-09-22,180005619,1800005619,3414.16
5499,2026-09-07,180005620,1800005620,566.06
5500,2026-09-26,180005622,1800005622,11077.62
5501,2026-09-16,180005623,1800005623,384.13
5502,2026-09-09,180005624,1800005624,694.86
5503,2026-09-07,180005625,1800005625,8998.7
5504,2026-09-28,180005626,1800005626,1116.5
5505,2026-09-13,180005627,1800005627,583.5
5506,2026-09-17,179995628,1800005628,823.85
5507,2026-09-21,180005629,1800005629,732.64
5508,2026-09-25,180005630,1800005630,2096.58
5509,2026-09-04,180005631,1800005631,1874.66
5510,2026-09-15,180005632,1800005632,3372.37
5511,2026-09-19,180005633,1800005633,309.46
5512,2026-09-29,180005634,1800005634,14884.29
5513,2026-09-05,180005635,1800005635,2184.53
5514,2026-09-04,180005636,1800005636,3739.99
5515,2026-09-15,180005637,1800005637,5814.71
5516,2026-09-19,180005638,1800005638,6978.19
5517,2026-09-07,180005639,1800005639,3202.58
5518,2026-09-22,180005640,1800005640,1834.63
5519,2026-09-09,180005641,1800005641,1242.39
5520,2026-09-17,180005642,1800005642,5863.14
5521,2026-09-06,180005643,1800005643,1222.1
5522,2026-10-01,180005644,1800005644,1143.88
5523,2026-09-03,180005645,1800005645,6566.43
5524,2026-09-04,180005646,1800005646,3844.81
5525,2026-09-17,180005647,1800005647,5085.45
5526,2026-09-10,180005648,1800005648,3135.16
5527,2026-09-12,180005649,1800005649,1193.19
5528,2026-09-22,180005650,1800005650,367.37
5529,2026-09-02,180005651,1800005651,1961.18
5530,2026-09-12,180005652,1800005652,2401.78
5531,2026-09-23,180005653,1800005653,3934.8
5532,2026-09-18,180005654,1800005654,392.46
5533,2026-09-12,180005655,1800005655,1787.09
5534,2026-09-16,180005656,1800005656,1241.49
5535,2026-09-05,180005657,1800005657,353.46
5536,2026-09-23,180005658,1800005658,9093.93
5537,2026-09-19,180005659,1800005659,1288.97
5538,2026-09-17,180005660,1800005660,7946.58
5539,2026-09-23,180005661,1800005661,3420.77
5540,2026-09-23,180005662,1800005662,1234.84
5541,2026-09-20,180005663,1800005663,1795.2
5542,2026-09-19,180005664,1800005664,1908.41
5543,2026-09-11,180005665,1800005665,3828.02
5544,2026-09-17,180005666,1800005666,2340.28
5545,2026-09-24,180005667,1800005667,1159.52
5546,2026-09-28,180005668,1800005668,11498.8
5547,2026-09-06,180005669,1800005669,761.09
5548,2026-09-06,180005670,1800005670,5297.83
5549,2026-09-10,180005671,1800005671,2216.3
5550,2026-09-06,180005672,1800005672,6272.73
5551,2026-09-28,180005673,1800005673,981.91
5552,2026-09-02,180005674,1800005674,600.86
5553,2026-09-28,179995675,1800005675,1693.76
5554,2026-09-13,180005676,1800005676,2555.79
5555,2026-09-23,180005677,1800005677,1945.84
5556,2026-09-25,180005678,1800005678,2868.89
5557,2026-09-17,180005679,1800005679,286.26
5558,2026-09-18,180005680,1800005680,3531.01
5559,2026-09-05,180005681,1800005681,802.2
5560,2026-09-12,180005682,1800005682,2854.27
5561,2026-09-26,180005683,1800005683,8300.49
5562,2026-09-02,180005684,1800005684,441.94
5563,2026-09-06,180005685,1800005685,3370.52
5564,2026-09-04,180005686,1800005686,1113.04
5565,2026-09-23,180005687,1800005687,421.58
5566,2026-09-22,180005688,1800005688,982.93
5567,2026-09-16,180005689,1800005689,6303.03
5568,2026-09-13,180005690,1800005690,5329.41
5569,2026-09-05,180005691,1800005691,1826.09
5570,2026-09-12,180005692,1800005692,1181.0
5571,2026-09-30,180005693,1800005693,1726.26
5572,2026-09-21,180005694,1800005694,903.71
5573,2026-09-17,180005695,1800005695,3536.06
5574,2026-09-04,180005696,1800005696,525.44
5575,2026-09-25,180005697,1800005697,2711.47
5576,2026-09-24,180005698,1800005698,816.18
5577,2026-09-09,180005699,1800005699,6761.7
5578,2026-09-23,180005700,1800005700,1494.94
5579,2026-09-23,179995701,1800005701,1998.43
5580,2026-09-18,180005702,1800005702,1249.97
5581,2026-09-08,180005703,1800005703,176.06
5582,2026-09-14,180005704,1800005704,12977.67
5583,2026-09-07,180005705,1800005705,523.94
5584,2026-09-02,180005706,1800005706,3263.37
5585,2026-09-13,180005707,1800005707,1367.65
5586,2026-09-20,180005708,1800005708,284.61
5587,2026-09-15,180005709,1800005709,10814.64
5588,2026-09-13,180005710,1800005710,6111.95
5589,2026-09-02,180005711,1800005711,1057.11
5590,2026-09-20,180005712,1800005712,1238.82
5591,2026-09-21,180005713,1800005713,4895.19
5592,2026-09-08,180005714,1800005714,7087.12
5593,2026-09-09,180005715,1800005715,14474.03
5594,2026-09-18,180005716,1800005716,2985.3
5595,2026-09-29,180005717,1800005717,3188.99
5596,2026-09-17,180005718,1800005718,476.68
5597,2026-09-12,180005719,1800005719,772.86
5598,2026-09-24,180005720,1800005720,1012.74
5599,2026-09-16,180005721,1800005721,2195.11
5600,2026-09-21,180005722,1800005722,5744.69
5601,2026-09-05,180005723,1800005723,195.79
5602,2026-09-10,180005724,1800005724,391.5
5603,2026-09-17,180005725,1800005725,6665.07
5604,2026-09-08,179995726,1800005726,1902.36
5605,2026-09-05,180005727,1800005727,542.65
5606,2026-09-24,180005728,1800005728,12731.9
5607,2026-09-27,180005729,1800005729,12466.51
5608,2026-09-18,180005730,1800005730,2223.47
5609,2026-09-12,180005731,1800005731,488.75
5610,2026-09-17,180005732,1800005732,342.48
5611,2026-09-04,180005733,1800005733,4375.58
5612,2026-09-15,179995734,1800005734,12017.06
5613,2026-09-24,180005735,1800005735,354.94
5614,2026-09-07,180005736,1800005736,1832.58
5615,2026-09-26,180005737,1800005737,10591.69
5616,2026-09-12,180005738,1800005738,3496.56
5617,2026-09-11,180005739,1800005739,1500.73
5618,2026-09-05,180005740,1800005740,722.4
5619,2026-09-24,180005741,1800005741,2425.49
5620,2026-09-03,180005742,1800005742,3378.5
5621,2026-09-27,180005743,1800005743,12095.77
5622,2026-09-29,180005744,1800005744,1605.41
5623,2026-09-26,180005745,1800005745,6903.36
5624,2026-09-12,180005746,1800005746,849.77
5625,2026-09-19,180005747,1800005747,1934.98
5626,2026-09-19,180005748,1800005748,2914.74
5627,2026-09-29,180005749,1800005749,4607.52
5628,2026-09-27,180005750,1800005750,6724.14
5629,2026-09-23,180005751,1800005751,8923.77
5630,2026-09-11,180005752,1800005752,2123.91
5631,2026-09-05,180005753,1800005753,256.78
5632,2026-09-27,180005754,1800005754,523.62
5633,2026-09-04,180005755,1800005755,1948.04
5634,2026-09-24,180005756,1800005756,1727.5
5635,2026-09-27,180005757,1800005757,1397.58
5636,2026-09-26,180005758,1800005758,1978.97
5637,2026-09-30,180005759,1800005759,3691.44
5638,2026-09-11,180005760,1800005760,7875.68
5639,2026-09-18,180005761,1800005761,8667.79
5640,2026-09-17,180005762,1800005762,3057.49
5641,2026-09-18,180005763,1800005763,2936.1
5642,2026-09-05,179995764,1800005764,1071.47
5643,2026-09-02,180005765,1800005765,2180.19
5644,2026-09-11,180005766,1800005766,1119.42
5645,2026-09-26,180005767,1800005767,3177.34
5646,2026-09-27,180005768,1800005768,496.67
5647,2026-09-03,180005769,1800005769,3071.38
5648,2026-09-22,180005770,1800005770,3012.44
5649,2026-09-14,179995771,1800005771,1443.71
5650,2026-09-17,179995772,1800005772,8719.6
5651,2026-09-19,180005773,1800005773,7638.54
5652,2026-09-04,180005774,1800005774,2832.28
5653,2026-09-10,180005775,1800005775,10692.63
5654,2026-09-13,180005776,1800005776,6566.97
5655,2026-09-25,180005777,1800005777,6042.4
5656,2026-09-03,180005778,1800005778,1414.81
5657,2026-09-22,180005779,1800005779,418.81
5658,2026-09-24,180005780,1800005780,565.45
5659,2026-09-21,180005781,1800005781,9692.28
5660,2026-09-28,180005782,1800005782,8392.36
5661,2026-09-05,180005783,1800005783,1900.48
5662,2026-09-05,180005784,1800005784,3910.32
5663,2026-09-19,180005785,1800005785,7150.66
5664,2026-09-25,180005786,1800005786,2948.35
5665,2026-09-25,180005787,1800005787,2947.99
5666,2026-09-02,180005788,1800005788,5971.5
5667,2026-09-03,180005789,1800005789,861.15
5668,2026-09-09,180005790,1800005790,3206.24
5669,2026-09-22,179995791,1800005791,263.75
5670,2026-09-10,180005792,1800005792,3176.0
5671,2026-09-29,180005793,1800005793,2182.5
5672,2026-09-06,180005794,1800005794,2632.3
5673,2026-09-27,180005795,1800005795,2546.59
5674,2026-09-13,180005796,1800005796,2063.25
5675,2026-09-11,180005797,1800005797,1549.38
5676,2026-09-25,180005798,1800005798,6254.39
5677,2026-09-13,180005799,1800005799,1359.5
5678,2026-09-08,180005800,1800005800,7957.93
5679,2026-09-05,180005801,1800005801,3912.41
5680,2026-09-04,180005802,1800005802,4834.04
5681,2026-09-12,180005803,1800005803,3102.21
5682,2026-09-28,180005804,1800005804,3307.74
5683,2026-09-05,180005805,1800005805,1577.84
5684,2026-10-01,180005806,1800005806,3228.77
5685,2026-09-15,180005807,1800005807,2483.83
5686,2026-09-27,180005808,1800005808,1675.67
5687,2026-09-12,180005809,1800005809,3224.31
5688,2026-09-27,180005810,1800005810,3782.09
5689,2026-09-02,180005811,1800005811,4711.9
5690,2026-09-20,180005812,1800005812,2433.37
5691,2026-09-10,180005813,1800005813,527.44
5692,2026-09-11,180005814,1800005814,7837.89
5693,2026-09-16,180005815,1800005815,2549.47
5694,2026-09-08,180005817,1800005817,1506.29
5695,2026-09-09,180005818,1800005818,3952.36
5696,2026-09-22,180005819,1800005819,2096.39
5697,2026-09-09,180005820,1800005820,4367.34
5698,2026-09-19,180005821,1800005821,6636.36
5699,2026-09-06,179995822,1800005822,13527.57
5700,2026-09-23,180005823,1800005823,5545.37
5701,2026-09-11,180005824,1800005824,2297.87
5702,2026-09-14,180005825,1800005825,207.07
5703,2026-09-21,180005826,1800005826,2896.04
5704,2026-09-03,180005827,1800005827,6754.69
5705,2026-09-02,180005828,1800005828,2761.24
5706,2026-09-23,180005829,1800005829,909.04
5707,2026-09-11,179995831,1800005831,535.5
5708,2026-09-23,180005832,1800005832,3748.5
5709,2026-09-24,180005833,1800005833,1982.23
5710,2026-09-20,180005834,1800005834,958.05
5711,2026-09-11,180005835,1800005835,4536.19
5712,2026-09-28,180005836,1800005836,5371.92
5713,2026-09-06,180005837,1800005837,4127.33
5714,2026-09-28,180005838,1800005838,5499.55
5715,2026-09-17,179995839,1800005839,3022.46
5716,2026-09-06,180005840,1800005840,687.15
5717,2026-09-11,180005841,1800005841,1135.58
5718,2026-09-16,180005842,1800005842,7554.21
5719,2026-09-16,180005843,1800005843,7997.75
5720,2026-09-14,180005844,1800005844,349.89
5721,2026-09-30,180005845,1800005845,15741.18
5722,2026-09-23,180005846,1800005846,5519.8
5723,2026-09-11,180005847,1800005847,250.14
5724,2026-09-05,180005848,1800005848,1816.2
5725,2026-09-10,180005849,1800005849,621.79
5726,2026-09-21,180005850,1800005850,1712.35
5727,2026-09-17,180005852,1800005852,2773.38
5728,2026-09-17,180005853,1800005853,3249.74
5729,2026-09-06,180005854,1800005854,5853.71
5730,2026-09-08,180005855,1800005855,6655.41
5731,2026-09-08,180005856,1800005856,2887.96
5732,2026-09-22,180005857,1800005857,1356.45
5733,2026-09-25,179995858,1800005858,1588.83
5734,2026-09-19,180005859,1800005859,10471.66
5735,2026-09-17,180005860,1800005860,1071.8
5736,2026-09-23,180005861,1800005861,4182.61
5737,2026-09-09,180005862,1800005862,5870.5
5738,2026-09-22,180005863,1800005863,325.96
5739,2026-09-29,180005864,1800005864,2932.09
5740,2026-09-20,180005865,1800005865,285.73
5741,2026-09-10,180005866,1800005866,5594.33
5742,2026-09-06,180005867,1800005867,694.42
5743,2026-09-06,180005868,1800005868,4940.77
5744,2026-09-19,180005869,1800005869,598.51
5745,2026-09-13,180005870,1800005870,2495.56
5746,2026-09-29,180005871,1800005871,3128.48
5747,2026-09-24,180005872,1800005872,5256.9
5748,2026-09-27,180005873,1800005873,1065.77
5749,2026-09-01,180005874,1800005874,3139.61
5750,2026-09-24,180005875,1800005875,1162.65
5751,2026-09-11,180005876,1800005876,857.3
5752,2026-09-18,180005877,1800005877,5792.86
5753,2026-09-22,180005878,1800005878,3978.8
5754,2026-09-19,180005879,1800005879,5003.82
5755,2026-09-03,179995880,1800005880,1335.83
5756,2026-09-17,180005881,1800005881,887.04
5757,2026-09-13,180005882,1800005882,193.32
5758,2026-09-22,180005883,1800005883,1700.14
5759,2026-09-01,180005884,1800005884,3553.34
5760,2026-09-18,180005885,1800005885,1432.3
5761,2026-09-16,180005886,1800005886,3232.35
5762,2026-09-08,180005887,1800005887,2216.75
5763,2026-09-02,179995888,1800005888,3616.34
5764,2026-09-04,180005889,1800005889,3784.11
5765,2026-09-24,180005890,1800005890,5176.15
5766,2026-09-10,180005891,1800005891,511.97
5767,2026-09-17,180005892,1800005892,4529.03
5768,2026-09-25,180005893,1800005893,321.37
5769,2026-09-01,180005894,1800005894,1743.53
5770,2026-09-18,180005895,1800005895,914.0
5771,2026-09-06,180005896,1800005896,2471.05
5772,2026-09-24,180005897,1800005897,1110.84
5773,2026-09-16,180005898,1800005898,1927.96
5774,2026-09-16,180005899,1800005899,6372.29
5775,2026-09-20,180005900,1800005900,665.82
5776,2026-09-23,180005901,1800005901,9445.55
5777,2026-09-19,180005902,1800005902,157.42
5778,2026-09-23,180005903,1800005903,289.64
5779,2026-09-15,180005904,1800005904,3736.79
5780,2026-09-20,180005905,1800005905,968.91
5781,2026-09-02,179995906,1800005906,2600.43
5782,2026-09-28,180005907,1800005907,7174.12
5783,2026-09-28,180005908,1800005908,311.12
5784,2026-09-09,180005909,1800005909,2018.38
5785,2026-09-21,180005910,1800005910,3040.34
5786,2026-09-04,180005911,1800005911,4198.56
5787,2026-09-28,179995912,1800005912,4128.57
5788,2026-09-10,180005913,1800005913,3731.64
5789,2026-09-26,180005914,1800005914,4506.12
5790,2026-09-11,180005915,1800005915,2245.27
5791,2026-09-11,180005916,1800005916,2636.93
5792,2026-09-03,180005917,1800005917,1696.48
5793,2026-09-20,180005918,1800005918,561.46
5794,2026-09-25,180005919,1800005919,18028.47
5795,2026-09-03,180005920,1800005920,3463.24
5796,2026-09-12,180005922,1800005922,865.02
5797,2026-09-02,180005923,1800005923,1012.37
5798,2026-09-26,180005924,1800005924,4196.38
5799,2026-09-08,180005925,1800005925,4911.17
5800,2026-09-27,180005926,1800005926,10641.19
5801,2026-09-22,179995927,1800005927,4944.28
5802,2026-09-18,180005928,1800005928,5601.5
5803,2026-09-21,180005929,1800005929,812.84
5804,2026-09-04,180005930,1800005930,399.74
5805,2026-09-28,179995931,1800005931,4075.21
5806,2026-09-23,180005932,1800005932,3840.68
5807,2026-09-04,180005933,1800005933,13111.64
5808,2026-09-27,180005934,1800005934,1402.02
5809,2026-09-13,180005935,1800005935,8284.87
5810,2026-09-28,180005936,1800005936,1171.67
5811,2026-09-19,180005937,1800005937,6674.01
5812,2026-09-19,180005938,1800005938,5291.98
5813,2026-09-03,180005939,1800005939,2506.76
5814,2026-09-28,180005940,1800005940,1285.97
5815,2026-09-19,179995941,1800005941,2001.42
5816,2026-09-17,180005942,1800005942,15336.32
5817,2026-09-05,180005943,1800005943,756.39
5818,2026-09-15,180005944,1800005944,1594.54
5819,2026-09-23,180005945,1800005945,5937.54
5820,2026-09-07,180005946,1800005946,1833.29
5821,2026-09-18,180005947,1800005947,1092.12
5822,2026-09-10,180005948,1800005948,2799.57
5823,2026-09-29,179995949,1800005949,7401.21
5824,2026-09-04,180005950,1800005950,4312.74
5825,2026-09-25,180005951,1800005951,2808.55
5826,2026-09-19,180005952,1800005952,1866.59
5827,2026-09-14,180005953,1800005953,2462.54
5828,2026-09-10,180005954,1800005954,761.49
5829,2026-09-11,180005955,1800005955,3766.03
5830,2026-09-15,180005956,1800005956,1516.15
5831,2026-09-18,180005957,1800005957,1129.35
5832,2026-09-26,180005958,1800005958,2593.11
5833,2026-09-20,180005959,1800005959,6887.12
5834,2026-09-04,180005960,1800005960,2063.58
5835,2026-09-22,180005961,1800005961,9676.24
5836,2026-09-02,180005962,1800005962,2687.13
5837,2026-09-13,180005963,1800005963,1927.52
5838,2026-09-11,180005964,1800005964,4228.12
5839,2026-09-23,180005965,1800005965,4872.39
5840,2026-09-27,180005966,1800005966,2437.06
5841,2026-09-11,180005967,1800005967,2722.59
5842,2026-09-26,180005968,1800005968,2200.16
5843,2026-09-05,180005969,1800005969,1617.0
5844,2026-09-14,180005970,1800005970,993.67
5845,2026-09-14,180005971,1800005971,17695.8
5846,2026-09-20,180005972,1800005972,3026.21
5847,2026-09-13,180005973,1800005973,1875.95
5848,2026-09-20,180005974,1800005974,1375.34
5849,2026-09-20,180005975,1800005975,937.54
5850,2026-09-26,180005976,1800005976,3645.56
5851,2026-09-07,180005977,1800005977,3953.88
5852,2026-09-29,180005978,1800005978,4671.39
5853,2026-09-10,180005979,1800005979,2359.11
5854,2026-09-12,180005980,1800005980,1825.31
5855,2026-09-06,180005981,1800005981,345.09
5856,2026-09-26,180005982,1800005982,3027.62
5857,2026-09-13,180005983,1800005983,7609.26
5858,2026-09-27,180005984,1800005984,5024.84
5859,2026-09-14,180005985,1800005985,2894.36
5860,2026-09-17,180005986,1800005986,2407.14
5861,2026-09-15,180005987,1800005987,2787.23
5862,2026-09-05,180005988,1800005988,2416.39
5863,2026-09-18,180005989,1800005989,4277.33
5864,2026-09-09,180005990,1800005990,1650.46
5865,2026-09-03,180005991,1800005991,1123.8
5866,2026-09-11,180005992,1800005992,825.22
5867,2026-09-03,180005993,1800005993,7247.6
5868,2026-09-16,180005994,1800005994,1300.02
5869,2026-09-18,180005995,1800005995,854.45
5870,2026-09-07,180005996,1800005996,2134.3
5871,2026-09-15,180005997,1800005997,7677.51
5872,2026-09-04,180005998,1800005998,1201.62
5873,2026-09-15,180005999,1800005999,2867.76
5874,2026-09-26,180006000,1800006000,2070.92
5875,2026-09-04,179996001,1800006001,3387.45
5876,2026-09-27,180006002,1800006002,2349.94
5877,2026-09-04,180006003,1800006003,3518.3
5878,2026-09-17,180006004,1800006004,334.76
5879,2026-09-27,180006005,1800006005,1587.34
5880,2026-09-06,180006006,1800006006,4476.66
5881,2026-09-27,180006007,1800006007,1359.33
5882,2026-09-28,180006008,1800006008,9974.74
5883,2026-09-09,180006009,1800006009,1272.9
5884,2026-09-08,180006010,1800006010,4461.51
5885,2026-09-11,180006011,1800006011,2126.53
5886,2026-09-17,180006012,1800006012,4417.86
5887,2026-09-18,180006013,1800006013,2503.78
5888,2026-09-14,180006014,1800006014,288.11
5889,2026-09-06,180006015,1800006015,400.42
5890,2026-09-17,180006016,1800006016,13818.96
5891,2026-09-24,180006017,1800006017,2734.2
5892,2026-09-04,180006018,1800006018,4947.36
5893,2026-09-15,180006019,1800006019,3731.46
5894,2026-09-04,180006020,1800006020,2418.68
5895,2026-09-05,180006021,1800006021,169.25
5896,2026-09-03,180006022,1800006022,6980.93
5897,2026-09-29,180006023,1800006023,5031.01
5898,2026-09-07,180006024,1800006024,1422.17
5899,2026-09-27,180006025,1800006025,12456.98
5900,2026-09-08,180006026,1800006026,6665.35
5901,2026-09-29,180006027,1800006027,2192.49
5902,2026-09-10,180006028,1800006028,1694.38
5903,2026-09-12,180006029,1800006029,6336.19
5904,2026-09-30,180006030,1800006030,4235.41
5905,2026-09-13,180006031,1800006031,4051.48
5906,2026-09-25,180006032,1800006032,1934.45
5907,2026-09-08,180006033,1800006033,159.47
5908,2026-09-24,180006034,1800006034,8591.55
5909,2026-09-11,180006036,1800006036,2927.54
5910,2026-09-30,179996037,1800006037,792.94
5911,2026-09-26,179996038,1800006038,880.11
5912,2026-09-13,180006039,1800006039,13812.1
5913,2026-09-28,180006041,1800006041,2408.48
5914,2026-09-18,180006042,1800006042,3141.7
5915,2026-09-27,180006043,1800006043,3455.47
5916,2026-09-13,180006044,1800006044,1370.29
5917,2026-09-27,180006045,1800006045,537.06
5918,2026-09-23,180006046,1800006046,232.8
5919,2026-09-14,180006047,1800006047,5191.35
5920,2026-09-04,180006048,1800006048,6533.21
5921,2026-09-13,180006049,1800006049,2772.96
5922,2026-09-21,180006050,1800006050,458.86
5923,2026-09-05,180006051,1800006051,1653.96
5924,2026-09-23,180006052,1800006052,4098.71
5925,2026-09-26,180006053,1800006053,7518.74
5926,2026-09-20,180006054,1800006054,3310.03
5927,2026-09-10,180006055,1800006055,1767.76
5928,2026-09-13,180006056,1800006056,2944.83
5929,2026-09-04,180006057,1800006057,981.08
5930,2026-09-19,180006058,1800006058,740.81
5931,2026-09-13,180006059,1800006059,3739.9
5932,2026-09-03,180006060,1800006060,2862.78
5933,2026-09-27,180006061,1800006061,5947.6
5934,2026-09-21,180006062,1800006062,11470.64
5935,2026-09-13,180006064,1800006064,3641.2
5936,2026-09-26,180006065,1800006065,8322.13
5937,2026-09-06,180006066,1800006066,216.65
5938,2026-09-26,180006067,1800006067,2305.07
5939,2026-09-05,180006068,1800006068,1643.06
5940,2026-09-19,180006069,1800006069,218.26
5941,2026-09-15,180006070,1800006070,1828.27
5942,2026-09-19,180006071,1800006071,2689.47
5943,2026-09-28,180006072,1800006072,2629.57
5944,2026-09-22,180006073,1800006073,6630.14
5945,2026-09-09,180006074,1800006074,8403.84
5946,2026-09-26,180006075,1800006075,292.72
5947,2026-09-21,180006076,1800006076,3924.97
5948,2026-09-18,180006077,1800006077,3727.67
5949,2026-09-29,180006078,1800006078,2488.46
5950,2026-09-24,180006079,1800006079,5644.37
5951,2026-09-18,180006080,1800006080,2781.97
5952,2026-09-04,180006081,1800006081,2042.48
5953,2026-09-21,180006082,1800006082,343.26
5954,2026-09-21,180006083,1800006083,1259.95
5955,2026-09-02,180006084,1800006084,6365.22
5956,2026-09-11,180006085,1800006085,1654.65
5957,2026-09-18,180006086,1800006086,1206.87
5958,2026-09-24,180006087,1800006087,5059.24
5959,2026-09-04,179996088,1800006088,336.02
5960,2026-09-25,180006089,1800006089,7841.41
5961,2026-09-06,180006090,1800006090,1332.47
5962,2026-09-03,180006091,1800006091,1006.5
5963,2026-09-09,180006092,1800006092,17493.37
5964,2026-09-29,180006093,1800006093,3743.54
5965,2026-09-22,180006094,1800006094,873.82
5966,2026-09-19,180006095,1800006095,3105.72
5967,2026-09-17,180006096,1800006096,2039.01
5968,2026-09-25,180006097,1800006097,9009.12
5969,2026-09-08,180006098,1800006098,5625.13
5970,2026-09-15,180006099,1800006099,4789.73
5971,2026-09-06,180006100,1800006100,2019.18
5972,2026-09-17,180006101,1800006101,241.21
5973,2026-09-17,180006102,1800006102,635.31
5974,2026-09-14,180006104,1800006104,2146.33
5975,2026-09-05,180006105,1800006105,847.16
5976,2026-09-14,180006106,1800006106,3880.3
5977,2026-09-19,180006107,1800006107,3886.91
5978,2026-09-16,180006108,1800006108,1106.16
5979,2026-09-16,180006109,1800006109,381.0
5980,2026-09-20,180006110,1800006110,252.93
5981,2026-09-26,180006111,1800006111,2045.8
5982,2026-09-06,180006113,1800006113,2371.19
5983,2026-09-28,180006114,1800006114,491.85
5984,2026-09-29,180006115,1800006115,19434.6
5985,2026-09-25,180006116,1800006116,541.48
5986,2026-09-14,180006117,1800006117,1783.08
5987,2026-09-05,180006118,1800006118,5977.38
5988,2026-09-15,180006119,1800006119,5375.01
5989,2026-09-25,180006120,1800006120,2646.76
5990,2026-09-03,180006121,1800006121,1598.25
5991,2026-09-04,180006122,1800006122,2810.05
5992,2026-09-03,180006123,1800006123,1294.35
5993,2026-09-05,180006124,1800006124,1415.94
5994,2026-09-05,180006125,1800006125,605.3
5995,2026-09-20,180006126,1800006126,531.89
5996,2026-09-06,179996127,1800006127,5293.87
5997,2026-09-03,180006128,1800006128,2467.54
5998,2026-09-20,180006129,1800006129,5851.55
5999,2026-09-13,180006130,1800006130,2257.85
6000,2026-09-22,180006131,1800006131,3612.08
6001,2026-09-26,180006132,1800006132,11708.05
6002,2026-09-17,180006134,1800006134,597.5
6003,2026-09-17,180006135,1800006135,8809.67
6004,2026-09-09,180006136,1800006136,10107.28
6005,2026-09-21,180006137,1800006137,2383.55
6006,2026-09-09,180006138,1800006138,6791.14
6007,2026-09-07,180006139,1800006139,3560.57
6008,2026-09-21,180006140,1800006140,618.8
6009,2026-09-07,180006141,1800006141,2821.77
6010,2026-09-19,180006142,1800006142,3367.68
6011,2026-09-11,180006143,1800006143,5190.67
6012,2026-09-07,180006144,1800006144,936.09
6013,2026-09-09,180006145,1800006145,2262.0
6014,2026-09-04,180006146,1800006146,2363.31
6015,2026-09-07,180006147,1800006147,4822.55
6016,2026-09-07,180006148,1800006148,1337.57
6017,2026-09-22,180006149,1800006149,1298.64
6018,2026-09-01,180006150,1800006150,1871.0
6019,2026-09-22,180006151,1800006151,8063.77
6020,2026-09-25,180006152,1800006152,7854.06
6021,2026-09-26,180006153,1800006153,3645.01
6022,2026-09-29,180006154,1800006154,14784.97
6023,2026-09-20,180006155,1800006155,3511.19
6024,2026-09-25,180006156,1800006156,8141.44
6025,2026-09-14,180006157,1800006157,3743.88
6026,2026-09-11,180006158,1800006158,1728.08
6027,2026-09-01,180006159,1800006159,556.05
6028,2026-09-25,180006160,1800006160,5183.42
6029,2026-09-14,180006161,1800006161,11216.71
6030,2026-09-27,180006162,1800006162,322.76
6031,2026-09-05,180006163,1800006163,432.27
6032,2026-09-14,180006165,1800006165,3903.94
6033,2026-09-28,180006166,1800006166,12197.05
6034,2026-09-21,180006167,1800006167,3553.21
6035,2026-09-26,180006168,1800006168,1838.64
6036,2026-09-26,180006169,1800006169,4919.75
6037,2026-09-28,180006170,1800006170,17137.21
6038,2026-09-23,180006171,1800006171,3641.53
6039,2026-09-01,180006172,1800006172,605.02
6040,2026-09-28,180006173,1800006173,4179.82
6041,2026-09-05,180006174,1800006174,1617.09
6042,2026-09-27,180006175,1800006175,1010.53
6043,2026-09-25,180006176,1800006176,3067.8
6044,2026-09-14,180006177,1800006177,1282.58
6045,2026-09-30,180006178,1800006178,2643.43
6046,2026-09-06,180006179,1800006179,2317.48
6047,2026-09-27,180006180,1800006180,8252.02
6048,2026-09-16,180006181,1800006181,4955.16
6049,2026-09-01,180006182,1800006182,561.54
6050,2026-09-04,180006183,1800006183,3026.7
6051,2026-09-05,180006184,1800006184,3758.27
6052,2026-09-21,180006185,1800006185,3919.55
6053,2026-09-15,180006186,1800006186,1003.93
6054,2026-09-22,180006187,1800006187,905.08
6055,2026-09-24,180006188,1800006188,831.27
6056,2026-09-14,180006189,1800006189,668.24
6057,2026-09-08,180006191,1800006191,2006.66
6058,2026-09-10,180006192,1800006192,4137.86
6059,2026-09-04,180006193,1800006193,1293.79
6060,2026-09-21,179996194,1800006194,3770.43
6061,2026-09-02,180006195,1800006195,7484.86
6062,2026-09-15,180006196,1800006196,7974.75
6063,2026-09-22,180006197,1800006197,1625.04
6064,2026-09-17,180006198,1800006198,6261.42
6065,2026-09-02,180006199,1800006199,2443.77
