,Company Code,Account,Document Number,Reference,Document Date,Amount,Currency,Due Date,Text,Clearing Document,Assignment
0,1000,142000,1800000000,INV/2026/09/10000,2026-09-07,5255.19,EUR,2026-10-07,IC Sale - Logistics Services Sept 07,,PO-2026-90174
1,1000,142000,1800000001,INV/2026/09/10001,2026-09-12,5190.94,EUR,2026-10-12,IC Sale - Logistics Services Sept 12,,PO-2026-39446
2,1000,142000,1800000002,INV/2026/09/10002,2026-09-29,5113.61,EUR,2026-10-29,IC Sale - Logistics Services Sept 29,,PO-2026-70901
3,1000,142000,1800000003,INV/2026/09/10003,2026-09-03,2508.14,EUR,2026-10-03,IC Sale - Logistics Services Sept 03,,PO-2026-91361
4,1000,142000,1800000004,INV/2026/09/10004,2026-09-14,3833.99,EUR,2026-10-14,IC Sale - Logistics Services Sept 14,,PO-2026-57182
5,1000,142000,1800000005,INV/2026/09/10005,2026-09-29,4727.41,EUR,2026-10-29,IC Sale - Logistics Services Sept 29,,PO-2026-63975
6,1000,142000,1800000006,INV/2026/09/10006,2026-09-06,216.2,EUR,2026-10-06,IC Sale - Logistics Services Sept 06,,PO-2026-84320
7,1000,142000,1800000007,INV/2026/09/10007,2026-09-27,817.38,EUR,2026-10-27,IC Sale - Logistics Services Sept 27,,PO-2026-75939
8,1000,142000,1800000008,INV/2026/09/10008,2026-09-17,5594.01,EUR,2026-10-17,IC Sale - Logistics Services Sept 17,,PO-2026-68683
9,1000,142000,1800000009,INV/2026/09/10009,2026-09-23,4892.94,EUR,2026-10-23,IC Sale - Logistics Services Sept 23,,PO-2026-22828
10,1000,142000,1800000010,INV/2026/09/10010,2026-09-09,5337.26,EUR,2026-10-09,IC Sale - Logistics Services Sept 09,,PO-2026-93778
11,1000,142000,1800000011,INV/2026/09/10011,2026-09-12,363.84,EUR,2026-10-12,IC Sale - Logistics Services Sept 12,,PO-2026-38623
12,1000,142000,1800000012,INV/2026/09/10012,2026-09-09,2117.46,EUR,2026-10-09,IC Sale - Logistics Services Sept 09,,PO-2026-47433
13,1000,142000,1800000013,INV/2026/09/10013,2026-09-26,794.56,EUR,2026-10-26,IC Sale - Logistics Services Sept 26,,PO-2026-90519
14,1000,142000,1800000014,INV/2026/09/10014,2026-09-02,586.67,EUR,2026-10-02,IC Sale - Logistics Services Sept 02,,PO-2026-38258
15,1000,142000,1800000015,INV/2026/09/10015,2026-09-13,2327.91,EUR,2026-10-13,IC Sale - Logistics Services Sept 13,,PO-2026-31129
16,1000,142000,1800000016,INV/2026/09/10016,2026-09-17,1923.93,EUR,2026-10-17,IC Sale - Logistics Services Sept 17,,PO-2026-71920
17,1000,142000,1800000017,INV/2026/09/10017,2026-09-11,3168.17,EUR,2026-10-11,IC Sale - Logistics Services Sept 11,,PO-2026-33410
18,1000,142000,1800000018,INV/2026/09/10018,2026-09-21,6980.72,EUR,2026-10-21,IC Sale - Logistics Services Sept 21,,PO-2026-83915
19,1000,142000,1800000019,INV/2026/09/10019,2026-09-27,5856.82,EUR,2026-10-27,IC Sale - Logistics Services Sept 27,,PO-2026-17860
20,1000,142000,1800000020,INV/2026/09/10020,2026-09-01,501.35,EUR,2026-10-01,IC Sale - Logistics Services Sept 01,,PO-2026-95299
21,1000,142000,1800000021,INV/2026/09/10021,2026-09-04,10083.23,EUR,2026-10-04,IC Sale - Logistics Services Sept 04,,PO-2026-49423
22,1000,142000,1800000022,INV/2026/09/10022,2026-09-07,4215.05,EUR,2026-10-07,IC Sale - Logistics Services Sept 07,,PO-2026-40050
23,1000,142000,1800000023,INV/2026/09/10023,2026-09-19,11444.5,EUR,2026-10-19,IC Sale - Logistics Services Sept 19,,PO-2026-15993
24,1000,142000,1800000024,INV/2026/09/10024,2026-09-07,2368.74,EUR,2026-10-07,IC Sale - Logistics Services Sept 07,,PO-2026-41416
25,1000,142000,1800000025,INV/2026/09/10025,2026-09-29,874.36,EUR,2026-10-29,IC Sale - Logistics Services Sept 29,,PO-2026-33735
26,1000,142000,1800000026,INV/2026/09/10026,2026-09-05,7925.33,EUR,2026-10-05,IC Sale - Logistics Services Sept 05,,PO-2026-29744
27,1000,142000,1800000027,INV/2026/09/10027,2026-09-02,158.83,EUR,2026-10-02,IC Sale - Logistics Services Sept 02,,PO-2026-25695
28,1000,142000,1800000028,INV/2026/09/10028,2026-09-14,9715.26,EUR,2026-10-14,IC Sale - Logistics Services Sept 14,,PO-2026-50141
29,1000,142000,1800000029,INV/2026/09/10029,2026-09-20,575.56,EUR,2026-10-20,IC Sale - Logistics Services Sept 20,,PO-2026-19465
30,1000,142000,1800000030,INV/2026/09/10030,2026-09-26,4729.61,EUR,2026-10-26,IC Sale - Logistics Services Sept 26,,PO-2026-70900
31,1000,142000,1800000031,INV/2026/09/10031,2026-09-20,317.57,EUR,2026-10-20,IC Sale - Logistics Services Sept 20,,PO-2026-38593
32,1000,142000,1800000032,INV/2026/09/10032,2026-09-16,1850.28,EUR,2026-10-16,IC Sale - Logistics Services Sept 16,,PO-2026-11859
33,1000,142000,1800000033,INV/2026/09/10033,2026-09-14,448.09,EUR,2026-10-14,IC Sale - Logistics Services Sept 14,,PO-2026-24063
34,1000,142000,1800000034,INV/2026/09/10034,2026-09-08,2496.84,EUR,2026-10-08,IC Sale - Logistics Services Sept 08,,PO-2026-58705
35,1000,142000,1800000035,INV/2026/09/10035,2026-09-15,624.98,EUR,2026-10-15,IC Sale - Logistics Services Sept 15,,PO-2026-47230
36,1000,142000,1800000036,INV/2026/09/10036,2026-09-17,1706.16,EUR,2026-10-17,IC Sale - Logistics Services Sept 17,,PO-2026-60927
38,1000,142000,1800000038,INV/2026/09/10038,2026-09-07,14519.53,EUR,2026-10-07,IC Sale - Logistics Services Sept 07,,PO-2026-51799
39,1000,142000,1800000039,INV/2026/09/10039,2026-09-14,1238.75,EUR,2026-10-14,IC Sale - Logistics Services Sept 14,,PO-2026-15458
40,1000,142000,1800000040,INV/2026/09/10040,2026-09-28,546.85,EUR,2026-10-28,IC Sale - Logistics Services Sept 28,,PO-2026-53169
41,1000,142000,1800000041,INV/2026/09/10041,2026-09-10,918.95,EUR,2026-10-10,IC Sale - Logistics Services Sept 10,,PO-2026-51708
42,1000,142000,1800000042,INV/2026/09/10042,2026-09-01,1857.51,EUR,2026-10-01,IC Sale - Logistics Services Sept 01,,PO-2026-56347
43,1000,142000,1800000043,INV/2026/09/10043,2026-09-08,657.41,EUR,2026-10-08,IC Sale - Logistics Services Sept 08,,PO-2026-15486
44,1000,142000,1800000044,INV/2026/09/10044,2026-09-07,869.79,EUR,2026-10-07,IC Sale - Logistics Services Sept 07,,PO-2026-15357
45,1000,142000,1800000045,INV/2026/09/10045,2026-09-06,1219.96,EUR,2026-10-06,IC Sale - Logistics Services Sept 06,,PO-2026-31570
46,1000,142000,1800000046,INV/2026/09/10046,2026-09-20,2125.46,EUR,2026-10-20,IC Sale - Logistics Services Sept 20,,PO-2026-92800
47,1000,142000,1800000047,INV/2026/09/10047,2026-09-22,517.47,EUR,2026-10-22,IC Sale - Logistics Services Sept 22,,PO-2026-49047
48,1000,142000,1800000048,INV/2026/09/10048,2026-09-25,856.26,EUR,2026-10-25,IC Sale - Logistics Services Sept 25,,PO-2026-85360
49,1000,142000,1800000049,INV/2026/09/10049,2026-09-03,287.9,EUR,2026-10-03,IC Sale - Logistics Services Sept 03,,PO-2026-72116
50,1000,142000,1800000050,INV/2026/09/10050,2026-09-05,10572.8,EUR,2026-10-05,IC Sale - Logistics Services Sept 05,,PO-2026-78111
51,1000,142000,1800000051,INV/2026/09/10051,2026-09-29,6227.81,EUR,2026-10-29,IC Sale - Logistics Services Sept 29,,PO-2026-30436
52,1000,142000,1800000052,INV/2026/09/10052,2026-09-01,8145.17,EUR,2026-10-01,IC Sale - Logistics Services Sept 01,,PO-2026-65835
53,1000,142000,1800000053,INV/2026/09/10053,2026-09-14,2956.28,EUR,2026-10-14,IC Sale - Logistics Services Sept 14,,PO-2026-81073
54,1000,142000,1800000054,INV/2026/09/10054,2026-09-02,1989.1,EUR,2026-10-02,IC Sale - Logistics Services Sept 02,,PO-2026-64096
56,1000,142000,1800000056,INV/2026/09/10056,2026-09-29,1622.13,EUR,2026-10-29,IC Sale - Logistics Services Sept 29,,PO-2026-54416
57,1000,142000,1800000057,INV/2026/09/10057,2026-09-14,861.37,EUR,2026-10-14,IC Sale - Logistics Services Sept 14,,PO-2026-59913
59,1000,142000,1800000059,INV/2026/09/10059,2026-09-20,6002.85,EUR,2026-10-20,IC Sale - Logistics Services Sept 20,,PO-2026-94531
60,1000,142000,1800000060,INV/2026/09/10060,2026-09-20,2270.39,EUR,2026-10-20,IC Sale - Logistics Services Sept 20,,PO-2026-57455
61,1000,142000,1800000061,INV/2026/09/10061,2026-09-18,2429.68,EUR,2026-10-18,IC Sale - Logistics Services Sept 18,,PO-2026-29749
62,1000,142000,1800000062,INV/2026/09/10062,2026-09-18,2136.8,EUR,2026-10-18,IC Sale - Logistics Services Sept 18,,PO-2026-94851
63,1000,142000,1800000063,INV/2026/09/10063,2026-09-03,2567.79,EUR,2026-10-03,IC Sale - Logistics Services Sept 03,,PO-2026-68967
64,1000,142000,1800000064,INV/2026/09/10064,2026-09-29,3832.37,EUR,2026-10-29,IC Sale - Logistics Services Sept 29,,PO-2026-85583
65,1000,142000,1800000065,INV/2026/09/10065,2026-09-19,6395.62,EUR,2026-10-19,IC Sale - Logistics Services Sept 19,,PO-2026-81256
66,1000,142000,1800000066,INV/2026/09/10066,2026-09-07,6958.95,EUR,2026-10-07,IC Sale - Logistics Services Sept 07,,PO-2026-11055
67,1000,142000,1800000067,INV/2026/09/10067,2026-09-27,5105.55,EUR,2026-10-27,IC Sale - Logistics Services Sept 27,,PO-2026-42373
68,1000,142000,1800000068,INV/2026/09/10068,2026-09-05,387.8,EUR,2026-10-05,IC Sale - Logistics Services Sept 05,,PO-2026-12459
69,1000,142000,1800000069,INV/2026/09/10069,2026-09-10,7180.13,EUR,2026-10-10,IC Sale - Logistics Services Sept 10,,PO-2026-84863
70,1000,142000,1800000070,INV/2026/09/10070,2026-09-16,1327.55,EUR,2026-10-16,IC Sale - Logistics Services Sept 16,,PO-2026-18040
71,1000,142000,1800000071,INV/2026/09/10071,2026-09-11,3874.42,EUR,2026-10-11,IC Sale - Logistics Services Sept 11,,PO-2026-14652
72,1000,142000,1800000072,INV/2026/09/10072,2026-09-15,551.98,EUR,2026-10-15,IC Sale - Logistics Services Sept 15,,PO-2026-22413
73,1000,142000,1800000073,INV/2026/09/10073,2026-09-14,295.72,EUR,2026-10-14,IC Sale - Logistics Services Sept 14,,PO-2026-44771
74,1000,142000,1800000074,INV/2026/09/10074,2026-09-08,4758.02,EUR,2026-10-08,IC Sale - Logistics Services Sept 08,,PO-2026-11963
75,1000,142000,1800000075,INV/2026/09/10075,2026-09-21,10200.3,EUR,2026-10-21,IC Sale - Logistics Services Sept 21,,PO-2026-54848
76,1000,142000,1800000076,INV/2026/09/10076,2026-09-04,3902.58,EUR,2026-10-04,IC Sale - Logistics Services Sept 04,,PO-2026-24230
77,1000,142000,1800000077,INV/2026/09/10077,2026-09-05,597.42,EUR,2026-10-05,IC Sale - Logistics Services Sept 05,,PO-2026-99288
78,1000,142000,1800000078,INV/2026/09/10078,2026-09-24,596.47,EUR,2026-10-24,IC Sale - Logistics Services Sept 24,,PO-2026-48974
79,1000,142000,1800000079,INV/2026/09/10079,2026-09-22,4666.69,EUR,2026-10-22,IC Sale - Logistics Services Sept 22,,PO-2026-46895
80,1000,142000,1800000080,INV/2026/09/10080,2026-09-09,4441.16,EUR,2026-10-09,IC Sale - Logistics Services Sept 09,,PO-2026-55552
81,1000,142000,1800000081,INV/2026/09/10081,2026-09-25,16008.04,EUR,2026-10-25,IC Sale - Logistics Services Sept 25,,PO-2026-98032
82,1000,142000,1800000082,INV/2026/09/10082,2026-09-22,3180.84,EUR,2026-10-22,IC Sale - Logistics Services Sept 22,,PO-2026-86661
84,1000,142000,1800000084,INV/2026/09/10084,2026-09-09,1235.69,EUR,2026-10-09,IC Sale - Logistics Services Sept 09,,PO-2026-20629
85,1000,142000,1800000085,INV/2026/09/10085,2026-09-05,950.37,EUR,2026-10-05,IC Sale - Logistics Services Sept 05,,PO-2026-21901
86,1000,142000,1800000086,INV/2026/09/10086,2026-09-07,2668.17,EUR,2026-10-07,IC Sale - Logistics Services Sept 07,,PO-2026-67338
87,1000,142000,1800000087,INV/2026/09/10087,2026-09-24,3076.98,EUR,2026-10-24,IC Sale - Logistics Services Sept 24,,PO-2026-96781
88,1000,142000,1800000088,INV/2026/09/10088,2026-09-25,1162.32,EUR,2026-10-25,IC Sale - Logistics Services Sept 25,,PO-2026-87746
89,1000,142000,1800000089,INV/2026/09/10089,2026-09-03,16322.47,EUR,2026-10-03,IC Sale - Logistics Services Sept 03,,PO-2026-35002
90,1000,142000,1800000090,INV/2026/09/10090,2026-09-18,1043.56,EUR,2026-10-18,IC Sale - Logistics Services Sept 18,,PO-2026-85665
91,1000,142000,1800000091,INV/2026/09/10091,2026-09-28,2438.39,EUR,2026-10-28,IC Sale - Logistics Services Sept 28,,PO-2026-13325
92,1000,142000,1800000092,INV/2026/09/10092,2026-09-21,2790.99,EUR,2026-10-21,IC Sale - Logistics Services Sept 21,,PO-2026-84618
93,1000,142000,1800000093,INV/2026/09/10093,2026-09-02,453.92,EUR,2026-10-02,IC Sale - Logistics Services Sept 02,,PO-2026-47376
94,1000,142000,1800000094,INV/2026/09/10094,2026-09-18,2840.99,EUR,2026-10-18,IC Sale - Logistics Services Sept 18,,PO-2026-79928
95,1000,142000,1800000095,INV/2026/09/10095,2026-09-29,1336.65,EUR,2026-10-29,IC Sale - Logistics Services Sept 29,,PO-2026-64951
96,1000,142000,1800000096,INV/2026/09/10096,2026-09-27,769.61,EUR,2026-10-27,IC Sale - Logistics Services Sept 27,,PO-2026-17400
97,1000,142000,1800000097,INV/2026/09/10097,2026-09-18,20795.41,EUR,2026-10-18,IC Sale - Logistics Services Sept 18,,PO-2026-53780
98,1000,142000,1800000098,INV/2026/09/10098,2026-09-26,2998.83,EUR,2026-10-26,IC Sale - Logistics Services Sept 26,,PO-2026-17276
99,1000,142000,1800000099,INV/2026/09/10099,2026-09-06,748.81,EUR,2026-10-06,IC Sale - Logistics Services Sept 06,,PO-2026-87468
100,1000,142000,1800000100,INV/2026/09/10100,2026-09-28,2444.89,EUR,2026-10-28,IC Sale - Logistics Services Sept 28,,PO-2026-38089
101,1000,142000,1800000101,INV/2026/09/10101,2026-09-09,9418.38,EUR,2026-10-09,IC Sale - Logistics Services Sept 09,,PO-2026-63845
102,1000,142000,1800000102,INV/2026/09/10102,2026-09-28,1664.73,EUR,2026-10-28,IC Sale - Logistics Services Sept 28,,PO-2026-43025
103,1000,142000,1800000103,INV/2026/09/10103,2026-09-13,927.08,EUR,2026-10-13,IC Sale - Logistics Services Sept 13,,PO-2026-93731
104,1000,142000,1800000104,INV/2026/09/10104,2026-09-10,12559.16,EUR,2026-10-10,IC Sale - Logistics Services Sept 10,,PO-2026-20306
105,1000,142000,1800000105,INV/2026/09/10105,2026-09-19,1661.53,EUR,2026-10-19,IC Sale - Logistics Services Sept 19,,PO-2026-25058
106,1000,142000,1800000106,INV/2026/09/10106,2026-09-19,498.74,EUR,2026-10-19,IC Sale - Logistics Services Sept 19,,PO-2026-99676
107,1000,142000,1800000107,INV/2026/09/10107,2026-09-20,2958.52,EUR,2026-10-20,IC Sale - Logistics Services Sept 20,,PO-2026-24913
108,1000,142000,1800000108,INV/2026/09/10108,2026-09-18,3766.16,EUR,2026-10-18,IC Sale - Logistics Services Sept 18,,PO-2026-59993
109,1000,142000,1800000109,INV/2026/09/10109,2026-09-14,1856.2,EUR,2026-10-14,IC Sale - Logistics Services Sept 14,,PO-2026-86930
110,1000,142000,1800000110,INV/2026/09/10110,2026-09-27,933.49,EUR,2026-10-27,IC Sale - Logistics Services Sept 27,,PO-2026-50375
111,1000,142000,1800000111,INV/2026/09/10111,2026-09-20,2360.27,EUR,2026-10-20,IC Sale - Logistics Services Sept 20,,PO-2026-47372
112,1000,142000,1800000112,INV/2026/09/10112,2026-09-13,1338.14,EUR,2026-10-13,IC Sale - Logistics Services Sept 13,,PO-2026-90242
113,1000,142000,1800000113,INV/2026/09/10113,2026-09-21,1415.35,EUR,2026-10-21,IC Sale - Logistics Services Sept 21,,PO-2026-69876
114,1000,142000,1800000114,INV/2026/09/10114,2026-09-28,289.77,EUR,2026-10-28,IC Sale - Logistics Services Sept 28,,PO-2026-68007
115,1000,142000,1800000115,INV/2026/09/10115,2026-09-02,3608.7,EUR,2026-10-02,IC Sale - Logistics Services Sept 02,,PO-2026-52085
118,1000,142000,1800000118,INV/2026/09/10118,2026-09-28,1884.81,EUR,2026-10-28,IC Sale - Logistics Services Sept 28,,PO-2026-93166
119,1000,142000,1800000119,INV/2026/09/10119,2026-09-21,663.34,EUR,2026-10-21,IC Sale - Logistics Services Sept 21,,PO-2026-51726
120,1000,142000,1800000120,INV/2026/09/10120,2026-09-21,2659.12,EUR,2026-10-21,IC Sale - Logistics Services Sept 21,,PO-2026-44001
121,1000,142000,1800000121,INV/2026/09/10121,2026-09-17,992.11,EUR,2026-10-17,IC Sale - Logistics Services Sept 17,,PO-2026-75597
122,1000,142000,1800000122,INV/2026/09/10122,2026-09-02,5776.21,EUR,2026-10-02,IC Sale - Logistics Services Sept 02,,PO-2026-36179
123,1000,142000,1800000123,INV/2026/09/10123,2026-09-28,2866.93,EUR,2026-10-28,IC Sale - Logistics Services Sept 28,,PO-2026-25010
124,1000,142000,1800000124,INV/2026/09/10124,2026-09-26,703.69,EUR,2026-10-26,IC Sale - Logistics Services Sept 26,,PO-2026-12114
125,1000,142000,1800000125,INV/2026/09/10125,2026-09-25,539.35,EUR,2026-10-25,IC Sale - Logistics Services Sept 25,,PO-2026-27605
126,1000,142000,1800000126,INV/2026/09/10126,2026-09-08,3097.99,EUR,2026-10-08,IC Sale - Logistics Services Sept 08,,PO-2026-94878
127,1000,142000,1800000127,INV/2026/09/10127,2026-09-10,1236.97,EUR,2026-10-10,IC Sale - Logistics Services Sept 10,,PO-2026-37995
128,1000,142000,1800000128,INV/2026/09/10128,2026-09-14,5346.83,EUR,2026-10-14,IC Sale - Logistics Services Sept 14,,PO-2026-26331
129,1000,142000,1800000129,INV/2026/09/10129,2026-09-29,1038.18,EUR,2026-10-29,IC Sale - Logistics Services Sept 29,,PO-2026-47687
130,1000,142000,1800000130,INV/2026/09/10130,2026-09-06,2237.47,EUR,2026-10-06,IC Sale - Logistics Services Sept 06,,PO-2026-10078
131,1000,142000,1800000131,INV/2026/09/10131,2026-09-15,11375.54,EUR,2026-10-15,IC Sale - Logistics Services Sept 15,,PO-2026-35074
132,1000,142000,1800000132,INV/2026/09/10132,2026-09-23,21225.56,EUR,2026-10-23,IC Sale - Logistics Services Sept 23,,PO-2026-94079
133,1000,142000,1800000133,INV/2026/09/10133,2026-09-23,3933.3,EUR,2026-10-23,IC Sale - Logistics Services Sept 23,,PO-2026-29127
134,1000,142000,1800000134,INV/2026/09/10134,2026-09-17,5841.91,EUR,2026-10-17,IC Sale - Logistics Services Sept 17,,PO-2026-48575
135,1000,142000,1800000135,INV/2026/09/10135,2026-09-15,846.15,EUR,2026-10-15,IC Sale - Logistics Services Sept 15,,PO-2026-50986
136,1000,142000,1800000136,INV/2026/09/10136,2026-09-20,8232.92,EUR,2026-10-20,IC Sale - Logistics Services Sept 20,,PO-2026-96959
137,1000,142000,1800000137,INV/2026/09/10137,2026-09-09,4661.99,EUR,2026-10-09,IC Sale - Logistics Services Sept 09,,PO-2026-55380
138,1000,142000,1800000138,INV/2026/09/10138,2026-09-06,547.05,EUR,2026-10-06,IC Sale - Logistics Services Sept 06,,PO-2026-68433
139,1000,142000,1800000139,INV/2026/09/10139,2026-09-09,3105.39,EUR,2026-10-09,IC Sale - Logistics Services Sept 09,,PO-2026-33188
140,1000,142000,1800000140,INV/2026/09/10140,2026-09-20,1962.97,EUR,2026-10-20,IC Sale - Logistics Services Sept 20,,PO-2026-15920
141,1000,142000,1800000141,INV/2026/09/10141,2026-09-09,4471.47,EUR,2026-10-09,IC Sale - Logistics Services Sept 09,,PO-2026-85895
142,1000,142000,1800000142,INV/2026/09/10142,2026-09-07,17521.31,EUR,2026-10-07,IC Sale - Logistics Services Sept 07,,PO-2026-96350
143,1000,142000,1800000143,INV/2026/09/10143,2026-09-05,5730.95,EUR,2026-10-05,IC Sale - Logistics Services Sept 05,,PO-2026-74686
144,1000,142000,1800000144,INV/2026/09/10144,2026-09-25,7001.93,EUR,2026-10-25,IC Sale - Logistics Services Sept 25,,PO-2026-60595
145,1000,142000,1800000145,INV/2026/09/10145,2026-09-06,4971.11,EUR,2026-10-06,IC Sale - Logistics Services Sept 06,,PO-2026-56361
146,1000,142000,1800000146,INV/2026/09/10146,2026-09-18,795.66,EUR,2026-10-18,IC Sale - Logistics Services Sept 18,,PO-2026-63236
147,1000,142000,1800000147,INV/2026/09/10147,2026-09-24,3700.04,EUR,2026-10-24,IC Sale - Logistics Services Sept 24,,PO-2026-44859
148,1000,142000,1800000148,INV/2026/09/10148,2026-09-19,5027.04,EUR,2026-10-19,IC Sale - Logistics Services Sept 19,,PO-2026-71392
149,1000,142000,1800000149,INV/2026/09/10149,2026-09-19,4329.18,EUR,2026-10-19,IC Sale - Logistics Services Sept 19,,PO-2026-63415
150,1000,142000,1800000150,INV/2026/09/10150,2026-09-24,9910.26,EUR,2026-10-24,IC Sale - Logistics Services Sept 24,,PO-2026-94428
152,1000,142000,1800000152,INV/2026/09/10152,2026-09-29,2716.94,EUR,2026-10-29,IC Sale - Logistics Services Sept 29,,PO-2026-18425
153,1000,142000,1800000153,INV/2026/09/10153,2026-09-04,2596.48,EUR,2026-10-04,IC Sale - Logistics Services Sept 04,,PO-2026-49392
154,1000,142000,1800000154,INV/2026/09/10154,2026-09-21,1191.01,EUR,2026-10-21,IC Sale - Logistics Services Sept 21,,PO-2026-20518
155,1000,142000,1800000155,INV/2026/09/10155,2026-09-23,5256.04,EUR,2026-10-23,IC Sale - Logistics Services Sept 23,,PO-2026-16518
156,1000,142000,1800000156,INV/2026/09/10156,2026-09-22,2568.94,EUR,2026-10-22,IC Sale - Logistics Services Sept 22,,PO-2026-38311
157,1000,142000,1800000157,INV/2026/09/10157,2026-09-16,773.75,EUR,2026-10-16,IC Sale - Logistics Services Sept 16,,PO-2026-40795
159,1000,142000,1800000159,INV/2026/09/10159,2026-09-04,610.26,EUR,2026-10-04,IC Sale - Logistics Services Sept 04,,PO-2026-34975
160,1000,142000,1800000160,INV/2026/09/10160,2026-09-06,11388.7,EUR,2026-10-06,IC Sale - Logistics Services Sept 06,,PO-2026-58721
161,1000,142000,1800000161,INV/2026/09/10161,2026-09-04,7351.49,EUR,2026-10-04,IC Sale - Logistics Services Sept 04,,PO-2026-98081
162,1000,142000,1800000162,INV/2026/09/10162,2026-09-13,474.43,EUR,2026-10-13,IC Sale - Logistics Services Sept 13,,PO-2026-33284
163,1000,142000,1800000163,INV/2026/09/10163,2026-09-29,5183.72,EUR,2026-10-29,IC Sale - Logistics Services Sept 29,,PO-2026-19244
164,1000,142000,1800000164,INV/2026/09/10164,2026-09-22,10415.08,EUR,2026-10-22,IC Sale - Logistics Services Sept 22,,PO-2026-44098
165,1000,142000,1800000165,INV/2026/09/10165,2026-09-10,1621.7,EUR,2026-10-10,IC Sale - Logistics Services Sept 10,,PO-2026-45878
166,1000,142000,1800000166,INV/2026/09/10166,2026-09-25,697.41,EUR,2026-10-25,IC Sale - Logistics Services Sept 25,,PO-2026-74609
167,1000,142000,1800000167,INV/2026/09/10167,2026-09-05,331.62,EUR,2026-10-05,IC Sale - Logistics Services Sept 05,,PO-2026-19435
168,1000,142000,1800000168,INV/2026/09/10168,2026-09-26,785.01,EUR,2026-10-26,IC Sale - Logistics Services Sept 26,,PO-2026-99853
169,1000,142000,1800000169,INV/2026/09/10169,2026-09-16,8302.92,EUR,2026-10-16,IC Sale - Logistics Services Sept 16,,PO-2026-29856
170,1000,142000,1800000170,INV/2026/09/10170,2026-09-10,210.87,EUR,2026-10-10,IC Sale - Logistics Services Sept 10,,PO-2026-19924
171,1000,142000,1800000171,INV/2026/09/10171,2026-09-20,514.29,EUR,2026-10-20,IC Sale - Logistics Services Sept 20,,PO-2026-68541
172,1000,142000,1800000172,INV/2026/09/10172,2026-09-29,1949.62,EUR,2026-10-29,IC Sale - Logistics Services Sept 29,,PO-2026-96038
173,1000,142000,1800000173,INV/2026/09/10173,2026-09-05,2356.2,EUR,2026-10-05,IC Sale - Logistics Services Sept 05,,PO-2026-67987
174,1000,142000,1800000174,INV/2026/09/10174,2026-09-09,12370.68,EUR,2026-10-09,IC Sale - Logistics Services Sept 09,,PO-2026-28528
175,1000,142000,1800000175,INV/2026/09/10175,2026-09-26,271.15,EUR,2026-10-26,IC Sale - Logistics Services Sept 26,,PO-2026-13066
176,1000,142000,1800000176,INV/2026/09/10176,2026-09-26,1275.57,EUR,2026-10-26,IC Sale - Logistics Services Sept 26,,PO-2026-65987
178,1000,142000,1800000178,INV/2026/09/10178,2026-09-29,4687.25,EUR,2026-10-29,IC Sale - Logistics Services Sept 29,,PO-2026-10051
179,1000,142000,1800000179,INV/2026/09/10179,2026-09-05,680.66,EUR,2026-10-05,IC Sale - Logistics Services Sept 05,,PO-2026-66827
180,1000,142000,1800000180,INV/2026/09/10180,2026-09-06,206.24,EUR,2026-10-06,IC Sale - Logistics Services Sept 06,,PO-2026-12587
181,1000,142000,1800000181,INV/2026/09/10181,2026-09-09,1581.56,EUR,2026-10-09,IC Sale - Logistics Services Sept 09,,PO-2026-32882
182,1000,142000,1800000182,INV/2026/09/10182,2026-09-04,2642.97,EUR,2026-10-04,IC Sale - Logistics Services Sept 04,,PO-2026-62580
183,1000,142000,1800000183,INV/2026/09/10183,2026-09-24,244.04,EUR,2026-10-24,IC Sale - Logistics Services Sept 24,,PO-2026-48127
184,1000,142000,1800000184,INV/2026/09/10184,2026-09-29,1192.41,EUR,2026-10-29,IC Sale - Logistics Services Sept 29,,PO-2026-58476
185,1000,142000,1800000185,INV/2026/09/10185,2026-09-03,3682.57,EUR,2026-10-03,IC Sale - Logistics Services Sept 03,,PO-2026-41512
186,1000,142000,1800000186,INV/2026/09/10186,2026-09-01,1461.31,EUR,2026-10-01,IC Sale - Logistics Services Sept 01,,PO-2026-47152
187,1000,142000,1800000187,INV/2026/09/10187,2026-09-08,6338.66,EUR,2026-10-08,IC Sale - Logistics Services Sept 08,,PO-2026-12438
188,1000,142000,1800000188,INV/2026/09/10188,2026-09-29,11634.73,EUR,2026-10-29,IC Sale - Logistics Services Sept 29,,PO-2026-59891
189,1000,142000,1800000189,INV/2026/09/10189,2026-09-19,858.77,EUR,2026-10-19,IC Sale - Logistics Services Sept 19,,PO-2026-65073
190,1000,142000,1800000190,INV/2026/09/10190,2026-09-25,1057.98,EUR,2026-10-25,IC Sale - Logistics Services Sept 25,,PO-2026-10754
191,1000,142000,1800000191,INV/2026/09/10191,2026-09-07,1591.64,EUR,2026-10-07,IC Sale - Logistics Services Sept 07,,PO-2026-74393
192,1000,142000,1800000192,INV/2026/09/10192,2026-09-04,3914.58,EUR,2026-10-04,IC Sale - Logistics Services Sept 04,,PO-2026-61792
193,1000,142000,1800000193,INV/2026/09/10193,2026-09-01,4295.93,EUR,2026-10-01,IC Sale - Logistics Services Sept 01,,PO-2026-83122
194,1000,142000,1800000194,INV/2026/09/10194,2026-09-28,5652.13,EUR,2026-10-28,IC Sale - Logistics Services Sept 28,,PO-2026-97392
195,1000,142000,1800000195,INV/2026/09/10195,2026-09-15,756.96,EUR,2026-10-15,IC Sale - Logistics Services Sept 15,,PO-2026-40371
196,1000,142000,1800000196,INV/2026/09/10196,2026-09-02,1404.4,EUR,2026-10-02,IC Sale - Logistics Services Sept 02,,PO-2026-35997
197,1000,142000,1800000197,INV/2026/09/10197,2026-09-06,3220.5,EUR,2026-10-06,IC Sale - Logistics Services Sept 06,,PO-2026-23163
198,1000,142000,1800000198,INV/2026/09/10198,2026-09-07,4315.16,EUR,2026-10-07,IC Sale - Logistics Services Sept 07,,PO-2026-29475
199,1000,142000,1800000199,INV/2026/09/10199,2026-09-01,3851.94,EUR,2026-10-01,IC Sale - Logistics Services Sept 01,,PO-2026-73571
200,1000,142000,1800000200,INV/2026/09/10200,2026-09-08,7918.41,EUR,2026-10-08,IC Sale - Logistics Services Sept 08,,PO-2026-45795
201,1000,142000,1800000201,INV/2026/09/10201,2026-09-24,10163.92,EUR,2026-10-24,IC Sale - Logistics Services Sept 24,,PO-2026-17031
202,1000,142000,1800000202,INV/2026/09/10202,2026-09-01,8364.13,EUR,2026-10-01,IC Sale - Logistics Services Sept 01,,PO-2026-66752
203,1000,142000,1800000203,INV/2026/09/10203,2026-09-06,5021.18,EUR,2026-10-06,IC Sale - Logistics Services Sept 06,,PO-2026-47031
204,1000,142000,1800000204,INV/2026/09/10204,2026-09-02,453.24,EUR,2026-10-02,IC Sale - Logistics Services Sept 02,,PO-2026-38594
205,1000,142000,1800000205,INV/2026/09/10205,2026-09-27,1574.32,EUR,2026-10-27,IC Sale - Logistics Services Sept 27,,PO-2026-80859
206,1000,142000,1800000206,INV/2026/09/10206,2026-09-25,644.08,EUR,2026-10-25,IC Sale - Logistics Services Sept 25,,PO-2026-77641
207,1000,142000,1800000207,INV/2026/09/10207,2026-09-06,5818.52,EUR,2026-10-06,IC Sale - Logistics Services Sept 06,,PO-2026-60475
208,1000,142000,1800000208,INV/2026/09/10208,2026-09-24,3271.24,EUR,2026-10-24,IC Sale - Logistics Services Sept 24,,PO-2026-64680
209,1000,142000,1800000209,INV/2026/09/10209,2026-09-26,5393.48,EUR,2026-10-26,IC Sale - Logistics Services Sept 26,,PO-2026-94814
210,1000,142000,1800000210,INV/2026/09/10210,2026-09-18,2624.31,EUR,2026-10-18,IC Sale - Logistics Services Sept 18,,PO-2026-59924
211,1000,142000,1800000211,INV/2026/09/10211,2026-09-18,3182.73,EUR,2026-10-18,IC Sale - Logistics Services Sept 18,,PO-2026-83682
212,1000,142000,1800000212,INV/2026/09/10212,2026-09-16,533.69,EUR,2026-10-16,IC Sale - Logistics Services Sept 16,,PO-2026-82482
213,1000,142000,1800000213,INV/2026/09/10213,2026-09-07,4944.02,EUR,2026-10-07,IC Sale - Logistics Services Sept 07,,PO-2026-88163
214,1000,142000,1800000214,INV/2026/09/10214,2026-09-03,3407.33,EUR,2026-10-03,IC Sale - Logistics Services Sept 03,,PO-2026-49952
215,1000,142000,1800000215,INV/2026/09/10215,2026-09-13,3356.09,EUR,2026-10-13,IC Sale - Logistics Services Sept 13,,PO-2026-49729
216,1000,142000,1800000216,INV/2026/09/10216,2026-09-13,8123.47,EUR,2026-10-13,IC Sale - Logistics Services Sept 13,,PO-2026-71168
217,1000,142000,1800000217,INV/2026/09/10217,2026-09-13,1871.58,EUR,2026-10-13,IC Sale - Logistics Services Sept 13,,PO-2026-31306
218,1000,142000,1800000218,INV/2026/09/10218,2026-09-03,1097.43,EUR,2026-10-03,IC Sale - Logistics Services Sept 03,,PO-2026-95370
219,1000,142000,1800000219,INV/2026/09/10219,2026-09-09,426.82,EUR,2026-10-09,IC Sale - Logistics Services Sept 09,,PO-2026-33084
220,1000,142000,1800000220,INV/2026/09/10220,2026-09-06,8050.91,EUR,2026-10-06,IC Sale - Logistics Services Sept 06,,PO-2026-12569
221,1000,142000,1800000221,INV/2026/09/10221,2026-09-26,1560.9,EUR,2026-10-26,IC Sale - Logistics Services Sept 26,,PO-2026-18539
222,1000,142000,1800000222,INV/2026/09/10222,2026-09-22,5798.48,EUR,2026-10-22,IC Sale - Logistics Services Sept 22,,PO-2026-36999
223,1000,142000,1800000223,INV/2026/09/10223,2026-09-20,3802.67,EUR,2026-10-20,IC Sale - Logistics Services Sept 20,,PO-2026-99615
224,1000,142000,1800000224,INV/2026/09/10224,2026-09-07,1314.74,EUR,2026-10-07,IC Sale - Logistics Services Sept 07,,PO-2026-67027
225,1000,142000,1800000225,INV/2026/09/10225,2026-09-05,1408.95,EUR,2026-10-05,IC Sale - Logistics Services Sept 05,,PO-2026-88362
226,1000,142000,1800000226,INV/2026/09/10226,2026-09-11,5591.05,EUR,2026-10-11,IC Sale - Logistics Services Sept 11,,PO-2026-83018
227,1000,142000,1800000227,INV/2026/09/10227,2026-09-22,3103.25,EUR,2026-10-22,IC Sale - Logistics Services Sept 22,,PO-2026-95996
228,1000,142000,1800000228,INV/2026/09/10228,2026-09-17,3458.15,EUR,2026-10-17,IC Sale - Logistics Services Sept 17,,PO-2026-11858
229,1000,142000,1800000229,INV/2026/09/10229,2026-09-16,1566.7,EUR,2026-10-16,IC Sale - Logistics Services Sept 16,,PO-2026-68172
230,1000,142000,1800000230,INV/2026/09/10230,2026-09-21,1680.42,EUR,2026-10-21,IC Sale - Logistics Services Sept 21,,PO-2026-40800
231,1000,142000,1800000231,INV/2026/09/10231,2026-09-02,653.8,EUR,2026-10-02,IC Sale - Logistics Services Sept 02,,PO-2026-33971
232,1000,142000,1800000232,INV/2026/09/10232,2026-09-06,1453.79,EUR,2026-10-06,IC Sale - Logistics Services Sept 06,,PO-2026-52100
233,1000,142000,1800000233,INV/2026/09/10233,2026-09-18,7409.0,EUR,2026-10-18,IC Sale - Logistics Services Sept 18,,PO-2026-49114
234,1000,142000,1800000234,INV/2026/09/10234,2026-09-14,2183.25,EUR,2026-10-14,IC Sale - Logistics Services Sept 14,,PO-2026-70544
235,1000,142000,1800000235,INV/2026/09/10235,2026-09-16,912.07,EUR,2026-10-16,IC Sale - Logistics Services Sept 16,,PO-2026-13826
236,1000,142000,1800000236,INV/2026/09/10236,2026-09-01,5268.16,EUR,2026-10-01,IC Sale - Logistics Services Sept 01,,PO-2026-22035
237,1000,142000,1800000237,INV/2026/09/10237,2026-09-15,961.53,EUR,2026-10-15,IC Sale - Logistics Services Sept 15,,PO-2026-31844
238,1000,142000,1800000238,INV/2026/09/10238,2026-09-15,2154.39,EUR,2026-10-15,IC Sale - Logistics Services Sept 15,,PO-2026-45617
239,1000,142000,1800000239,INV/2026/09/10239,2026-09-20,6331.08,EUR,2026-10-20,IC Sale - Logistics Services Sept 20,,PO-2026-33764
240,1000,142000,1800000240,INV/2026/09/10240,2026-09-18,4200.89,EUR,2026-10-18,IC Sale - Logistics Services Sept 18,,PO-2026-93897
241,1000,142000,1800000241,INV/2026/09/10241,2026-09-07,2925.1,EUR,2026-10-07,IC Sale - Logistics Services Sept 07,,PO-2026-93862
242,1000,142000,1800000242,INV/2026/09/10242,2026-09-24,3936.99,EUR,2026-10-24,IC Sale - Logistics Services Sept 24,,PO-2026-71222
243,1000,142000,1800000243,INV/2026/09/10243,2026-09-17,2354.68,EUR,2026-10-17,IC Sale - Logistics Services Sept 17,,PO-2026-99621
244,1000,142000,1800000244,INV/2026/09/10244,2026-09-18,2048.84,EUR,2026-10-18,IC Sale - Logistics Services Sept 18,,PO-2026-78043
245,1000,142000,1800000245,INV/2026/09/10245,2026-09-10,1972.81,EUR,2026-10-10,IC Sale - Logistics Services Sept 10,,PO-2026-94816
246,1000,142000,1800000246,INV/2026/09/10246,2026-09-10,2150.56,EUR,2026-10-10,IC Sale - Logistics Services Sept 10,,PO-2026-18073
247,1000,142000,1800000247,INV/2026/09/10247,2026-09-23,566.09,EUR,2026-10-23,IC Sale - Logistics Services Sept 23,,PO-2026-62750
248,1000,142000,1800000248,INV/2026/09/10248,2026-09-03,576.83,EUR,2026-10-03,IC Sale - Logistics Services Sept 03,,PO-2026-58449
249,1000,142000,1800000249,INV/2026/09/10249,2026-09-29,5208.61,EUR,2026-10-29,IC Sale - Logistics Services Sept 29,,PO-2026-55906
250,1000,142000,1800000250,INV/2026/09/10250,2026-09-09,1162.88,EUR,2026-10-09,IC Sale - Logistics Services Sept 09,,PO-2026-69568
251,1000,142000,1800000251,INV/2026/09/10251,2026-09-06,216.32,EUR,2026-10-06,IC Sale - Logistics Services Sept 06,,PO-2026-98658
253,1000,142000,1800000253,INV/2026/09/10253,2026-09-22,3859.86,EUR,2026-10-22,IC Sale - Logistics Services Sept 22,,PO-2026-48334
255,1000,142000,1800000255,INV/2026/09/10255,2026-09-10,248.54,EUR,2026-10-10,IC Sale - Logistics Services Sept 10,,PO-2026-47823
256,1000,142000,1800000256,INV/2026/09/10256,2026-09-13,4303.48,EUR,2026-10-13,IC Sale - Logistics Services Sept 13,,PO-2026-98301
257,1000,142000,1800000257,INV/2026/09/10257,2026-09-24,720.19,EUR,2026-10-24,IC Sale - Logistics Services Sept 24,,PO-2026-47142
258,1000,142000,1800000258,INV/2026/09/10258,2026-09-12,2935.61,EUR,2026-10-12,IC Sale - Logistics Services Sept 12,,PO-2026-55609
259,1000,142000,1800000259,INV/2026/09/10259,2026-09-24,3122.51,EUR,2026-10-24,IC Sale - Logistics Services Sept 24,,PO-2026-89033
260,1000,142000,1800000260,INV/2026/09/10260,2026-09-18,10889.83,EUR,2026-10-18,IC Sale - Logistics Services Sept 18,,PO-2026-26848
261,1000,142000,1800000261,INV/2026/09/10261,2026-09-29,1310.3,EUR,2026-10-29,IC Sale - Logistics Services Sept 29,,PO-2026-85495
262,1000,142000,1800000262,INV/2026/09/10262,2026-09-05,3289.14,EUR,2026-10-05,IC Sale - Logistics Services Sept 05,,PO-2026-47209
263,1000,142000,1800000263,INV/2026/09/10263,2026-09-26,1452.79,EUR,2026-10-26,IC Sale - Logistics Services Sept 26,,PO-2026-56459
264,1000,142000,1800000264,INV/2026/09/10264,2026-09-10,158.89,EUR,2026-10-10,IC Sale - Logistics Services Sept 10,,PO-2026-62413
265,1000,142000,1800000265,INV/2026/09/10265,2026-09-02,3958.04,EUR,2026-10-02,IC Sale - Logistics Services Sept 02,,PO-2026-69262
266,1000,142000,1800000266,INV/2026/09/10266,2026-09-10,3503.19,EUR,2026-10-10,IC Sale - Logistics Services Sept 10,,PO-2026-19167
267,1000,142000,1800000267,INV/2026/09/10267,2026-09-16,1354.52,EUR,2026-10-16,IC Sale - Logistics Services Sept 16,,PO-2026-77430
268,1000,142000,1800000268,INV/2026/09/10268,2026-09-12,3672.39,EUR,2026-10-12,IC Sale - Logistics Services Sept 12,,PO-2026-95570
269,1000,142000,1800000269,INV/2026/09/10269,2026-09-14,13988.7,EUR,2026-10-14,IC Sale - Logistics Services Sept 14,,PO-2026-15477
270,1000,142000,1800000270,INV/2026/09/10270,2026-09-23,4384.74,EUR,2026-10-23,IC Sale - Logistics Services Sept 23,,PO-2026-34868
271,1000,142000,1800000271,INV/2026/09/10271,2026-09-19,357.26,EUR,2026-10-19,IC Sale - Logistics Services Sept 19,,PO-2026-53466
272,1000,142000,1800000272,INV/2026/09/10272,2026-09-12,2896.72,EUR,2026-10-12,IC Sale - Logistics Services Sept 12,,PO-2026-76486
273,1000,142000,1800000273,INV/2026/09/10273,2026-09-17,1603.75,EUR,2026-10-17,IC Sale - Logistics Services Sept 17,,PO-2026-47475
274,1000,142000,1800000274,INV/2026/09/10274,2026-09-05,3068.31,EUR,2026-10-05,IC Sale - Logistics Services Sept 05,,PO-2026-59991
275,1000,142000,1800000275,INV/2026/09/10275,2026-09-15,1493.67,EUR,2026-10-15,IC Sale - Logistics Services Sept 15,,PO-2026-89952
276,1000,142000,1800000276,INV/2026/09/10276,2026-09-07,11836.06,EUR,2026-10-07,IC Sale - Logistics Services Sept 07,,PO-2026-31150
277,1000,142000,1800000277,INV/2026/09/10277,2026-09-27,1361.71,EUR,2026-10-27,IC Sale - Logistics Services Sept 27,,PO-2026-96062
278,1000,142000,1800000278,INV/2026/09/10278,2026-09-01,2640.17,EUR,2026-10-01,IC Sale - Logistics Services Sept 01,,PO-2026-14639
280,1000,142000,1800000280,INV/2026/09/10280,2026-09-12,1603.54,EUR,2026-10-12,IC Sale - Logistics Services Sept 12,,PO-2026-46342
281,1000,142000,1800000281,INV/2026/09/10281,2026-09-07,4936.95,EUR,2026-10-07,IC Sale - Logistics Services Sept 07,,PO-2026-73331
282,1000,142000,1800000282,INV/2026/09/10282,2026-09-18,3195.94,EUR,2026-10-18,IC Sale - Logistics Services Sept 18,,PO-2026-28021
283,1000,142000,1800000283,INV/2026/09/10283,2026-09-13,448.09,EUR,2026-10-13,IC Sale - Logistics Services Sept 13,,PO-2026-41648
284,1000,142000,1800000284,INV/2026/09/10284,2026-09-28,4741.87,EUR,2026-10-28,IC Sale - Logistics Services Sept 28,,PO-2026-44176
285,1000,142000,1800000285,INV/2026/09/10285,2026-09-03,12541.49,EUR,2026-10-03,IC Sale - Logistics Services Sept 03,,PO-2026-77048
286,1000,142000,1800000286,INV/2026/09/10286,2026-09-11,2731.03,EUR,2026-10-11,IC Sale - Logistics Services Sept 11,,PO-2026-20035
287,1000,142000,1800000287,INV/2026/09/10287,2026-09-10,606.99,EUR,2026-10-10,IC Sale - Logistics Services Sept 10,,PO-2026-24043
288,1000,142000,1800000288,INV/2026/09/10288,2026-09-19,4787.8,EUR,2026-10-19,IC Sale - Logistics Services Sept 19,,PO-2026-59968
289,1000,142000,1800000289,INV/2026/09/10289,2026-09-01,3507.27,EUR,2026-10-01,IC Sale - Logistics Services Sept 01,,PO-2026-18362
290,1000,142000,1800000290,INV/2026/09/10290,2026-09-05,582.78,EUR,2026-10-05,IC Sale - Logistics Services Sept 05,,PO-2026-92534
291,1000,142000,1800000291,INV/2026/09/10291,2026-09-15,5137.5,EUR,2026-10-15,IC Sale - Logistics Services Sept 15,,PO-2026-93686
292,1000,142000,1800000292,INV/2026/09/10292,2026-09-26,678.37,EUR,2026-10-26,IC Sale - Logistics Services Sept 26,,PO-2026-92935
293,1000,142000,1800000293,INV/2026/09/10293,2026-09-24,8188.54,EUR,2026-10-24,IC Sale - Logistics Services Sept 24,,PO-2026-36138
294,1000,142000,1800000294,INV/2026/09/10294,2026-09-12,1182.93,EUR,2026-10-12,IC Sale - Logistics Services Sept 12,,PO-2026-48269
295,1000,142000,1800000295,INV/2026/09/10295,2026-09-27,2118.12,EUR,2026-10-27,IC Sale - Logistics Services Sept 27,,PO-2026-49199
296,1000,142000,1800000296,INV/2026/09/10296,2026-09-09,2274.29,EUR,2026-10-09,IC Sale - Logistics Services Sept 09,,PO-2026-64807
297,1000,142000,1800000297,INV/2026/09/10297,2026-09-19,2452.68,EUR,2026-10-19,IC Sale - Logistics Services Sept 19,,PO-2026-26274
298,1000,142000,1800000298,INV/2026/09/10298,2026-09-22,3296.38,EUR,2026-10-22,IC Sale - Logistics Services Sept 22,,PO-2026-19107
300,1000,142000,1800000300,INV/2026/09/10300,2026-09-19,3818.95,EUR,2026-10-19,IC Sale - Logistics Services Sept 19,,PO-2026-78665
301,1000,142000,1800000301,INV/2026/09/10301,2026-09-22,1660.65,EUR,2026-10-22,IC Sale - Logistics Services Sept 22,,PO-2026-32584
302,1000,142000,1800000302,INV/2026/09/10302,2026-09-26,1859.11,EUR,2026-10-26,IC Sale - Logistics Services Sept 26,,PO-2026-31146
303,1000,142000,1800000303,INV/2026/09/10303,2026-09-23,6558.0,EUR,2026-10-23,IC Sale - Logistics Services Sept 23,,PO-2026-95496
304,1000,142000,1800000304,INV/2026/09/10304,2026-09-02,2323.09,EUR,2026-10-02,IC Sale - Logistics Services Sept 02,,PO-2026-31504
305,1000,142000,1800000305,INV/2026/09/10305,2026-09-26,8223.85,EUR,2026-10-26,IC Sale - Logistics Services Sept 26,,PO-2026-68722
306,1000,142000,1800000306,INV/2026/09/10306,2026-09-21,804.19,EUR,2026-10-21,IC Sale - Logistics Services Sept 21,,PO-2026-97184
307,1000,142000,1800000307,INV/2026/09/10307,2026-09-22,4169.82,EUR,2026-10-22,IC Sale - Logistics Services Sept 22,,PO-2026-65691
308,1000,142000,1800000308,INV/2026/09/10308,2026-09-21,6445.98,EUR,2026-10-21,IC Sale - Logistics Services Sept 21,,PO-2026-63844
309,1000,142000,1800000309,INV/2026/09/10309,2026-09-09,2565.05,EUR,2026-10-09,IC Sale - Logistics Services Sept 09,,PO-2026-32178
310,1000,142000,1800000310,INV/2026/09/10310,2026-09-25,4449.15,EUR,2026-10-25,IC Sale - Logistics Services Sept 25,,PO-2026-76925
311,1000,142000,1800000311,INV/2026/09/10311,2026-09-17,4453.86,EUR,2026-10-17,IC Sale - Logistics Services Sept 17,,PO-2026-23664
312,1000,142000,1800000312,INV/2026/09/10312,2026-09-05,12403.78,EUR,2026-10-05,IC Sale - Logistics Services Sept 05,,PO-2026-97934
313,1000,142000,1800000313,INV/2026/09/10313,2026-09-19,948.7,EUR,2026-10-19,IC Sale - Logistics Services Sept 19,,PO-2026-81922
315,1000,142000,1800000315,INV/2026/09/10315,2026-09-05,2968.8,EUR,2026-10-05,IC Sale - Logistics Services Sept 05,,PO-2026-50679
316,1000,142000,1800000316,INV/2026/09/10316,2026-09-19,3396.46,EUR,2026-10-19,IC Sale - Logistics Services Sept 19,,PO-2026-51549
317,1000,142000,1800000317,INV/2026/09/10317,2026-09-05,298.66,EUR,2026-10-05,IC Sale - Logistics Services Sept 05,,PO-2026-79850
318,1000,142000,1800000318,INV/2026/09/10318,2026-09-10,684.48,EUR,2026-10-10,IC Sale - Logistics Services Sept 10,,PO-2026-16029
319,1000,142000,1800000319,INV/2026/09/10319,2026-09-19,14047.02,EUR,2026-10-19,IC Sale - Logistics Services Sept 19,,PO-2026-70235
320,1000,142000,1800000320,INV/2026/09/10320,2026-09-25,5349.12,EUR,2026-10-25,IC Sale - Logistics Services Sept 25,,PO-2026-23340
321,1000,142000,1800000321,INV/2026/09/10321,2026-09-12,2228.21,EUR,2026-10-12,IC Sale - Logistics Services Sept 12,,PO-2026-59488
322,1000,142000,1800000322,INV/2026/09/10322,2026-09-04,1567.37,EUR,2026-10-04,IC Sale - Logistics Services Sept 04,,PO-2026-87038
323,1000,142000,1800000323,INV/2026/09/10323,2026-09-02,1784.34,EUR,2026-10-02,IC Sale - Logistics Services Sept 02,,PO-2026-86857
324,1000,142000,1800000324,INV/2026/09/10324,2026-09-21,4752.08,EUR,2026-10-21,IC Sale - Logistics Services Sept 21,,PO-2026-27961
325,1000,142000,1800000325,INV/2026/09/10325,2026-09-14,514.6,EUR,2026-10-14,IC Sale - Logistics Services Sept 14,,PO-2026-83903
326,1000,142000,1800000326,INV/2026/09/10326,2026-09-23,1296.49,EUR,2026-10-23,IC Sale - Logistics Services Sept 23,,PO-2026-56473
327,1000,142000,1800000327,INV/2026/09/10327,2026-09-19,2731.86,EUR,2026-10-19,IC Sale - Logistics Services Sept 19,,PO-2026-41279
328,1000,142000,1800000328,INV/2026/09/10328,2026-09-20,1329.95,EUR,2026-10-20,IC Sale - Logistics Services Sept 20,,PO-2026-94898
329,1000,142000,1800000329,INV/2026/09/10329,2026-09-13,827.65,EUR,2026-10-13,IC Sale - Logistics Services Sept 13,,PO-2026-64560
330,1000,142000,1800000330,INV/2026/09/10330,2026-09-21,2935.34,EUR,2026-10-21,IC Sale - Logistics Services Sept 21,,PO-2026-42296
332,1000,142000,1800000332,INV/2026/09/10332,2026-09-19,1013.03,EUR,2026-10-19,IC Sale - Logistics Services Sept 19,,PO-2026-68474
333,1000,142000,1800000333,INV/2026/09/10333,2026-09-26,746.18,EUR,2026-10-26,IC Sale - Logistics Services Sept 26,,PO-2026-95664
334,1000,142000,1800000334,INV/2026/09/10334,2026-09-15,1243.76,EUR,2026-10-15,IC Sale - Logistics Services Sept 15,,PO-2026-64115
335,1000,142000,1800000335,INV/2026/09/10335,2026-09-24,4207.54,EUR,2026-10-24,IC Sale - Logistics Services Sept 24,,PO-2026-77502
336,1000,142000,1800000336,INV/2026/09/10336,2026-09-01,2967.69,EUR,2026-10-01,IC Sale - Logistics Services Sept 01,,PO-2026-81357
337,1000,142000,1800000337,INV/2026/09/10337,2026-09-28,3167.32,EUR,2026-10-28,IC Sale - Logistics Services Sept 28,,PO-2026-79459
338,1000,142000,1800000338,INV/2026/09/10338,2026-09-07,272.05,EUR,2026-10-07,IC Sale - Logistics Services Sept 07,,PO-2026-21927
339,1000,142000,1800000339,INV/2026/09/10339,2026-09-03,2067.4,EUR,2026-10-03,IC Sale - Logistics Services Sept 03,,PO-2026-13430
340,1000,142000,1800000340,INV/2026/09/10340,2026-09-01,10477.13,EUR,2026-10-01,IC Sale - Logistics Services Sept 01,,PO-2026-46462
341,1000,142000,1800000341,INV/2026/09/10341,2026-09-20,916.87,EUR,2026-10-20,IC Sale - Logistics Services Sept 20,,PO-2026-46399
342,1000,142000,1800000342,INV/2026/09/10342,2026-09-21,952.59,EUR,2026-10-21,IC Sale - Logistics Services Sept 21,,PO-2026-39830
343,1000,142000,1800000343,INV/2026/09/10343,2026-09-28,4167.26,EUR,2026-10-28,IC Sale - Logistics Services Sept 28,,PO-2026-75608
344,1000,142000,1800000344,INV/2026/09/10344,2026-09-18,602.35,EUR,2026-10-18,IC Sale - Logistics Services Sept 18,,PO-2026-64484
345,1000,142000,1800000345,INV/2026/09/10345,2026-09-11,6472.07,EUR,2026-10-11,IC Sale - Logistics Services Sept 11,,PO-2026-96116
346,1000,142000,1800000346,INV/2026/09/10346,2026-09-10,1243.38,EUR,2026-10-10,IC Sale - Logistics Services Sept 10,,PO-2026-91978
347,1000,142000,1800000347,INV/2026/09/10347,2026-09-05,1193.9,EUR,2026-10-05,IC Sale - Logistics Services Sept 05,,PO-2026-88922
348,1000,142000,1800000348,INV/2026/09/10348,2026-09-26,1564.65,EUR,2026-10-26,IC Sale - Logistics Services Sept 26,,PO-2026-72684
349,1000,142000,1800000349,INV/2026/09/10349,2026-09-11,3519.29,EUR,2026-10-11,IC Sale - Logistics Services Sept 11,,PO-2026-80993
350,1000,142000,1800000350,INV/2026/09/10350,2026-09-02,2903.35,EUR,2026-10-02,IC Sale - Logistics Services Sept 02,,PO-2026-47462
351,1000,142000,1800000351,INV/2026/09/10351,2026-09-05,9082.87,EUR,2026-10-05,IC Sale - Logistics Services Sept 05,,PO-2026-42337
352,1000,142000,1800000352,INV/2026/09/10352,2026-09-13,3381.03,EUR,2026-10-13,IC Sale - Logistics Services Sept 13,,PO-2026-78917
353,1000,142000,1800000353,INV/2026/09/10353,2026-09-12,4499.77,EUR,2026-10-12,IC Sale - Logistics Services Sept 12,,PO-2026-61652
354,1000,142000,1800000354,INV/2026/09/10354,2026-09-16,2260.37,EUR,2026-10-16,IC Sale - Logistics Services Sept 16,,PO-2026-88484
355,1000,142000,1800000355,INV/2026/09/10355,2026-09-17,3250.45,EUR,2026-10-17,IC Sale - Logistics Services Sept 17,,PO-2026-89516
356,1000,142000,1800000356,INV/2026/09/10356,2026-09-14,5869.78,EUR,2026-10-14,IC Sale - Logistics Services Sept 14,,PO-2026-99205
357,1000,142000,1800000357,INV/2026/09/10357,2026-09-21,1429.84,EUR,2026-10-21,IC Sale - Logistics Services Sept 21,,PO-2026-36089
358,1000,142000,1800000358,INV/2026/09/10358,2026-09-14,1863.9,EUR,2026-10-14,IC Sale - Logistics Services Sept 14,,PO-2026-65003
359,1000,142000,1800000359,INV/2026/09/10359,2026-09-24,1473.59,EUR,2026-10-24,IC Sale - Logistics Services Sept 24,,PO-2026-72654
360,1000,142000,1800000360,INV/2026/09/10360,2026-09-09,913.4,EUR,2026-10-09,IC Sale - Logistics Services Sept 09,,PO-2026-51052
361,1000,142000,1800000361,INV/2026/09/10361,2026-09-14,159.42,EUR,2026-10-14,IC Sale - Logistics Services Sept 14,,PO-2026-96272
362,1000,142000,1800000362,INV/2026/09/10362,2026-09-01,1322.57,EUR,2026-10-01,IC Sale - Logistics Services Sept 01,,PO-2026-98158
363,1000,142000,1800000363,INV/2026/09/10363,2026-09-12,2174.27,EUR,2026-10-12,IC Sale - Logistics Services Sept 12,,PO-2026-36245
364,1000,142000,1800000364,INV/2026/09/10364,2026-09-14,1201.18,EUR,2026-10-14,IC Sale - Logistics Services Sept 14,,PO-2026-66053
365,1000,142000,1800000365,INV/2026/09/10365,2026-09-12,5724.91,EUR,2026-10-12,IC Sale - Logistics Services Sept 12,,PO-2026-98153
366,1000,142000,1800000366,INV/2026/09/10366,2026-09-05,415.9,EUR,2026-10-05,IC Sale - Logistics Services Sept 05,,PO-2026-68965
367,1000,142000,1800000367,INV/2026/09/10367,2026-09-13,403.85,EUR,2026-10-13,IC Sale - Logistics Services Sept 13,,PO-2026-21841
369,1000,142000,1800000369,INV/2026/09/10369,2026-09-26,1221.27,EUR,2026-10-26,IC Sale - Logistics Services Sept 26,,PO-2026-82015
370,1000,142000,1800000370,INV/2026/09/10370,2026-09-24,2665.19,EUR,2026-10-24,IC Sale - Logistics Services Sept 24,,PO-2026-41870
371,1000,142000,1800000371,INV/2026/09/10371,2026-09-18,332.25,EUR,2026-10-18,IC Sale - Logistics Services Sept 18,,PO-2026-45406
372,1000,142000,1800000372,INV/2026/09/10372,2026-09-06,3395.48,EUR,2026-10-06,IC Sale - Logistics Services Sept 06,,PO-2026-16267
373,1000,142000,1800000373,INV/2026/09/10373,2026-09-18,1768.44,EUR,2026-10-18,IC Sale - Logistics Services Sept 18,,PO-2026-90982
374,1000,142000,1800000374,INV/2026/09/10374,2026-09-02,11145.45,EUR,2026-10-02,IC Sale - Logistics Services Sept 02,,PO-2026-18313
375,1000,142000,1800000375,INV/2026/09/10375,2026-09-27,3028.91,EUR,2026-10-27,IC Sale - Logistics Services Sept 27,,PO-2026-31267
376,1000,142000,1800000376,INV/2026/09/10376,2026-09-08,3405.66,EUR,2026-10-08,IC Sale - Logistics Services Sept 08,,PO-2026-55253
377,1000,142000,1800000377,INV/2026/09/10377,2026-09-24,522.58,EUR,2026-10-24,IC Sale - Logistics Services Sept 24,,PO-2026-84059
378,1000,142000,1800000378,INV/2026/09/10378,2026-09-14,2778.89,EUR,2026-10-14,IC Sale - Logistics Services Sept 14,,PO-2026-72104
379,1000,142000,1800000379,INV/2026/09/10379,2026-09-08,2255.99,EUR,2026-10-08,IC Sale - Logistics Services Sept 08,,PO-2026-51017
380,1000,142000,1800000380,INV/2026/09/10380,2026-09-13,408.51,EUR,2026-10-13,IC Sale - Logistics Services Sept 13,,PO-2026-83110
381,1000,142000,1800000381,INV/2026/09/10381,2026-09-29,916.75,EUR,2026-10-29,IC Sale - Logistics Services Sept 29,,PO-2026-14332
382,1000,142000,1800000382,INV/2026/09/10382,2026-09-24,2530.78,EUR,2026-10-24,IC Sale - Logistics Services Sept 24,,PO-2026-83193
383,1000,142000,1800000383,INV/2026/09/10383,2026-09-25,2580.4,EUR,2026-10-25,IC Sale - Logistics Services Sept 25,,PO-2026-96554
385,1000,142000,1800000385,INV/2026/09/10385,2026-09-07,5018.47,EUR,2026-10-07,IC Sale - Logistics Services Sept 07,,PO-2026-17319
386,1000,142000,1800000386,INV/2026/09/10386,2026-09-10,872.31,EUR,2026-10-10,IC Sale - Logistics Services Sept 10,,PO-2026-18800
387,1000,142000,1800000387,INV/2026/09/10387,2026-09-24,14063.16,EUR,2026-10-24,IC Sale - Logistics Services Sept 24,,PO-2026-80631
388,1000,142000,1800000388,INV/2026/09/10388,2026-09-28,5703.11,EUR,2026-10-28,IC Sale - Logistics Services Sept 28,,PO-2026-73990
389,1000,142000,1800000389,INV/2026/09/10389,2026-09-21,4370.35,EUR,2026-10-21,IC Sale - Logistics Services Sept 21,,PO-2026-95470
390,1000,142000,1800000390,INV/2026/09/10390,2026-09-25,3355.4,EUR,2026-10-25,IC Sale - Logistics Services Sept 25,,PO-2026-11963
391,1000,142000,1800000391,INV/2026/09/10391,2026-09-17,902.75,EUR,2026-10-17,IC Sale - Logistics Services Sept 17,,PO-2026-35975
392,1000,142000,1800000392,INV/2026/09/10392,2026-09-05,3542.65,EUR,2026-10-05,IC Sale - Logistics Services Sept 05,,PO-2026-76900
393,1000,142000,1800000393,INV/2026/09/10393,2026-09-16,641.37,EUR,2026-10-16,IC Sale - Logistics Services Sept 16,,PO-2026-62920
395,1000,142000,1800000395,INV/2026/09/10395,2026-09-04,1414.08,EUR,2026-10-04,IC Sale - Logistics Services Sept 04,,PO-2026-77853
396,1000,142000,1800000396,INV/2026/09/10396,2026-09-15,4320.97,EUR,2026-10-15,IC Sale - Logistics Services Sept 15,,PO-2026-81830
397,1000,142000,1800000397,INV/2026/09/10397,2026-09-10,3680.44,EUR,2026-10-10,IC Sale - Logistics Services Sept 10,,PO-2026-33916
398,1000,142000,1800000398,INV/2026/09/10398,2026-09-27,6665.48,EUR,2026-10-27,IC Sale - Logistics Services Sept 27,,PO-2026-21640
399,1000,142000,1800000399,INV/2026/09/10399,2026-09-27,6169.0,EUR,2026-10-27,IC Sale - Logistics Services Sept 27,,PO-2026-43378
400,1000,142000,1800000400,INV/2026/09/10400,2026-09-28,1647.64,EUR,2026-10-28,IC Sale - Logistics Services Sept 28,,PO-2026-85785
401,1000,142000,1800000401,INV/2026/09/10401,2026-09-18,248.6,EUR,2026-10-18,IC Sale - Logistics Services Sept 18,,PO-2026-75970
402,1000,142000,1800000402,INV/2026/09/10402,2026-09-23,1710.12,EUR,2026-10-23,IC Sale - Logistics Services Sept 23,,PO-2026-15568
403,1000,142000,1800000403,INV/2026/09/10403,2026-09-28,12096.55,EUR,2026-10-28,IC Sale - Logistics Services Sept 28,,PO-2026-47195
404,1000,142000,1800000404,INV/2026/09/10404,2026-09-19,1479.99,EUR,2026-10-19,IC Sale - Logistics Services Sept 19,,PO-2026-83575
405,1000,142000,1800000405,INV/2026/09/10405,2026-09-02,387.67,EUR,2026-10-02,IC Sale - Logistics Services Sept 02,,PO-2026-23148
406,1000,142000,1800000406,INV/2026/09/10406,2026-09-07,5808.61,EUR,2026-10-07,IC Sale - Logistics Services Sept 07,,PO-2026-13331
407,1000,142000,1800000407,INV/2026/09/10407,2026-09-07,2261.9,EUR,2026-10-07,IC Sale - Logistics Services Sept 07,,PO-2026-71766
408,1000,142000,1800000408,INV/2026/09/10408,2026-09-10,762.72,EUR,2026-10-10,IC Sale - Logistics Services Sept 10,,PO-2026-46310
409,1000,142000,1800000409,INV/2026/09/10409,2026-09-24,6247.54,EUR,2026-10-24,IC Sale - Logistics Services Sept 24,,PO-2026-93180
410,1000,142000,1800000410,INV/2026/09/10410,2026-09-24,1405.6,EUR,2026-10-24,IC Sale - Logistics Services Sept 24,,PO-2026-13023
412,1000,142000,1800000412,INV/2026/09/10412,2026-09-01,1218.08,EUR,2026-10-01,IC Sale - Logistics Services Sept 01,,PO-2026-66436
413,1000,142000,1800000413,INV/2026/09/10413,2026-09-24,7627.06,EUR,2026-10-24,IC Sale - Logistics Services Sept 24,,PO-2026-72312
414,1000,142000,1800000414,INV/2026/09/10414,2026-09-18,1493.46,EUR,2026-10-18,IC Sale - Logistics Services Sept 18,,PO-2026-12693
415,1000,142000,1800000415,INV/2026/09/10415,2026-09-18,3890.18,EUR,2026-10-18,IC Sale - Logistics Services Sept 18,,PO-2026-91430
416,1000,142000,1800000416,INV/2026/09/10416,2026-09-02,1327.65,EUR,2026-10-02,IC Sale - Logistics Services Sept 02,,PO-2026-61971
417,1000,142000,1800000417,INV/2026/09/10417,2026-09-27,4454.92,EUR,2026-10-27,IC Sale - Logistics Services Sept 27,,PO-2026-13337
418,1000,142000,1800000418,INV/2026/09/10418,2026-09-29,405.51,EUR,2026-10-29,IC Sale - Logistics Services Sept 29,,PO-2026-58113
419,1000,142000,1800000419,INV/2026/09/10419,2026-09-03,1460.56,EUR,2026-10-03,IC Sale - Logistics Services Sept 03,,PO-2026-48877
420,1000,142000,1800000420,INV/2026/09/10420,2026-09-08,6954.82,EUR,2026-10-08,IC Sale - Logistics Services Sept 08,,PO-2026-81917
421,1000,142000,1800000421,INV/2026/09/10421,2026-09-12,1247.77,EUR,2026-10-12,IC Sale - Logistics Services Sept 12,,PO-2026-26933
422,1000,142000,1800000422,INV/2026/09/10422,2026-09-24,324.62,EUR,2026-10-24,IC Sale - Logistics Services Sept 24,,PO-2026-10884
423,1000,142000,1800000423,INV/2026/09/10423,2026-09-28,3915.86,EUR,2026-10-28,IC Sale - Logistics Services Sept 28,,PO-2026-98782
424,1000,142000,1800000424,INV/2026/09/10424,2026-09-03,1306.04,EUR,2026-10-03,IC Sale - Logistics Services Sept 03,,PO-2026-24737
425,1000,142000,1800000425,INV/2026/09/10425,2026-09-08,5195.34,EUR,2026-10-08,IC Sale - Logistics Services Sept 08,,PO-2026-83617
426,1000,142000,1800000426,INV/2026/09/10426,2026-09-01,1122.94,EUR,2026-10-01,IC Sale - Logistics Services Sept 01,,PO-2026-32115
427,1000,142000,1800000427,INV/2026/09/10427,2026-09-13,885.9,EUR,2026-10-13,IC Sale - Logistics Services Sept 13,,PO-2026-10142
428,1000,142000,1800000428,INV/2026/09/10428,2026-09-09,4891.64,EUR,2026-10-09,IC Sale - Logistics Services Sept 09,,PO-2026-30435
429,1000,142000,1800000429,INV/2026/09/10429,2026-09-15,4195.91,EUR,2026-10-15,IC Sale - Logistics Services Sept 15,,PO-2026-14441
430,1000,142000,1800000430,INV/2026/09/10430,2026-09-20,457.79,EUR,2026-10-20,IC Sale - Logistics Services Sept 20,,PO-2026-31806
431,1000,142000,1800000431,INV/2026/09/10431,2026-09-16,657.61,EUR,2026-10-16,IC Sale - Logistics Services Sept 16,,PO-2026-88842
432,1000,142000,1800000432,INV/2026/09/10432,2026-09-01,1022.64,EUR,2026-10-01,IC Sale - Logistics Services Sept 01,,PO-2026-10843
433,1000,142000,1800000433,INV/2026/09/10433,2026-09-01,3663.68,EUR,2026-10-01,IC Sale - Logistics Services Sept 01,,PO-2026-21190
434,1000,142000,1800000434,INV/2026/09/10434,2026-09-17,4973.23,EUR,2026-10-17,IC Sale - Logistics Services Sept 17,,PO-2026-71449
435,1000,142000,1800000435,INV/2026/09/10435,2026-09-20,2223.43,EUR,2026-10-20,IC Sale - Logistics Services Sept 20,,PO-2026-34350
436,1000,142000,1800000436,INV/2026/09/10436,2026-09-07,4137.39,EUR,2026-10-07,IC Sale - Logistics Services Sept 07,,PO-2026-12463
437,1000,142000,1800000437,INV/2026/09/10437,2026-09-23,7509.55,EUR,2026-10-23,IC Sale - Logistics Services Sept 23,,PO-2026-55175
438,1000,142000,1800000438,INV/2026/09/10438,2026-09-19,2973.89,EUR,2026-10-19,IC Sale - Logistics Services Sept 19,,PO-2026-59424
439,1000,142000,1800000439,INV/2026/09/10439,2026-09-14,642.46,EUR,2026-10-14,IC Sale - Logistics Services Sept 14,,PO-2026-73531
440,1000,142000,1800000440,INV/2026/09/10440,2026-09-24,5186.47,EUR,2026-10-24,IC Sale - Logistics Services Sept 24,,PO-2026-75910
441,1000,142000,1800000441,INV/2026/09/10441,2026-09-17,1370.87,EUR,2026-10-17,IC Sale - Logistics Services Sept 17,,PO-2026-39102
442,1000,142000,1800000442,INV/2026/09/10442,2026-09-28,6713.55,EUR,2026-10-28,IC Sale - Logistics Services Sept 28,,PO-2026-98219
443,1000,142000,1800000443,INV/2026/09/10443,2026-09-18,284.1,EUR,2026-10-18,IC Sale - Logistics Services Sept 18,,PO-2026-32408
444,1000,142000,1800000444,INV/2026/09/10444,2026-09-07,6679.51,EUR,2026-10-07,IC Sale - Logistics Services Sept 07,,PO-2026-42972
445,1000,142000,1800000445,INV/2026/09/10445,2026-09-02,4820.65,EUR,2026-10-02,IC Sale - Logistics Services Sept 02,,PO-2026-10293
446,1000,142000,1800000446,INV/2026/09/10446,2026-09-03,3620.36,EUR,2026-10-03,IC Sale - Logistics Services Sept 03,,PO-2026-56385
447,1000,142000,1800000447,INV/2026/09/10447,2026-09-29,1596.38,EUR,2026-10-29,IC Sale - Logistics Services Sept 29,,PO-2026-92442
448,1000,142000,1800000448,INV/2026/09/10448,2026-09-26,1658.04,EUR,2026-10-26,IC Sale - Logistics Services Sept 26,,PO-2026-74808
449,1000,142000,1800000449,INV/2026/09/10449,2026-09-29,3163.14,EUR,2026-10-29,IC Sale - Logistics Services Sept 29,,PO-2026-53320
450,1000,142000,1800000450,INV/2026/09/10450,2026-09-01,2355.31,EUR,2026-10-01,IC Sale - Logistics Services Sept 01,,PO-2026-29355
451,1000,142000,1800000451,INV/2026/09/10451,2026-09-20,838.21,EUR,2026-10-20,IC Sale - Logistics Services Sept 20,,PO-2026-67723
452,1000,142000,1800000452,INV/2026/09/10452,2026-09-22,688.79,EUR,2026-10-22,IC Sale - Logistics Services Sept 22,,PO-2026-74941
453,1000,142000,1800000453,INV/2026/09/10453,2026-09-23,1540.47,EUR,2026-10-23,IC Sale - Logistics Services Sept 23,,PO-2026-66665
454,1000,142000,1800000454,INV/2026/09/10454,2026-09-13,3129.28,EUR,2026-10-13,IC Sale - Logistics Services Sept 13,,PO-2026-16058
455,1000,142000,1800000455,INV/2026/09/10455,2026-09-04,2236.29,EUR,2026-10-04,IC Sale - Logistics Services Sept 04,,PO-2026-98349
456,1000,142000,1800000456,INV/2026/09/10456,2026-09-15,3001.58,EUR,2026-10-15,IC Sale - Logistics Services Sept 15,,PO-2026-57392
457,1000,142000,1800000457,INV/2026/09/10457,2026-09-19,3076.93,EUR,2026-10-19,IC Sale - Logistics Services Sept 19,,PO-2026-75412
458,1000,142000,1800000458,INV/2026/09/10458,2026-09-28,5446.55,EUR,2026-10-28,IC Sale - Logistics Services Sept 28,,PO-2026-60243
459,1000,142000,1800000459,INV/2026/09/10459,2026-09-23,1930.11,EUR,2026-10-23,IC Sale - Logistics Services Sept 23,,PO-2026-64302
460,1000,142000,1800000460,INV/2026/09/10460,2026-09-14,8743.33,EUR,2026-10-14,IC Sale - Logistics Services Sept 14,,PO-2026-87728
461,1000,142000,1800000461,INV/2026/09/10461,2026-09-25,2957.77,EUR,2026-10-25,IC Sale - Logistics Services Sept 25,,PO-2026-42803
462,1000,142000,1800000462,INV/2026/09/10462,2026-09-19,6226.09,EUR,2026-10-19,IC Sale - Logistics Services Sept 19,,PO-2026-61963
463,1000,142000,1800000463,INV/2026/09/10463,2026-09-01,725.8,EUR,2026-10-01,IC Sale - Logistics Services Sept 01,,PO-2026-96342
464,1000,142000,1800000464,INV/2026/09/10464,2026-09-10,2909.22,EUR,2026-10-10,IC Sale - Logistics Services Sept 10,,PO-2026-99174
465,1000,142000,1800000465,INV/2026/09/10465,2026-09-08,5044.13,EUR,2026-10-08,IC Sale - Logistics Services Sept 08,,PO-2026-99850
466,1000,142000,1800000466,INV/2026/09/10466,2026-09-12,4530.06,EUR,2026-10-12,IC Sale - Logistics Services Sept 12,,PO-2026-69450
467,1000,142000,1800000467,INV/2026/09/10467,2026-09-13,1219.19,EUR,2026-10-13,IC Sale - Logistics Services Sept 13,,PO-2026-53932
468,1000,142000,1800000468,INV/2026/09/10468,2026-09-04,2884.88,EUR,2026-10-04,IC Sale - Logistics Services Sept 04,,PO-2026-40425
469,1000,142000,1800000469,INV/2026/09/10469,2026-09-10,531.14,EUR,2026-10-10,IC Sale - Logistics Services Sept 10,,PO-2026-41884
470,1000,142000,1800000470,INV/2026/09/10470,2026-09-11,1425.16,EUR,2026-10-11,IC Sale - Logistics Services Sept 11,,PO-2026-25621
471,1000,142000,1800000471,INV/2026/09/10471,2026-09-08,1496.9,EUR,2026-10-08,IC Sale - Logistics Services Sept 08,,PO-2026-51623
472,1000,142000,1800000472,INV/2026/09/10472,2026-09-23,2782.92,EUR,2026-10-23,IC Sale - Logistics Services Sept 23,,PO-2026-72403
473,1000,142000,1800000473,INV/2026/09/10473,2026-09-06,3165.11,EUR,2026-10-06,IC Sale - Logistics Services Sept 06,,PO-2026-11331
475,1000,142000,1800000475,INV/2026/09/10475,2026-09-28,2337.65,EUR,2026-10-28,IC Sale - Logistics Services Sept 28,,PO-2026-37759
476,1000,142000,1800000476,INV/2026/09/10476,2026-09-16,4452.54,EUR,2026-10-16,IC Sale - Logistics Services Sept 16,,PO-2026-36060
477,1000,142000,1800000477,INV/2026/09/10477,2026-09-26,4999.29,EUR,2026-10-26,IC Sale - Logistics Services Sept 26,,PO-2026-51549
478,1000,142000,1800000478,INV/2026/09/10478,2026-09-27,6593.55,EUR,2026-10-27,IC Sale - Logistics Services Sept 27,,PO-2026-86891
479,1000,142000,1800000479,INV/2026/09/10479,2026-09-03,2505.39,EUR,2026-10-03,IC Sale - Logistics Services Sept 03,,PO-2026-98678
480,1000,142000,1800000480,INV/2026/09/10480,2026-09-04,1048.22,EUR,2026-10-04,IC Sale - Logistics Services Sept 04,,PO-2026-33205
481,1000,142000,1800000481,INV/2026/09/10481,2026-09-18,5058.81,EUR,2026-10-18,IC Sale - Logistics Services Sept 18,,PO-2026-96817
482,1000,142000,1800000482,INV/2026/09/10482,2026-09-14,11913.22,EUR,2026-10-14,IC Sale - Logistics Services Sept 14,,PO-2026-99507
483,1000,142000,1800000483,INV/2026/09/10483,2026-09-02,2143.37,EUR,2026-10-02,IC Sale - Logistics Services Sept 02,,PO-2026-74869
484,1000,142000,1800000484,INV/2026/09/10484,2026-09-02,11306.88,EUR,2026-10-02,IC Sale - Logistics Services Sept 02,,PO-2026-74438
485,1000,142000,1800000485,INV/2026/09/10485,2026-09-07,9404.83,EUR,2026-10-07,IC Sale - Logistics Services Sept 07,,PO-2026-15637
486,1000,142000,1800000486,INV/2026/09/10486,2026-09-21,5406.21,EUR,2026-10-21,IC Sale - Logistics Services Sept 21,,PO-2026-31813
487,1000,142000,1800000487,INV/2026/09/10487,2026-09-14,184.37,EUR,2026-10-14,IC Sale - Logistics Services Sept 14,,PO-2026-81624
488,1000,142000,1800000488,INV/2026/09/10488,2026-09-24,2855.25,EUR,2026-10-24,IC Sale - Logistics Services Sept 24,,PO-2026-24986
489,1000,142000,1800000489,INV/2026/09/10489,2026-09-23,7956.84,EUR,2026-10-23,IC Sale - Logistics Services Sept 23,,PO-2026-46197
491,1000,142000,1800000491,INV/2026/09/10491,2026-09-11,2878.43,EUR,2026-10-11,IC Sale - Logistics Services Sept 11,,PO-2026-89979
492,1000,142000,1800000492,INV/2026/09/10492,2026-09-12,1813.28,EUR,2026-10-12,IC Sale - Logistics Services Sept 12,,PO-2026-80296
493,1000,142000,1800000493,INV/2026/09/10493,2026-09-22,749.99,EUR,2026-10-22,IC Sale - Logistics Services Sept 22,,PO-2026-88332
494,1000,142000,1800000494,INV/2026/09/10494,2026-09-11,2149.38,EUR,2026-10-11,IC Sale - Logistics Services Sept 11,,PO-2026-60362
495,1000,142000,1800000495,INV/2026/09/10495,2026-09-19,1049.96,EUR,2026-10-19,IC Sale - Logistics Services Sept 19,,PO-2026-76837
496,1000,142000,1800000496,INV/2026/09/10496,2026-09-28,513.9,EUR,2026-10-28,IC Sale - Logistics Services Sept 28,,PO-2026-15034
497,1000,142000,1800000497,INV/2026/09/10497,2026-09-02,4956.59,EUR,2026-10-02,IC Sale - Logistics Services Sept 02,,PO-2026-98566
498,1000,142000,1800000498,INV/2026/09/10498,2026-09-10,8519.07,EUR,2026-10-10,IC Sale - Logistics Services Sept 10,,PO-2026-35565
499,1000,142000,1800000499,INV/2026/09/10499,2026-09-29,1119.66,EUR,2026-10-29,IC Sale - Logistics Services Sept 29,,PO-2026-86001
501,1000,142000,1800000501,INV/2026/09/10501,2026-09-20,8304.31,EUR,2026-10-20,IC Sale - Logistics Services Sept 20,,PO-2026-72383
502,1000,142000,1800000502,INV/2026/09/10502,2026-09-21,14083.31,EUR,2026-10-21,IC Sale - Logistics Services Sept 21,,PO-2026-32693
503,1000,142000,1800000503,INV/2026/09/10503,2026-09-21,1697.21,EUR,2026-10-21,IC Sale - Logistics Services Sept 21,,PO-2026-12419
504,1000,142000,1800000504,INV/2026/09/10504,2026-09-27,1674.33,EUR,2026-10-27,IC Sale - Logistics Services Sept 27,,PO-2026-43347
506,1000,142000,1800000506,INV/2026/09/10506,2026-09-13,5958.01,EUR,2026-10-13,IC Sale - Logistics Services Sept 13,,PO-2026-16045
507,1000,142000,1800000507,INV/2026/09/10507,2026-09-07,4667.69,EUR,2026-10-07,IC Sale - Logistics Services Sept 07,,PO-2026-25555
508,1000,142000,1800000508,INV/2026/09/10508,2026-09-18,2324.18,EUR,2026-10-18,IC Sale - Logistics Services Sept 18,,PO-2026-87742
509,1000,142000,1800000509,INV/2026/09/10509,2026-09-20,1723.56,EUR,2026-10-20,IC Sale - Logistics Services Sept 20,,PO-2026-39081
510,1000,142000,1800000510,INV/2026/09/10510,2026-09-26,1778.08,EUR,2026-10-26,IC Sale - Logistics Services Sept 26,,PO-2026-42431
511,1000,142000,1800000511,INV/2026/09/10511,2026-09-24,5653.91,EUR,2026-10-24,IC Sale - Logistics Services Sept 24,,PO-2026-61281
512,1000,142000,1800000512,INV/2026/09/10512,2026-09-06,1649.49,EUR,2026-10-06,IC Sale - Logistics Services Sept 06,,PO-2026-58665
514,1000,142000,1800000514,INV/2026/09/10514,2026-09-12,14674.17,EUR,2026-10-12,IC Sale - Logistics Services Sept 12,,PO-2026-96408
515,1000,142000,1800000515,INV/2026/09/10515,2026-09-28,2725.63,EUR,2026-10-28,IC Sale - Logistics Services Sept 28,,PO-2026-38636
516,1000,142000,1800000516,INV/2026/09/10516,2026-09-03,6746.79,EUR,2026-10-03,IC Sale - Logistics Services Sept 03,,PO-2026-26097
517,1000,142000,1800000517,INV/2026/09/10517,2026-09-12,172.77,EUR,2026-10-12,IC Sale - Logistics Services Sept 12,,PO-2026-81937
518,1000,142000,1800000518,INV/2026/09/10518,2026-09-26,2945.53,EUR,2026-10-26,IC Sale - Logistics Services Sept 26,,PO-2026-56759
519,1000,142000,1800000519,INV/2026/09/10519,2026-09-19,3893.13,EUR,2026-10-19,IC Sale - Logistics Services Sept 19,,PO-2026-85368
520,1000,142000,1800000520,INV/2026/09/10520,2026-09-28,6213.42,EUR,2026-10-28,IC Sale - Logistics Services Sept 28,,PO-2026-89340
521,1000,142000,1800000521,INV/2026/09/10521,2026-09-15,5225.63,EUR,2026-10-15,IC Sale - Logistics Services Sept 15,,PO-2026-20472
522,1000,142000,1800000522,INV/2026/09/10522,2026-09-28,14210.39,EUR,2026-10-28,IC Sale - Logistics Services Sept 28,,PO-2026-59302
523,1000,142000,1800000523,INV/2026/09/10523,2026-09-06,7188.7,EUR,2026-10-06,IC Sale - Logistics Services Sept 06,,PO-2026-57568
524,1000,142000,1800000524,INV/2026/09/10524,2026-09-02,757.49,EUR,2026-10-02,IC Sale - Logistics Services Sept 02,,PO-2026-93026
525,1000,142000,1800000525,INV/2026/09/10525,2026-09-23,2257.29,EUR,2026-10-23,IC Sale - Logistics Services Sept 23,,PO-2026-79577
526,1000,142000,1800000526,INV/2026/09/10526,2026-09-17,8419.94,EUR,2026-10-17,IC Sale - Logistics Services Sept 17,,PO-2026-64615
527,1000,142000,1800000527,INV/2026/09/10527,2026-09-15,4268.1,EUR,2026-10-15,IC Sale - Logistics Services Sept 15,,PO-2026-25935
528,1000,142000,1800000528,INV/2026/09/10528,2026-09-22,1920.48,EUR,2026-10-22,IC Sale - Logistics Services Sept 22,,PO-2026-22923
529,1000,142000,1800000529,INV/2026/09/10529,2026-09-18,5869.47,EUR,2026-10-18,IC Sale - Logistics Services Sept 18,,PO-2026-78361
530,1000,142000,1800000530,INV/2026/09/10530,2026-09-13,3205.59,EUR,2026-10-13,IC Sale - Logistics Services Sept 13,,PO-2026-20341
531,1000,142000,1800000531,INV/2026/09/10531,2026-09-09,1112.41,EUR,2026-10-09,IC Sale - Logistics Services Sept 09,,PO-2026-57462
532,1000,142000,1800000532,INV/2026/09/10532,2026-09-03,7968.05,EUR,2026-10-03,IC Sale - Logistics Services Sept 03,,PO-2026-19200
533,1000,142000,1800000533,INV/2026/09/10533,2026-09-13,1381.79,EUR,2026-10-13,IC Sale - Logistics Services Sept 13,,PO-2026-60571
534,1000,142000,1800000534,INV/2026/09/10534,2026-09-14,503.23,EUR,2026-10-14,IC Sale - Logistics Services Sept 14,,PO-2026-84229
535,1000,142000,1800000535,INV/2026/09/10535,2026-09-11,25091.39,EUR,2026-10-11,IC Sale - Logistics Services Sept 11,,PO-2026-14250
536,1000,142000,1800000536,INV/2026/09/10536,2026-09-17,924.39,EUR,2026-10-17,IC Sale - Logistics Services Sept 17,,PO-2026-85957
537,1000,142000,1800000537,INV/2026/09/10537,2026-09-22,261.7,EUR,2026-10-22,IC Sale - Logistics Services Sept 22,,PO-2026-90868
538,1000,142000,1800000538,INV/2026/09/10538,2026-09-24,2496.33,EUR,2026-10-24,IC Sale - Logistics Services Sept 24,,PO-2026-97577
539,1000,142000,1800000539,INV/2026/09/10539,2026-09-20,302.17,EUR,2026-10-20,IC Sale - Logistics Services Sept 20,,PO-2026-49280
541,1000,142000,1800000541,INV/2026/09/10541,2026-09-13,1459.19,EUR,2026-10-13,IC Sale - Logistics Services Sept 13,,PO-2026-10510
543,1000,142000,1800000543,INV/2026/09/10543,2026-09-17,1142.54,EUR,2026-10-17,IC Sale - Logistics Services Sept 17,,PO-2026-28736
544,1000,142000,1800000544,INV/2026/09/10544,2026-09-07,1796.63,EUR,2026-10-07,IC Sale - Logistics Services Sept 07,,PO-2026-11544
545,1000,142000,1800000545,INV/2026/09/10545,2026-09-29,10255.66,EUR,2026-10-29,IC Sale - Logistics Services Sept 29,,PO-2026-56981
546,1000,142000,1800000546,INV/2026/09/10546,2026-09-16,1346.94,EUR,2026-10-16,IC Sale - Logistics Services Sept 16,,PO-2026-75467
547,1000,142000,1800000547,INV/2026/09/10547,2026-09-04,6628.16,EUR,2026-10-04,IC Sale - Logistics Services Sept 04,,PO-2026-90183
548,1000,142000,1800000548,INV/2026/09/10548,2026-09-04,1305.54,EUR,2026-10-04,IC Sale - Logistics Services Sept 04,,PO-2026-92562
549,1000,142000,1800000549,INV/2026/09/10549,2026-09-21,652.1,EUR,2026-10-21,IC Sale - Logistics Services Sept 21,,PO-2026-59536
550,1000,142000,1800000550,INV/2026/09/10550,2026-09-10,2460.8,EUR,2026-10-10,IC Sale - Logistics Services Sept 10,,PO-2026-41640
551,1000,142000,1800000551,INV/2026/09/10551,2026-09-12,5673.04,EUR,2026-10-12,IC Sale - Logistics Services Sept 12,,PO-2026-39627
552,1000,142000,1800000552,INV/2026/09/10552,2026-09-22,5112.23,EUR,2026-10-22,IC Sale - Logistics Services Sept 22,,PO-2026-58377
553,1000,142000,1800000553,INV/2026/09/10553,2026-09-27,2086.36,EUR,2026-10-27,IC Sale - Logistics Services Sept 27,,PO-2026-87469
554,1000,142000,1800000554,INV/2026/09/10554,2026-09-21,5968.98,EUR,2026-10-21,IC Sale - Logistics Services Sept 21,,PO-2026-25008
555,1000,142000,1800000555,INV/2026/09/10555,2026-09-24,2538.59,EUR,2026-10-24,IC Sale - Logistics Services Sept 24,,PO-2026-58580
556,1000,142000,1800000556,INV/2026/09/10556,2026-09-29,8344.99,EUR,2026-10-29,IC Sale - Logistics Services Sept 29,,PO-2026-94007
557,1000,142000,1800000557,INV/2026/09/10557,2026-09-07,4013.13,EUR,2026-10-07,IC Sale - Logistics Services Sept 07,,PO-2026-28804
558,1000,142000,1800000558,INV/2026/09/10558,2026-09-16,2206.52,EUR,2026-10-16,IC Sale - Logistics Services Sept 16,,PO-2026-62705
559,1000,142000,1800000559,INV/2026/09/10559,2026-09-20,9200.21,EUR,2026-10-20,IC Sale - Logistics Services Sept 20,,PO-2026-90449
560,1000,142000,1800000560,INV/2026/09/10560,2026-09-02,3324.2,EUR,2026-10-02,IC Sale - Logistics Services Sept 02,,PO-2026-12395
561,1000,142000,1800000561,INV/2026/09/10561,2026-09-28,761.14,EUR,2026-10-28,IC Sale - Logistics Services Sept 28,,PO-2026-59953
562,1000,142000,1800000562,INV/2026/09/10562,2026-09-20,644.77,EUR,2026-10-20,IC Sale - Logistics Services Sept 20,,PO-2026-56994
563,1000,142000,1800000563,INV/2026/09/10563,2026-09-26,4782.5,EUR,2026-10-26,IC Sale - Logistics Services Sept 26,,PO-2026-67169
564,1000,142000,1800000564,INV/2026/09/10564,2026-09-02,2231.09,EUR,2026-10-02,IC Sale - Logistics Services Sept 02,,PO-2026-43667
565,1000,142000,1800000565,INV/2026/09/10565,2026-09-19,2560.41,EUR,2026-10-19,IC Sale - Logistics Services Sept 19,,PO-2026-37001
566,1000,142000,1800000566,INV/2026/09/10566,2026-09-17,1214.86,EUR,2026-10-17,IC Sale - Logistics Services Sept 17,,PO-2026-75273
567,1000,142000,1800000567,INV/2026/09/10567,2026-09-28,1391.65,EUR,2026-10-28,IC Sale - Logistics Services Sept 28,,PO-2026-19045
568,1000,142000,1800000568,INV/2026/09/10568,2026-09-17,9992.32,EUR,2026-10-17,IC Sale - Logistics Services Sept 17,,PO-2026-45261
569,1000,142000,1800000569,INV/2026/09/10569,2026-09-04,3012.49,EUR,2026-10-04,IC Sale - Logistics Services Sept 04,,PO-2026-40498
570,1000,142000,1800000570,INV/2026/09/10570,2026-09-17,2073.2,EUR,2026-10-17,IC Sale - Logistics Services Sept 17,,PO-2026-74512
571,1000,142000,1800000571,INV/2026/09/10571,2026-09-04,383.47,EUR,2026-10-04,IC Sale - Logistics Services Sept 04,,PO-2026-89303
572,1000,142000,1800000572,INV/2026/09/10572,2026-09-20,11348.74,EUR,2026-10-20,IC Sale - Logistics Services Sept 20,,PO-2026-16192
573,1000,142000,1800000573,INV/2026/09/10573,2026-09-23,1319.47,EUR,2026-10-23,IC Sale - Logistics Services Sept 23,,PO-2026-12606
574,1000,142000,1800000574,INV/2026/09/10574,2026-09-11,7907.33,EUR,2026-10-11,IC Sale - Logistics Services Sept 11,,PO-2026-11877
575,1000,142000,1800000575,INV/2026/09/10575,2026-09-11,3206.34,EUR,2026-10-11,IC Sale - Logistics Services Sept 11,,PO-2026-90107
576,1000,142000,1800000576,INV/2026/09/10576,2026-09-15,838.56,EUR,2026-10-15,IC Sale - Logistics Services Sept 15,,PO-2026-58029
577,1000,142000,1800000577,INV/2026/09/10577,2026-09-12,1689.45,EUR,2026-10-12,IC Sale - Logistics Services Sept 12,,PO-2026-47426
578,1000,142000,1800000578,INV/2026/09/10578,2026-09-09,3375.02,EUR,2026-10-09,IC Sale - Logistics Services Sept 09,,PO-2026-22464
579,1000,142000,1800000579,INV/2026/09/10579,2026-09-15,1708.73,EUR,2026-10-15,IC Sale - Logistics Services Sept 15,,PO-2026-71800
580,1000,142000,1800000580,INV/2026/09/10580,2026-09-09,427.51,EUR,2026-10-09,IC Sale - Logistics Services Sept 09,,PO-2026-32618
581,1000,142000,1800000581,INV/2026/09/10581,2026-09-13,758.17,EUR,2026-10-13,IC Sale - Logistics Services Sept 13,,PO-2026-68494
582,1000,142000,1800000582,INV/2026/09/10582,2026-09-23,5897.25,EUR,2026-10-23,IC Sale - Logistics Services Sept 23,,PO-2026-11527
583,1000,142000,1800000583,INV/2026/09/10583,2026-09-10,245.07,EUR,2026-10-10,IC Sale - Logistics Services Sept 10,,PO-2026-33807
584,1000,142000,1800000584,INV/2026/09/10584,2026-09-23,7670.0,EUR,2026-10-23,IC Sale - Logistics Services Sept 23,,PO-2026-73531
585,1000,142000,1800000585,INV/2026/09/10585,2026-09-16,7554.36,EUR,2026-10-16,IC Sale - Logistics Services Sept 16,,PO-2026-70060
586,1000,142000,1800000586,INV/2026/09/10586,2026-09-08,319.56,EUR,2026-10-08,IC Sale - Logistics Services Sept 08,,PO-2026-59542
587,1000,142000,1800000587,INV/2026/09/10587,2026-09-25,3239.07,EUR,2026-10-25,IC Sale - Logistics Services Sept 25,,PO-2026-66263
588,1000,142000,1800000588,INV/2026/09/10588,2026-09-18,7554.82,EUR,2026-10-18,IC Sale - Logistics Services Sept 18,,PO-2026-92136
589,1000,142000,1800000589,INV/2026/09/10589,2026-09-21,550.96,EUR,2026-10-21,IC Sale - Logistics Services Sept 21,,PO-2026-37458
590,1000,142000,1800000590,INV/2026/09/10590,2026-09-14,4135.15,EUR,2026-10-14,IC Sale - Logistics Services Sept 14,,PO-2026-22946
591,1000,142000,1800000591,INV/2026/09/10591,2026-09-08,5170.99,EUR,2026-10-08,IC Sale - Logistics Services Sept 08,,PO-2026-60165
592,1000,142000,1800000592,INV/2026/09/10592,2026-09-11,8383.16,EUR,2026-10-11,IC Sale - Logistics Services Sept 11,,PO-2026-94103
593,1000,142000,1800000593,INV/2026/09/10593,2026-09-03,1212.48,EUR,2026-10-03,IC Sale - Logistics Services Sept 03,,PO-2026-11541
594,1000,142000,1800000594,INV/2026/09/10594,2026-09-25,22126.88,EUR,2026-10-25,IC Sale - Logistics Services Sept 25,,PO-2026-37732
595,1000,142000,1800000595,INV/2026/09/10595,2026-09-18,367.65,EUR,2026-10-18,IC Sale - Logistics Services Sept 18,,PO-2026-96337
596,1000,142000,1800000596,INV/2026/09/10596,2026-09-05,5409.46,EUR,2026-10-05,IC Sale - Logistics Services Sept 05,,PO-2026-83134
597,1000,142000,1800000597,INV/2026/09/10597,2026-09-24,1024.25,EUR,2026-10-24,IC Sale - Logistics Services Sept 24,,PO-2026-77420
598,1000,142000,1800000598,INV/2026/09/10598,2026-09-11,827.85,EUR,2026-10-11,IC Sale - Logistics Services Sept 11,,PO-2026-67421
599,1000,142000,1800000599,INV/2026/09/10599,2026-09-26,319.41,EUR,2026-10-26,IC Sale - Logistics Services Sept 26,,PO-2026-25141
600,1000,142000,1800000600,INV/2026/09/10600,2026-09-11,8262.29,EUR,2026-10-11,IC Sale - Logistics Services Sept 11,,PO-2026-37749
601,1000,142000,1800000601,INV/2026/09/10601,2026-09-27,1905.21,EUR,2026-10-27,IC Sale - Logistics Services Sept 27,,PO-2026-53915
602,1000,142000,1800000602,INV/2026/09/10602,2026-09-07,3554.76,EUR,2026-10-07,IC Sale - Logistics Services Sept 07,,PO-2026-75490
604,1000,142000,1800000604,INV/2026/09/10604,2026-09-16,8186.84,EUR,2026-10-16,IC Sale - Logistics Services Sept 16,,PO-2026-84995
605,1000,142000,1800000605,INV/2026/09/10605,2026-09-25,1799.33,EUR,2026-10-25,IC Sale - Logistics Services Sept 25,,PO-2026-78445
606,1000,142000,1800000606,INV/2026/09/10606,2026-09-07,1703.36,EUR,2026-10-07,IC Sale - Logistics Services Sept 07,,PO-2026-89089
607,1000,142000,1800000607,INV/2026/09/10607,2026-09-11,744.1,EUR,2026-10-11,IC Sale - Logistics Services Sept 11,,PO-2026-19884
608,1000,142000,1800000608,INV/2026/09/10608,2026-09-04,9197.87,EUR,2026-10-04,IC Sale - Logistics Services Sept 04,,PO-2026-82229
609,1000,142000,1800000609,INV/2026/09/10609,2026-09-04,2525.36,EUR,2026-10-04,IC Sale - Logistics Services Sept 04,,PO-2026-21322
610,1000,142000,1800000610,INV/2026/09/10610,2026-09-07,1186.14,EUR,2026-10-07,IC Sale - Logistics Services Sept 07,,PO-2026-55425
611,1000,142000,1800000611,INV/2026/09/10611,2026-09-01,2692.59,EUR,2026-10-01,IC Sale - Logistics Services Sept 01,,PO-2026-97959
612,1000,142000,1800000612,INV/2026/09/10612,2026-09-02,1356.5,EUR,2026-10-02,IC Sale - Logistics Services Sept 02,,PO-2026-81673
613,1000,142000,1800000613,INV/2026/09/10613,2026-09-18,4558.14,EUR,2026-10-18,IC Sale - Logistics Services Sept 18,,PO-2026-86122
614,1000,142000,1800000614,INV/2026/09/10614,2026-09-18,1594.8,EUR,2026-10-18,IC Sale - Logistics Services Sept 18,,PO-2026-18644
615,1000,142000,1800000615,INV/2026/09/10615,2026-09-23,2897.59,EUR,2026-10-23,IC Sale - Logistics Services Sept 23,,PO-2026-75642
616,1000,142000,1800000616,INV/2026/09/10616,2026-09-04,8523.82,EUR,2026-10-04,IC Sale - Logistics Services Sept 04,,PO-2026-18775
617,1000,142000,1800000617,INV/2026/09/10617,2026-09-24,3063.14,EUR,2026-10-24,IC Sale - Logistics Services Sept 24,,PO-2026-70234
619,1000,142000,1800000619,INV/2026/09/10619,2026-09-20,1003.92,EUR,2026-10-20,IC Sale - Logistics Services Sept 20,,PO-2026-34892
620,1000,142000,1800000620,INV/2026/09/10620,2026-09-29,4409.69,EUR,2026-10-29,IC Sale - Logistics Services Sept 29,,PO-2026-53318
621,1000,142000,1800000621,INV/2026/09/10621,2026-09-23,7309.68,EUR,2026-10-23,IC Sale - Logistics Services Sept 23,,PO-2026-53061
622,1000,142000,1800000622,INV/2026/09/10622,2026-09-13,5464.41,EUR,2026-10-13,IC Sale - Logistics Services Sept 13,,PO-2026-54506
623,1000,142000,1800000623,INV/2026/09/10623,2026-09-12,2788.8,EUR,2026-10-12,IC Sale - Logistics Services Sept 12,,PO-2026-19781
624,1000,142000,1800000624,INV/2026/09/10624,2026-09-20,2076.59,EUR,2026-10-20,IC Sale - Logistics Services Sept 20,,PO-2026-44612
625,1000,142000,1800000625,INV/2026/09/10625,2026-09-15,453.43,EUR,2026-10-15,IC Sale - Logistics Services Sept 15,,PO-2026-20229
626,1000,142000,1800000626,INV/2026/09/10626,2026-09-25,1854.99,EUR,2026-10-25,IC Sale - Logistics Services Sept 25,,PO-2026-87394
629,1000,142000,1800000629,INV/2026/09/10629,2026-09-26,3055.81,EUR,2026-10-26,IC Sale - Logistics Services Sept 26,,PO-2026-46887
630,1000,142000,1800000630,INV/2026/09/10630,2026-09-05,3961.5,EUR,2026-10-05,IC Sale - Logistics Services Sept 05,,PO-2026-66092
631,1000,142000,1800000631,INV/2026/09/10631,2026-09-05,2624.28,EUR,2026-10-05,IC Sale - Logistics Services Sept 05,,PO-2026-47618
632,1000,142000,1800000632,INV/2026/09/10632,2026-09-01,18518.42,EUR,2026-10-01,IC Sale - Logistics Services Sept 01,,PO-2026-31808
633,1000,142000,1800000633,INV/2026/09/10633,2026-09-12,6839.12,EUR,2026-10-12,IC Sale - Logistics Services Sept 12,,PO-2026-60873
634,1000,142000,1800000634,INV/2026/09/10634,2026-09-12,2289.55,EUR,2026-10-12,IC Sale - Logistics Services Sept 12,,PO-2026-11479
635,1000,142000,1800000635,INV/2026/09/10635,2026-09-18,2555.98,EUR,2026-10-18,IC Sale - Logistics Services Sept 18,,PO-2026-14482
636,1000,142000,1800000636,INV/2026/09/10636,2026-09-12,9722.74,EUR,2026-10-12,IC Sale - Logistics Services Sept 12,,PO-2026-49548
637,1000,142000,1800000637,INV/2026/09/10637,2026-09-25,10787.54,EUR,2026-10-25,IC Sale - Logistics Services Sept 25,,PO-2026-59001
638,1000,142000,1800000638,INV/2026/09/10638,2026-09-05,1581.78,EUR,2026-10-05,IC Sale - Logistics Services Sept 05,,PO-2026-77306
639,1000,142000,1800000639,INV/2026/09/10639,2026-09-28,307.06,EUR,2026-10-28,IC Sale - Logistics Services Sept 28,,PO-2026-36785
640,1000,142000,1800000640,INV/2026/09/10640,2026-09-11,2433.91,EUR,2026-10-11,IC Sale - Logistics Services Sept 11,,PO-2026-69065
641,1000,142000,1800000641,INV/2026/09/10641,2026-09-07,982.82,EUR,2026-10-07,IC Sale - Logistics Services Sept 07,,PO-2026-58656
642,1000,142000,1800000642,INV/2026/09/10642,2026-09-24,2319.39,EUR,2026-10-24,IC Sale - Logistics Services Sept 24,,PO-2026-39370
643,1000,142000,1800000643,INV/2026/09/10643,2026-09-14,3444.63,EUR,2026-10-14,IC Sale - Logistics Services Sept 14,,PO-2026-26372
644,1000,142000,1800000644,INV/2026/09/10644,2026-09-22,833.73,EUR,2026-10-22,IC Sale - Logistics Services Sept 22,,PO-2026-40583
645,1000,142000,1800000645,INV/2026/09/10645,2026-09-12,4837.44,EUR,2026-10-12,IC Sale - Logistics Services Sept 12,,PO-2026-95803
646,1000,142000,1800000646,INV/2026/09/10646,2026-09-22,275.81,EUR,2026-10-22,IC Sale - Logistics Services Sept 22,,PO-2026-41801
647,1000,142000,1800000647,INV/2026/09/10647,2026-09-12,235.77,EUR,2026-10-12,IC Sale - Logistics Services Sept 12,,PO-2026-38494
648,1000,142000,1800000648,INV/2026/09/10648,2026-09-19,5616.72,EUR,2026-10-19,IC Sale - Logistics Services Sept 19,,PO-2026-78827
649,1000,142000,1800000649,INV/2026/09/10649,2026-09-15,356.17,EUR,2026-10-15,IC Sale - Logistics Services Sept 15,,PO-2026-46333
650,1000,142000,1800000650,INV/2026/09/10650,2026-09-12,8206.38,EUR,2026-10-12,IC Sale - Logistics Services Sept 12,,PO-2026-48781
651,1000,142000,1800000651,INV/2026/09/10651,2026-09-27,7776.35,EUR,2026-10-27,IC Sale - Logistics Services Sept 27,,PO-2026-19577
652,1000,142000,1800000652,INV/2026/09/10652,2026-09-26,5975.98,EUR,2026-10-26,IC Sale - Logistics Services Sept 26,,PO-2026-83848
653,1000,142000,1800000653,INV/2026/09/10653,2026-09-27,1913.12,EUR,2026-10-27,IC Sale - Logistics Services Sept 27,,PO-2026-48622
654,1000,142000,1800000654,INV/2026/09/10654,2026-09-16,3705.77,EUR,2026-10-16,IC Sale - Logistics Services Sept 16,,PO-2026-81446
655,1000,142000,1800000655,INV/2026/09/10655,2026-09-22,6971.84,EUR,2026-10-22,IC Sale - Logistics Services Sept 22,,PO-2026-43169
656,1000,142000,1800000656,INV/2026/09/10656,2026-09-12,3618.47,EUR,2026-10-12,IC Sale - Logistics Services Sept 12,,PO-2026-21767
657,1000,142000,1800000657,INV/2026/09/10657,2026-09-05,6738.8,EUR,2026-10-05,IC Sale - Logistics Services Sept 05,,PO-2026-53641
658,1000,142000,1800000658,INV/2026/09/10658,2026-09-11,302.31,EUR,2026-10-11,IC Sale - Logistics Services Sept 11,,PO-2026-91908
659,1000,142000,1800000659,INV/2026/09/10659,2026-09-10,2642.74,EUR,2026-10-10,IC Sale - Logistics Services Sept 10,,PO-2026-79533
660,1000,142000,1800000660,INV/2026/09/10660,2026-09-18,3203.34,EUR,2026-10-18,IC Sale - Logistics Services Sept 18,,PO-2026-82762
661,1000,142000,1800000661,INV/2026/09/10661,2026-09-26,1956.97,EUR,2026-10-26,IC Sale - Logistics Services Sept 26,,PO-2026-76823
662,1000,142000,1800000662,INV/2026/09/10662,2026-09-29,718.43,EUR,2026-10-29,IC Sale - Logistics Services Sept 29,,PO-2026-29464
663,1000,142000,1800000663,INV/2026/09/10663,2026-09-07,14567.7,EUR,2026-10-07,IC Sale - Logistics Services Sept 07,,PO-2026-59904
664,1000,142000,1800000664,INV/2026/09/10664,2026-09-21,186.66,EUR,2026-10-21,IC Sale - Logistics Services Sept 21,,PO-2026-70335
665,1000,142000,1800000665,INV/2026/09/10665,2026-09-05,5309.5,EUR,2026-10-05,IC Sale - Logistics Services Sept 05,,PO-2026-59604
666,1000,142000,1800000666,INV/2026/09/10666,2026-09-06,204.19,EUR,2026-10-06,IC Sale - Logistics Services Sept 06,,PO-2026-82740
667,1000,142000,1800000667,INV/2026/09/10667,2026-09-28,3922.9,EUR,2026-10-28,IC Sale - Logistics Services Sept 28,,PO-2026-13008
668,1000,142000,1800000668,INV/2026/09/10668,2026-09-02,2057.28,EUR,2026-10-02,IC Sale - Logistics Services Sept 02,,PO-2026-18474
670,1000,142000,1800000670,INV/2026/09/10670,2026-09-19,514.8,EUR,2026-10-19,IC Sale - Logistics Services Sept 19,,PO-2026-29607
671,1000,142000,1800000671,INV/2026/09/10671,2026-09-03,1964.51,EUR,2026-10-03,IC Sale - Logistics Services Sept 03,,PO-2026-38046
672,1000,142000,1800000672,INV/2026/09/10672,2026-09-26,4662.36,EUR,2026-10-26,IC Sale - Logistics Services Sept 26,,PO-2026-33318
673,1000,142000,1800000673,INV/2026/09/10673,2026-09-18,1876.88,EUR,2026-10-18,IC Sale - Logistics Services Sept 18,,PO-2026-69849
674,1000,142000,1800000674,INV/2026/09/10674,2026-09-15,3208.3,EUR,2026-10-15,IC Sale - Logistics Services Sept 15,,PO-2026-93557
675,1000,142000,1800000675,INV/2026/09/10675,2026-09-12,9671.21,EUR,2026-10-12,IC Sale - Logistics Services Sept 12,,PO-2026-84878
677,1000,142000,1800000677,INV/2026/09/10677,2026-09-19,1585.22,EUR,2026-10-19,IC Sale - Logistics Services Sept 19,,PO-2026-56892
678,1000,142000,1800000678,INV/2026/09/10678,2026-09-15,1090.28,EUR,2026-10-15,IC Sale - Logistics Services Sept 15,,PO-2026-63677
679,1000,142000,1800000679,INV/2026/09/10679,2026-09-27,9479.56,EUR,2026-10-27,IC Sale - Logistics Services Sept 27,,PO-2026-79452
680,1000,142000,1800000680,INV/2026/09/10680,2026-09-10,6299.19,EUR,2026-10-10,IC Sale - Logistics Services Sept 10,,PO-2026-64219
681,1000,142000,1800000681,INV/2026/09/10681,2026-09-15,2040.39,EUR,2026-10-15,IC Sale - Logistics Services Sept 15,,PO-2026-53141
682,1000,142000,1800000682,INV/2026/09/10682,2026-09-10,2178.79,EUR,2026-10-10,IC Sale - Logistics Services Sept 10,,PO-2026-79263
683,1000,142000,1800000683,INV/2026/09/10683,2026-09-04,2615.45,EUR,2026-10-04,IC Sale - Logistics Services Sept 04,,PO-2026-39231
684,1000,142000,1800000684,INV/2026/09/10684,2026-09-12,4412.8,EUR,2026-10-12,IC Sale - Logistics Services Sept 12,,PO-2026-97779
685,1000,142000,1800000685,INV/2026/09/10685,2026-09-13,4216.76,EUR,2026-10-13,IC Sale - Logistics Services Sept 13,,PO-2026-60655
686,1000,142000,1800000686,INV/2026/09/10686,2026-09-09,729.69,EUR,2026-10-09,IC Sale - Logistics Services Sept 09,,PO-2026-23570
687,1000,142000,1800000687,INV/2026/09/10687,2026-09-12,738.63,EUR,2026-10-12,IC Sale - Logistics Services Sept 12,,PO-2026-31617
688,1000,142000,1800000688,INV/2026/09/10688,2026-09-07,805.58,EUR,2026-10-07,IC Sale - Logistics Services Sept 07,,PO-2026-55815
689,1000,142000,1800000689,INV/2026/09/10689,2026-09-14,9513.22,EUR,2026-10-14,IC Sale - Logistics Services Sept 14,,PO-2026-71189
690,1000,142000,1800000690,INV/2026/09/10690,2026-09-03,227.17,EUR,2026-10-03,IC Sale - Logistics Services Sept 03,,PO-2026-42420
691,1000,142000,1800000691,INV/2026/09/10691,2026-09-19,1406.45,EUR,2026-10-19,IC Sale - Logistics Services Sept 19,,PO-2026-79031
692,1000,142000,1800000692,INV/2026/09/10692,2026-09-12,599.49,EUR,2026-10-12,IC Sale - Logistics Services Sept 12,,PO-2026-96405
693,1000,142000,1800000693,INV/2026/09/10693,2026-09-04,3957.38,EUR,2026-10-04,IC Sale - Logistics Services Sept 04,,PO-2026-56687
694,1000,142000,1800000694,INV/2026/09/10694,2026-09-20,3664.6,EUR,2026-10-20,IC Sale - Logistics Services Sept 20,,PO-2026-37628
695,1000,142000,1800000695,INV/2026/09/10695,2026-09-02,9723.75,EUR,2026-10-02,IC Sale - Logistics Services Sept 02,,PO-2026-99887
696,1000,142000,1800000696,INV/2026/09/10696,2026-09-06,5714.32,EUR,2026-10-06,IC Sale - Logistics Services Sept 06,,PO-2026-62634
697,1000,142000,1800000697,INV/2026/09/10697,2026-09-04,193.53,EUR,2026-10-04,IC Sale - Logistics Services Sept 04,,PO-2026-26289
698,1000,142000,1800000698,INV/2026/09/10698,2026-09-06,5470.73,EUR,2026-10-06,IC Sale - Logistics Services Sept 06,,PO-2026-60095
699,1000,142000,1800000699,INV/2026/09/10699,2026-09-08,3864.87,EUR,2026-10-08,IC Sale - Logistics Services Sept 08,,PO-2026-90372
701,1000,142000,1800000701,INV/2026/09/10701,2026-09-23,243.42,EUR,2026-10-23,IC Sale - Logistics Services Sept 23,,PO-2026-98478
702,1000,142000,1800000702,INV/2026/09/10702,2026-09-03,3825.08,EUR,2026-10-03,IC Sale - Logistics Services Sept 03,,PO-2026-46712
703,1000,142000,1800000703,INV/2026/09/10703,2026-09-29,4317.91,EUR,2026-10-29,IC Sale - Logistics Services Sept 29,,PO-2026-73711
704,1000,142000,1800000704,INV/2026/09/10704,2026-09-14,1096.43,EUR,2026-10-14,IC Sale - Logistics Services Sept 14,,PO-2026-50977
705,1000,142000,1800000705,INV/2026/09/10705,2026-09-11,10618.96,EUR,2026-10-11,IC Sale - Logistics Services Sept 11,,PO-2026-74412
706,1000,142000,1800000706,INV/2026/09/10706,2026-09-26,6370.02,EUR,2026-10-26,IC Sale - Logistics Services Sept 26,,PO-2026-96876
707,1000,142000,1800000707,INV/2026/09/10707,2026-09-10,6788.04,EUR,2026-10-10,IC Sale - Logistics Services Sept 10,,PO-2026-24079
708,1000,142000,1800000708,INV/2026/09/10708,2026-09-16,3852.33,EUR,2026-10-16,IC Sale - Logistics Services Sept 16,,PO-2026-48276
709,1000,142000,1800000709,INV/2026/09/10709,2026-09-16,4178.5,EUR,2026-10-16,IC Sale - Logistics Services Sept 16,,PO-2026-71653
711,1000,142000,1800000711,INV/2026/09/10711,2026-09-08,1222.37,EUR,2026-10-08,IC Sale - Logistics Services Sept 08,,PO-2026-42777
712,1000,142000,1800000712,INV/2026/09/10712,2026-09-27,1840.32,EUR,2026-10-27,IC Sale - Logistics Services Sept 27,,PO-2026-93106
713,1000,142000,1800000713,INV/2026/09/10713,2026-09-05,1628.29,EUR,2026-10-05,IC Sale - Logistics Services Sept 05,,PO-2026-98676
714,1000,142000,1800000714,INV/2026/09/10714,2026-09-10,1670.07,EUR,2026-10-10,IC Sale - Logistics Services Sept 10,,PO-2026-97690
715,1000,142000,1800000715,INV/2026/09/10715,2026-09-17,4305.34,EUR,2026-10-17,IC Sale - Logistics Services Sept 17,,PO-2026-49266
716,1000,142000,1800000716,INV/2026/09/10716,2026-09-14,7268.24,EUR,2026-10-14,IC Sale - Logistics Services Sept 14,,PO-2026-19418
717,1000,142000,1800000717,INV/2026/09/10717,2026-09-14,13348.01,EUR,2026-10-14,IC Sale - Logistics Services Sept 14,,PO-2026-74490
718,1000,142000,1800000718,INV/2026/09/10718,2026-09-02,7345.22,EUR,2026-10-02,IC Sale - Logistics Services Sept 02,,PO-2026-97051
719,1000,142000,1800000719,INV/2026/09/10719,2026-09-16,2514.36,EUR,2026-10-16,IC Sale - Logistics Services Sept 16,,PO-2026-21022
720,1000,142000,1800000720,INV/2026/09/10720,2026-09-12,6588.95,EUR,2026-10-12,IC Sale - Logistics Services Sept 12,,PO-2026-26800
721,1000,142000,1800000721,INV/2026/09/10721,2026-09-24,1010.74,EUR,2026-10-24,IC Sale - Logistics Services Sept 24,,PO-2026-73103
722,1000,142000,1800000722,INV/2026/09/10722,2026-09-18,1932.48,EUR,2026-10-18,IC Sale - Logistics Services Sept 18,,PO-2026-57512
723,1000,142000,1800000723,INV/2026/09/10723,2026-09-22,758.55,EUR,2026-10-22,IC Sale - Logistics Services Sept 22,,PO-2026-51512
724,1000,142000,1800000724,INV/2026/09/10724,2026-09-14,1924.22,EUR,2026-10-14,IC Sale - Logistics Services Sept 14,,PO-2026-71507
725,1000,142000,1800000725,INV/2026/09/10725,2026-09-16,8752.59,EUR,2026-10-16,IC Sale - Logistics Services Sept 16,,PO-2026-91023
726,1000,142000,1800000726,INV/2026/09/10726,2026-09-11,2033.67,EUR,2026-10-11,IC Sale - Logistics Services Sept 11,,PO-2026-14306
727,1000,142000,1800000727,INV/2026/09/10727,2026-09-25,5922.81,EUR,2026-10-25,IC Sale - Logistics Services Sept 25,,PO-2026-55101
728,1000,142000,1800000728,INV/2026/09/10728,2026-09-26,1019.24,EUR,2026-10-26,IC Sale - Logistics Services Sept 26,,PO-2026-84478
729,1000,142000,1800000729,INV/2026/09/10729,2026-09-21,1620.1,EUR,2026-10-21,IC Sale - Logistics Services Sept 21,,PO-2026-95860
730,1000,142000,1800000730,INV/2026/09/10730,2026-09-07,5821.92,EUR,2026-10-07,IC Sale - Logistics Services Sept 07,,PO-2026-93694
731,1000,142000,1800000731,INV/2026/09/10731,2026-09-10,1201.35,EUR,2026-10-10,IC Sale - Logistics Services Sept 10,,PO-2026-20076
732,1000,142000,1800000732,INV/2026/09/10732,2026-09-17,5996.33,EUR,2026-10-17,IC Sale - Logistics Services Sept 17,,PO-2026-71142
733,1000,142000,1800000733,INV/2026/09/10733,2026-09-22,1060.05,EUR,2026-10-22,IC Sale - Logistics Services Sept 22,,PO-2026-41250
734,1000,142000,1800000734,INV/2026/09/10734,2026-09-20,3865.55,EUR,2026-10-20,IC Sale - Logistics Services Sept 20,,PO-2026-31739
735,1000,142000,1800000735,INV/2026/09/10735,2026-09-19,3604.76,EUR,2026-10-19,IC Sale - Logistics Services Sept 19,,PO-2026-64632
736,1000,142000,1800000736,INV/2026/09/10736,2026-09-15,7748.34,EUR,2026-10-15,IC Sale - Logistics Services Sept 15,,PO-2026-15948
737,1000,142000,1800000737,INV/2026/09/10737,2026-09-17,1963.2,EUR,2026-10-17,IC Sale - Logistics Services Sept 17,,PO-2026-23517
738,1000,142000,1800000738,INV/2026/09/10738,2026-09-19,1887.09,EUR,2026-10-19,IC Sale - Logistics Services Sept 19,,PO-2026-22373
739,1000,142000,1800000739,INV/2026/09/10739,2026-09-03,2037.78,EUR,2026-10-03,IC Sale - Logistics Services Sept 03,,PO-2026-21216
740,1000,142000,1800000740,INV/2026/09/10740,2026-09-12,416.39,EUR,2026-10-12,IC Sale - Logistics Services Sept 12,,PO-2026-55021
742,1000,142000,1800000742,INV/2026/09/10742,2026-09-26,6200.09,EUR,2026-10-26,IC Sale - Logistics Services Sept 26,,PO-2026-21154
743,1000,142000,1800000743,INV/2026/09/10743,2026-09-28,9922.09,EUR,2026-10-28,IC Sale - Logistics Services Sept 28,,PO-2026-90988
745,1000,142000,1800000745,INV/2026/09/10745,2026-09-13,7455.6,EUR,2026-10-13,IC Sale - Logistics Services Sept 13,,PO-2026-37069
746,1000,142000,1800000746,INV/2026/09/10746,2026-09-02,4809.46,EUR,2026-10-02,IC Sale - Logistics Services Sept 02,,PO-2026-79565
747,1000,142000,1800000747,INV/2026/09/10747,2026-09-26,1314.65,EUR,2026-10-26,IC Sale - Logistics Services Sept 26,,PO-2026-90062
748,1000,142000,1800000748,INV/2026/09/10748,2026-09-27,656.0,EUR,2026-10-27,IC Sale - Logistics Services Sept 27,,PO-2026-15190
749,1000,142000,1800000749,INV/2026/09/10749,2026-09-05,8623.05,EUR,2026-10-05,IC Sale - Logistics Services Sept 05,,PO-2026-89779
750,1000,142000,1800000750,INV/2026/09/10750,2026-09-06,8088.43,EUR,2026-10-06,IC Sale - Logistics Services Sept 06,,PO-2026-54571
751,1000,142000,1800000751,INV/2026/09/10751,2026-09-02,7132.72,EUR,2026-10-02,IC Sale - Logistics Services Sept 02,,PO-2026-75753
753,1000,142000,1800000753,INV/2026/09/10753,2026-09-29,1021.65,EUR,2026-10-29,IC Sale - Logistics Services Sept 29,,PO-2026-50411
754,1000,142000,1800000754,INV/2026/09/10754,2026-09-02,5401.71,EUR,2026-10-02,IC Sale - Logistics Services Sept 02,,PO-2026-14973
755,1000,142000,1800000755,INV/2026/09/10755,2026-09-27,2921.2,EUR,2026-10-27,IC Sale - Logistics Services Sept 27,,PO-2026-15402
756,1000,142000,1800000756,INV/2026/09/10756,2026-09-26,163.82,EUR,2026-10-26,IC Sale - Logistics Services Sept 26,,PO-2026-62527
757,1000,142000,1800000757,INV/2026/09/10757,2026-09-09,626.71,EUR,2026-10-09,IC Sale - Logistics Services Sept 09,,PO-2026-90259
758,1000,142000,1800000758,INV/2026/09/10758,2026-09-28,189.99,EUR,2026-10-28,IC Sale - Logistics Services Sept 28,,PO-2026-94877
759,1000,142000,1800000759,INV/2026/09/10759,2026-09-17,616.73,EUR,2026-10-17,IC Sale - Logistics Services Sept 17,,PO-2026-84437
760,1000,142000,1800000760,INV/2026/09/10760,2026-09-15,482.6,EUR,2026-10-15,IC Sale - Logistics Services Sept 15,,PO-2026-48955
761,1000,142000,1800000761,INV/2026/09/10761,2026-09-16,2548.13,EUR,2026-10-16,IC Sale - Logistics Services Sept 16,,PO-2026-95673
762,1000,142000,1800000762,INV/2026/09/10762,2026-09-23,1231.98,EUR,2026-10-23,IC Sale - Logistics Services Sept 23,,PO-2026-60570
763,1000,142000,1800000763,INV/2026/09/10763,2026-09-27,837.13,EUR,2026-10-27,IC Sale - Logistics Services Sept 27,,PO-2026-69638
764,1000,142000,1800000764,INV/2026/09/10764,2026-09-20,2392.71,EUR,2026-10-20,IC Sale - Logistics Services Sept 20,,PO-2026-43466
765,1000,142000,1800000765,INV/2026/09/10765,2026-09-02,988.12,EUR,2026-10-02,IC Sale - Logistics Services Sept 02,,PO-2026-74672
767,1000,142000,1800000767,INV/2026/09/10767,2026-09-04,1429.03,EUR,2026-10-04,IC Sale - Logistics Services Sept 04,,PO-2026-89386
768,1000,142000,1800000768,INV/2026/09/10768,2026-09-18,6809.93,EUR,2026-10-18,IC Sale - Logistics Services Sept 18,,PO-2026-47755
769,1000,142000,1800000769,INV/2026/09/10769,2026-09-11,1098.11,EUR,2026-10-11,IC Sale - Logistics Services Sept 11,,PO-2026-63762
770,1000,142000,1800000770,INV/2026/09/10770,2026-09-13,9677.33,EUR,2026-10-13,IC Sale - Logistics Services Sept 13,,PO-2026-27167
771,1000,142000,1800000771,INV/2026/09/10771,2026-09-20,4399.69,EUR,2026-10-20,IC Sale - Logistics Services Sept 20,,PO-2026-67785
772,1000,142000,1800000772,INV/2026/09/10772,2026-09-09,8638.18,EUR,2026-10-09,IC Sale - Logistics Services Sept 09,,PO-2026-36858
773,1000,142000,1800000773,INV/2026/09/10773,2026-09-10,2464.19,EUR,2026-10-10,IC Sale - Logistics Services Sept 10,,PO-2026-77622
774,1000,142000,1800000774,INV/2026/09/10774,2026-09-24,292.35,EUR,2026-10-24,IC Sale - Logistics Services Sept 24,,PO-2026-58337
775,1000,142000,1800000775,INV/2026/09/10775,2026-09-23,4583.58,EUR,2026-10-23,IC Sale - Logistics Services Sept 23,,PO-2026-90154
776,1000,142000,1800000776,INV/2026/09/10776,2026-09-12,257.15,EUR,2026-10-12,IC Sale - Logistics Services Sept 12,,PO-2026-27486
777,1000,142000,1800000777,INV/2026/09/10777,2026-09-17,10835.65,EUR,2026-10-17,IC Sale - Logistics Services Sept 17,,PO-2026-69340
778,1000,142000,1800000778,INV/2026/09/10778,2026-09-14,3793.81,EUR,2026-10-14,IC Sale - Logistics Services Sept 14,,PO-2026-54552
779,1000,142000,1800000779,INV/2026/09/10779,2026-09-23,987.93,EUR,2026-10-23,IC Sale - Logistics Services Sept 23,,PO-2026-20183
780,1000,142000,1800000780,INV/2026/09/10780,2026-09-19,9510.92,EUR,2026-10-19,IC Sale - Logistics Services Sept 19,,PO-2026-99055
782,1000,142000,1800000782,INV/2026/09/10782,2026-09-26,3183.57,EUR,2026-10-26,IC Sale - Logistics Services Sept 26,,PO-2026-95040
783,1000,142000,1800000783,INV/2026/09/10783,2026-09-08,13317.58,EUR,2026-10-08,IC Sale - Logistics Services Sept 08,,PO-2026-40294
784,1000,142000,1800000784,INV/2026/09/10784,2026-09-25,12332.29,EUR,2026-10-25,IC Sale - Logistics Services Sept 25,,PO-2026-67492
785,1000,142000,1800000785,INV/2026/09/10785,2026-09-02,3285.34,EUR,2026-10-02,IC Sale - Logistics Services Sept 02,,PO-2026-45574
786,1000,142000,1800000786,INV/2026/09/10786,2026-09-07,10834.63,EUR,2026-10-07,IC Sale - Logistics Services Sept 07,,PO-2026-52569
787,1000,142000,1800000787,INV/2026/09/10787,2026-09-04,7149.34,EUR,2026-10-04,IC Sale - Logistics Services Sept 04,,PO-2026-94570
788,1000,142000,1800000788,INV/2026/09/10788,2026-09-04,7153.54,EUR,2026-10-04,IC Sale - Logistics Services Sept 04,,PO-2026-60490
789,1000,142000,1800000789,INV/2026/09/10789,2026-09-04,4579.4,EUR,2026-10-04,IC Sale - Logistics Services Sept 04,,PO-2026-24830
790,1000,142000,1800000790,INV/2026/09/10790,2026-09-14,2114.26,EUR,2026-10-14,IC Sale - Logistics Services Sept 14,,PO-2026-24131
791,1000,142000,1800000791,INV/2026/09/10791,2026-09-23,278.07,EUR,2026-10-23,IC Sale - Logistics Services Sept 23,,PO-2026-24352
792,1000,142000,1800000792,INV/2026/09/10792,2026-09-21,5758.97,EUR,2026-10-21,IC Sale - Logistics Services Sept 21,,PO-2026-17397
794,1000,142000,1800000794,INV/2026/09/10794,2026-09-17,9482.0,EUR,2026-10-17,IC Sale - Logistics Services Sept 17,,PO-2026-99803
795,1000,142000,1800000795,INV/2026/09/10795,2026-09-17,3111.05,EUR,2026-10-17,IC Sale - Logistics Services Sept 17,,PO-2026-88209
796,1000,142000,1800000796,INV/2026/09/10796,2026-09-23,6315.95,EUR,2026-10-23,IC Sale - Logistics Services Sept 23,,PO-2026-26852
798,1000,142000,1800000798,INV/2026/09/10798,2026-09-17,2927.99,EUR,2026-10-17,IC Sale - Logistics Services Sept 17,,PO-2026-34848
800,1000,142000,1800000800,INV/2026/09/10800,2026-09-20,5377.84,EUR,2026-10-20,IC Sale - Logistics Services Sept 20,,PO-2026-30044
801,1000,142000,1800000801,INV/2026/09/10801,2026-09-12,584.01,EUR,2026-10-12,IC Sale - Logistics Services Sept 12,,PO-2026-65442
802,1000,142000,1800000802,INV/2026/09/10802,2026-09-22,2135.54,EUR,2026-10-22,IC Sale - Logistics Services Sept 22,,PO-2026-31261
803,1000,142000,1800000803,INV/2026/09/10803,2026-09-16,520.99,EUR,2026-10-16,IC Sale - Logistics Services Sept 16,,PO-2026-45152
804,1000,142000,1800000804,INV/2026/09/10804,2026-09-15,376.02,EUR,2026-10-15,IC Sale - Logistics Services Sept 15,,PO-2026-59227
805,1000,142000,1800000805,INV/2026/09/10805,2026-09-14,879.95,EUR,2026-10-14,IC Sale - Logistics Services Sept 14,,PO-2026-67050
806,1000,142000,1800000806,INV/2026/09/10806,2026-09-16,1757.44,EUR,2026-10-16,IC Sale - Logistics Services Sept 16,,PO-2026-42629
807,1000,142000,1800000807,INV/2026/09/10807,2026-09-28,1589.06,EUR,2026-10-28,IC Sale - Logistics Services Sept 28,,PO-2026-86922
808,1000,142000,1800000808,INV/2026/09/10808,2026-09-21,293.7,EUR,2026-10-21,IC Sale - Logistics Services Sept 21,,PO-2026-37000
809,1000,142000,1800000809,INV/2026/09/10809,2026-09-20,2254.53,EUR,2026-10-20,IC Sale - Logistics Services Sept 20,,PO-2026-28918
810,1000,142000,1800000810,INV/2026/09/10810,2026-09-22,937.74,EUR,2026-10-22,IC Sale - Logistics Services Sept 22,,PO-2026-11129
811,1000,142000,1800000811,INV/2026/09/10811,2026-09-22,7046.12,EUR,2026-10-22,IC Sale - Logistics Services Sept 22,,PO-2026-72353
812,1000,142000,1800000812,INV/2026/09/10812,2026-09-08,1711.39,EUR,2026-10-08,IC Sale - Logistics Services Sept 08,,PO-2026-72567
814,1000,142000,1800000814,INV/2026/09/10814,2026-09-22,1873.85,EUR,2026-10-22,IC Sale - Logistics Services Sept 22,,PO-2026-57220
815,1000,142000,1800000815,INV/2026/09/10815,2026-09-02,2390.14,EUR,2026-10-02,IC Sale - Logistics Services Sept 02,,PO-2026-44047
816,1000,142000,1800000816,INV/2026/09/10816,2026-09-07,2790.72,EUR,2026-10-07,IC Sale - Logistics Services Sept 07,,PO-2026-12531
817,1000,142000,1800000817,INV/2026/09/10817,2026-09-28,16568.39,EUR,2026-10-28,IC Sale - Logistics Services Sept 28,,PO-2026-53337
818,1000,142000,1800000818,INV/2026/09/10818,2026-09-18,2438.66,EUR,2026-10-18,IC Sale - Logistics Services Sept 18,,PO-2026-23588
819,1000,142000,1800000819,INV/2026/09/10819,2026-09-12,2934.21,EUR,2026-10-12,IC Sale - Logistics Services Sept 12,,PO-2026-97421
820,1000,142000,1800000820,INV/2026/09/10820,2026-09-04,580.27,EUR,2026-10-04,IC Sale - Logistics Services Sept 04,,PO-2026-79266
821,1000,142000,1800000821,INV/2026/09/10821,2026-09-08,3905.75,EUR,2026-10-08,IC Sale - Logistics Services Sept 08,,PO-2026-65166
822,1000,142000,1800000822,INV/2026/09/10822,2026-09-09,312.03,EUR,2026-10-09,IC Sale - Logistics Services Sept 09,,PO-2026-17800
823,1000,142000,1800000823,INV/2026/09/10823,2026-09-29,5581.36,EUR,2026-10-29,IC Sale - Logistics Services Sept 29,,PO-2026-28328
824,1000,142000,1800000824,INV/2026/09/10824,2026-09-27,6603.44,EUR,2026-10-27,IC Sale - Logistics Services Sept 27,,PO-2026-88908
825,1000,142000,1800000825,INV/2026/09/10825,2026-09-16,3281.49,EUR,2026-10-16,IC Sale - Logistics Services Sept 16,,PO-2026-76963
826,1000,142000,1800000826,INV/2026/09/10826,2026-09-16,8124.26,EUR,2026-10-16,IC Sale - Logistics Services Sept 16,,PO-2026-94612
827,1000,142000,1800000827,INV/2026/09/10827,2026-09-05,3266.8,EUR,2026-10-05,IC Sale - Logistics Services Sept 05,,PO-2026-25339
828,1000,142000,1800000828,INV/2026/09/10828,2026-09-12,1430.26,EUR,2026-10-12,IC Sale - Logistics Services Sept 12,,PO-2026-58555
829,1000,142000,1800000829,INV/2026/09/10829,2026-09-22,3929.03,EUR,2026-10-22,IC Sale - Logistics Services Sept 22,,PO-2026-21271
830,1000,142000,1800000830,INV/2026/09/10830,2026-09-03,905.29,EUR,2026-10-03,IC Sale - Logistics Services Sept 03,,PO-2026-62675
831,1000,142000,1800000831,INV/2026/09/10831,2026-09-05,4615.12,EUR,2026-10-05,IC Sale - Logistics Services Sept 05,,PO-2026-15618
832,1000,142000,1800000832,INV/2026/09/10832,2026-09-16,5119.98,EUR,2026-10-16,IC Sale - Logistics Services Sept 16,,PO-2026-53807
833,1000,142000,1800000833,INV/2026/09/10833,2026-09-18,959.31,EUR,2026-10-18,IC Sale - Logistics Services Sept 18,,PO-2026-10061
834,1000,142000,1800000834,INV/2026/09/10834,2026-09-26,7546.96,EUR,2026-10-26,IC Sale - Logistics Services Sept 26,,PO-2026-52033
835,1000,142000,1800000835,INV/2026/09/10835,2026-09-08,4117.54,EUR,2026-10-08,IC Sale - Logistics Services Sept 08,,PO-2026-28547
836,1000,142000,1800000836,INV/2026/09/10836,2026-09-29,690.4,EUR,2026-10-29,IC Sale - Logistics Services Sept 29,,PO-2026-48904
837,1000,142000,1800000837,INV/2026/09/10837,2026-09-16,4184.57,EUR,2026-10-16,IC Sale - Logistics Services Sept 16,,PO-2026-38061
838,1000,142000,1800000838,INV/2026/09/10838,2026-09-11,982.45,EUR,2026-10-11,IC Sale - Logistics Services Sept 11,,PO-2026-49199
840,1000,142000,1800000840,INV/2026/09/10840,2026-09-03,945.08,EUR,2026-10-03,IC Sale - Logistics Services Sept 03,,PO-2026-15157
841,1000,142000,1800000841,INV/2026/09/10841,2026-09-19,9157.31,EUR,2026-10-19,IC Sale - Logistics Services Sept 19,,PO-2026-33275
842,1000,142000,1800000842,INV/2026/09/10842,2026-09-25,4524.2,EUR,2026-10-25,IC Sale - Logistics Services Sept 25,,PO-2026-82642
843,1000,142000,1800000843,INV/2026/09/10843,2026-09-12,436.52,EUR,2026-10-12,IC Sale - Logistics Services Sept 12,,PO-2026-59372
844,1000,142000,1800000844,INV/2026/09/10844,2026-09-19,3155.47,EUR,2026-10-19,IC Sale - Logistics Services Sept 19,,PO-2026-48283
845,1000,142000,1800000845,INV/2026/09/10845,2026-09-15,1319.34,EUR,2026-10-15,IC Sale - Logistics Services Sept 15,,PO-2026-79413
846,1000,142000,1800000846,INV/2026/09/10846,2026-09-11,1204.62,EUR,2026-10-11,IC Sale - Logistics Services Sept 11,,PO-2026-19327
847,1000,142000,1800000847,INV/2026/09/10847,2026-09-26,3731.8,EUR,2026-10-26,IC Sale - Logistics Services Sept 26,,PO-2026-52253
848,1000,142000,1800000848,INV/2026/09/10848,2026-09-02,1597.52,EUR,2026-10-02,IC Sale - Logistics Services Sept 02,,PO-2026-91952
849,1000,142000,1800000849,INV/2026/09/10849,2026-09-13,5645.42,EUR,2026-10-13,IC Sale - Logistics Services Sept 13,,PO-2026-61215
850,1000,142000,1800000850,INV/2026/09/10850,2026-09-14,11678.65,EUR,2026-10-14,IC Sale - Logistics Services Sept 14,,PO-2026-24194
851,1000,142000,1800000851,INV/2026/09/10851,2026-09-29,5238.25,EUR,2026-10-29,IC Sale - Logistics Services Sept 29,,PO-2026-90851
852,1000,142000,1800000852,INV/2026/09/10852,2026-09-26,9221.16,EUR,2026-10-26,IC Sale - Logistics Services Sept 26,,PO-2026-41169
853,1000,142000,1800000853,INV/2026/09/10853,2026-09-14,4251.4,EUR,2026-10-14,IC Sale - Logistics Services Sept 14,,PO-2026-28005
854,1000,142000,1800000854,INV/2026/09/10854,2026-09-09,1377.16,EUR,2026-10-09,IC Sale - Logistics Services Sept 09,,PO-2026-57890
855,1000,142000,1800000855,INV/2026/09/10855,2026-09-03,7822.73,EUR,2026-10-03,IC Sale - Logistics Services Sept 03,,PO-2026-22248
856,1000,142000,1800000856,INV/2026/09/10856,2026-09-07,3583.42,EUR,2026-10-07,IC Sale - Logistics Services Sept 07,,PO-2026-89726
857,1000,142000,1800000857,INV/2026/09/10857,2026-09-02,5021.27,EUR,2026-10-02,IC Sale - Logistics Services Sept 02,,PO-2026-83823
858,1000,142000,1800000858,INV/2026/09/10858,2026-09-14,4439.87,EUR,2026-10-14,IC Sale - Logistics Services Sept 14,,PO-2026-23526
859,1000,142000,1800000859,INV/2026/09/10859,2026-09-02,2393.48,EUR,2026-10-02,IC Sale - Logistics Services Sept 02,,PO-2026-43332
860,1000,142000,1800000860,INV/2026/09/10860,2026-09-22,2480.08,EUR,2026-10-22,IC Sale - Logistics Services Sept 22,,PO-2026-15277
861,1000,142000,1800000861,INV/2026/09/10861,2026-09-02,2899.97,EUR,2026-10-02,IC Sale - Logistics Services Sept 02,,PO-2026-46444
862,1000,142000,1800000862,INV/2026/09/10862,2026-09-22,2456.17,EUR,2026-10-22,IC Sale - Logistics Services Sept 22,,PO-2026-39229
863,1000,142000,1800000863,INV/2026/09/10863,2026-09-20,5752.92,EUR,2026-10-20,IC Sale - Logistics Services Sept 20,,PO-2026-13061
864,1000,142000,1800000864,INV/2026/09/10864,2026-09-10,406.35,EUR,2026-10-10,IC Sale - Logistics Services Sept 10,,PO-2026-87530
865,1000,142000,1800000865,INV/2026/09/10865,2026-09-20,4213.86,EUR,2026-10-20,IC Sale - Logistics Services Sept 20,,PO-2026-66370
866,1000,142000,1800000866,INV/2026/09/10866,2026-09-14,10226.63,EUR,2026-10-14,IC Sale - Logistics Services Sept 14,,PO-2026-93519
867,1000,142000,1800000867,INV/2026/09/10867,2026-09-28,4088.36,EUR,2026-10-28,IC Sale - Logistics Services Sept 28,,PO-2026-24592
868,1000,142000,1800000868,INV/2026/09/10868,2026-09-05,11335.72,EUR,2026-10-05,IC Sale - Logistics Services Sept 05,,PO-2026-80751
869,1000,142000,1800000869,INV/2026/09/10869,2026-09-15,1968.7,EUR,2026-10-15,IC Sale - Logistics Services Sept 15,,PO-2026-41616
870,1000,142000,1800000870,INV/2026/09/10870,2026-09-13,2566.75,EUR,2026-10-13,IC Sale - Logistics Services Sept 13,,PO-2026-99976
871,1000,142000,1800000871,INV/2026/09/10871,2026-09-18,2443.41,EUR,2026-10-18,IC Sale - Logistics Services Sept 18,,PO-2026-85786
872,1000,142000,1800000872,INV/2026/09/10872,2026-09-26,636.35,EUR,2026-10-26,IC Sale - Logistics Services Sept 26,,PO-2026-81063
873,1000,142000,1800000873,INV/2026/09/10873,2026-09-08,4930.48,EUR,2026-10-08,IC Sale - Logistics Services Sept 08,,PO-2026-74027
874,1000,142000,1800000874,INV/2026/09/10874,2026-09-02,5062.02,EUR,2026-10-02,IC Sale - Logistics Services Sept 02,,PO-2026-90271
875,1000,142000,1800000875,INV/2026/09/10875,2026-09-17,1861.34,EUR,2026-10-17,IC Sale - Logistics Services Sept 17,,PO-2026-87966
876,1000,142000,1800000876,INV/2026/09/10876,2026-09-21,8818.66,EUR,2026-10-21,IC Sale - Logistics Services Sept 21,,PO-2026-74437
877,1000,142000,1800000877,INV/2026/09/10877,2026-09-18,5839.95,EUR,2026-10-18,IC Sale - Logistics Services Sept 18,,PO-2026-70897
878,1000,142000,1800000878,INV/2026/09/10878,2026-09-20,1097.18,EUR,2026-10-20,IC Sale - Logistics Services Sept 20,,PO-2026-75622
879,1000,142000,1800000879,INV/2026/09/10879,2026-09-02,4523.93,EUR,2026-10-02,IC Sale - Logistics Services Sept 02,,PO-2026-66858
881,1000,142000,1800000881,INV/2026/09/10881,2026-09-08,3926.52,EUR,2026-10-08,IC Sale - Logistics Services Sept 08,,PO-2026-14334
882,1000,142000,1800000882,INV/2026/09/10882,2026-09-18,2406.32,EUR,2026-10-18,IC Sale - Logistics Services Sept 18,,PO-2026-26716
883,1000,142000,1800000883,INV/2026/09/10883,2026-09-28,5650.82,EUR,2026-10-28,IC Sale - Logistics Services Sept 28,,PO-2026-62665
884,1000,142000,1800000884,INV/2026/09/10884,2026-09-10,4253.45,EUR,2026-10-10,IC Sale - Logistics Services Sept 10,,PO-2026-64011
885,1000,142000,1800000885,INV/2026/09/10885,2026-09-08,1274.89,EUR,2026-10-08,IC Sale - Logistics Services Sept 08,,PO-2026-28258
886,1000,142000,1800000886,INV/2026/09/10886,2026-09-02,404.12,EUR,2026-10-02,IC Sale - Logistics Services Sept 02,,PO-2026-37523
887,1000,142000,1800000887,INV/2026/09/10887,2026-09-08,1224.49,EUR,2026-10-08,IC Sale - Logistics Services Sept 08,,PO-2026-83659
888,1000,142000,1800000888,INV/2026/09/10888,2026-09-25,2907.67,EUR,2026-10-25,IC Sale - Logistics Services Sept 25,,PO-2026-67386
889,1000,142000,1800000889,INV/2026/09/10889,2026-09-24,10052.4,EUR,2026-10-24,IC Sale - Logistics Services Sept 24,,PO-2026-52099
890,1000,142000,1800000890,INV/2026/09/10890,2026-09-04,243.92,EUR,2026-10-04,IC Sale - Logistics Services Sept 04,,PO-2026-23392
891,1000,142000,1800000891,INV/2026/09/10891,2026-09-13,330.72,EUR,2026-10-13,IC Sale - Logistics Services Sept 13,,PO-2026-32278
892,1000,142000,1800000892,INV/2026/09/10892,2026-09-22,454.64,EUR,2026-10-22,IC Sale - Logistics Services Sept 22,,PO-2026-94506
893,1000,142000,1800000893,INV/2026/09/10893,2026-09-22,1368.61,EUR,2026-10-22,IC Sale - Logistics Services Sept 22,,PO-2026-38364
894,1000,142000,1800000894,INV/2026/09/10894,2026-09-29,9262.38,EUR,2026-10-29,IC Sale - Logistics Services Sept 29,,PO-2026-19983
895,1000,142000,1800000895,INV/2026/09/10895,2026-09-18,2588.2,EUR,2026-10-18,IC Sale - Logistics Services Sept 18,,PO-2026-18331
896,1000,142000,1800000896,INV/2026/09/10896,2026-09-17,3106.8,EUR,2026-10-17,IC Sale - Logistics Services Sept 17,,PO-2026-98845
897,1000,142000,1800000897,INV/2026/09/10897,2026-09-15,1066.71,EUR,2026-10-15,IC Sale - Logistics Services Sept 15,,PO-2026-74101
899,1000,142000,1800000899,INV/2026/09/10899,2026-09-26,2754.13,EUR,2026-10-26,IC Sale - Logistics Services Sept 26,,PO-2026-33025
900,1000,142000,1800000900,INV/2026/09/10900,2026-09-11,4264.62,EUR,2026-10-11,IC Sale - Logistics Services Sept 11,,PO-2026-62758
901,1000,142000,1800000901,INV/2026/09/10901,2026-09-08,2684.87,EUR,2026-10-08,IC Sale - Logistics Services Sept 08,,PO-2026-17618
902,1000,142000,1800000902,INV/2026/09/10902,2026-09-02,6158.26,EUR,2026-10-02,IC Sale - Logistics Services Sept 02,,PO-2026-45114
903,1000,142000,1800000903,INV/2026/09/10903,2026-09-10,8281.52,EUR,2026-10-10,IC Sale - Logistics Services Sept 10,,PO-2026-15864
904,1000,142000,1800000904,INV/2026/09/10904,2026-09-24,1514.03,EUR,2026-10-24,IC Sale - Logistics Services Sept 24,,PO-2026-71782
905,1000,142000,1800000905,INV/2026/09/10905,2026-09-04,624.72,EUR,2026-10-04,IC Sale - Logistics Services Sept 04,,PO-2026-69648
906,1000,142000,1800000906,INV/2026/09/10906,2026-09-26,3728.82,EUR,2026-10-26,IC Sale - Logistics Services Sept 26,,PO-2026-55377
907,1000,142000,1800000907,INV/2026/09/10907,2026-09-12,5711.53,EUR,2026-10-12,IC Sale - Logistics Services Sept 12,,PO-2026-35320
908,1000,142000,1800000908,INV/2026/09/10908,2026-09-28,500.53,EUR,2026-10-28,IC Sale - Logistics Services Sept 28,,PO-2026-36692
909,1000,142000,1800000909,INV/2026/09/10909,2026-09-22,5299.34,EUR,2026-10-22,IC Sale - Logistics Services Sept 22,,PO-2026-69313
910,1000,142000,1800000910,INV/2026/09/10910,2026-09-20,1517.13,EUR,2026-10-20,IC Sale - Logistics Services Sept 20,,PO-2026-26733
911,1000,142000,1800000911,INV/2026/09/10911,2026-09-13,2925.57,EUR,2026-10-13,IC Sale - Logistics Services Sept 13,,PO-2026-17778
912,1000,142000,1800000912,INV/2026/09/10912,2026-09-22,1855.66,EUR,2026-10-22,IC Sale - Logistics Services Sept 22,,PO-2026-72083
913,1000,142000,1800000913,INV/2026/09/10913,2026-09-02,3711.94,EUR,2026-10-02,IC Sale - Logistics Services Sept 02,,PO-2026-64442
914,1000,142000,1800000914,INV/2026/09/10914,2026-09-23,2096.86,EUR,2026-10-23,IC Sale - Logistics Services Sept 23,,PO-2026-44628
915,1000,142000,1800000915,INV/2026/09/10915,2026-09-29,2072.3,EUR,2026-10-29,IC Sale - Logistics Services Sept 29,,PO-2026-10006
916,1000,142000,1800000916,INV/2026/09/10916,2026-09-15,2364.92,EUR,2026-10-15,IC Sale - Logistics Services Sept 15,,PO-2026-28926
917,1000,142000,1800000917,INV/2026/09/10917,2026-09-17,759.63,EUR,2026-10-17,IC Sale - Logistics Services Sept 17,,PO-2026-56563
918,1000,142000,1800000918,INV/2026/09/10918,2026-09-24,8309.21,EUR,2026-10-24,IC Sale - Logistics Services Sept 24,,PO-2026-59821
919,1000,142000,1800000919,INV/2026/09/10919,2026-09-09,6888.33,EUR,2026-10-09,IC Sale - Logistics Services Sept 09,,PO-2026-50374
920,1000,142000,1800000920,INV/2026/09/10920,2026-09-21,1139.73,EUR,2026-10-21,IC Sale - Logistics Services Sept 21,,PO-2026-24943
922,1000,142000,1800000922,INV/2026/09/10922,2026-09-08,3166.62,EUR,2026-10-08,IC Sale - Logistics Services Sept 08,,PO-2026-49480
923,1000,142000,1800000923,INV/2026/09/10923,2026-09-20,1124.58,EUR,2026-10-20,IC Sale - Logistics Services Sept 20,,PO-2026-36888
924,1000,142000,1800000924,INV/2026/09/10924,2026-09-23,2995.32,EUR,2026-10-23,IC Sale - Logistics Services Sept 23,,PO-2026-44803
925,1000,142000,1800000925,INV/2026/09/10925,2026-09-06,1094.85,EUR,2026-10-06,IC Sale - Logistics Services Sept 06,,PO-2026-86459
926,1000,142000,1800000926,INV/2026/09/10926,2026-09-25,2667.31,EUR,2026-10-25,IC Sale - Logistics Services Sept 25,,PO-2026-29525
927,1000,142000,1800000927,INV/2026/09/10927,2026-09-25,382.16,EUR,2026-10-25,IC Sale - Logistics Services Sept 25,,PO-2026-63636
928,1000,142000,1800000928,INV/2026/09/10928,2026-09-06,505.38,EUR,2026-10-06,IC Sale - Logistics Services Sept 06,,PO-2026-86463
929,1000,142000,1800000929,INV/2026/09/10929,2026-09-14,1511.45,EUR,2026-10-14,IC Sale - Logistics Services Sept 14,,PO-2026-67753
930,1000,142000,1800000930,INV/2026/09/10930,2026-09-23,3061.09,EUR,2026-10-23,IC Sale - Logistics Services Sept 23,,PO-2026-48543
931,1000,142000,1800000931,INV/2026/09/10931,2026-09-13,4515.4,EUR,2026-10-13,IC Sale - Logistics Services Sept 13,,PO-2026-68325
933,1000,142000,1800000933,INV/2026/09/10933,2026-09-10,8851.77,EUR,2026-10-10,IC Sale - Logistics Services Sept 10,,PO-2026-36081
934,1000,142000,1800000934,INV/2026/09/10934,2026-09-25,3866.96,EUR,2026-10-25,IC Sale - Logistics Services Sept 25,,PO-2026-95217
935,1000,142000,1800000935,INV/2026/09/10935,2026-09-11,7660.99,EUR,2026-10-11,IC Sale - Logistics Services Sept 11,,PO-2026-87264
936,1000,142000,1800000936,INV/2026/09/10936,2026-09-12,3027.62,EUR,2026-10-12,IC Sale - Logistics Services Sept 12,,PO-2026-26277
937,1000,142000,1800000937,INV/2026/09/10937,2026-09-21,814.6,EUR,2026-10-21,IC Sale - Logistics Services Sept 21,,PO-2026-65001
938,1000,142000,1800000938,INV/2026/09/10938,2026-09-10,1221.34,EUR,2026-10-10,IC Sale - Logistics Services Sept 10,,PO-2026-57438
939,1000,142000,1800000939,INV/2026/09/10939,2026-09-17,5149.49,EUR,2026-10-17,IC Sale - Logistics Services Sept 17,,PO-2026-98967
940,1000,142000,1800000940,INV/2026/09/10940,2026-09-04,7660.65,EUR,2026-10-04,IC Sale - Logistics Services Sept 04,,PO-2026-84843
941,1000,142000,1800000941,INV/2026/09/10941,2026-09-05,2525.05,EUR,2026-10-05,IC Sale - Logistics Services Sept 05,,PO-2026-81796
942,1000,142000,1800000942,INV/2026/09/10942,2026-09-23,4884.22,EUR,2026-10-23,IC Sale - Logistics Services Sept 23,,PO-2026-91474
943,1000,142000,1800000943,INV/2026/09/10943,2026-09-29,2088.85,EUR,2026-10-29,IC Sale - Logistics Services Sept 29,,PO-2026-33701
944,1000,142000,1800000944,INV/2026/09/10944,2026-09-15,1738.39,EUR,2026-10-15,IC Sale - Logistics Services Sept 15,,PO-2026-86565
945,1000,142000,1800000945,INV/2026/09/10945,2026-09-04,383.31,EUR,2026-10-04,IC Sale - Logistics Services Sept 04,,PO-2026-17438
946,1000,142000,1800000946,INV/2026/09/10946,2026-09-16,2957.13,EUR,2026-10-16,IC Sale - Logistics Services Sept 16,,PO-2026-22739
947,1000,142000,1800000947,INV/2026/09/10947,2026-09-28,2494.14,EUR,2026-10-28,IC Sale - Logistics Services Sept 28,,PO-2026-48712
948,1000,142000,1800000948,INV/2026/09/10948,2026-09-27,9648.36,EUR,2026-10-27,IC Sale - Logistics Services Sept 27,,PO-2026-66918
949,1000,142000,1800000949,INV/2026/09/10949,2026-09-20,16005.53,EUR,2026-10-20,IC Sale - Logistics Services Sept 20,,PO-2026-27051
950,1000,142000,1800000950,INV/2026/09/10950,2026-09-28,2889.33,EUR,2026-10-28,IC Sale - Logistics Services Sept 28,,PO-2026-72585
951,1000,142000,1800000951,INV/2026/09/10951,2026-09-17,647.0,EUR,2026-10-17,IC Sale - Logistics Services Sept 17,,PO-2026-67694
952,1000,142000,1800000952,INV/2026/09/10952,2026-09-01,7203.97,EUR,2026-10-01,IC Sale - Logistics Services Sept 01,,PO-2026-82590
953,1000,142000,1800000953,INV/2026/09/10953,2026-09-27,5314.19,EUR,2026-10-27,IC Sale - Logistics Services Sept 27,,PO-2026-62398
954,1000,142000,1800000954,INV/2026/09/10954,2026-09-07,5309.19,EUR,2026-10-07,IC Sale - Logistics Services Sept 07,,PO-2026-90705
955,1000,142000,1800000955,INV/2026/09/10955,2026-09-01,1568.62,EUR,2026-10-01,IC Sale - Logistics Services Sept 01,,PO-2026-61199
956,1000,142000,1800000956,INV/2026/09/10956,2026-09-13,1508.4,EUR,2026-10-13,IC Sale - Logistics Services Sept 13,,PO-2026-60486
957,1000,142000,1800000957,INV/2026/09/10957,2026-09-25,5220.75,EUR,2026-10-25,IC Sale - Logistics Services Sept 25,,PO-2026-25818
958,1000,142000,1800000958,INV/2026/09/10958,2026-09-10,466.08,EUR,2026-10-10,IC Sale - Logistics Services Sept 10,,PO-2026-67738
959,1000,142000,1800000959,INV/2026/09/10959,2026-09-10,8024.04,EUR,2026-10-10,IC Sale - Logistics Services Sept 10,,PO-2026-65699
961,1000,142000,1800000961,INV/2026/09/10961,2026-09-13,393.9,EUR,2026-10-13,IC Sale - Logistics Services Sept 13,,PO-2026-63068
962,1000,142000,1800000962,INV/2026/09/10962,2026-09-22,8856.73,EUR,2026-10-22,IC Sale - Logistics Services Sept 22,,PO-2026-43337
963,1000,142000,1800000963,INV/2026/09/10963,2026-09-18,4306.85,EUR,2026-10-18,IC Sale - Logistics Services Sept 18,,PO-2026-46666
964,1000,142000,1800000964,INV/2026/09/10964,2026-09-07,3328.28,EUR,2026-10-07,IC Sale - Logistics Services Sept 07,,PO-2026-55576
965,1000,142000,1800000965,INV/2026/09/10965,2026-09-10,523.18,EUR,2026-10-10,IC Sale - Logistics Services Sept 10,,PO-2026-62359
966,1000,142000,1800000966,INV/2026/09/10966,2026-09-15,6827.03,EUR,2026-10-15,IC Sale - Logistics Services Sept 15,,PO-2026-95362
967,1000,142000,1800000967,INV/2026/09/10967,2026-09-22,8122.01,EUR,2026-10-22,IC Sale - Logistics Services Sept 22,,PO-2026-84262
969,1000,142000,1800000969,INV/2026/09/10969,2026-09-18,1167.08,EUR,2026-10-18,IC Sale - Logistics Services Sept 18,,PO-2026-18408
970,1000,142000,1800000970,INV/2026/09/10970,2026-09-11,5258.36,EUR,2026-10-11,IC Sale - Logistics Services Sept 11,,PO-2026-31298
971,1000,142000,1800000971,INV/2026/09/10971,2026-09-29,1103.49,EUR,2026-10-29,IC Sale - Logistics Services Sept 29,,PO-2026-72191
972,1000,142000,1800000972,INV/2026/09/10972,2026-09-05,4601.33,EUR,2026-10-05,IC Sale - Logistics Services Sept 05,,PO-2026-84587
973,1000,142000,1800000973,INV/2026/09/10973,2026-09-26,3493.89,EUR,2026-10-26,IC Sale - Logistics Services Sept 26,,PO-2026-63397
974,1000,142000,1800000974,INV/2026/09/10974,2026-09-11,3688.32,EUR,2026-10-11,IC Sale - Logistics Services Sept 11,,PO-2026-22207
975,1000,142000,1800000975,INV/2026/09/10975,2026-09-28,12574.84,EUR,2026-10-28,IC Sale - Logistics Services Sept 28,,PO-2026-25308
976,1000,142000,1800000976,INV/2026/09/10976,2026-09-05,7228.01,EUR,2026-10-05,IC Sale - Logistics Services Sept 05,,PO-2026-76589
977,1000,142000,1800000977,INV/2026/09/10977,2026-09-12,1605.55,EUR,2026-10-12,IC Sale - Logistics Services Sept 12,,PO-2026-41296
978,1000,142000,1800000978,INV/2026/09/10978,2026-09-02,609.81,EUR,2026-10-02,IC Sale - Logistics Services Sept 02,,PO-2026-81180
979,1000,142000,1800000979,INV/2026/09/10979,2026-09-27,504.34,EUR,2026-10-27,IC Sale - Logistics Services Sept 27,,PO-2026-34252
980,1000,142000,1800000980,INV/2026/09/10980,2026-09-04,4242.88,EUR,2026-10-04,IC Sale - Logistics Services Sept 04,,PO-2026-71403
981,1000,142000,1800000981,INV/2026/09/10981,2026-09-17,794.16,EUR,2026-10-17,IC Sale - Logistics Services Sept 17,,PO-2026-73288
982,1000,142000,1800000982,INV/2026/09/10982,2026-09-07,1632.91,EUR,2026-10-07,IC Sale - Logistics Services Sept 07,,PO-2026-33052
983,1000,142000,1800000983,INV/2026/09/10983,2026-09-28,2375.09,EUR,2026-10-28,IC Sale - Logistics Services Sept 28,,PO-2026-16666
984,1000,142000,1800000984,INV/2026/09/10984,2026-09-20,4009.9,EUR,2026-10-20,IC Sale - Logistics Services Sept 20,,PO-2026-92396
985,1000,142000,1800000985,INV/2026/09/10985,2026-09-14,3833.26,EUR,2026-10-14,IC Sale - Logistics Services Sept 14,,PO-2026-46724
986,1000,142000,1800000986,INV/2026/09/10986,2026-09-01,2516.31,EUR,2026-10-01,IC Sale - Logistics Services Sept 01,,PO-2026-97390
987,1000,142000,1800000987,INV/2026/09/10987,2026-09-04,5503.71,EUR,2026-10-04,IC Sale - Logistics Services Sept 04,,PO-2026-86029
988,1000,142000,1800000988,INV/2026/09/10988,2026-09-19,4471.27,EUR,2026-10-19,IC Sale - Logistics Services Sept 19,,PO-2026-16470
989,1000,142000,1800000989,INV/2026/09/10989,2026-09-14,2479.43,EUR,2026-10-14,IC Sale - Logistics Services Sept 14,,PO-2026-58050
990,1000,142000,1800000990,INV/2026/09/10990,2026-09-22,704.11,EUR,2026-10-22,IC Sale - Logistics Services Sept 22,,PO-2026-74416
991,1000,142000,1800000991,INV/2026/09/10991,2026-09-19,1329.38,EUR,2026-10-19,IC Sale - Logistics Services Sept 19,,PO-2026-24080
992,1000,142000,1800000992,INV/2026/09/10992,2026-09-02,328.27,EUR,2026-10-02,IC Sale - Logistics Services Sept 02,,PO-2026-35003
993,1000,142000,1800000993,INV/2026/09/10993,2026-09-01,2876.68,EUR,2026-10-01,IC Sale - Logistics Services Sept 01,,PO-2026-81330
994,1000,142000,1800000994,INV/2026/09/10994,2026-09-09,13565.62,EUR,2026-10-09,IC Sale - Logistics Services Sept 09,,PO-2026-59745
995,1000,142000,1800000995,INV/2026/09/10995,2026-09-17,5317.04,EUR,2026-10-17,IC Sale - Logistics Services Sept 17,,PO-2026-11880
996,1000,142000,1800000996,INV/2026/09/10996,2026-09-06,909.49,EUR,2026-10-06,IC Sale - Logistics Services Sept 06,,PO-2026-58613
997,1000,142000,1800000997,INV/2026/09/10997,2026-09-14,2804.34,EUR,2026-10-14,IC Sale - Logistics Services Sept 14,,PO-2026-20730
998,1000,142000,1800000998,INV/2026/09/10998,2026-09-22,5632.47,EUR,2026-10-22,IC Sale - Logistics Services Sept 22,,PO-2026-44114
999,1000,142000,1800000999,INV/2026/09/10999,2026-09-12,1028.39,EUR,2026-10-12,IC Sale - Logistics Services Sept 12,,PO-2026-68522
1000,1000,142000,1800001000,INV/2026/09/11000,2026-09-03,527.72,EUR,2026-10-03,IC Sale - Logistics Services Sept 03,,PO-2026-42468
1001,1000,142000,1800001001,INV/2026/09/11001,2026-09-14,3786.2,EUR,2026-10-14,IC Sale - Logistics Services Sept 14,,PO-2026-18951
1002,1000,142000,1800001002,INV/2026/09/11002,2026-09-20,335.28,EUR,2026-10-20,IC Sale - Logistics Services Sept 20,,PO-2026-82742
1003,1000,142000,1800001003,INV/2026/09/11003,2026-09-29,13514.35,EUR,2026-10-29,IC Sale - Logistics Services Sept 29,,PO-2026-35405
1004,1000,142000,1800001004,INV/2026/09/11004,2026-09-27,159.84,EUR,2026-10-27,IC Sale - Logistics Services Sept 27,,PO-2026-61146
1005,1000,142000,1800001005,INV/2026/09/11005,2026-09-23,2265.81,EUR,2026-10-23,IC Sale - Logistics Services Sept 23,,PO-2026-61738
1006,1000,142000,1800001006,INV/2026/09/11006,2026-09-23,193.71,EUR,2026-10-23,IC Sale - Logistics Services Sept 23,,PO-2026-56954
1007,1000,142000,1800001007,INV/2026/09/11007,2026-09-19,723.32,EUR,2026-10-19,IC Sale - Logistics Services Sept 19,,PO-2026-76377
1008,1000,142000,1800001008,INV/2026/09/11008,2026-09-10,317.51,EUR,2026-10-10,IC Sale - Logistics Services Sept 10,,PO-2026-71830
1009,1000,142000,1800001009,INV/2026/09/11009,2026-09-08,2429.8,EUR,2026-10-08,IC Sale - Logistics Services Sept 08,,PO-2026-81451
1010,1000,142000,1800001010,INV/2026/09/11010,2026-09-18,3096.06,EUR,2026-10-18,IC Sale - Logistics Services Sept 18,,PO-2026-28843
1011,1000,142000,1800001011,INV/2026/09/11011,2026-09-11,9709.76,EUR,2026-10-11,IC Sale - Logistics Services Sept 11,,PO-2026-11035
1012,1000,142000,1800001012,INV/2026/09/11012,2026-09-14,3765.85,EUR,2026-10-14,IC Sale - Logistics Services Sept 14,,PO-2026-51808
1013,1000,142000,1800001013,INV/2026/09/11013,2026-09-18,7013.34,EUR,2026-10-18,IC Sale - Logistics Services Sept 18,,PO-2026-15081
1014,1000,142000,1800001014,INV/2026/09/11014,2026-09-03,5543.64,EUR,2026-10-03,IC Sale - Logistics Services Sept 03,,PO-2026-71619
1015,1000,142000,1800001015,INV/2026/09/11015,2026-09-08,4757.92,EUR,2026-10-08,IC Sale - Logistics Services Sept 08,,PO-2026-64476
1016,1000,142000,1800001016,INV/2026/09/11016,2026-09-04,5330.02,EUR,2026-10-04,IC Sale - Logistics Services Sept 04,,PO-2026-16056
1017,1000,142000,1800001017,INV/2026/09/11017,2026-09-07,3426.43,EUR,2026-10-07,IC Sale - Logistics Services Sept 07,,PO-2026-54960
1018,1000,142000,1800001018,INV/2026/09/11018,2026-09-27,10727.59,EUR,2026-10-27,IC Sale - Logistics Services Sept 27,,PO-2026-88949
1019,1000,142000,1800001019,INV/2026/09/11019,2026-09-21,586.81,EUR,2026-10-21,IC Sale - Logistics Services Sept 21,,PO-2026-66151
1020,1000,142000,1800001020,INV/2026/09/11020,2026-09-12,3455.26,EUR,2026-10-12,IC Sale - Logistics Services Sept 12,,PO-2026-69380
1021,1000,142000,1800001021,INV/2026/09/11021,2026-09-26,6780.34,EUR,2026-10-26,IC Sale - Logistics Services Sept 26,,PO-2026-28523
1022,1000,142000,1800001022,INV/2026/09/11022,2026-09-07,939.02,EUR,2026-10-07,IC Sale - Logistics Services Sept 07,,PO-2026-68345
1023,1000,142000,1800001023,INV/2026/09/11023,2026-09-20,2188.42,EUR,2026-10-20,IC Sale - Logistics Services Sept 20,,PO-2026-71199
1024,1000,142000,1800001024,INV/2026/09/11024,2026-09-23,4217.22,EUR,2026-10-23,IC Sale - Logistics Services Sept 23,,PO-2026-28871
1025,1000,142000,1800001025,INV/2026/09/11025,2026-09-11,7950.31,EUR,2026-10-11,IC Sale - Logistics Services Sept 11,,PO-2026-72961
1026,1000,142000,1800001026,INV/2026/09/11026,2026-09-10,2579.32,EUR,2026-10-10,IC Sale - Logistics Services Sept 10,,PO-2026-73998
1027,1000,142000,1800001027,INV/2026/09/11027,2026-09-11,3002.84,EUR,2026-10-11,IC Sale - Logistics Services Sept 11,,PO-2026-59738
1028,1000,142000,1800001028,INV/2026/09/11028,2026-09-12,923.7,EUR,2026-10-12,IC Sale - Logistics Services Sept 12,,PO-2026-57604
1029,1000,142000,1800001029,INV/2026/09/11029,2026-09-04,1504.25,EUR,2026-10-04,IC Sale - Logistics Services Sept 04,,PO-2026-98455
1030,1000,142000,1800001030,INV/2026/09/11030,2026-09-14,1714.58,EUR,2026-10-14,IC Sale - Logistics Services Sept 14,,PO-2026-69331
1031,1000,142000,1800001031,INV/2026/09/11031,2026-09-28,1875.08,EUR,2026-10-28,IC Sale - Logistics Services Sept 28,,PO-2026-73127
1032,1000,142000,1800001032,INV/2026/09/11032,2026-09-18,956.62,EUR,2026-10-18,IC Sale - Logistics Services Sept 18,,PO-2026-14960
1033,1000,142000,1800001033,INV/2026/09/11033,2026-09-21,4961.89,EUR,2026-10-21,IC Sale - Logistics Services Sept 21,,PO-2026-63892
1034,1000,142000,1800001034,INV/2026/09/11034,2026-09-11,6462.2,EUR,2026-10-11,IC Sale - Logistics Services Sept 11,,PO-2026-47814
1035,1000,142000,1800001035,INV/2026/09/11035,2026-09-29,7888.62,EUR,2026-10-29,IC Sale - Logistics Services Sept 29,,PO-2026-73192
1036,1000,142000,1800001036,INV/2026/09/11036,2026-09-23,4055.72,EUR,2026-10-23,IC Sale - Logistics Services Sept 23,,PO-2026-68967
1037,1000,142000,1800001037,INV/2026/09/11037,2026-09-17,6212.74,EUR,2026-10-17,IC Sale - Logistics Services Sept 17,,PO-2026-74172
1038,1000,142000,1800001038,INV/2026/09/11038,2026-09-12,627.79,EUR,2026-10-12,IC Sale - Logistics Services Sept 12,,PO-2026-89117
1039,1000,142000,1800001039,INV/2026/09/11039,2026-09-15,2533.02,EUR,2026-10-15,IC Sale - Logistics Services Sept 15,,PO-2026-69867
1041,1000,142000,1800001041,INV/2026/09/11041,2026-09-28,12944.89,EUR,2026-10-28,IC Sale - Logistics Services Sept 28,,PO-2026-15565
1042,1000,142000,1800001042,INV/2026/09/11042,2026-09-29,1674.17,EUR,2026-10-29,IC Sale - Logistics Services Sept 29,,PO-2026-40830
1043,1000,142000,1800001043,INV/2026/09/11043,2026-09-24,2236.09,EUR,2026-10-24,IC Sale - Logistics Services Sept 24,,PO-2026-28825
1044,1000,142000,1800001044,INV/2026/09/11044,2026-09-26,1305.52,EUR,2026-10-26,IC Sale - Logistics Services Sept 26,,PO-2026-77937
1045,1000,142000,1800001045,INV/2026/09/11045,2026-09-28,4577.42,EUR,2026-10-28,IC Sale - Logistics Services Sept 28,,PO-2026-72499
1046,1000,142000,1800001046,INV/2026/09/11046,2026-09-26,311.42,EUR,2026-10-26,IC Sale - Logistics Services Sept 26,,PO-2026-62135
1047,1000,142000,1800001047,INV/2026/09/11047,2026-09-01,2046.07,EUR,2026-10-01,IC Sale - Logistics Services Sept 01,,PO-2026-70634
1048,1000,142000,1800001048,INV/2026/09/11048,2026-09-17,5676.02,EUR,2026-10-17,IC Sale - Logistics Services Sept 17,,PO-2026-33743
1049,1000,142000,1800001049,INV/2026/09/11049,2026-09-18,1083.11,EUR,2026-10-18,IC Sale - Logistics Services Sept 18,,PO-2026-11465
1050,1000,142000,1800001050,INV/2026/09/11050,2026-09-03,1299.27,EUR,2026-10-03,IC Sale - Logistics Services Sept 03,,PO-2026-33730
1051,1000,142000,1800001051,INV/2026/09/11051,2026-09-19,4138.91,EUR,2026-10-19,IC Sale - Logistics Services Sept 19,,PO-2026-22099
1052,1000,142000,1800001052,INV/2026/09/11052,2026-09-16,3059.72,EUR,2026-10-16,IC Sale - Logistics Services Sept 16,,PO-2026-87049
1053,1000,142000,1800001053,INV/2026/09/11053,2026-09-21,2348.23,EUR,2026-10-21,IC Sale - Logistics Services Sept 21,,PO-2026-57322
1054,1000,142000,1800001054,INV/2026/09/11054,2026-09-15,957.08,EUR,2026-10-15,IC Sale - Logistics Services Sept 15,,PO-2026-79248
1055,1000,142000,1800001055,INV/2026/09/11055,2026-09-19,2500.36,EUR,2026-10-19,IC Sale - Logistics Services Sept 19,,PO-2026-83884
1056,1000,142000,1800001056,INV/2026/09/11056,2026-09-22,1944.29,EUR,2026-10-22,IC Sale - Logistics Services Sept 22,,PO-2026-51910
1057,1000,142000,1800001057,INV/2026/09/11057,2026-09-10,3006.47,EUR,2026-10-10,IC Sale - Logistics Services Sept 10,,PO-2026-92745
1058,1000,142000,1800001058,INV/2026/09/11058,2026-09-21,179.56,EUR,2026-10-21,IC Sale - Logistics Services Sept 21,,PO-2026-64324
1059,1000,142000,1800001059,INV/2026/09/11059,2026-09-02,602.84,EUR,2026-10-02,IC Sale - Logistics Services Sept 02,,PO-2026-98921
1060,1000,142000,1800001060,INV/2026/09/11060,2026-09-15,964.39,EUR,2026-10-15,IC Sale - Logistics Services Sept 15,,PO-2026-57234
1061,1000,142000,1800001061,INV/2026/09/11061,2026-09-22,3259.56,EUR,2026-10-22,IC Sale - Logistics Services Sept 22,,PO-2026-89205
1062,1000,142000,1800001062,INV/2026/09/11062,2026-09-21,2292.82,EUR,2026-10-21,IC Sale - Logistics Services Sept 21,,PO-2026-28761
1063,1000,142000,1800001063,INV/2026/09/11063,2026-09-02,6386.35,EUR,2026-10-02,IC Sale - Logistics Services Sept 02,,PO-2026-28400
1064,1000,142000,1800001064,INV/2026/09/11064,2026-09-10,2248.65,EUR,2026-10-10,IC Sale - Logistics Services Sept 10,,PO-2026-43468
1065,1000,142000,1800001065,INV/2026/09/11065,2026-09-03,1232.42,EUR,2026-10-03,IC Sale - Logistics Services Sept 03,,PO-2026-86304
1066,1000,142000,1800001066,INV/2026/09/11066,2026-09-27,2912.78,EUR,2026-10-27,IC Sale - Logistics Services Sept 27,,PO-2026-99822
1067,1000,142000,1800001067,INV/2026/09/11067,2026-09-22,435.16,EUR,2026-10-22,IC Sale - Logistics Services Sept 22,,PO-2026-57005
1068,1000,142000,1800001068,INV/2026/09/11068,2026-09-22,2853.52,EUR,2026-10-22,IC Sale - Logistics Services Sept 22,,PO-2026-68015
1069,1000,142000,1800001069,INV/2026/09/11069,2026-09-29,409.85,EUR,2026-10-29,IC Sale - Logistics Services Sept 29,,PO-2026-63388
1070,1000,142000,1800001070,INV/2026/09/11070,2026-09-27,2047.3,EUR,2026-10-27,IC Sale - Logistics Services Sept 27,,PO-2026-69254
1071,1000,142000,1800001071,INV/2026/09/11071,2026-09-25,3200.31,EUR,2026-10-25,IC Sale - Logistics Services Sept 25,,PO-2026-88695
1072,1000,142000,1800001072,INV/2026/09/11072,2026-09-11,900.55,EUR,2026-10-11,IC Sale - Logistics Services Sept 11,,PO-2026-46145
1073,1000,142000,1800001073,INV/2026/09/11073,2026-09-15,2256.18,EUR,2026-10-15,IC Sale - Logistics Services Sept 15,,PO-2026-40678
1074,1000,142000,1800001074,INV/2026/09/11074,2026-09-02,6735.28,EUR,2026-10-02,IC Sale - Logistics Services Sept 02,,PO-2026-78844
1075,1000,142000,1800001075,INV/2026/09/11075,2026-09-23,1428.86,EUR,2026-10-23,IC Sale - Logistics Services Sept 23,,PO-2026-38747
1076,1000,142000,1800001076,INV/2026/09/11076,2026-09-16,543.07,EUR,2026-10-16,IC Sale - Logistics Services Sept 16,,PO-2026-36860
1077,1000,142000,1800001077,INV/2026/09/11077,2026-09-15,752.62,EUR,2026-10-15,IC Sale - Logistics Services Sept 15,,PO-2026-26349
1078,1000,142000,1800001078,INV/2026/09/11078,2026-09-29,6494.38,EUR,2026-10-29,IC Sale - Logistics Services Sept 29,,PO-2026-38763
1079,1000,142000,1800001079,INV/2026/09/11079,2026-09-16,919.84,EUR,2026-10-16,IC Sale - Logistics Services Sept 16,,PO-2026-20663
1080,1000,142000,1800001080,INV/2026/09/11080,2026-09-29,1727.41,EUR,2026-10-29,IC Sale - Logistics Services Sept 29,,PO-2026-50704
1081,1000,142000,1800001081,INV/2026/09/11081,2026-09-03,12478.07,EUR,2026-10-03,IC Sale - Logistics Services Sept 03,,PO-2026-47371
1082,1000,142000,1800001082,INV/2026/09/11082,2026-09-25,4822.75,EUR,2026-10-25,IC Sale - Logistics Services Sept 25,,PO-2026-51435
1083,1000,142000,1800001083,INV/2026/09/11083,2026-09-03,8238.82,EUR,2026-10-03,IC Sale - Logistics Services Sept 03,,PO-2026-16223
1084,1000,142000,1800001084,INV/2026/09/11084,2026-09-26,3359.71,EUR,2026-10-26,IC Sale - Logistics Services Sept 26,,PO-2026-80063
1085,1000,142000,1800001085,INV/2026/09/11085,2026-09-17,6146.02,EUR,2026-10-17,IC Sale - Logistics Services Sept 17,,PO-2026-94148
1086,1000,142000,1800001086,INV/2026/09/11086,2026-09-03,4227.54,EUR,2026-10-03,IC Sale - Logistics Services Sept 03,,PO-2026-31642
1087,1000,142000,1800001087,INV/2026/09/11087,2026-09-05,710.43,EUR,2026-10-05,IC Sale - Logistics Services Sept 05,,PO-2026-65581
1088,1000,142000,1800001088,INV/2026/09/11088,2026-09-15,9536.49,EUR,2026-10-15,IC Sale - Logistics Services Sept 15,,PO-2026-12691
1089,1000,142000,1800001089,INV/2026/09/11089,2026-09-22,9109.01,EUR,2026-10-22,IC Sale - Logistics Services Sept 22,,PO-2026-42973
1090,1000,142000,1800001090,INV/2026/09/11090,2026-09-13,5821.01,EUR,2026-10-13,IC Sale - Logistics Services Sept 13,,PO-2026-16655
1091,1000,142000,1800001091,INV/2026/09/11091,2026-09-26,820.87,EUR,2026-10-26,IC Sale - Logistics Services Sept 26,,PO-2026-88512
1092,1000,142000,1800001092,INV/2026/09/11092,2026-09-23,2719.6,EUR,2026-10-23,IC Sale - Logistics Services Sept 23,,PO-2026-78476
1094,1000,142000,1800001094,INV/2026/09/11094,2026-09-29,790.26,EUR,2026-10-29,IC Sale - Logistics Services Sept 29,,PO-2026-26174
1095,1000,142000,1800001095,INV/2026/09/11095,2026-09-17,1399.25,EUR,2026-10-17,IC Sale - Logistics Services Sept 17,,PO-2026-22476
1096,1000,142000,1800001096,INV/2026/09/11096,2026-09-16,918.83,EUR,2026-10-16,IC Sale - Logistics Services Sept 16,,PO-2026-40943
1097,1000,142000,1800001097,INV/2026/09/11097,2026-09-20,741.28,EUR,2026-10-20,IC Sale - Logistics Services Sept 20,,PO-2026-90206
1098,1000,142000,1800001098,INV/2026/09/11098,2026-09-18,1059.56,EUR,2026-10-18,IC Sale - Logistics Services Sept 18,,PO-2026-22207
1099,1000,142000,1800001099,INV/2026/09/11099,2026-09-10,3171.08,EUR,2026-10-10,IC Sale - Logistics Services Sept 10,,PO-2026-94502
1100,1000,142000,1800001100,INV/2026/09/11100,2026-09-11,1961.4,EUR,2026-10-11,IC Sale - Logistics Services Sept 11,,PO-2026-19483
1101,1000,142000,1800001101,INV/2026/09/11101,2026-09-07,2549.64,EUR,2026-10-07,IC Sale - Logistics Services Sept 07,,PO-2026-33618
1102,1000,142000,1800001102,INV/2026/09/11102,2026-09-10,3031.9,EUR,2026-10-10,IC Sale - Logistics Services Sept 10,,PO-2026-81685
1103,1000,142000,1800001103,INV/2026/09/11103,2026-09-24,4842.74,EUR,2026-10-24,IC Sale - Logistics Services Sept 24,,PO-2026-68080
1104,1000,142000,1800001104,INV/2026/09/11104,2026-09-02,1623.92,EUR,2026-10-02,IC Sale - Logistics Services Sept 02,,PO-2026-66331
1105,1000,142000,1800001105,INV/2026/09/11105,2026-09-18,1036.91,EUR,2026-10-18,IC Sale - Logistics Services Sept 18,,PO-2026-68318
1106,1000,142000,1800001106,INV/2026/09/11106,2026-09-13,3169.41,EUR,2026-10-13,IC Sale - Logistics Services Sept 13,,PO-2026-38832
1107,1000,142000,1800001107,INV/2026/09/11107,2026-09-23,5896.96,EUR,2026-10-23,IC Sale - Logistics Services Sept 23,,PO-2026-58695
1108,1000,142000,1800001108,INV/2026/09/11108,2026-09-07,4427.26,EUR,2026-10-07,IC Sale - Logistics Services Sept 07,,PO-2026-35965
1109,1000,142000,1800001109,INV/2026/09/11109,2026-09-21,1288.75,EUR,2026-10-21,IC Sale - Logistics Services Sept 21,,PO-2026-59335
1110,1000,142000,1800001110,INV/2026/09/11110,2026-09-25,3347.46,EUR,2026-10-25,IC Sale - Logistics Services Sept 25,,PO-2026-61413
1111,1000,142000,1800001111,INV/2026/09/11111,2026-09-29,3601.03,EUR,2026-10-29,IC Sale - Logistics Services Sept 29,,PO-2026-29778
1112,1000,142000,1800001112,INV/2026/09/11112,2026-09-19,1088.52,EUR,2026-10-19,IC Sale - Logistics Services Sept 19,,PO-2026-42666
1113,1000,142000,1800001113,INV/2026/09/11113,2026-09-21,1764.44,EUR,2026-10-21,IC Sale - Logistics Services Sept 21,,PO-2026-97109
1114,1000,142000,1800001114,INV/2026/09/11114,2026-09-01,3686.78,EUR,2026-10-01,IC Sale - Logistics Services Sept 01,,PO-2026-26567
1115,1000,142000,1800001115,INV/2026/09/11115,2026-09-06,1269.59,EUR,2026-10-06,IC Sale - Logistics Services Sept 06,,PO-2026-27012
1116,1000,142000,1800001116,INV/2026/09/11116,2026-09-15,4701.34,EUR,2026-10-15,IC Sale - Logistics Services Sept 15,,PO-2026-75061
1117,1000,142000,1800001117,INV/2026/09/11117,2026-09-28,465.55,EUR,2026-10-28,IC Sale - Logistics Services Sept 28,,PO-2026-45665
1118,1000,142000,1800001118,INV/2026/09/11118,2026-09-24,7176.2,EUR,2026-10-24,IC Sale - Logistics Services Sept 24,,PO-2026-15745
1120,1000,142000,1800001120,INV/2026/09/11120,2026-09-04,2385.19,EUR,2026-10-04,IC Sale - Logistics Services Sept 04,,PO-2026-16759
1121,1000,142000,1800001121,INV/2026/09/11121,2026-09-17,966.91,EUR,2026-10-17,IC Sale - Logistics Services Sept 17,,PO-2026-72004
1122,1000,142000,1800001122,INV/2026/09/11122,2026-09-03,639.24,EUR,2026-10-03,IC Sale - Logistics Services Sept 03,,PO-2026-41519
1123,1000,142000,1800001123,INV/2026/09/11123,2026-09-16,4485.7,EUR,2026-10-16,IC Sale - Logistics Services Sept 16,,PO-2026-37793
1124,1000,142000,1800001124,INV/2026/09/11124,2026-09-06,8395.77,EUR,2026-10-06,IC Sale - Logistics Services Sept 06,,PO-2026-31072
1125,1000,142000,1800001125,INV/2026/09/11125,2026-09-28,14069.1,EUR,2026-10-28,IC Sale - Logistics Services Sept 28,,PO-2026-82156
1126,1000,142000,1800001126,INV/2026/09/11126,2026-09-07,1857.1,EUR,2026-10-07,IC Sale - Logistics Services Sept 07,,PO-2026-97400
1127,1000,142000,1800001127,INV/2026/09/11127,2026-09-17,1232.63,EUR,2026-10-17,IC Sale - Logistics Services Sept 17,,PO-2026-90970
1128,1000,142000,1800001128,INV/2026/09/11128,2026-09-26,1604.05,EUR,2026-10-26,IC Sale - Logistics Services Sept 26,,PO-2026-98448
1129,1000,142000,1800001129,INV/2026/09/11129,2026-09-19,1118.11,EUR,2026-10-19,IC Sale - Logistics Services Sept 19,,PO-2026-57175
1130,1000,142000,1800001130,INV/2026/09/11130,2026-09-21,9331.63,EUR,2026-10-21,IC Sale - Logistics Services Sept 21,,PO-2026-61384
1131,1000,142000,1800001131,INV/2026/09/11131,2026-09-22,6661.84,EUR,2026-10-22,IC Sale - Logistics Services Sept 22,,PO-2026-44811
1132,1000,142000,1800001132,INV/2026/09/11132,2026-09-26,11493.51,EUR,2026-10-26,IC Sale - Logistics Services Sept 26,,PO-2026-51472
1134,1000,142000,1800001134,INV/2026/09/11134,2026-09-24,6247.44,EUR,2026-10-24,IC Sale - Logistics Services Sept 24,,PO-2026-15791
1135,1000,142000,1800001135,INV/2026/09/11135,2026-09-21,10511.28,EUR,2026-10-21,IC Sale - Logistics Services Sept 21,,PO-2026-65957
1136,1000,142000,1800001136,INV/2026/09/11136,2026-09-09,2886.88,EUR,2026-10-09,IC Sale - Logistics Services Sept 09,,PO-2026-49676
1137,1000,142000,1800001137,INV/2026/09/11137,2026-09-06,1572.23,EUR,2026-10-06,IC Sale - Logistics Services Sept 06,,PO-2026-67459
1138,1000,142000,1800001138,INV/2026/09/11138,2026-09-27,542.15,EUR,2026-10-27,IC Sale - Logistics Services Sept 27,,PO-2026-94255
1139,1000,142000,1800001139,INV/2026/09/11139,2026-09-28,2149.55,EUR,2026-10-28,IC Sale - Logistics Services Sept 28,,PO-2026-60640
1140,1000,142000,1800001140,INV/2026/09/11140,2026-09-03,596.34,EUR,2026-10-03,IC Sale - Logistics Services Sept 03,,PO-2026-14707
1141,1000,142000,1800001141,INV/2026/09/11141,2026-09-04,178.15,EUR,2026-10-04,IC Sale - Logistics Services Sept 04,,PO-2026-20530
1142,1000,142000,1800001142,INV/2026/09/11142,2026-09-02,581.8,EUR,2026-10-02,IC Sale - Logistics Services Sept 02,,PO-2026-34110
1143,1000,142000,1800001143,INV/2026/09/11143,2026-09-21,211.79,EUR,2026-10-21,IC Sale - Logistics Services Sept 21,,PO-2026-42514
1144,1000,142000,1800001144,INV/2026/09/11144,2026-09-18,626.88,EUR,2026-10-18,IC Sale - Logistics Services Sept 18,,PO-2026-36431
1145,1000,142000,1800001145,INV/2026/09/11145,2026-09-07,6476.95,EUR,2026-10-07,IC Sale - Logistics Services Sept 07,,PO-2026-94905
1146,1000,142000,1800001146,INV/2026/09/11146,2026-09-20,196.13,EUR,2026-10-20,IC Sale - Logistics Services Sept 20,,PO-2026-32520
1147,1000,142000,1800001147,INV/2026/09/11147,2026-09-18,7631.47,EUR,2026-10-18,IC Sale - Logistics Services Sept 18,,PO-2026-91396
1148,1000,142000,1800001148,INV/2026/09/11148,2026-09-03,8315.71,EUR,2026-10-03,IC Sale - Logistics Services Sept 03,,PO-2026-39375
1149,1000,142000,1800001149,INV/2026/09/11149,2026-09-26,4040.63,EUR,2026-10-26,IC Sale - Logistics Services Sept 26,,PO-2026-25040
1150,1000,142000,1800001150,INV/2026/09/11150,2026-09-18,5020.75,EUR,2026-10-18,IC Sale - Logistics Services Sept 18,,PO-2026-18629
1152,1000,142000,1800001152,INV/2026/09/11152,2026-09-27,2040.45,EUR,2026-10-27,IC Sale - Logistics Services Sept 27,,PO-2026-69815
1153,1000,142000,1800001153,INV/2026/09/11153,2026-09-26,438.62,EUR,2026-10-26,IC Sale - Logistics Services Sept 26,,PO-2026-93496
1154,1000,142000,1800001154,INV/2026/09/11154,2026-09-09,5075.16,EUR,2026-10-09,IC Sale - Logistics Services Sept 09,,PO-2026-93924
1155,1000,142000,1800001155,INV/2026/09/11155,2026-09-13,2646.97,EUR,2026-10-13,IC Sale - Logistics Services Sept 13,,PO-2026-37180
1156,1000,142000,1800001156,INV/2026/09/11156,2026-09-18,722.39,EUR,2026-10-18,IC Sale - Logistics Services Sept 18,,PO-2026-92194
1157,1000,142000,1800001157,INV/2026/09/11157,2026-09-26,1735.58,EUR,2026-10-26,IC Sale - Logistics Services Sept 26,,PO-2026-99984
1158,1000,142000,1800001158,INV/2026/09/11158,2026-09-12,972.79,EUR,2026-10-12,IC Sale - Logistics Services Sept 12,,PO-2026-87908
1159,1000,142000,1800001159,INV/2026/09/11159,2026-09-12,2893.29,EUR,2026-10-12,IC Sale - Logistics Services Sept 12,,PO-2026-65088
1160,1000,142000,1800001160,INV/2026/09/11160,2026-09-08,1471.58,EUR,2026-10-08,IC Sale - Logistics Services Sept 08,,PO-2026-74998
1161,1000,142000,1800001161,INV/2026/09/11161,2026-09-12,3771.4,EUR,2026-10-12,IC Sale - Logistics Services Sept 12,,PO-2026-22261
1162,1000,142000,1800001162,INV/2026/09/11162,2026-09-09,1678.84,EUR,2026-10-09,IC Sale - Logistics Services Sept 09,,PO-2026-97755
1163,1000,142000,1800001163,INV/2026/09/11163,2026-09-01,978.74,EUR,2026-10-01,IC Sale - Logistics Services Sept 01,,PO-2026-34866
1164,1000,142000,1800001164,INV/2026/09/11164,2026-09-18,3410.78,EUR,2026-10-18,IC Sale - Logistics Services Sept 18,,PO-2026-83748
1165,1000,142000,1800001165,INV/2026/09/11165,2026-09-15,3801.05,EUR,2026-10-15,IC Sale - Logistics Services Sept 15,,PO-2026-57401
1166,1000,142000,1800001166,INV/2026/09/11166,2026-09-14,5534.66,EUR,2026-10-14,IC Sale - Logistics Services Sept 14,,PO-2026-67146
1167,1000,142000,1800001167,INV/2026/09/11167,2026-09-17,3788.99,EUR,2026-10-17,IC Sale - Logistics Services Sept 17,,PO-2026-79073
1168,1000,142000,1800001168,INV/2026/09/11168,2026-09-11,1306.87,EUR,2026-10-11,IC Sale - Logistics Services Sept 11,,PO-2026-46992
1169,1000,142000,1800001169,INV/2026/09/11169,2026-09-29,1400.27,EUR,2026-10-29,IC Sale - Logistics Services Sept 29,,PO-2026-80636
1170,1000,142000,1800001170,INV/2026/09/11170,2026-09-29,1146.59,EUR,2026-10-29,IC Sale - Logistics Services Sept 29,,PO-2026-56257
1171,1000,142000,1800001171,INV/2026/09/11171,2026-09-29,3547.58,EUR,2026-10-29,IC Sale - Logistics Services Sept 29,,PO-2026-37235
1172,1000,142000,1800001172,INV/2026/09/11172,2026-09-13,669.91,EUR,2026-10-13,IC Sale - Logistics Services Sept 13,,PO-2026-34680
1173,1000,142000,1800001173,INV/2026/09/11173,2026-09-12,7229.01,EUR,2026-10-12,IC Sale - Logistics Services Sept 12,,PO-2026-41417
1174,1000,142000,1800001174,INV/2026/09/11174,2026-09-09,1329.23,EUR,2026-10-09,IC Sale - Logistics Services Sept 09,,PO-2026-44655
1175,1000,142000,1800001175,INV/2026/09/11175,2026-09-11,2743.54,EUR,2026-10-11,IC Sale - Logistics Services Sept 11,,PO-2026-28630
1176,1000,142000,1800001176,INV/2026/09/11176,2026-09-09,1765.87,EUR,2026-10-09,IC Sale - Logistics Services Sept 09,,PO-2026-92492
1177,1000,142000,1800001177,INV/2026/09/11177,2026-09-20,3676.86,EUR,2026-10-20,IC Sale - Logistics Services Sept 20,,PO-2026-17636
1178,1000,142000,1800001178,INV/2026/09/11178,2026-09-23,1654.16,EUR,2026-10-23,IC Sale - Logistics Services Sept 23,,PO-2026-47402
1179,1000,142000,1800001179,INV/2026/09/11179,2026-09-12,934.4,EUR,2026-10-12,IC Sale - Logistics Services Sept 12,,PO-2026-33416
1180,1000,142000,1800001180,INV/2026/09/11180,2026-09-17,2388.87,EUR,2026-10-17,IC Sale - Logistics Services Sept 17,,PO-2026-90201
1181,1000,142000,1800001181,INV/2026/09/11181,2026-09-02,3846.98,EUR,2026-10-02,IC Sale - Logistics Services Sept 02,,PO-2026-23962
1182,1000,142000,1800001182,INV/2026/09/11182,2026-09-01,588.94,EUR,2026-10-01,IC Sale - Logistics Services Sept 01,,PO-2026-71672
1183,1000,142000,1800001183,INV/2026/09/11183,2026-09-15,10442.13,EUR,2026-10-15,IC Sale - Logistics Services Sept 15,,PO-2026-12910
1184,1000,142000,1800001184,INV/2026/09/11184,2026-09-05,4836.64,EUR,2026-10-05,IC Sale - Logistics Services Sept 05,,PO-2026-27770
1185,1000,142000,1800001185,INV/2026/09/11185,2026-09-18,1795.49,EUR,2026-10-18,IC Sale - Logistics Services Sept 18,,PO-2026-61797
1186,1000,142000,1800001186,INV/2026/09/11186,2026-09-13,8623.27,EUR,2026-10-13,IC Sale - Logistics Services Sept 13,,PO-2026-47799
1187,1000,142000,1800001187,INV/2026/09/11187,2026-09-17,3904.32,EUR,2026-10-17,IC Sale - Logistics Services Sept 17,,PO-2026-55032
1188,1000,142000,1800001188,INV/2026/09/11188,2026-09-09,6437.57,EUR,2026-10-09,IC Sale - Logistics Services Sept 09,,PO-2026-96884
1189,1000,142000,1800001189,INV/2026/09/11189,2026-09-28,915.66,EUR,2026-10-28,IC Sale - Logistics Services Sept 28,,PO-2026-34101
1190,1000,142000,1800001190,INV/2026/09/11190,2026-09-04,2906.96,EUR,2026-10-04,IC Sale - Logistics Services Sept 04,,PO-2026-75703
1191,1000,142000,1800001191,INV/2026/09/11191,2026-09-22,2182.43,EUR,2026-10-22,IC Sale - Logistics Services Sept 22,,PO-2026-92313
1192,1000,142000,1800001192,INV/2026/09/11192,2026-09-02,254.02,EUR,2026-10-02,IC Sale - Logistics Services Sept 02,,PO-2026-36087
1193,1000,142000,1800001193,INV/2026/09/11193,2026-09-03,3147.78,EUR,2026-10-03,IC Sale - Logistics Services Sept 03,,PO-2026-65399
1194,1000,142000,1800001194,INV/2026/09/11194,2026-09-22,1163.82,EUR,2026-10-22,IC Sale - Logistics Services Sept 22,,PO-2026-41128
1195,1000,142000,1800001195,INV/2026/09/11195,2026-09-25,2200.46,EUR,2026-10-25,IC Sale - Logistics Services Sept 25,,PO-2026-38955
1196,1000,142000,1800001196,INV/2026/09/11196,2026-09-02,3508.54,EUR,2026-10-02,IC Sale - Logistics Services Sept 02,,PO-2026-35772
1197,1000,142000,1800001197,INV/2026/09/11197,2026-09-22,880.4,EUR,2026-10-22,IC Sale - Logistics Services Sept 22,,PO-2026-67940
1198,1000,142000,1800001198,INV/2026/09/11198,2026-09-08,7416.28,EUR,2026-10-08,IC Sale - Logistics Services Sept 08,,PO-2026-11734
1199,1000,142000,1800001199,INV/2026/09/11199,2026-09-12,8184.66,EUR,2026-10-12,IC Sale - Logistics Services Sept 12,,PO-2026-65606
1200,1000,142000,1800001200,INV/2026/09/11200,2026-09-09,10787.51,EUR,2026-10-09,IC Sale - Logistics Services Sept 09,,PO-2026-92186
1201,1000,142000,1800001201,INV/2026/09/11201,2026-09-22,2110.83,EUR,2026-10-22,IC Sale - Logistics Services Sept 22,,PO-2026-51559
1202,1000,142000,1800001202,INV/2026/09/11202,2026-09-12,1449.92,EUR,2026-10-12,IC Sale - Logistics Services Sept 12,,PO-2026-59386
1203,1000,142000,1800001203,INV/2026/09/11203,2026-09-10,294.1,EUR,2026-10-10,IC Sale - Logistics Services Sept 10,,PO-2026-21394
1204,1000,142000,1800001204,INV/2026/09/11204,2026-09-04,1375.02,EUR,2026-10-04,IC Sale - Logistics Services Sept 04,,PO-2026-77319
1205,1000,142000,1800001205,INV/2026/09/11205,2026-09-20,2407.28,EUR,2026-10-20,IC Sale - Logistics Services Sept 20,,PO-2026-63460
1206,1000,142000,1800001206,INV/2026/09/11206,2026-09-15,1246.68,EUR,2026-10-15,IC Sale - Logistics Services Sept 15,,PO-2026-25816
1207,1000,142000,1800001207,INV/2026/09/11207,2026-09-23,1368.09,EUR,2026-10-23,IC Sale - Logistics Services Sept 23,,PO-2026-35570
1208,1000,142000,1800001208,INV/2026/09/11208,2026-09-20,4751.07,EUR,2026-10-20,IC Sale - Logistics Services Sept 20,,PO-2026-87724
1209,1000,142000,1800001209,INV/2026/09/11209,2026-09-03,3580.62,EUR,2026-10-03,IC Sale - Logistics Services Sept 03,,PO-2026-80667
1210,1000,142000,1800001210,INV/2026/09/11210,2026-09-27,956.76,EUR,2026-10-27,IC Sale - Logistics Services Sept 27,,PO-2026-17098
1211,1000,142000,1800001211,INV/2026/09/11211,2026-09-21,8466.14,EUR,2026-10-21,IC Sale - Logistics Services Sept 21,,PO-2026-32394
1212,1000,142000,1800001212,INV/2026/09/11212,2026-09-01,2287.52,EUR,2026-10-01,IC Sale - Logistics Services Sept 01,,PO-2026-66902
1213,1000,142000,1800001213,INV/2026/09/11213,2026-09-04,13919.79,EUR,2026-10-04,IC Sale - Logistics Services Sept 04,,PO-2026-64073
1214,1000,142000,1800001214,INV/2026/09/11214,2026-09-13,2243.24,EUR,2026-10-13,IC Sale - Logistics Services Sept 13,,PO-2026-62691
1215,1000,142000,1800001215,INV/2026/09/11215,2026-09-21,2679.58,EUR,2026-10-21,IC Sale - Logistics Services Sept 21,,PO-2026-46185
1217,1000,142000,1800001217,INV/2026/09/11217,2026-09-21,961.99,EUR,2026-10-21,IC Sale - Logistics Services Sept 21,,PO-2026-44573
1218,1000,142000,1800001218,INV/2026/09/11218,2026-09-29,926.18,EUR,2026-10-29,IC Sale - Logistics Services Sept 29,,PO-2026-62509
1219,1000,142000,1800001219,INV/2026/09/11219,2026-09-23,330.01,EUR,2026-10-23,IC Sale - Logistics Services Sept 23,,PO-2026-41794
1220,1000,142000,1800001220,INV/2026/09/11220,2026-09-01,4043.19,EUR,2026-10-01,IC Sale - Logistics Services Sept 01,,PO-2026-57095
1221,1000,142000,1800001221,INV/2026/09/11221,2026-09-08,740.52,EUR,2026-10-08,IC Sale - Logistics Services Sept 08,,PO-2026-46773
1222,1000,142000,1800001222,INV/2026/09/11222,2026-09-19,1386.51,EUR,2026-10-19,IC Sale - Logistics Services Sept 19,,PO-2026-38094
1223,1000,142000,1800001223,INV/2026/09/11223,2026-09-29,658.23,EUR,2026-10-29,IC Sale - Logistics Services Sept 29,,PO-2026-96115
1224,1000,142000,1800001224,INV/2026/09/11224,2026-09-06,4019.25,EUR,2026-10-06,IC Sale - Logistics Services Sept 06,,PO-2026-30474
1225,1000,142000,1800001225,INV/2026/09/11225,2026-09-21,282.85,EUR,2026-10-21,IC Sale - Logistics Services Sept 21,,PO-2026-40909
1226,1000,142000,1800001226,INV/2026/09/11226,2026-09-14,3768.96,EUR,2026-10-14,IC Sale - Logistics Services Sept 14,,PO-2026-23871
1228,1000,142000,1800001228,INV/2026/09/11228,2026-09-12,5542.79,EUR,2026-10-12,IC Sale - Logistics Services Sept 12,,PO-2026-47222
1229,1000,142000,1800001229,INV/2026/09/11229,2026-09-17,2514.63,EUR,2026-10-17,IC Sale - Logistics Services Sept 17,,PO-2026-45968
1230,1000,142000,1800001230,INV/2026/09/11230,2026-09-27,6197.72,EUR,2026-10-27,IC Sale - Logistics Services Sept 27,,PO-2026-90727
1231,1000,142000,1800001231,INV/2026/09/11231,2026-09-25,418.41,EUR,2026-10-25,IC Sale - Logistics Services Sept 25,,PO-2026-90761
1232,1000,142000,1800001232,INV/2026/09/11232,2026-09-25,8768.18,EUR,2026-10-25,IC Sale - Logistics Services Sept 25,,PO-2026-25611
1233,1000,142000,1800001233,INV/2026/09/11233,2026-09-24,4519.38,EUR,2026-10-24,IC Sale - Logistics Services Sept 24,,PO-2026-29388
1234,1000,142000,1800001234,INV/2026/09/11234,2026-09-02,295.79,EUR,2026-10-02,IC Sale - Logistics Services Sept 02,,PO-2026-95862
1235,1000,142000,1800001235,INV/2026/09/11235,2026-09-16,4495.9,EUR,2026-10-16,IC Sale - Logistics Services Sept 16,,PO-2026-90307
1236,1000,142000,1800001236,INV/2026/09/11236,2026-09-14,3825.63,EUR,2026-10-14,IC Sale - Logistics Services Sept 14,,PO-2026-99569
1237,1000,142000,1800001237,INV/2026/09/11237,2026-09-22,7047.18,EUR,2026-10-22,IC Sale - Logistics Services Sept 22,,PO-2026-56672
1238,1000,142000,1800001238,INV/2026/09/11238,2026-09-01,626.11,EUR,2026-10-01,IC Sale - Logistics Services Sept 01,,PO-2026-58239
1239,1000,142000,1800001239,INV/2026/09/11239,2026-09-29,2917.99,EUR,2026-10-29,IC Sale - Logistics Services Sept 29,,PO-2026-62376
1240,1000,142000,1800001240,INV/2026/09/11240,2026-09-15,2458.23,EUR,2026-10-15,IC Sale - Logistics Services Sept 15,,PO-2026-18357
1241,1000,142000,1800001241,INV/2026/09/11241,2026-09-09,862.47,EUR,2026-10-09,IC Sale - Logistics Services Sept 09,,PO-2026-62226
1242,1000,142000,1800001242,INV/2026/09/11242,2026-09-07,385.25,EUR,2026-10-07,IC Sale - Logistics Services Sept 07,,PO-2026-82135
1243,1000,142000,1800001243,INV/2026/09/11243,2026-09-25,4079.1,EUR,2026-10-25,IC Sale - Logistics Services Sept 25,,PO-2026-14813
1244,1000,142000,1800001244,INV/2026/09/11244,2026-09-20,2309.85,EUR,2026-10-20,IC Sale - Logistics Services Sept 20,,PO-2026-41332
1245,1000,142000,1800001245,INV/2026/09/11245,2026-09-22,1377.63,EUR,2026-10-22,IC Sale - Logistics Services Sept 22,,PO-2026-73202
1246,1000,142000,1800001246,INV/2026/09/11246,2026-09-29,11494.78,EUR,2026-10-29,IC Sale - Logistics Services Sept 29,,PO-2026-90220
1247,1000,142000,1800001247,INV/2026/09/11247,2026-09-20,4372.24,EUR,2026-10-20,IC Sale - Logistics Services Sept 20,,PO-2026-48270
1248,1000,142000,1800001248,INV/2026/09/11248,2026-09-08,371.86,EUR,2026-10-08,IC Sale - Logistics Services Sept 08,,PO-2026-39247
1249,1000,142000,1800001249,INV/2026/09/11249,2026-09-17,6651.57,EUR,2026-10-17,IC Sale - Logistics Services Sept 17,,PO-2026-43779
1250,1000,142000,1800001250,INV/2026/09/11250,2026-09-02,11003.72,EUR,2026-10-02,IC Sale - Logistics Services Sept 02,,PO-2026-58128
1251,1000,142000,1800001251,INV/2026/09/11251,2026-09-25,1095.61,EUR,2026-10-25,IC Sale - Logistics Services Sept 25,,PO-2026-12945
1252,1000,142000,1800001252,INV/2026/09/11252,2026-09-19,400.07,EUR,2026-10-19,IC Sale - Logistics Services Sept 19,,PO-2026-86927
1253,1000,142000,1800001253,INV/2026/09/11253,2026-09-22,442.16,EUR,2026-10-22,IC Sale - Logistics Services Sept 22,,PO-2026-21827
1254,1000,142000,1800001254,INV/2026/09/11254,2026-09-18,3212.53,EUR,2026-10-18,IC Sale - Logistics Services Sept 18,,PO-2026-91412
1255,1000,142000,1800001255,INV/2026/09/11255,2026-09-24,3697.79,EUR,2026-10-24,IC Sale - Logistics Services Sept 24,,PO-2026-68249
1256,1000,142000,1800001256,INV/2026/09/11256,2026-09-29,11600.25,EUR,2026-10-29,IC Sale - Logistics Services Sept 29,,PO-2026-60705
1257,1000,142000,1800001257,INV/2026/09/11257,2026-09-10,2897.61,EUR,2026-10-10,IC Sale - Logistics Services Sept 10,,PO-2026-49278
1258,1000,142000,1800001258,INV/2026/09/11258,2026-09-27,2538.23,EUR,2026-10-27,IC Sale - Logistics Services Sept 27,,PO-2026-62865
1259,1000,142000,1800001259,INV/2026/09/11259,2026-09-12,2930.54,EUR,2026-10-12,IC Sale - Logistics Services Sept 12,,PO-2026-54228
1260,1000,142000,1800001260,INV/2026/09/11260,2026-09-18,3412.39,EUR,2026-10-18,IC Sale - Logistics Services Sept 18,,PO-2026-43403
1261,1000,142000,1800001261,INV/2026/09/11261,2026-09-26,4146.81,EUR,2026-10-26,IC Sale - Logistics Services Sept 26,,PO-2026-51080
1262,1000,142000,1800001262,INV/2026/09/11262,2026-09-03,4325.93,EUR,2026-10-03,IC Sale - Logistics Services Sept 03,,PO-2026-37963
1263,1000,142000,1800001263,INV/2026/09/11263,2026-09-16,8919.34,EUR,2026-10-16,IC Sale - Logistics Services Sept 16,,PO-2026-81822
1264,1000,142000,1800001264,INV/2026/09/11264,2026-09-20,2160.47,EUR,2026-10-20,IC Sale - Logistics Services Sept 20,,PO-2026-17153
1265,1000,142000,1800001265,INV/2026/09/11265,2026-09-08,1241.11,EUR,2026-10-08,IC Sale - Logistics Services Sept 08,,PO-2026-35212
1266,1000,142000,1800001266,INV/2026/09/11266,2026-09-05,15935.01,EUR,2026-10-05,IC Sale - Logistics Services Sept 05,,PO-2026-15126
1267,1000,142000,1800001267,INV/2026/09/11267,2026-09-22,323.77,EUR,2026-10-22,IC Sale - Logistics Services Sept 22,,PO-2026-70880
1268,1000,142000,1800001268,INV/2026/09/11268,2026-09-07,2379.36,EUR,2026-10-07,IC Sale - Logistics Services Sept 07,,PO-2026-46287
1269,1000,142000,1800001269,INV/2026/09/11269,2026-09-14,1740.79,EUR,2026-10-14,IC Sale - Logistics Services Sept 14,,PO-2026-63843
1270,1000,142000,1800001270,INV/2026/09/11270,2026-09-03,3005.78,EUR,2026-10-03,IC Sale - Logistics Services Sept 03,,PO-2026-60933
1271,1000,142000,1800001271,INV/2026/09/11271,2026-09-13,3551.36,EUR,2026-10-13,IC Sale - Logistics Services Sept 13,,PO-2026-79418
1272,1000,142000,1800001272,INV/2026/09/11272,2026-09-19,6033.9,EUR,2026-10-19,IC Sale - Logistics Services Sept 19,,PO-2026-16265
1273,1000,142000,1800001273,INV/2026/09/11273,2026-09-19,3395.45,EUR,2026-10-19,IC Sale - Logistics Services Sept 19,,PO-2026-46122
1274,1000,142000,1800001274,INV/2026/09/11274,2026-09-25,1218.04,EUR,2026-10-25,IC Sale - Logistics Services Sept 25,,PO-2026-55237
1275,1000,142000,1800001275,INV/2026/09/11275,2026-09-13,8196.25,EUR,2026-10-13,IC Sale - Logistics Services Sept 13,,PO-2026-92049
1276,1000,142000,1800001276,INV/2026/09/11276,2026-09-14,242.25,EUR,2026-10-14,IC Sale - Logistics Services Sept 14,,PO-2026-42709
1277,1000,142000,1800001277,INV/2026/09/11277,2026-09-14,5861.59,EUR,2026-10-14,IC Sale - Logistics Services Sept 14,,PO-2026-82212
1278,1000,142000,1800001278,INV/2026/09/11278,2026-09-09,1469.27,EUR,2026-10-09,IC Sale - Logistics Services Sept 09,,PO-2026-57588
1279,1000,142000,1800001279,INV/2026/09/11279,2026-09-03,953.01,EUR,2026-10-03,IC Sale - Logistics Services Sept 03,,PO-2026-97718
1280,1000,142000,1800001280,INV/2026/09/11280,2026-09-12,1761.42,EUR,2026-10-12,IC Sale - Logistics Services Sept 12,,PO-2026-35655
1281,1000,142000,1800001281,INV/2026/09/11281,2026-09-22,1627.24,EUR,2026-10-22,IC Sale - Logistics Services Sept 22,,PO-2026-75597
1282,1000,142000,1800001282,INV/2026/09/11282,2026-09-28,864.08,EUR,2026-10-28,IC Sale - Logistics Services Sept 28,,PO-2026-97368
1283,1000,142000,1800001283,INV/2026/09/11283,2026-09-17,9072.41,EUR,2026-10-17,IC Sale - Logistics Services Sept 17,,PO-2026-74394
1284,1000,142000,1800001284,INV/2026/09/11284,2026-09-13,2850.8,EUR,2026-10-13,IC Sale - Logistics Services Sept 13,,PO-2026-70560
1285,1000,142000,1800001285,INV/2026/09/11285,2026-09-15,1397.42,EUR,2026-10-15,IC Sale - Logistics Services Sept 15,,PO-2026-96943
1286,1000,142000,1800001286,INV/2026/09/11286,2026-09-01,3293.5,EUR,2026-10-01,IC Sale - Logistics Services Sept 01,,PO-2026-38068
1287,1000,142000,1800001287,INV/2026/09/11287,2026-09-29,859.52,EUR,2026-10-29,IC Sale - Logistics Services Sept 29,,PO-2026-81140
1288,1000,142000,1800001288,INV/2026/09/11288,2026-09-12,15740.46,EUR,2026-10-12,IC Sale - Logistics Services Sept 12,,PO-2026-45120
1289,1000,142000,1800001289,INV/2026/09/11289,2026-09-16,7242.48,EUR,2026-10-16,IC Sale - Logistics Services Sept 16,,PO-2026-95835
1290,1000,142000,1800001290,INV/2026/09/11290,2026-09-18,2468.96,EUR,2026-10-18,IC Sale - Logistics Services Sept 18,,PO-2026-99966
1291,1000,142000,1800001291,INV/2026/09/11291,2026-09-14,1092.59,EUR,2026-10-14,IC Sale - Logistics Services Sept 14,,PO-2026-51641
1292,1000,142000,1800001292,INV/2026/09/11292,2026-09-29,2362.79,EUR,2026-10-29,IC Sale - Logistics Services Sept 29,,PO-2026-74575
1293,1000,142000,1800001293,INV/2026/09/11293,2026-09-07,2487.11,EUR,2026-10-07,IC Sale - Logistics Services Sept 07,,PO-2026-39400
1294,1000,142000,1800001294,INV/2026/09/11294,2026-09-27,1538.86,EUR,2026-10-27,IC Sale - Logistics Services Sept 27,,PO-2026-61358
1295,1000,142000,1800001295,INV/2026/09/11295,2026-09-02,195.3,EUR,2026-10-02,IC Sale - Logistics Services Sept 02,,PO-2026-16316
1296,1000,142000,1800001296,INV/2026/09/11296,2026-09-21,2957.8,EUR,2026-10-21,IC Sale - Logistics Services Sept 21,,PO-2026-48830
1297,1000,142000,1800001297,INV/2026/09/11297,2026-09-06,749.36,EUR,2026-10-06,IC Sale - Logistics Services Sept 06,,PO-2026-45796
1298,1000,142000,1800001298,INV/2026/09/11298,2026-09-07,11037.01,EUR,2026-10-07,IC Sale - Logistics Services Sept 07,,PO-2026-54794
1299,1000,142000,1800001299,INV/2026/09/11299,2026-09-08,3060.74,EUR,2026-10-08,IC Sale - Logistics Services Sept 08,,PO-2026-40920
1300,1000,142000,1800001300,INV/2026/09/11300,2026-09-24,10937.57,EUR,2026-10-24,IC Sale - Logistics Services Sept 24,,PO-2026-87522
1301,1000,142000,1800001301,INV/2026/09/11301,2026-09-18,5588.66,EUR,2026-10-18,IC Sale - Logistics Services Sept 18,,PO-2026-33659
1302,1000,142000,1800001302,INV/2026/09/11302,2026-09-08,692.17,EUR,2026-10-08,IC Sale - Logistics Services Sept 08,,PO-2026-43922
1303,1000,142000,1800001303,INV/2026/09/11303,2026-09-03,3011.58,EUR,2026-10-03,IC Sale - Logistics Services Sept 03,,PO-2026-98131
1305,1000,142000,1800001305,INV/2026/09/11305,2026-09-14,7931.03,EUR,2026-10-14,IC Sale - Logistics Services Sept 14,,PO-2026-52802
1306,1000,142000,1800001306,INV/2026/09/11306,2026-09-17,1282.89,EUR,2026-10-17,IC Sale - Logistics Services Sept 17,,PO-2026-68538
1307,1000,142000,1800001307,INV/2026/09/11307,2026-09-09,10913.72,EUR,2026-10-09,IC Sale - Logistics Services Sept 09,,PO-2026-42492
1308,1000,142000,1800001308,INV/2026/09/11308,2026-09-24,4764.35,EUR,2026-10-24,IC Sale - Logistics Services Sept 24,,PO-2026-99112
1309,1000,142000,1800001309,INV/2026/09/11309,2026-09-14,439.08,EUR,2026-10-14,IC Sale - Logistics Services Sept 14,,PO-2026-26101
1311,1000,142000,1800001311,INV/2026/09/11311,2026-09-03,12673.66,EUR,2026-10-03,IC Sale - Logistics Services Sept 03,,PO-2026-99526
1312,1000,142000,1800001312,INV/2026/09/11312,2026-09-14,11778.6,EUR,2026-10-14,IC Sale - Logistics Services Sept 14,,PO-2026-23835
1313,1000,142000,1800001313,INV/2026/09/11313,2026-09-11,4536.09,EUR,2026-10-11,IC Sale - Logistics Services Sept 11,,PO-2026-64903
1314,1000,142000,1800001314,INV/2026/09/11314,2026-09-16,672.76,EUR,2026-10-16,IC Sale - Logistics Services Sept 16,,PO-2026-28652
1315,1000,142000,1800001315,INV/2026/09/11315,2026-09-19,8769.51,EUR,2026-10-19,IC Sale - Logistics Services Sept 19,,PO-2026-20462
1316,1000,142000,1800001316,INV/2026/09/11316,2026-09-09,10476.41,EUR,2026-10-09,IC Sale - Logistics Services Sept 09,,PO-2026-80288
1317,1000,142000,1800001317,INV/2026/09/11317,2026-09-08,9780.09,EUR,2026-10-08,IC Sale - Logistics Services Sept 08,,PO-2026-92297
1318,1000,142000,1800001318,INV/2026/09/11318,2026-09-28,7400.19,EUR,2026-10-28,IC Sale - Logistics Services Sept 28,,PO-2026-75551
1319,1000,142000,1800001319,INV/2026/09/11319,2026-09-05,1555.43,EUR,2026-10-05,IC Sale - Logistics Services Sept 05,,PO-2026-74366
1320,1000,142000,1800001320,INV/2026/09/11320,2026-09-21,4635.1,EUR,2026-10-21,IC Sale - Logistics Services Sept 21,,PO-2026-40075
1321,1000,142000,1800001321,INV/2026/09/11321,2026-09-16,10991.95,EUR,2026-10-16,IC Sale - Logistics Services Sept 16,,PO-2026-89218
1322,1000,142000,1800001322,INV/2026/09/11322,2026-09-22,10846.29,EUR,2026-10-22,IC Sale - Logistics Services Sept 22,,PO-2026-20806
1323,1000,142000,1800001323,INV/2026/09/11323,2026-09-07,405.99,EUR,2026-10-07,IC Sale - Logistics Services Sept 07,,PO-2026-91059
1324,1000,142000,1800001324,INV/2026/09/11324,2026-09-03,3853.1,EUR,2026-10-03,IC Sale - Logistics Services Sept 03,,PO-2026-52170
1325,1000,142000,1800001325,INV/2026/09/11325,2026-09-04,6380.09,EUR,2026-10-04,IC Sale - Logistics Services Sept 04,,PO-2026-94746
1326,1000,142000,1800001326,INV/2026/09/11326,2026-09-14,467.53,EUR,2026-10-14,IC Sale - Logistics Services Sept 14,,PO-2026-78750
1327,1000,142000,1800001327,INV/2026/09/11327,2026-09-29,1145.87,EUR,2026-10-29,IC Sale - Logistics Services Sept 29,,PO-2026-58426
1328,1000,142000,1800001328,INV/2026/09/11328,2026-09-09,3152.37,EUR,2026-10-09,IC Sale - Logistics Services Sept 09,,PO-2026-37310
1329,1000,142000,1800001329,INV/2026/09/11329,2026-09-18,2089.96,EUR,2026-10-18,IC Sale - Logistics Services Sept 18,,PO-2026-91033
1330,1000,142000,1800001330,INV/2026/09/11330,2026-09-04,4445.32,EUR,2026-10-04,IC Sale - Logistics Services Sept 04,,PO-2026-83225
1331,1000,142000,1800001331,INV/2026/09/11331,2026-09-14,1059.86,EUR,2026-10-14,IC Sale - Logistics Services Sept 14,,PO-2026-32396
1332,1000,142000,1800001332,INV/2026/09/11332,2026-09-15,2388.8,EUR,2026-10-15,IC Sale - Logistics Services Sept 15,,PO-2026-25154
1333,1000,142000,1800001333,INV/2026/09/11333,2026-09-15,10469.16,EUR,2026-10-15,IC Sale - Logistics Services Sept 15,,PO-2026-72391
1334,1000,142000,1800001334,INV/2026/09/11334,2026-09-21,2008.41,EUR,2026-10-21,IC Sale - Logistics Services Sept 21,,PO-2026-50167
1335,1000,142000,1800001335,INV/2026/09/11335,2026-09-08,4453.4,EUR,2026-10-08,IC Sale - Logistics Services Sept 08,,PO-2026-40830
1336,1000,142000,1800001336,INV/2026/09/11336,2026-09-07,523.51,EUR,2026-10-07,IC Sale - Logistics Services Sept 07,,PO-2026-57449
1337,1000,142000,1800001337,INV/2026/09/11337,2026-09-12,2726.55,EUR,2026-10-12,IC Sale - Logistics Services Sept 12,,PO-2026-38329
1338,1000,142000,1800001338,INV/2026/09/11338,2026-09-27,1531.75,EUR,2026-10-27,IC Sale - Logistics Services Sept 27,,PO-2026-67999
1339,1000,142000,1800001339,INV/2026/09/11339,2026-09-18,1264.13,EUR,2026-10-18,IC Sale - Logistics Services Sept 18,,PO-2026-45987
1340,1000,142000,1800001340,INV/2026/09/11340,2026-09-26,2932.44,EUR,2026-10-26,IC Sale - Logistics Services Sept 26,,PO-2026-58509
1341,1000,142000,1800001341,INV/2026/09/11341,2026-09-08,3080.45,EUR,2026-10-08,IC Sale - Logistics Services Sept 08,,PO-2026-21764
1342,1000,142000,1800001342,INV/2026/09/11342,2026-09-19,6343.82,EUR,2026-10-19,IC Sale - Logistics Services Sept 19,,PO-2026-54552
1343,1000,142000,1800001343,INV/2026/09/11343,2026-09-01,217.02,EUR,2026-10-01,IC Sale - Logistics Services Sept 01,,PO-2026-54906
1344,1000,142000,1800001344,INV/2026/09/11344,2026-09-28,3266.79,EUR,2026-10-28,IC Sale - Logistics Services Sept 28,,PO-2026-25482
1345,1000,142000,1800001345,INV/2026/09/11345,2026-09-12,1468.66,EUR,2026-10-12,IC Sale - Logistics Services Sept 12,,PO-2026-12335
1346,1000,142000,1800001346,INV/2026/09/11346,2026-09-28,618.2,EUR,2026-10-28,IC Sale - Logistics Services Sept 28,,PO-2026-27306
1347,1000,142000,1800001347,INV/2026/09/11347,2026-09-21,1475.59,EUR,2026-10-21,IC Sale - Logistics Services Sept 21,,PO-2026-97600
1348,1000,142000,1800001348,INV/2026/09/11348,2026-09-27,8000.59,EUR,2026-10-27,IC Sale - Logistics Services Sept 27,,PO-2026-93274
1349,1000,142000,1800001349,INV/2026/09/11349,2026-09-15,826.64,EUR,2026-10-15,IC Sale - Logistics Services Sept 15,,PO-2026-98768
1351,1000,142000,1800001351,INV/2026/09/11351,2026-09-01,2247.85,EUR,2026-10-01,IC Sale - Logistics Services Sept 01,,PO-2026-61983
1352,1000,142000,1800001352,INV/2026/09/11352,2026-09-01,1426.34,EUR,2026-10-01,IC Sale - Logistics Services Sept 01,,PO-2026-19621
1353,1000,142000,1800001353,INV/2026/09/11353,2026-09-08,234.55,EUR,2026-10-08,IC Sale - Logistics Services Sept 08,,PO-2026-87434
1354,1000,142000,1800001354,INV/2026/09/11354,2026-09-01,3693.31,EUR,2026-10-01,IC Sale - Logistics Services Sept 01,,PO-2026-53171
1356,1000,142000,1800001356,INV/2026/09/11356,2026-09-15,862.64,EUR,2026-10-15,IC Sale - Logistics Services Sept 15,,PO-2026-85998
1357,1000,142000,1800001357,INV/2026/09/11357,2026-09-16,5199.94,EUR,2026-10-16,IC Sale - Logistics Services Sept 16,,PO-2026-91832
1359,1000,142000,1800001359,INV/2026/09/11359,2026-09-22,1124.56,EUR,2026-10-22,IC Sale - Logistics Services Sept 22,,PO-2026-55875
1361,1000,142000,1800001361,INV/2026/09/11361,2026-09-14,1495.8,EUR,2026-10-14,IC Sale - Logistics Services Sept 14,,PO-2026-13727
1362,1000,142000,1800001362,INV/2026/09/11362,2026-09-09,4283.16,EUR,2026-10-09,IC Sale - Logistics Services Sept 09,,PO-2026-31805
1363,1000,142000,1800001363,INV/2026/09/11363,2026-09-25,4119.23,EUR,2026-10-25,IC Sale - Logistics Services Sept 25,,PO-2026-25398
1364,1000,142000,1800001364,INV/2026/09/11364,2026-09-13,3925.24,EUR,2026-10-13,IC Sale - Logistics Services Sept 13,,PO-2026-89836
1365,1000,142000,1800001365,INV/2026/09/11365,2026-09-04,654.29,EUR,2026-10-04,IC Sale - Logistics Services Sept 04,,PO-2026-70859
1366,1000,142000,1800001366,INV/2026/09/11366,2026-09-05,1169.2,EUR,2026-10-05,IC Sale - Logistics Services Sept 05,,PO-2026-14965
1367,1000,142000,1800001367,INV/2026/09/11367,2026-09-07,6034.78,EUR,2026-10-07,IC Sale - Logistics Services Sept 07,,PO-2026-32701
1369,1000,142000,1800001369,INV/2026/09/11369,2026-09-08,3165.3,EUR,2026-10-08,IC Sale - Logistics Services Sept 08,,PO-2026-46053
1370,1000,142000,1800001370,INV/2026/09/11370,2026-09-12,628.8,EUR,2026-10-12,IC Sale - Logistics Services Sept 12,,PO-2026-44946
1371,1000,142000,1800001371,INV/2026/09/11371,2026-09-10,279.79,EUR,2026-10-10,IC Sale - Logistics Services Sept 10,,PO-2026-27348
1372,1000,142000,1800001372,INV/2026/09/11372,2026-09-01,374.22,EUR,2026-10-01,IC Sale - Logistics Services Sept 01,,PO-2026-41364
1373,1000,142000,1800001373,INV/2026/09/11373,2026-09-22,8833.54,EUR,2026-10-22,IC Sale - Logistics Services Sept 22,,PO-2026-56296
1374,1000,142000,1800001374,INV/2026/09/11374,2026-09-04,1798.78,EUR,2026-10-04,IC Sale - Logistics Services Sept 04,,PO-2026-65757
1375,1000,142000,1800001375,INV/2026/09/11375,2026-09-09,3210.52,EUR,2026-10-09,IC Sale - Logistics Services Sept 09,,PO-2026-40247
1376,1000,142000,1800001376,INV/2026/09/11376,2026-09-15,1355.3,EUR,2026-10-15,IC Sale - Logistics Services Sept 15,,PO-2026-94286
1377,1000,142000,1800001377,INV/2026/09/11377,2026-09-16,4280.0,EUR,2026-10-16,IC Sale - Logistics Services Sept 16,,PO-2026-94326
1378,1000,142000,1800001378,INV/2026/09/11378,2026-09-24,944.23,EUR,2026-10-24,IC Sale - Logistics Services Sept 24,,PO-2026-40842
1379,1000,142000,1800001379,INV/2026/09/11379,2026-09-11,1694.98,EUR,2026-10-11,IC Sale - Logistics Services Sept 11,,PO-2026-16427
1380,1000,142000,1800001380,INV/2026/09/11380,2026-09-01,5824.15,EUR,2026-10-01,IC Sale - Logistics Services Sept 01,,PO-2026-61105
1381,1000,142000,1800001381,INV/2026/09/11381,2026-09-25,5527.65,EUR,2026-10-25,IC Sale - Logistics Services Sept 25,,PO-2026-74950
1382,1000,142000,1800001382,INV/2026/09/11382,2026-09-12,1561.74,EUR,2026-10-12,IC Sale - Logistics Services Sept 12,,PO-2026-83235
1383,1000,142000,1800001383,INV/2026/09/11383,2026-09-07,713.79,EUR,2026-10-07,IC Sale - Logistics Services Sept 07,,PO-2026-77586
1386,1000,142000,1800001386,INV/2026/09/11386,2026-09-26,8723.05,EUR,2026-10-26,IC Sale - Logistics Services Sept 26,,PO-2026-67282
1387,1000,142000,1800001387,INV/2026/09/11387,2026-09-14,6873.28,EUR,2026-10-14,IC Sale - Logistics Services Sept 14,,PO-2026-51587
1389,1000,142000,1800001389,INV/2026/09/11389,2026-09-05,2717.24,EUR,2026-10-05,IC Sale - Logistics Services Sept 05,,PO-2026-47126
1390,1000,142000,1800001390,INV/2026/09/11390,2026-09-01,530.72,EUR,2026-10-01,IC Sale - Logistics Services Sept 01,,PO-2026-68093
1393,1000,142000,1800001393,INV/2026/09/11393,2026-09-29,3422.55,EUR,2026-10-29,IC Sale - Logistics Services Sept 29,,PO-2026-33256
1394,1000,142000,1800001394,INV/2026/09/11394,2026-09-24,10902.02,EUR,2026-10-24,IC Sale - Logistics Services Sept 24,,PO-2026-44020
1395,1000,142000,1800001395,INV/2026/09/11395,2026-09-13,655.37,EUR,2026-10-13,IC Sale - Logistics Services Sept 13,,PO-2026-79531
1396,1000,142000,1800001396,INV/2026/09/11396,2026-09-21,4595.04,EUR,2026-10-21,IC Sale - Logistics Services Sept 21,,PO-2026-58535
1397,1000,142000,1800001397,INV/2026/09/11397,2026-09-16,3243.53,EUR,2026-10-16,IC Sale - Logistics Services Sept 16,,PO-2026-93556
1398,1000,142000,1800001398,INV/2026/09/11398,2026-09-06,1477.04,EUR,2026-10-06,IC Sale - Logistics Services Sept 06,,PO-2026-70401
1399,1000,142000,1800001399,INV/2026/09/11399,2026-09-09,2736.4,EUR,2026-10-09,IC Sale - Logistics Services Sept 09,,PO-2026-78698
1400,1000,142000,1800001400,INV/2026/09/11400,2026-09-22,1800.7,EUR,2026-10-22,IC Sale - Logistics Services Sept 22,,PO-2026-56385
1401,1000,142000,1800001401,INV/2026/09/11401,2026-09-04,311.62,EUR,2026-10-04,IC Sale - Logistics Services Sept 04,,PO-2026-38977
1402,1000,142000,1800001402,INV/2026/09/11402,2026-09-18,1699.37,EUR,2026-10-18,IC Sale - Logistics Services Sept 18,,PO-2026-67965
1403,1000,142000,1800001403,INV/2026/09/11403,2026-09-15,9971.52,EUR,2026-10-15,IC Sale - Logistics Services Sept 15,,PO-2026-23348
1404,1000,142000,1800001404,INV/2026/09/11404,2026-09-05,1444.76,EUR,2026-10-05,IC Sale - Logistics Services Sept 05,,PO-2026-92824
1405,1000,142000,1800001405,INV/2026/09/11405,2026-09-04,2449.34,EUR,2026-10-04,IC Sale - Logistics Services Sept 04,,PO-2026-59998
1407,1000,142000,1800001407,INV/2026/09/11407,2026-09-10,1279.53,EUR,2026-10-10,IC Sale - Logistics Services Sept 10,,PO-2026-15615
1408,1000,142000,1800001408,INV/2026/09/11408,2026-09-28,4969.57,EUR,2026-10-28,IC Sale - Logistics Services Sept 28,,PO-2026-45709
1409,1000,142000,1800001409,INV/2026/09/11409,2026-09-04,5044.3,EUR,2026-10-04,IC Sale - Logistics Services Sept 04,,PO-2026-80159
1410,1000,142000,1800001410,INV/2026/09/11410,2026-09-18,5729.5,EUR,2026-10-18,IC Sale - Logistics Services Sept 18,,PO-2026-30147
1411,1000,142000,1800001411,INV/2026/09/11411,2026-09-02,6041.56,EUR,2026-10-02,IC Sale - Logistics Services Sept 02,,PO-2026-64692
1413,1000,142000,1800001413,INV/2026/09/11413,2026-09-23,9616.13,EUR,2026-10-23,IC Sale - Logistics Services Sept 23,,PO-2026-16045
1414,1000,142000,1800001414,INV/2026/09/11414,2026-09-21,2538.89,EUR,2026-10-21,IC Sale - Logistics Services Sept 21,,PO-2026-66454
1415,1000,142000,1800001415,INV/2026/09/11415,2026-09-01,3435.54,EUR,2026-10-01,IC Sale - Logistics Services Sept 01,,PO-2026-18570
1416,1000,142000,1800001416,INV/2026/09/11416,2026-09-16,364.41,EUR,2026-10-16,IC Sale - Logistics Services Sept 16,,PO-2026-88696
1417,1000,142000,1800001417,INV/2026/09/11417,2026-09-13,2358.08,EUR,2026-10-13,IC Sale - Logistics Services Sept 13,,PO-2026-13581
1418,1000,142000,1800001418,INV/2026/09/11418,2026-09-12,244.21,EUR,2026-10-12,IC Sale - Logistics Services Sept 12,,PO-2026-60510
1419,1000,142000,1800001419,INV/2026/09/11419,2026-09-25,3005.64,EUR,2026-10-25,IC Sale - Logistics Services Sept 25,,PO-2026-68550
1420,1000,142000,1800001420,INV/2026/09/11420,2026-09-03,8804.51,EUR,2026-10-03,IC Sale - Logistics Services Sept 03,,PO-2026-77170
1421,1000,142000,1800001421,INV/2026/09/11421,2026-09-05,4879.65,EUR,2026-10-05,IC Sale - Logistics Services Sept 05,,PO-2026-11319
1422,1000,142000,1800001422,INV/2026/09/11422,2026-09-29,352.68,EUR,2026-10-29,IC Sale - Logistics Services Sept 29,,PO-2026-88499
1423,1000,142000,1800001423,INV/2026/09/11423,2026-09-27,3483.9,EUR,2026-10-27,IC Sale - Logistics Services Sept 27,,PO-2026-91615
1424,1000,142000,1800001424,INV/2026/09/11424,2026-09-27,4881.22,EUR,2026-10-27,IC Sale - Logistics Services Sept 27,,PO-2026-89875
1425,1000,142000,1800001425,INV/2026/09/11425,2026-09-29,3741.82,EUR,2026-10-29,IC Sale - Logistics Services Sept 29,,PO-2026-36703
1426,1000,142000,1800001426,INV/2026/09/11426,2026-09-09,3543.47,EUR,2026-10-09,IC Sale - Logistics Services Sept 09,,PO-2026-95335
1427,1000,142000,1800001427,INV/2026/09/11427,2026-09-13,7595.56,EUR,2026-10-13,IC Sale - Logistics Services Sept 13,,PO-2026-39113
1428,1000,142000,1800001428,INV/2026/09/11428,2026-09-06,1756.92,EUR,2026-10-06,IC Sale - Logistics Services Sept 06,,PO-2026-30992
1429,1000,142000,1800001429,INV/2026/09/11429,2026-09-01,1778.75,EUR,2026-10-01,IC Sale - Logistics Services Sept 01,,PO-2026-98246
1430,1000,142000,1800001430,INV/2026/09/11430,2026-09-15,409.28,EUR,2026-10-15,IC Sale - Logistics Services Sept 15,,PO-2026-43851
1431,1000,142000,1800001431,INV/2026/09/11431,2026-09-05,4567.35,EUR,2026-10-05,IC Sale - Logistics Services Sept 05,,PO-2026-71868
1432,1000,142000,1800001432,INV/2026/09/11432,2026-09-07,256.66,EUR,2026-10-07,IC Sale - Logistics Services Sept 07,,PO-2026-98292
1433,1000,142000,1800001433,INV/2026/09/11433,2026-09-07,15704.48,EUR,2026-10-07,IC Sale - Logistics Services Sept 07,,PO-2026-69496
1434,1000,142000,1800001434,INV/2026/09/11434,2026-09-15,15294.28,EUR,2026-10-15,IC Sale - Logistics Services Sept 15,,PO-2026-11126
1435,1000,142000,1800001435,INV/2026/09/11435,2026-09-06,3906.4,EUR,2026-10-06,IC Sale - Logistics Services Sept 06,,PO-2026-81550
1436,1000,142000,1800001436,INV/2026/09/11436,2026-09-29,17012.28,EUR,2026-10-29,IC Sale - Logistics Services Sept 29,,PO-2026-98212
1437,1000,142000,1800001437,INV/2026/09/11437,2026-09-13,2540.87,EUR,2026-10-13,IC Sale - Logistics Services Sept 13,,PO-2026-59916
1438,1000,142000,1800001438,INV/2026/09/11438,2026-09-23,8967.11,EUR,2026-10-23,IC Sale - Logistics Services Sept 23,,PO-2026-67136
1439,1000,142000,1800001439,INV/2026/09/11439,2026-09-29,7837.44,EUR,2026-10-29,IC Sale - Logistics Services Sept 29,,PO-2026-51847
1440,1000,142000,1800001440,INV/2026/09/11440,2026-09-04,1463.06,EUR,2026-10-04,IC Sale - Logistics Services Sept 04,,PO-2026-26551
1441,1000,142000,1800001441,INV/2026/09/11441,2026-09-25,3592.8,EUR,2026-10-25,IC Sale - Logistics Services Sept 25,,PO-2026-91629
1442,1000,142000,1800001442,INV/2026/09/11442,2026-09-28,4481.51,EUR,2026-10-28,IC Sale - Logistics Services Sept 28,,PO-2026-65101
1443,1000,142000,1800001443,INV/2026/09/11443,2026-09-25,1874.72,EUR,2026-10-25,IC Sale - Logistics Services Sept 25,,PO-2026-99179
1444,1000,142000,1800001444,INV/2026/09/11444,2026-09-02,2016.25,EUR,2026-10-02,IC Sale - Logistics Services Sept 02,,PO-2026-17129
1445,1000,142000,1800001445,INV/2026/09/11445,2026-09-17,4543.14,EUR,2026-10-17,IC Sale - Logistics Services Sept 17,,PO-2026-20378
1446,1000,142000,1800001446,INV/2026/09/11446,2026-09-27,851.58,EUR,2026-10-27,IC Sale - Logistics Services Sept 27,,PO-2026-19491
1447,1000,142000,1800001447,INV/2026/09/11447,2026-09-26,2213.63,EUR,2026-10-26,IC Sale - Logistics Services Sept 26,,PO-2026-98301
1448,1000,142000,1800001448,INV/2026/09/11448,2026-09-22,810.22,EUR,2026-10-22,IC Sale - Logistics Services Sept 22,,PO-2026-19303
1449,1000,142000,1800001449,INV/2026/09/11449,2026-09-24,826.99,EUR,2026-10-24,IC Sale - Logistics Services Sept 24,,PO-2026-90324
1450,1000,142000,1800001450,INV/2026/09/11450,2026-09-08,721.8,EUR,2026-10-08,IC Sale - Logistics Services Sept 08,,PO-2026-43181
1451,1000,142000,1800001451,INV/2026/09/11451,2026-09-15,3520.38,EUR,2026-10-15,IC Sale - Logistics Services Sept 15,,PO-2026-25031
1452,1000,142000,1800001452,INV/2026/09/11452,2026-09-01,6825.59,EUR,2026-10-01,IC Sale - Logistics Services Sept 01,,PO-2026-84118
1453,1000,142000,1800001453,INV/2026/09/11453,2026-09-14,2266.16,EUR,2026-10-14,IC Sale - Logistics Services Sept 14,,PO-2026-39898
1454,1000,142000,1800001454,INV/2026/09/11454,2026-09-01,923.62,EUR,2026-10-01,IC Sale - Logistics Services Sept 01,,PO-2026-16447
1455,1000,142000,1800001455,INV/2026/09/11455,2026-09-19,2842.69,EUR,2026-10-19,IC Sale - Logistics Services Sept 19,,PO-2026-47878
1456,1000,142000,1800001456,INV/2026/09/11456,2026-09-27,447.02,EUR,2026-10-27,IC Sale - Logistics Services Sept 27,,PO-2026-32380
1457,1000,142000,1800001457,INV/2026/09/11457,2026-09-16,8182.34,EUR,2026-10-16,IC Sale - Logistics Services Sept 16,,PO-2026-78202
1458,1000,142000,1800001458,INV/2026/09/11458,2026-09-20,9053.21,EUR,2026-10-20,IC Sale - Logistics Services Sept 20,,PO-2026-71975
1459,1000,142000,1800001459,INV/2026/09/11459,2026-09-03,1796.35,EUR,2026-10-03,IC Sale - Logistics Services Sept 03,,PO-2026-17357
1460,1000,142000,1800001460,INV/2026/09/11460,2026-09-22,9423.88,EUR,2026-10-22,IC Sale - Logistics Services Sept 22,,PO-2026-15062
1461,1000,142000,1800001461,INV/2026/09/11461,2026-09-27,5247.25,EUR,2026-10-27,IC Sale - Logistics Services Sept 27,,PO-2026-96541
1462,1000,142000,1800001462,INV/2026/09/11462,2026-09-11,3022.2,EUR,2026-10-11,IC Sale - Logistics Services Sept 11,,PO-2026-98067
1463,1000,142000,1800001463,INV/2026/09/11463,2026-09-07,8572.72,EUR,2026-10-07,IC Sale - Logistics Services Sept 07,,PO-2026-55065
1464,1000,142000,1800001464,INV/2026/09/11464,2026-09-22,2331.55,EUR,2026-10-22,IC Sale - Logistics Services Sept 22,,PO-2026-42143
1465,1000,142000,1800001465,INV/2026/09/11465,2026-09-20,511.62,EUR,2026-10-20,IC Sale - Logistics Services Sept 20,,PO-2026-70696
1466,1000,142000,1800001466,INV/2026/09/11466,2026-09-17,7817.04,EUR,2026-10-17,IC Sale - Logistics Services Sept 17,,PO-2026-52274
1467,1000,142000,1800001467,INV/2026/09/11467,2026-09-18,2520.65,EUR,2026-10-18,IC Sale - Logistics Services Sept 18,,PO-2026-90627
1468,1000,142000,1800001468,INV/2026/09/11468,2026-09-14,2685.87,EUR,2026-10-14,IC Sale - Logistics Services Sept 14,,PO-2026-23126
1469,1000,142000,1800001469,INV/2026/09/11469,2026-09-29,2256.69,EUR,2026-10-29,IC Sale - Logistics Services Sept 29,,PO-2026-43627
1471,1000,142000,1800001471,INV/2026/09/11471,2026-09-29,2567.7,EUR,2026-10-29,IC Sale - Logistics Services Sept 29,,PO-2026-70564
1472,1000,142000,1800001472,INV/2026/09/11472,2026-09-05,3056.74,EUR,2026-10-05,IC Sale - Logistics Services Sept 05,,PO-2026-14632
1473,1000,142000,1800001473,INV/2026/09/11473,2026-09-02,2026.25,EUR,2026-10-02,IC Sale - Logistics Services Sept 02,,PO-2026-17873
1475,1000,142000,1800001475,INV/2026/09/11475,2026-09-04,10472.5,EUR,2026-10-04,IC Sale - Logistics Services Sept 04,,PO-2026-57196
1476,1000,142000,1800001476,INV/2026/09/11476,2026-09-25,6307.41,EUR,2026-10-25,IC Sale - Logistics Services Sept 25,,PO-2026-34459
1477,1000,142000,1800001477,INV/2026/09/11477,2026-09-19,7874.77,EUR,2026-10-19,IC Sale - Logistics Services Sept 19,,PO-2026-27477
1478,1000,142000,1800001478,INV/2026/09/11478,2026-09-10,1513.61,EUR,2026-10-10,IC Sale - Logistics Services Sept 10,,PO-2026-39226
1479,1000,142000,1800001479,INV/2026/09/11479,2026-09-04,1784.49,EUR,2026-10-04,IC Sale - Logistics Services Sept 04,,PO-2026-73481
1480,1000,142000,1800001480,INV/2026/09/11480,2026-09-29,5441.29,EUR,2026-10-29,IC Sale - Logistics Services Sept 29,,PO-2026-17523
1481,1000,142000,1800001481,INV/2026/09/11481,2026-09-28,3264.31,EUR,2026-10-28,IC Sale - Logistics Services Sept 28,,PO-2026-73766
1482,1000,142000,1800001482,INV/2026/09/11482,2026-09-24,828.45,EUR,2026-10-24,IC Sale - Logistics Services Sept 24,,PO-2026-41988
1483,1000,142000,1800001483,INV/2026/09/11483,2026-09-08,2205.11,EUR,2026-10-08,IC Sale - Logistics Services Sept 08,,PO-2026-23767
1484,1000,142000,1800001484,INV/2026/09/11484,2026-09-29,4063.81,EUR,2026-10-29,IC Sale - Logistics Services Sept 29,,PO-2026-64696
1485,1000,142000,1800001485,INV/2026/09/11485,2026-09-18,755.48,EUR,2026-10-18,IC Sale - Logistics Services Sept 18,,PO-2026-59181
1486,1000,142000,1800001486,INV/2026/09/11486,2026-09-25,335.85,EUR,2026-10-25,IC Sale - Logistics Services Sept 25,,PO-2026-22075
1487,1000,142000,1800001487,INV/2026/09/11487,2026-09-29,4667.18,EUR,2026-10-29,IC Sale - Logistics Services Sept 29,,PO-2026-61287
1488,1000,142000,1800001488,INV/2026/09/11488,2026-09-28,4188.28,EUR,2026-10-28,IC Sale - Logistics Services Sept 28,,PO-2026-99783
1489,1000,142000,1800001489,INV/2026/09/11489,2026-09-25,1694.42,EUR,2026-10-25,IC Sale - Logistics Services Sept 25,,PO-2026-51627
1490,1000,142000,1800001490,INV/2026/09/11490,2026-09-14,2610.17,EUR,2026-10-14,IC Sale - Logistics Services Sept 14,,PO-2026-92225
1492,1000,142000,1800001492,INV/2026/09/11492,2026-09-11,10091.44,EUR,2026-10-11,IC Sale - Logistics Services Sept 11,,PO-2026-60985
1493,1000,142000,1800001493,INV/2026/09/11493,2026-09-20,4391.07,EUR,2026-10-20,IC Sale - Logistics Services Sept 20,,PO-2026-60897
1494,1000,142000,1800001494,INV/2026/09/11494,2026-09-25,1399.39,EUR,2026-10-25,IC Sale - Logistics Services Sept 25,,PO-2026-45048
1495,1000,142000,1800001495,INV/2026/09/11495,2026-09-07,5527.69,EUR,2026-10-07,IC Sale - Logistics Services Sept 07,,PO-2026-37416
1496,1000,142000,1800001496,INV/2026/09/11496,2026-09-21,4459.22,EUR,2026-10-21,IC Sale - Logistics Services Sept 21,,PO-2026-70621
1497,1000,142000,1800001497,INV/2026/09/11497,2026-09-23,1246.89,EUR,2026-10-23,IC Sale - Logistics Services Sept 23,,PO-2026-22293
1499,1000,142000,1800001499,INV/2026/09/11499,2026-09-14,1516.62,EUR,2026-10-14,IC Sale - Logistics Services Sept 14,,PO-2026-94833
1500,1000,142000,1800001500,INV/2026/09/11500,2026-09-14,167.66,EUR,2026-10-14,IC Sale - Logistics Services Sept 14,,PO-2026-57918
1501,1000,142000,1800001501,INV/2026/09/11501,2026-09-10,1938.13,EUR,2026-10-10,IC Sale - Logistics Services Sept 10,,PO-2026-50313
1502,1000,142000,1800001502,INV/2026/09/11502,2026-09-27,3093.92,EUR,2026-10-27,IC Sale - Logistics Services Sept 27,,PO-2026-69862
1503,1000,142000,1800001503,INV/2026/09/11503,2026-09-05,2112.04,EUR,2026-10-05,IC Sale - Logistics Services Sept 05,,PO-2026-72377
1504,1000,142000,1800001504,INV/2026/09/11504,2026-09-23,845.06,EUR,2026-10-23,IC Sale - Logistics Services Sept 23,,PO-2026-23187
1505,1000,142000,1800001505,INV/2026/09/11505,2026-09-27,2857.82,EUR,2026-10-27,IC Sale - Logistics Services Sept 27,,PO-2026-33609
1506,1000,142000,1800001506,INV/2026/09/11506,2026-09-01,5055.16,EUR,2026-10-01,IC Sale - Logistics Services Sept 01,,PO-2026-30944
1507,1000,142000,1800001507,INV/2026/09/11507,2026-09-03,3057.15,EUR,2026-10-03,IC Sale - Logistics Services Sept 03,,PO-2026-75034
1508,1000,142000,1800001508,INV/2026/09/11508,2026-09-20,2843.6,EUR,2026-10-20,IC Sale - Logistics Services Sept 20,,PO-2026-17933
1509,1000,142000,1800001509,INV/2026/09/11509,2026-09-06,1159.76,EUR,2026-10-06,IC Sale - Logistics Services Sept 06,,PO-2026-64020
1510,1000,142000,1800001510,INV/2026/09/11510,2026-09-20,1308.13,EUR,2026-10-20,IC Sale - Logistics Services Sept 20,,PO-2026-18446
1511,1000,142000,1800001511,INV/2026/09/11511,2026-09-20,8065.15,EUR,2026-10-20,IC Sale - Logistics Services Sept 20,,PO-2026-30546
1512,1000,142000,1800001512,INV/2026/09/11512,2026-09-04,754.57,EUR,2026-10-04,IC Sale - Logistics Services Sept 04,,PO-2026-52714
1513,1000,142000,1800001513,INV/2026/09/11513,2026-09-19,763.41,EUR,2026-10-19,IC Sale - Logistics Services Sept 19,,PO-2026-63776
1514,1000,142000,1800001514,INV/2026/09/11514,2026-09-01,7498.39,EUR,2026-10-01,IC Sale - Logistics Services Sept 01,,PO-2026-58510
1515,1000,142000,1800001515,INV/2026/09/11515,2026-09-22,1060.79,EUR,2026-10-22,IC Sale - Logistics Services Sept 22,,PO-2026-98154
1516,1000,142000,1800001516,INV/2026/09/11516,2026-09-28,474.98,EUR,2026-10-28,IC Sale - Logistics Services Sept 28,,PO-2026-38625
1517,1000,142000,1800001517,INV/2026/09/11517,2026-09-15,455.2,EUR,2026-10-15,IC Sale - Logistics Services Sept 15,,PO-2026-23707
1519,1000,142000,1800001519,INV/2026/09/11519,2026-09-12,5111.91,EUR,2026-10-12,IC Sale - Logistics Services Sept 12,,PO-2026-76806
1520,1000,142000,1800001520,INV/2026/09/11520,2026-09-22,1953.21,EUR,2026-10-22,IC Sale - Logistics Services Sept 22,,PO-2026-55405
1521,1000,142000,1800001521,INV/2026/09/11521,2026-09-29,1365.45,EUR,2026-10-29,IC Sale - Logistics Services Sept 29,,PO-2026-34375
1522,1000,142000,1800001522,INV/2026/09/11522,2026-09-26,4770.56,EUR,2026-10-26,IC Sale - Logistics Services Sept 26,,PO-2026-57095
1523,1000,142000,1800001523,INV/2026/09/11523,2026-09-17,4009.01,EUR,2026-10-17,IC Sale - Logistics Services Sept 17,,PO-2026-70252
1524,1000,142000,1800001524,INV/2026/09/11524,2026-09-04,2413.03,EUR,2026-10-04,IC Sale - Logistics Services Sept 04,,PO-2026-41597
1525,1000,142000,1800001525,INV/2026/09/11525,2026-09-11,958.81,EUR,2026-10-11,IC Sale - Logistics Services Sept 11,,PO-2026-64922
1526,1000,142000,1800001526,INV/2026/09/11526,2026-09-02,4615.04,EUR,2026-10-02,IC Sale - Logistics Services Sept 02,,PO-2026-91500
1527,1000,142000,1800001527,INV/2026/09/11527,2026-09-18,2210.79,EUR,2026-10-18,IC Sale - Logistics Services Sept 18,,PO-2026-86941
1529,1000,142000,1800001529,INV/2026/09/11529,2026-09-04,1915.65,EUR,2026-10-04,IC Sale - Logistics Services Sept 04,,PO-2026-74051
1530,1000,142000,1800001530,INV/2026/09/11530,2026-09-29,191.48,EUR,2026-10-29,IC Sale - Logistics Services Sept 29,,PO-2026-75682
1531,1000,142000,1800001531,INV/2026/09/11531,2026-09-25,4557.98,EUR,2026-10-25,IC Sale - Logistics Services Sept 25,,PO-2026-22865
1532,1000,142000,1800001532,INV/2026/09/11532,2026-09-20,2842.21,EUR,2026-10-20,IC Sale - Logistics Services Sept 20,,PO-2026-23329
1533,1000,142000,1800001533,INV/2026/09/11533,2026-09-03,1326.99,EUR,2026-10-03,IC Sale - Logistics Services Sept 03,,PO-2026-47056
1534,1000,142000,1800001534,INV/2026/09/11534,2026-09-13,2309.65,EUR,2026-10-13,IC Sale - Logistics Services Sept 13,,PO-2026-17623
1535,1000,142000,1800001535,INV/2026/09/11535,2026-09-02,5454.41,EUR,2026-10-02,IC Sale - Logistics Services Sept 02,,PO-2026-84643
1536,1000,142000,1800001536,INV/2026/09/11536,2026-09-16,1385.4,EUR,2026-10-16,IC Sale - Logistics Services Sept 16,,PO-2026-82742
1537,1000,142000,1800001537,INV/2026/09/11537,2026-09-13,3489.16,EUR,2026-10-13,IC Sale - Logistics Services Sept 13,,PO-2026-27311
1538,1000,142000,1800001538,INV/2026/09/11538,2026-09-22,7651.86,EUR,2026-10-22,IC Sale - Logistics Services Sept 22,,PO-2026-70631
1539,1000,142000,1800001539,INV/2026/09/11539,2026-09-01,1452.0,EUR,2026-10-01,IC Sale - Logistics Services Sept 01,,PO-2026-18519
1540,1000,142000,1800001540,INV/2026/09/11540,2026-09-12,14022.34,EUR,2026-10-12,IC Sale - Logistics Services Sept 12,,PO-2026-17817
1541,1000,142000,1800001541,INV/2026/09/11541,2026-09-28,5056.29,EUR,2026-10-28,IC Sale - Logistics Services Sept 28,,PO-2026-94220
1542,1000,142000,1800001542,INV/2026/09/11542,2026-09-28,1351.24,EUR,2026-10-28,IC Sale - Logistics Services Sept 28,,PO-2026-84724
1543,1000,142000,1800001543,INV/2026/09/11543,2026-09-16,1704.74,EUR,2026-10-16,IC Sale - Logistics Services Sept 16,,PO-2026-12920
1544,1000,142000,1800001544,INV/2026/09/11544,2026-09-15,5851.4,EUR,2026-10-15,IC Sale - Logistics Services Sept 15,,PO-2026-35836
1545,1000,142000,1800001545,INV/2026/09/11545,2026-09-19,1904.68,EUR,2026-10-19,IC Sale - Logistics Services Sept 19,,PO-2026-48955
1546,1000,142000,1800001546,INV/2026/09/11546,2026-09-18,534.52,EUR,2026-10-18,IC Sale - Logistics Services Sept 18,,PO-2026-78641
1547,1000,142000,1800001547,INV/2026/09/11547,2026-09-21,430.09,EUR,2026-10-21,IC Sale - Logistics Services Sept 21,,PO-2026-25082
1548,1000,142000,1800001548,INV/2026/09/11548,2026-09-17,2935.26,EUR,2026-10-17,IC Sale - Logistics Services Sept 17,,PO-2026-99886
1549,1000,142000,1800001549,INV/2026/09/11549,2026-09-06,2368.01,EUR,2026-10-06,IC Sale - Logistics Services Sept 06,,PO-2026-81100
1550,1000,142000,1800001550,INV/2026/09/11550,2026-09-27,2117.75,EUR,2026-10-27,IC Sale - Logistics Services Sept 27,,PO-2026-77733
1551,1000,142000,1800001551,INV/2026/09/11551,2026-09-18,2561.56,EUR,2026-10-18,IC Sale - Logistics Services Sept 18,,PO-2026-14070
1552,1000,142000,1800001552,INV/2026/09/11552,2026-09-10,937.86,EUR,2026-10-10,IC Sale - Logistics Services Sept 10,,PO-2026-57449
1553,1000,142000,1800001553,INV/2026/09/11553,2026-09-02,3120.88,EUR,2026-10-02,IC Sale - Logistics Services Sept 02,,PO-2026-93581
1554,1000,142000,1800001554,INV/2026/09/11554,2026-09-09,693.19,EUR,2026-10-09,IC Sale - Logistics Services Sept 09,,PO-2026-88429
1555,1000,142000,1800001555,INV/2026/09/11555,2026-09-20,645.61,EUR,2026-10-20,IC Sale - Logistics Services Sept 20,,PO-2026-70265
1556,1000,142000,1800001556,INV/2026/09/11556,2026-09-01,12486.09,EUR,2026-10-01,IC Sale - Logistics Services Sept 01,,PO-2026-25932
1557,1000,142000,1800001557,INV/2026/09/11557,2026-09-02,6356.91,EUR,2026-10-02,IC Sale - Logistics Services Sept 02,,PO-2026-77886
1558,1000,142000,1800001558,INV/2026/09/11558,2026-09-27,1415.4,EUR,2026-10-27,IC Sale - Logistics Services Sept 27,,PO-2026-94264
1559,1000,142000,1800001559,INV/2026/09/11559,2026-09-18,3022.41,EUR,2026-10-18,IC Sale - Logistics Services Sept 18,,PO-2026-54317
1560,1000,142000,1800001560,INV/2026/09/11560,2026-09-27,1273.01,EUR,2026-10-27,IC Sale - Logistics Services Sept 27,,PO-2026-40753
1561,1000,142000,1800001561,INV/2026/09/11561,2026-09-19,6823.77,EUR,2026-10-19,IC Sale - Logistics Services Sept 19,,PO-2026-92654
1562,1000,142000,1800001562,INV/2026/09/11562,2026-09-29,326.76,EUR,2026-10-29,IC Sale - Logistics Services Sept 29,,PO-2026-54354
1563,1000,142000,1800001563,INV/2026/09/11563,2026-09-15,1861.64,EUR,2026-10-15,IC Sale - Logistics Services Sept 15,,PO-2026-65574
1564,1000,142000,1800001564,INV/2026/09/11564,2026-09-07,8931.36,EUR,2026-10-07,IC Sale - Logistics Services Sept 07,,PO-2026-74142
1565,1000,142000,1800001565,INV/2026/09/11565,2026-09-08,159.51,EUR,2026-10-08,IC Sale - Logistics Services Sept 08,,PO-2026-74039
1566,1000,142000,1800001566,INV/2026/09/11566,2026-09-11,1463.07,EUR,2026-10-11,IC Sale - Logistics Services Sept 11,,PO-2026-42979
1567,1000,142000,1800001567,INV/2026/09/11567,2026-09-06,3600.44,EUR,2026-10-06,IC Sale - Logistics Services Sept 06,,PO-2026-34332
1568,1000,142000,1800001568,INV/2026/09/11568,2026-09-13,3154.82,EUR,2026-10-13,IC Sale - Logistics Services Sept 13,,PO-2026-75202
1569,1000,142000,1800001569,INV/2026/09/11569,2026-09-25,1966.5,EUR,2026-10-25,IC Sale - Logistics Services Sept 25,,PO-2026-31303
1570,1000,142000,1800001570,INV/2026/09/11570,2026-09-07,2464.11,EUR,2026-10-07,IC Sale - Logistics Services Sept 07,,PO-2026-29935
1571,1000,142000,1800001571,INV/2026/09/11571,2026-09-15,1252.86,EUR,2026-10-15,IC Sale - Logistics Services Sept 15,,PO-2026-34009
1572,1000,142000,1800001572,INV/2026/09/11572,2026-09-09,2885.88,EUR,2026-10-09,IC Sale - Logistics Services Sept 09,,PO-2026-40196
1574,1000,142000,1800001574,INV/2026/09/11574,2026-09-07,1964.26,EUR,2026-10-07,IC Sale - Logistics Services Sept 07,,PO-2026-50044
1575,1000,142000,1800001575,INV/2026/09/11575,2026-09-03,4021.4,EUR,2026-10-03,IC Sale - Logistics Services Sept 03,,PO-2026-13396
1576,1000,142000,1800001576,INV/2026/09/11576,2026-09-21,742.19,EUR,2026-10-21,IC Sale - Logistics Services Sept 21,,PO-2026-69817
1577,1000,142000,1800001577,INV/2026/09/11577,2026-09-02,400.7,EUR,2026-10-02,IC Sale - Logistics Services Sept 02,,PO-2026-89429
1578,1000,142000,1800001578,INV/2026/09/11578,2026-09-25,15240.51,EUR,2026-10-25,IC Sale - Logistics Services Sept 25,,PO-2026-61768
1579,1000,142000,1800001579,INV/2026/09/11579,2026-09-27,11389.11,EUR,2026-10-27,IC Sale - Logistics Services Sept 27,,PO-2026-95816
1580,1000,142000,1800001580,INV/2026/09/11580,2026-09-15,195.65,EUR,2026-10-15,IC Sale - Logistics Services Sept 15,,PO-2026-83494
1581,1000,142000,1800001581,INV/2026/09/11581,2026-09-16,931.59,EUR,2026-10-16,IC Sale - Logistics Services Sept 16,,PO-2026-93501
1582,1000,142000,1800001582,INV/2026/09/11582,2026-09-11,3524.93,EUR,2026-10-11,IC Sale - Logistics Services Sept 11,,PO-2026-35542
1583,1000,142000,1800001583,INV/2026/09/11583,2026-09-16,2169.98,EUR,2026-10-16,IC Sale - Logistics Services Sept 16,,PO-2026-48840
1584,1000,142000,1800001584,INV/2026/09/11584,2026-09-23,866.11,EUR,2026-10-23,IC Sale - Logistics Services Sept 23,,PO-2026-24964
1585,1000,142000,1800001585,INV/2026/09/11585,2026-09-12,1190.16,EUR,2026-10-12,IC Sale - Logistics Services Sept 12,,PO-2026-97366
1586,1000,142000,1800001586,INV/2026/09/11586,2026-09-04,3203.09,EUR,2026-10-04,IC Sale - Logistics Services Sept 04,,PO-2026-38743
1587,1000,142000,1800001587,INV/2026/09/11587,2026-09-13,3338.19,EUR,2026-10-13,IC Sale - Logistics Services Sept 13,,PO-2026-44952
1588,1000,142000,1800001588,INV/2026/09/11588,2026-09-27,1556.32,EUR,2026-10-27,IC Sale - Logistics Services Sept 27,,PO-2026-27501
1589,1000,142000,1800001589,INV/2026/09/11589,2026-09-25,1751.34,EUR,2026-10-25,IC Sale - Logistics Services Sept 25,,PO-2026-88413
1590,1000,142000,1800001590,INV/2026/09/11590,2026-09-03,658.91,EUR,2026-10-03,IC Sale - Logistics Services Sept 03,,PO-2026-68272
1591,1000,142000,1800001591,INV/2026/09/11591,2026-09-06,5798.52,EUR,2026-10-06,IC Sale - Logistics Services Sept 06,,PO-2026-69350
1592,1000,142000,1800001592,INV/2026/09/11592,2026-09-20,2289.31,EUR,2026-10-20,IC Sale - Logistics Services Sept 20,,PO-2026-99236
1593,1000,142000,1800001593,INV/2026/09/11593,2026-09-29,3858.75,EUR,2026-10-29,IC Sale - Logistics Services Sept 29,,PO-2026-88295
1594,1000,142000,1800001594,INV/2026/09/11594,2026-09-07,974.93,EUR,2026-10-07,IC Sale - Logistics Services Sept 07,,PO-2026-37491
1595,1000,142000,1800001595,INV/2026/09/11595,2026-09-24,6882.78,EUR,2026-10-24,IC Sale - Logistics Services Sept 24,,PO-2026-18246
1596,1000,142000,1800001596,INV/2026/09/11596,2026-09-16,516.18,EUR,2026-10-16,IC Sale - Logistics Services Sept 16,,PO-2026-12286
1597,1000,142000,1800001597,INV/2026/09/11597,2026-09-25,4197.17,EUR,2026-10-25,IC Sale - Logistics Services Sept 25,,PO-2026-45812
1598,1000,142000,1800001598,INV/2026/09/11598,2026-09-23,7693.73,EUR,2026-10-23,IC Sale - Logistics Services Sept 23,,PO-2026-75073
1599,1000,142000,1800001599,INV/2026/09/11599,2026-09-01,265.31,EUR,2026-10-01,IC Sale - Logistics Services Sept 01,,PO-2026-34283
1600,1000,142000,1800001600,INV/2026/09/11600,2026-09-25,1629.34,EUR,2026-10-25,IC Sale - Logistics Services Sept 25,,PO-2026-93110
1601,1000,142000,1800001601,INV/2026/09/11601,2026-09-04,1353.2,EUR,2026-10-04,IC Sale - Logistics Services Sept 04,,PO-2026-80895
1602,1000,142000,1800001602,INV/2026/09/11602,2026-09-28,1682.49,EUR,2026-10-28,IC Sale - Logistics Services Sept 28,,PO-2026-43831
1603,1000,142000,1800001603,INV/2026/09/11603,2026-09-03,2268.42,EUR,2026-10-03,IC Sale - Logistics Services Sept 03,,PO-2026-21605
1604,1000,142000,1800001604,INV/2026/09/11604,2026-09-01,2213.9,EUR,2026-10-01,IC Sale - Logistics Services Sept 01,,PO-2026-10856
1605,1000,142000,1800001605,INV/2026/09/11605,2026-09-05,1682.05,EUR,2026-10-05,IC Sale - Logistics Services Sept 05,,PO-2026-92450
1606,1000,142000,1800001606,INV/2026/09/11606,2026-09-18,1676.75,EUR,2026-10-18,IC Sale - Logistics Services Sept 18,,PO-2026-71076
1607,1000,142000,1800001607,INV/2026/09/11607,2026-09-14,2075.62,EUR,2026-10-14,IC Sale - Logistics Services Sept 14,,PO-2026-74049
1608,1000,142000,1800001608,INV/2026/09/11608,2026-09-05,3756.06,EUR,2026-10-05,IC Sale - Logistics Services Sept 05,,PO-2026-89787
1609,1000,142000,1800001609,INV/2026/09/11609,2026-09-25,3957.43,EUR,2026-10-25,IC Sale - Logistics Services Sept 25,,PO-2026-93008
1610,1000,142000,1800001610,INV/2026/09/11610,2026-09-15,5606.52,EUR,2026-10-15,IC Sale - Logistics Services Sept 15,,PO-2026-46698
1611,1000,142000,1800001611,INV/2026/09/11611,2026-09-06,1640.44,EUR,2026-10-06,IC Sale - Logistics Services Sept 06,,PO-2026-48491
1612,1000,142000,1800001612,INV/2026/09/11612,2026-09-03,3641.8,EUR,2026-10-03,IC Sale - Logistics Services Sept 03,,PO-2026-74459
1613,1000,142000,1800001613,INV/2026/09/11613,2026-09-14,1291.7,EUR,2026-10-14,IC Sale - Logistics Services Sept 14,,PO-2026-59179
1614,1000,142000,1800001614,INV/2026/09/11614,2026-09-13,5535.4,EUR,2026-10-13,IC Sale - Logistics Services Sept 13,,PO-2026-30987
1616,1000,142000,1800001616,INV/2026/09/11616,2026-09-23,1472.05,EUR,2026-10-23,IC Sale - Logistics Services Sept 23,,PO-2026-64398
1617,1000,142000,1800001617,INV/2026/09/11617,2026-09-16,11588.87,EUR,2026-10-16,IC Sale - Logistics Services Sept 16,,PO-2026-62975
1618,1000,142000,1800001618,INV/2026/09/11618,2026-09-28,6420.43,EUR,2026-10-28,IC Sale - Logistics Services Sept 28,,PO-2026-97592
1619,1000,142000,1800001619,INV/2026/09/11619,2026-09-12,2266.17,EUR,2026-10-12,IC Sale - Logistics Services Sept 12,,PO-2026-47279
1620,1000,142000,1800001620,INV/2026/09/11620,2026-09-13,6893.78,EUR,2026-10-13,IC Sale - Logistics Services Sept 13,,PO-2026-32255
1621,1000,142000,1800001621,INV/2026/09/11621,2026-09-16,1756.08,EUR,2026-10-16,IC Sale - Logistics Services Sept 16,,PO-2026-18667
1622,1000,142000,1800001622,INV/2026/09/11622,2026-09-10,2033.36,EUR,2026-10-10,IC Sale - Logistics Services Sept 10,,PO-2026-73317
1623,1000,142000,1800001623,INV/2026/09/11623,2026-09-09,233.73,EUR,2026-10-09,IC Sale - Logistics Services Sept 09,,PO-2026-63125
1624,1000,142000,1800001624,INV/2026/09/11624,2026-09-11,1715.3,EUR,2026-10-11,IC Sale - Logistics Services Sept 11,,PO-2026-80098
1625,1000,142000,1800001625,INV/2026/09/11625,2026-09-19,15163.32,EUR,2026-10-19,IC Sale - Logistics Services Sept 19,,PO-2026-14855
1626,1000,142000,1800001626,INV/2026/09/11626,2026-09-17,2002.3,EUR,2026-10-17,IC Sale - Logistics Services Sept 17,,PO-2026-76027
1627,1000,142000,1800001627,INV/2026/09/11627,2026-09-11,468.62,EUR,2026-10-11,IC Sale - Logistics Services Sept 11,,PO-2026-58608
1628,1000,142000,1800001628,INV/2026/09/11628,2026-09-08,4531.18,EUR,2026-10-08,IC Sale - Logistics Services Sept 08,,PO-2026-92916
1629,1000,142000,1800001629,INV/2026/09/11629,2026-09-05,14921.92,EUR,2026-10-05,IC Sale - Logistics Services Sept 05,,PO-2026-80256
1630,1000,142000,1800001630,INV/2026/09/11630,2026-09-08,1577.55,EUR,2026-10-08,IC Sale - Logistics Services Sept 08,,PO-2026-53429
1631,1000,142000,1800001631,INV/2026/09/11631,2026-09-10,9519.12,EUR,2026-10-10,IC Sale - Logistics Services Sept 10,,PO-2026-44329
1632,1000,142000,1800001632,INV/2026/09/11632,2026-09-28,11142.51,EUR,2026-10-28,IC Sale - Logistics Services Sept 28,,PO-2026-84389
1633,1000,142000,1800001633,INV/2026/09/11633,2026-09-06,3073.61,EUR,2026-10-06,IC Sale - Logistics Services Sept 06,,PO-2026-46967
1634,1000,142000,1800001634,INV/2026/09/11634,2026-09-26,495.9,EUR,2026-10-26,IC Sale - Logistics Services Sept 26,,PO-2026-23376
1636,1000,142000,1800001636,INV/2026/09/11636,2026-09-11,1214.48,EUR,2026-10-11,IC Sale - Logistics Services Sept 11,,PO-2026-89815
1637,1000,142000,1800001637,INV/2026/09/11637,2026-09-29,14408.77,EUR,2026-10-29,IC Sale - Logistics Services Sept 29,,PO-2026-23957
1638,1000,142000,1800001638,INV/2026/09/11638,2026-09-21,3435.33,EUR,2026-10-21,IC Sale - Logistics Services Sept 21,,PO-2026-28420
1639,1000,142000,1800001639,INV/2026/09/11639,2026-09-02,11318.61,EUR,2026-10-02,IC Sale - Logistics Services Sept 02,,PO-2026-81050
1640,1000,142000,1800001640,INV/2026/09/11640,2026-09-07,3752.92,EUR,2026-10-07,IC Sale - Logistics Services Sept 07,,PO-2026-39961
1641,1000,142000,1800001641,INV/2026/09/11641,2026-09-02,1070.62,EUR,2026-10-02,IC Sale - Logistics Services Sept 02,,PO-2026-67787
1642,1000,142000,1800001642,INV/2026/09/11642,2026-09-01,5661.26,EUR,2026-10-01,IC Sale - Logistics Services Sept 01,,PO-2026-32187
1643,1000,142000,1800001643,INV/2026/09/11643,2026-09-06,842.39,EUR,2026-10-06,IC Sale - Logistics Services Sept 06,,PO-2026-88447
1644,1000,142000,1800001644,INV/2026/09/11644,2026-09-11,1660.18,EUR,2026-10-11,IC Sale - Logistics Services Sept 11,,PO-2026-17736
1645,1000,142000,1800001645,INV/2026/09/11645,2026-09-17,1493.24,EUR,2026-10-17,IC Sale - Logistics Services Sept 17,,PO-2026-48874
1646,1000,142000,1800001646,INV/2026/09/11646,2026-09-24,4027.2,EUR,2026-10-24,IC Sale - Logistics Services Sept 24,,PO-2026-62584
1648,1000,142000,1800001648,INV/2026/09/11648,2026-09-23,4772.2,EUR,2026-10-23,IC Sale - Logistics Services Sept 23,,PO-2026-90295
1649,1000,142000,1800001649,INV/2026/09/11649,2026-09-01,1556.53,EUR,2026-10-01,IC Sale - Logistics Services Sept 01,,PO-2026-78601
1650,1000,142000,1800001650,INV/2026/09/11650,2026-09-21,2527.44,EUR,2026-10-21,IC Sale - Logistics Services Sept 21,,PO-2026-89120
1651,1000,142000,1800001651,INV/2026/09/11651,2026-09-03,346.1,EUR,2026-10-03,IC Sale - Logistics Services Sept 03,,PO-2026-78025
1652,1000,142000,1800001652,INV/2026/09/11652,2026-09-06,2798.98,EUR,2026-10-06,IC Sale - Logistics Services Sept 06,,PO-2026-65777
1653,1000,142000,1800001653,INV/2026/09/11653,2026-09-07,10376.48,EUR,2026-10-07,IC Sale - Logistics Services Sept 07,,PO-2026-41251
1654,1000,142000,1800001654,INV/2026/09/11654,2026-09-17,1929.73,EUR,2026-10-17,IC Sale - Logistics Services Sept 17,,PO-2026-64370
1655,1000,142000,1800001655,INV/2026/09/11655,2026-09-13,492.24,EUR,2026-10-13,IC Sale - Logistics Services Sept 13,,PO-2026-63389
1656,1000,142000,1800001656,INV/2026/09/11656,2026-09-24,2378.68,EUR,2026-10-24,IC Sale - Logistics Services Sept 24,,PO-2026-90905
1657,1000,142000,1800001657,INV/2026/09/11657,2026-09-11,2856.98,EUR,2026-10-11,IC Sale - Logistics Services Sept 11,,PO-2026-87606
1658,1000,142000,1800001658,INV/2026/09/11658,2026-09-16,3088.61,EUR,2026-10-16,IC Sale - Logistics Services Sept 16,,PO-2026-17298
1659,1000,142000,1800001659,INV/2026/09/11659,2026-09-10,3645.12,EUR,2026-10-10,IC Sale - Logistics Services Sept 10,,PO-2026-33288
1660,1000,142000,1800001660,INV/2026/09/11660,2026-09-08,2992.65,EUR,2026-10-08,IC Sale - Logistics Services Sept 08,,PO-2026-48660
1661,1000,142000,1800001661,INV/2026/09/11661,2026-09-13,6135.66,EUR,2026-10-13,IC Sale - Logistics Services Sept 13,,PO-2026-93279
1662,1000,142000,1800001662,INV/2026/09/11662,2026-09-07,2360.31,EUR,2026-10-07,IC Sale - Logistics Services Sept 07,,PO-2026-89619
1663,1000,142000,1800001663,INV/2026/09/11663,2026-09-23,1472.03,EUR,2026-10-23,IC Sale - Logistics Services Sept 23,,PO-2026-98799
1664,1000,142000,1800001664,INV/2026/09/11664,2026-09-27,3104.63,EUR,2026-10-27,IC Sale - Logistics Services Sept 27,,PO-2026-91640
1665,1000,142000,1800001665,INV/2026/09/11665,2026-09-26,1807.95,EUR,2026-10-26,IC Sale - Logistics Services Sept 26,,PO-2026-47737
1666,1000,142000,1800001666,INV/2026/09/11666,2026-09-12,6035.13,EUR,2026-10-12,IC Sale - Logistics Services Sept 12,,PO-2026-44797
1668,1000,142000,1800001668,INV/2026/09/11668,2026-09-08,3520.35,EUR,2026-10-08,IC Sale - Logistics Services Sept 08,,PO-2026-99578
1669,1000,142000,1800001669,INV/2026/09/11669,2026-09-04,11850.71,EUR,2026-10-04,IC Sale - Logistics Services Sept 04,,PO-2026-42941
1670,1000,142000,1800001670,INV/2026/09/11670,2026-09-04,5926.83,EUR,2026-10-04,IC Sale - Logistics Services Sept 04,,PO-2026-95679
1671,1000,142000,1800001671,INV/2026/09/11671,2026-09-25,1661.64,EUR,2026-10-25,IC Sale - Logistics Services Sept 25,,PO-2026-12330
1672,1000,142000,1800001672,INV/2026/09/11672,2026-09-11,4147.02,EUR,2026-10-11,IC Sale - Logistics Services Sept 11,,PO-2026-47593
1673,1000,142000,1800001673,INV/2026/09/11673,2026-09-28,6606.87,EUR,2026-10-28,IC Sale - Logistics Services Sept 28,,PO-2026-91477
1674,1000,142000,1800001674,INV/2026/09/11674,2026-09-19,1530.62,EUR,2026-10-19,IC Sale - Logistics Services Sept 19,,PO-2026-35264
1675,1000,142000,1800001675,INV/2026/09/11675,2026-09-11,1400.43,EUR,2026-10-11,IC Sale - Logistics Services Sept 11,,PO-2026-21239
1676,1000,142000,1800001676,INV/2026/09/11676,2026-09-12,6011.21,EUR,2026-10-12,IC Sale - Logistics Services Sept 12,,PO-2026-41961
1678,1000,142000,1800001678,INV/2026/09/11678,2026-09-15,2598.03,EUR,2026-10-15,IC Sale - Logistics Services Sept 15,,PO-2026-26731
1679,1000,142000,1800001679,INV/2026/09/11679,2026-09-12,4130.61,EUR,2026-10-12,IC Sale - Logistics Services Sept 12,,PO-2026-70914
1680,1000,142000,1800001680,INV/2026/09/11680,2026-09-17,3382.62,EUR,2026-10-17,IC Sale - Logistics Services Sept 17,,PO-2026-61836
1681,1000,142000,1800001681,INV/2026/09/11681,2026-09-02,12139.75,EUR,2026-10-02,IC Sale - Logistics Services Sept 02,,PO-2026-47258
1682,1000,142000,1800001682,INV/2026/09/11682,2026-09-22,987.25,EUR,2026-10-22,IC Sale - Logistics Services Sept 22,,PO-2026-52921
1683,1000,142000,1800001683,INV/2026/09/11683,2026-09-12,2198.46,EUR,2026-10-12,IC Sale - Logistics Services Sept 12,,PO-2026-10848
1684,1000,142000,1800001684,INV/2026/09/11684,2026-09-22,467.8,EUR,2026-10-22,IC Sale - Logistics Services Sept 22,,PO-2026-47099
1685,1000,142000,1800001685,INV/2026/09/11685,2026-09-06,11838.66,EUR,2026-10-06,IC Sale - Logistics Services Sept 06,,PO-2026-36729
1686,1000,142000,1800001686,INV/2026/09/11686,2026-09-22,2863.31,EUR,2026-10-22,IC Sale - Logistics Services Sept 22,,PO-2026-31915
1687,1000,142000,1800001687,INV/2026/09/11687,2026-09-18,3824.4,EUR,2026-10-18,IC Sale - Logistics Services Sept 18,,PO-2026-80389
1688,1000,142000,1800001688,INV/2026/09/11688,2026-09-03,5097.28,EUR,2026-10-03,IC Sale - Logistics Services Sept 03,,PO-2026-60269
1689,1000,142000,1800001689,INV/2026/09/11689,2026-09-12,4704.22,EUR,2026-10-12,IC Sale - Logistics Services Sept 12,,PO-2026-62519
1690,1000,142000,1800001690,INV/2026/09/11690,2026-09-24,854.09,EUR,2026-10-24,IC Sale - Logistics Services Sept 24,,PO-2026-20086
1691,1000,142000,1800001691,INV/2026/09/11691,2026-09-27,5095.71,EUR,2026-10-27,IC Sale - Logistics Services Sept 27,,PO-2026-77424
1692,1000,142000,1800001692,INV/2026/09/11692,2026-09-24,5672.45,EUR,2026-10-24,IC Sale - Logistics Services Sept 24,,PO-2026-50847
1693,1000,142000,1800001693,INV/2026/09/11693,2026-09-11,4373.46,EUR,2026-10-11,IC Sale - Logistics Services Sept 11,,PO-2026-81342
1694,1000,142000,1800001694,INV/2026/09/11694,2026-09-18,2949.55,EUR,2026-10-18,IC Sale - Logistics Services Sept 18,,PO-2026-76719
1695,1000,142000,1800001695,INV/2026/09/11695,2026-09-17,8699.48,EUR,2026-10-17,IC Sale - Logistics Services Sept 17,,PO-2026-79939
1696,1000,142000,1800001696,INV/2026/09/11696,2026-09-15,2725.89,EUR,2026-10-15,IC Sale - Logistics Services Sept 15,,PO-2026-76036
1697,1000,142000,1800001697,INV/2026/09/11697,2026-09-01,16429.72,EUR,2026-10-01,IC Sale - Logistics Services Sept 01,,PO-2026-55346
1698,1000,142000,1800001698,INV/2026/09/11698,2026-09-18,1425.99,EUR,2026-10-18,IC Sale - Logistics Services Sept 18,,PO-2026-25685
1699,1000,142000,1800001699,INV/2026/09/11699,2026-09-28,1972.95,EUR,2026-10-28,IC Sale - Logistics Services Sept 28,,PO-2026-41469
1700,1000,142000,1800001700,INV/2026/09/11700,2026-09-04,2104.94,EUR,2026-10-04,IC Sale - Logistics Services Sept 04,,PO-2026-79367
1702,1000,142000,1800001702,INV/2026/09/11702,2026-09-03,10972.17,EUR,2026-10-03,IC Sale - Logistics Services Sept 03,,PO-2026-19934
1703,1000,142000,1800001703,INV/2026/09/11703,2026-09-23,5290.22,EUR,2026-10-23,IC Sale - Logistics Services Sept 23,,PO-2026-11673
1704,1000,142000,1800001704,INV/2026/09/11704,2026-09-19,1131.63,EUR,2026-10-19,IC Sale - Logistics Services Sept 19,,PO-2026-80957
1705,1000,142000,1800001705,INV/2026/09/11705,2026-09-19,717.33,EUR,2026-10-19,IC Sale - Logistics Services Sept 19,,PO-2026-64981
1707,1000,142000,1800001707,INV/2026/09/11707,2026-09-26,5900.63,EUR,2026-10-26,IC Sale - Logistics Services Sept 26,,PO-2026-31226
1708,1000,142000,1800001708,INV/2026/09/11708,2026-09-09,845.79,EUR,2026-10-09,IC Sale - Logistics Services Sept 09,,PO-2026-36886
1709,1000,142000,1800001709,INV/2026/09/11709,2026-09-02,1833.25,EUR,2026-10-02,IC Sale - Logistics Services Sept 02,,PO-2026-56137
1711,1000,142000,1800001711,INV/2026/09/11711,2026-09-26,5419.98,EUR,2026-10-26,IC Sale - Logistics Services Sept 26,,PO-2026-84363
1712,1000,142000,1800001712,INV/2026/09/11712,2026-09-21,5961.82,EUR,2026-10-21,IC Sale - Logistics Services Sept 21,,PO-2026-94607
1713,1000,142000,1800001713,INV/2026/09/11713,2026-09-16,321.16,EUR,2026-10-16,IC Sale - Logistics Services Sept 16,,PO-2026-28477
1714,1000,142000,1800001714,INV/2026/09/11714,2026-09-08,1539.26,EUR,2026-10-08,IC Sale - Logistics Services Sept 08,,PO-2026-95876
1715,1000,142000,1800001715,INV/2026/09/11715,2026-09-21,240.59,EUR,2026-10-21,IC Sale - Logistics Services Sept 21,,PO-2026-82952
1716,1000,142000,1800001716,INV/2026/09/11716,2026-09-10,4276.24,EUR,2026-10-10,IC Sale - Logistics Services Sept 10,,PO-2026-86896
1717,1000,142000,1800001717,INV/2026/09/11717,2026-09-04,1657.83,EUR,2026-10-04,IC Sale - Logistics Services Sept 04,,PO-2026-31793
1718,1000,142000,1800001718,INV/2026/09/11718,2026-09-05,311.28,EUR,2026-10-05,IC Sale - Logistics Services Sept 05,,PO-2026-26374
1719,1000,142000,1800001719,INV/2026/09/11719,2026-09-29,1468.18,EUR,2026-10-29,IC Sale - Logistics Services Sept 29,,PO-2026-23756
1720,1000,142000,1800001720,INV/2026/09/11720,2026-09-01,5389.74,EUR,2026-10-01,IC Sale - Logistics Services Sept 01,,PO-2026-80846
1721,1000,142000,1800001721,INV/2026/09/11721,2026-09-28,18233.97,EUR,2026-10-28,IC Sale - Logistics Services Sept 28,,PO-2026-36361
1722,1000,142000,1800001722,INV/2026/09/11722,2026-09-19,386.74,EUR,2026-10-19,IC Sale - Logistics Services Sept 19,,PO-2026-68457
1723,1000,142000,1800001723,INV/2026/09/11723,2026-09-22,3268.78,EUR,2026-10-22,IC Sale - Logistics Services Sept 22,,PO-2026-69889
1724,1000,142000,1800001724,INV/2026/09/11724,2026-09-01,2844.76,EUR,2026-10-01,IC Sale - Logistics Services Sept 01,,PO-2026-55019
1725,1000,142000,1800001725,INV/2026/09/11725,2026-09-27,4259.7,EUR,2026-10-27,IC Sale - Logistics Services Sept 27,,PO-2026-57211
1726,1000,142000,1800001726,INV/2026/09/11726,2026-09-11,1020.59,EUR,2026-10-11,IC Sale - Logistics Services Sept 11,,PO-2026-29727
1727,1000,142000,1800001727,INV/2026/09/11727,2026-09-25,2499.98,EUR,2026-10-25,IC Sale - Logistics Services Sept 25,,PO-2026-76689
1728,1000,142000,1800001728,INV/2026/09/11728,2026-09-13,1663.76,EUR,2026-10-13,IC Sale - Logistics Services Sept 13,,PO-2026-88974
1729,1000,142000,1800001729,INV/2026/09/11729,2026-09-06,2581.58,EUR,2026-10-06,IC Sale - Logistics Services Sept 06,,PO-2026-30045
1730,1000,142000,1800001730,INV/2026/09/11730,2026-09-23,9686.63,EUR,2026-10-23,IC Sale - Logistics Services Sept 23,,PO-2026-99711
1731,1000,142000,1800001731,INV/2026/09/11731,2026-09-19,5360.33,EUR,2026-10-19,IC Sale - Logistics Services Sept 19,,PO-2026-57849
1732,1000,142000,1800001732,INV/2026/09/11732,2026-09-24,2082.9,EUR,2026-10-24,IC Sale - Logistics Services Sept 24,,PO-2026-93527
1733,1000,142000,1800001733,INV/2026/09/11733,2026-09-21,1137.25,EUR,2026-10-21,IC Sale - Logistics Services Sept 21,,PO-2026-18824
1734,1000,142000,1800001734,INV/2026/09/11734,2026-09-07,17086.93,EUR,2026-10-07,IC Sale - Logistics Services Sept 07,,PO-2026-49637
1735,1000,142000,1800001735,INV/2026/09/11735,2026-09-04,1184.37,EUR,2026-10-04,IC Sale - Logistics Services Sept 04,,PO-2026-73849
1736,1000,142000,1800001736,INV/2026/09/11736,2026-09-02,2517.0,EUR,2026-10-02,IC Sale - Logistics Services Sept 02,,PO-2026-42049
1737,1000,142000,1800001737,INV/2026/09/11737,2026-09-19,974.22,EUR,2026-10-19,IC Sale - Logistics Services Sept 19,,PO-2026-30521
1738,1000,142000,1800001738,INV/2026/09/11738,2026-09-24,2113.31,EUR,2026-10-24,IC Sale - Logistics Services Sept 24,,PO-2026-95357
1739,1000,142000,1800001739,INV/2026/09/11739,2026-09-25,7092.1,EUR,2026-10-25,IC Sale - Logistics Services Sept 25,,PO-2026-71044
1740,1000,142000,1800001740,INV/2026/09/11740,2026-09-02,12161.64,EUR,2026-10-02,IC Sale - Logistics Services Sept 02,,PO-2026-38777
1741,1000,142000,1800001741,INV/2026/09/11741,2026-09-06,18363.02,EUR,2026-10-06,IC Sale - Logistics Services Sept 06,,PO-2026-30343
1742,1000,142000,1800001742,INV/2026/09/11742,2026-09-06,4722.77,EUR,2026-10-06,IC Sale - Logistics Services Sept 06,,PO-2026-10248
1743,1000,142000,1800001743,INV/2026/09/11743,2026-09-29,585.49,EUR,2026-10-29,IC Sale - Logistics Services Sept 29,,PO-2026-99764
1744,1000,142000,1800001744,INV/2026/09/11744,2026-09-20,171.57,EUR,2026-10-20,IC Sale - Logistics Services Sept 20,,PO-2026-89701
1745,1000,142000,1800001745,INV/2026/09/11745,2026-09-11,4093.73,EUR,2026-10-11,IC Sale - Logistics Services Sept 11,,PO-2026-67152
1746,1000,142000,1800001746,INV/2026/09/11746,2026-09-22,4707.15,EUR,2026-10-22,IC Sale - Logistics Services Sept 22,,PO-2026-56307
1747,1000,142000,1800001747,INV/2026/09/11747,2026-09-09,5287.6,EUR,2026-10-09,IC Sale - Logistics Services Sept 09,,PO-2026-51635
1748,1000,142000,1800001748,INV/2026/09/11748,2026-09-21,2772.3,EUR,2026-10-21,IC Sale - Logistics Services Sept 21,,PO-2026-14423
1749,1000,142000,1800001749,INV/2026/09/11749,2026-09-01,8136.59,EUR,2026-10-01,IC Sale - Logistics Services Sept 01,,PO-2026-99780
1750,1000,142000,1800001750,INV/2026/09/11750,2026-09-17,423.59,EUR,2026-10-17,IC Sale - Logistics Services Sept 17,,PO-2026-41145
1751,1000,142000,1800001751,INV/2026/09/11751,2026-09-02,10221.07,EUR,2026-10-02,IC Sale - Logistics Services Sept 02,,PO-2026-71990
1752,1000,142000,1800001752,INV/2026/09/11752,2026-09-09,1128.83,EUR,2026-10-09,IC Sale - Logistics Services Sept 09,,PO-2026-79425
1753,1000,142000,1800001753,INV/2026/09/11753,2026-09-15,617.35,EUR,2026-10-15,IC Sale - Logistics Services Sept 15,,PO-2026-24893
1754,1000,142000,1800001754,INV/2026/09/11754,2026-09-26,1934.71,EUR,2026-10-26,IC Sale - Logistics Services Sept 26,,PO-2026-58907
1756,1000,142000,1800001756,INV/2026/09/11756,2026-09-06,5688.21,EUR,2026-10-06,IC Sale - Logistics Services Sept 06,,PO-2026-34502
1757,1000,142000,1800001757,INV/2026/09/11757,2026-09-18,2586.46,EUR,2026-10-18,IC Sale - Logistics Services Sept 18,,PO-2026-64855
1758,1000,142000,1800001758,INV/2026/09/11758,2026-09-16,4306.25,EUR,2026-10-16,IC Sale - Logistics Services Sept 16,,PO-2026-83235
1759,1000,142000,1800001759,INV/2026/09/11759,2026-09-14,798.91,EUR,2026-10-14,IC Sale - Logistics Services Sept 14,,PO-2026-93776
1760,1000,142000,1800001760,INV/2026/09/11760,2026-09-10,435.45,EUR,2026-10-10,IC Sale - Logistics Services Sept 10,,PO-2026-86527
1761,1000,142000,1800001761,INV/2026/09/11761,2026-09-13,1477.61,EUR,2026-10-13,IC Sale - Logistics Services Sept 13,,PO-2026-89656
1762,1000,142000,1800001762,INV/2026/09/11762,2026-09-16,6404.09,EUR,2026-10-16,IC Sale - Logistics Services Sept 16,,PO-2026-23873
1763,1000,142000,1800001763,INV/2026/09/11763,2026-09-17,2168.43,EUR,2026-10-17,IC Sale - Logistics Services Sept 17,,PO-2026-96244
1764,1000,142000,1800001764,INV/2026/09/11764,2026-09-04,907.75,EUR,2026-10-04,IC Sale - Logistics Services Sept 04,,PO-2026-57304
1765,1000,142000,1800001765,INV/2026/09/11765,2026-09-10,2704.73,EUR,2026-10-10,IC Sale - Logistics Services Sept 10,,PO-2026-99864
1766,1000,142000,1800001766,INV/2026/09/11766,2026-09-12,2440.24,EUR,2026-10-12,IC Sale - Logistics Services Sept 12,,PO-2026-69837
1767,1000,142000,1800001767,INV/2026/09/11767,2026-09-16,1740.14,EUR,2026-10-16,IC Sale - Logistics Services Sept 16,,PO-2026-98910
1768,1000,142000,1800001768,INV/2026/09/11768,2026-09-10,5621.98,EUR,2026-10-10,IC Sale - Logistics Services Sept 10,,PO-2026-67461
1769,1000,142000,1800001769,INV/2026/09/11769,2026-09-06,480.04,EUR,2026-10-06,IC Sale - Logistics Services Sept 06,,PO-2026-38954
1770,1000,142000,1800001770,INV/2026/09/11770,2026-09-25,1352.16,EUR,2026-10-25,IC Sale - Logistics Services Sept 25,,PO-2026-77137
1771,1000,142000,1800001771,INV/2026/09/11771,2026-09-17,4612.03,EUR,2026-10-17,IC Sale - Logistics Services Sept 17,,PO-2026-68589
1772,1000,142000,1800001772,INV/2026/09/11772,2026-09-25,873.18,EUR,2026-10-25,IC Sale - Logistics Services Sept 25,,PO-2026-31794
1773,1000,142000,1800001773,INV/2026/09/11773,2026-09-24,12638.64,EUR,2026-10-24,IC Sale - Logistics Services Sept 24,,PO-2026-16575
1775,1000,142000,1800001775,INV/2026/09/11775,2026-09-22,4375.5,EUR,2026-10-22,IC Sale - Logistics Services Sept 22,,PO-2026-72768
1776,1000,142000,1800001776,INV/2026/09/11776,2026-09-10,3773.25,EUR,2026-10-10,IC Sale - Logistics Services Sept 10,,PO-2026-66235
1777,1000,142000,1800001777,INV/2026/09/11777,2026-09-05,1261.08,EUR,2026-10-05,IC Sale - Logistics Services Sept 05,,PO-2026-25743
1778,1000,142000,1800001778,INV/2026/09/11778,2026-09-17,10177.39,EUR,2026-10-17,IC Sale - Logistics Services Sept 17,,PO-2026-88829
1779,1000,142000,1800001779,INV/2026/09/11779,2026-09-23,591.79,EUR,2026-10-23,IC Sale - Logistics Services Sept 23,,PO-2026-91014
1780,1000,142000,1800001780,INV/2026/09/11780,2026-09-25,251.68,EUR,2026-10-25,IC Sale - Logistics Services Sept 25,,PO-2026-43409
1781,1000,142000,1800001781,INV/2026/09/11781,2026-09-06,1222.86,EUR,2026-10-06,IC Sale - Logistics Services Sept 06,,PO-2026-61089
1782,1000,142000,1800001782,INV/2026/09/11782,2026-09-20,8091.38,EUR,2026-10-20,IC Sale - Logistics Services Sept 20,,PO-2026-68507
1783,1000,142000,1800001783,INV/2026/09/11783,2026-09-03,308.61,EUR,2026-10-03,IC Sale - Logistics Services Sept 03,,PO-2026-47036
1784,1000,142000,1800001784,INV/2026/09/11784,2026-09-19,216.47,EUR,2026-10-19,IC Sale - Logistics Services Sept 19,,PO-2026-38887
1785,1000,142000,1800001785,INV/2026/09/11785,2026-09-14,827.07,EUR,2026-10-14,IC Sale - Logistics Services Sept 14,,PO-2026-63457
1786,1000,142000,1800001786,INV/2026/09/11786,2026-09-14,980.37,EUR,2026-10-14,IC Sale - Logistics Services Sept 14,,PO-2026-84255
1787,1000,142000,1800001787,INV/2026/09/11787,2026-09-05,9864.46,EUR,2026-10-05,IC Sale - Logistics Services Sept 05,,PO-2026-41387
1788,1000,142000,1800001788,INV/2026/09/11788,2026-09-23,3493.39,EUR,2026-10-23,IC Sale - Logistics Services Sept 23,,PO-2026-15638
1789,1000,142000,1800001789,INV/2026/09/11789,2026-09-16,7386.98,EUR,2026-10-16,IC Sale - Logistics Services Sept 16,,PO-2026-42852
1790,1000,142000,1800001790,INV/2026/09/11790,2026-09-11,798.34,EUR,2026-10-11,IC Sale - Logistics Services Sept 11,,PO-2026-79664
1791,1000,142000,1800001791,INV/2026/09/11791,2026-09-07,11807.72,EUR,2026-10-07,IC Sale - Logistics Services Sept 07,,PO-2026-50467
1792,1000,142000,1800001792,INV/2026/09/11792,2026-09-26,5443.07,EUR,2026-10-26,IC Sale - Logistics Services Sept 26,,PO-2026-28965
1793,1000,142000,1800001793,INV/2026/09/11793,2026-09-15,2487.86,EUR,2026-10-15,IC Sale - Logistics Services Sept 15,,PO-2026-32439
1794,1000,142000,1800001794,INV/2026/09/11794,2026-09-15,241.47,EUR,2026-10-15,IC Sale - Logistics Services Sept 15,,PO-2026-36956
1795,1000,142000,1800001795,INV/2026/09/11795,2026-09-17,1291.07,EUR,2026-10-17,IC Sale - Logistics Services Sept 17,,PO-2026-29501
1797,1000,142000,1800001797,INV/2026/09/11797,2026-09-15,8369.56,EUR,2026-10-15,IC Sale - Logistics Services Sept 15,,PO-2026-55161
1798,1000,142000,1800001798,INV/2026/09/11798,2026-09-04,954.58,EUR,2026-10-04,IC Sale - Logistics Services Sept 04,,PO-2026-90669
1799,1000,142000,1800001799,INV/2026/09/11799,2026-09-16,1826.28,EUR,2026-10-16,IC Sale - Logistics Services Sept 16,,PO-2026-31342
1800,1000,142000,1800001800,INV/2026/09/11800,2026-09-18,3674.03,EUR,2026-10-18,IC Sale - Logistics Services Sept 18,,PO-2026-21012
1801,1000,142000,1800001801,INV/2026/09/11801,2026-09-28,256.31,EUR,2026-10-28,IC Sale - Logistics Services Sept 28,,PO-2026-74382
1803,1000,142000,1800001803,INV/2026/09/11803,2026-09-07,7003.02,EUR,2026-10-07,IC Sale - Logistics Services Sept 07,,PO-2026-80820
1804,1000,142000,1800001804,INV/2026/09/11804,2026-09-08,1589.1,EUR,2026-10-08,IC Sale - Logistics Services Sept 08,,PO-2026-37054
1805,1000,142000,1800001805,INV/2026/09/11805,2026-09-25,4127.29,EUR,2026-10-25,IC Sale - Logistics Services Sept 25,,PO-2026-47994
1806,1000,142000,1800001806,INV/2026/09/11806,2026-09-11,7550.13,EUR,2026-10-11,IC Sale - Logistics Services Sept 11,,PO-2026-40957
1807,1000,142000,1800001807,INV/2026/09/11807,2026-09-18,686.92,EUR,2026-10-18,IC Sale - Logistics Services Sept 18,,PO-2026-14133
1808,1000,142000,1800001808,INV/2026/09/11808,2026-09-22,5905.65,EUR,2026-10-22,IC Sale - Logistics Services Sept 22,,PO-2026-24507
1809,1000,142000,1800001809,INV/2026/09/11809,2026-09-02,6158.54,EUR,2026-10-02,IC Sale - Logistics Services Sept 02,,PO-2026-37743
1811,1000,142000,1800001811,INV/2026/09/11811,2026-09-21,10561.59,EUR,2026-10-21,IC Sale - Logistics Services Sept 21,,PO-2026-70220
1812,1000,142000,1800001812,INV/2026/09/11812,2026-09-28,930.33,EUR,2026-10-28,IC Sale - Logistics Services Sept 28,,PO-2026-75021
1813,1000,142000,1800001813,INV/2026/09/11813,2026-09-04,8443.77,EUR,2026-10-04,IC Sale - Logistics Services Sept 04,,PO-2026-55372
1814,1000,142000,1800001814,INV/2026/09/11814,2026-09-03,5683.4,EUR,2026-10-03,IC Sale - Logistics Services Sept 03,,PO-2026-35496
1815,1000,142000,1800001815,INV/2026/09/11815,2026-09-29,506.58,EUR,2026-10-29,IC Sale - Logistics Services Sept 29,,PO-2026-17876
1816,1000,142000,1800001816,INV/2026/09/11816,2026-09-24,4871.34,EUR,2026-10-24,IC Sale - Logistics Services Sept 24,,PO-2026-14365
1817,1000,142000,1800001817,INV/2026/09/11817,2026-09-23,1321.91,EUR,2026-10-23,IC Sale - Logistics Services Sept 23,,PO-2026-28065
1818,1000,142000,1800001818,INV/2026/09/11818,2026-09-01,1798.61,EUR,2026-10-01,IC Sale - Logistics Services Sept 01,,PO-2026-91573
1819,1000,142000,1800001819,INV/2026/09/11819,2026-09-26,2257.89,EUR,2026-10-26,IC Sale - Logistics Services Sept 26,,PO-2026-50039
1820,1000,142000,1800001820,INV/2026/09/11820,2026-09-28,14856.98,EUR,2026-10-28,IC Sale - Logistics Services Sept 28,,PO-2026-60331
1821,1000,142000,1800001821,INV/2026/09/11821,2026-09-09,1825.57,EUR,2026-10-09,IC Sale - Logistics Services Sept 09,,PO-2026-75549
1822,1000,142000,1800001822,INV/2026/09/11822,2026-09-21,269.0,EUR,2026-10-21,IC Sale - Logistics Services Sept 21,,PO-2026-60252
1823,1000,142000,1800001823,INV/2026/09/11823,2026-09-23,2804.7,EUR,2026-10-23,IC Sale - Logistics Services Sept 23,,PO-2026-95055
1824,1000,142000,1800001824,INV/2026/09/11824,2026-09-08,3566.46,EUR,2026-10-08,IC Sale - Logistics Services Sept 08,,PO-2026-53717
1825,1000,142000,1800001825,INV/2026/09/11825,2026-09-26,9923.53,EUR,2026-10-26,IC Sale - Logistics Services Sept 26,,PO-2026-14674
1826,1000,142000,1800001826,INV/2026/09/11826,2026-09-28,875.0,EUR,2026-10-28,IC Sale - Logistics Services Sept 28,,PO-2026-68404
1827,1000,142000,1800001827,INV/2026/09/11827,2026-09-07,576.1,EUR,2026-10-07,IC Sale - Logistics Services Sept 07,,PO-2026-17480
1828,1000,142000,1800001828,INV/2026/09/11828,2026-09-23,3128.59,EUR,2026-10-23,IC Sale - Logistics Services Sept 23,,PO-2026-33424
1829,1000,142000,1800001829,INV/2026/09/11829,2026-09-22,1744.13,EUR,2026-10-22,IC Sale - Logistics Services Sept 22,,PO-2026-73440
1830,1000,142000,1800001830,INV/2026/09/11830,2026-09-29,1876.97,EUR,2026-10-29,IC Sale - Logistics Services Sept 29,,PO-2026-16780
1831,1000,142000,1800001831,INV/2026/09/11831,2026-09-02,1220.64,EUR,2026-10-02,IC Sale - Logistics Services Sept 02,,PO-2026-21738
1832,1000,142000,1800001832,INV/2026/09/11832,2026-09-11,5648.76,EUR,2026-10-11,IC Sale - Logistics Services Sept 11,,PO-2026-85490
1833,1000,142000,1800001833,INV/2026/09/11833,2026-09-20,3026.45,EUR,2026-10-20,IC Sale - Logistics Services Sept 20,,PO-2026-74843
1834,1000,142000,1800001834,INV/2026/09/11834,2026-09-21,4297.6,EUR,2026-10-21,IC Sale - Logistics Services Sept 21,,PO-2026-38100
1836,1000,142000,1800001836,INV/2026/09/11836,2026-09-25,741.73,EUR,2026-10-25,IC Sale - Logistics Services Sept 25,,PO-2026-73766
1837,1000,142000,1800001837,INV/2026/09/11837,2026-09-23,1657.22,EUR,2026-10-23,IC Sale - Logistics Services Sept 23,,PO-2026-66005
1838,1000,142000,1800001838,INV/2026/09/11838,2026-09-08,1123.42,EUR,2026-10-08,IC Sale - Logistics Services Sept 08,,PO-2026-90077
1839,1000,142000,1800001839,INV/2026/09/11839,2026-09-08,9490.75,EUR,2026-10-08,IC Sale - Logistics Services Sept 08,,PO-2026-29816
1840,1000,142000,1800001840,INV/2026/09/11840,2026-09-28,6240.34,EUR,2026-10-28,IC Sale - Logistics Services Sept 28,,PO-2026-97190
1841,1000,142000,1800001841,INV/2026/09/11841,2026-09-05,1588.58,EUR,2026-10-05,IC Sale - Logistics Services Sept 05,,PO-2026-94154
1842,1000,142000,1800001842,INV/2026/09/11842,2026-09-20,5517.2,EUR,2026-10-20,IC Sale - Logistics Services Sept 20,,PO-2026-88994
1843,1000,142000,1800001843,INV/2026/09/11843,2026-09-15,646.25,EUR,2026-10-15,IC Sale - Logistics Services Sept 15,,PO-2026-53638
1844,1000,142000,1800001844,INV/2026/09/11844,2026-09-09,11478.94,EUR,2026-10-09,IC Sale - Logistics Services Sept 09,,PO-2026-46745
1845,1000,142000,1800001845,INV/2026/09/11845,2026-09-12,2267.84,EUR,2026-10-12,IC Sale - Logistics Services Sept 12,,PO-2026-18157
1846,1000,142000,1800001846,INV/2026/09/11846,2026-09-29,6969.98,EUR,2026-10-29,IC Sale - Logistics Services Sept 29,,PO-2026-13131
1847,1000,142000,1800001847,INV/2026/09/11847,2026-09-13,1896.76,EUR,2026-10-13,IC Sale - Logistics Services Sept 13,,PO-2026-72046
1848,1000,142000,1800001848,INV/2026/09/11848,2026-09-12,1566.08,EUR,2026-10-12,IC Sale - Logistics Services Sept 12,,PO-2026-70377
1849,1000,142000,1800001849,INV/2026/09/11849,2026-09-16,17562.24,EUR,2026-10-16,IC Sale - Logistics Services Sept 16,,PO-2026-32716
1850,1000,142000,1800001850,INV/2026/09/11850,2026-09-16,1230.52,EUR,2026-10-16,IC Sale - Logistics Services Sept 16,,PO-2026-19970
1851,1000,142000,1800001851,INV/2026/09/11851,2026-09-13,1702.7,EUR,2026-10-13,IC Sale - Logistics Services Sept 13,,PO-2026-18815
1852,1000,142000,1800001852,INV/2026/09/11852,2026-09-20,4632.73,EUR,2026-10-20,IC Sale - Logistics Services Sept 20,,PO-2026-84264
1853,1000,142000,1800001853,INV/2026/09/11853,2026-09-10,3848.32,EUR,2026-10-10,IC Sale - Logistics Services Sept 10,,PO-2026-21933
1854,1000,142000,1800001854,INV/2026/09/11854,2026-09-18,226.68,EUR,2026-10-18,IC Sale - Logistics Services Sept 18,,PO-2026-99353
1855,1000,142000,1800001855,INV/2026/09/11855,2026-09-01,9596.6,EUR,2026-10-01,IC Sale - Logistics Services Sept 01,,PO-2026-79487
1856,1000,142000,1800001856,INV/2026/09/11856,2026-09-16,5994.48,EUR,2026-10-16,IC Sale - Logistics Services Sept 16,,PO-2026-86157
1857,1000,142000,1800001857,INV/2026/09/11857,2026-09-04,1667.12,EUR,2026-10-04,IC Sale - Logistics Services Sept 04,,PO-2026-85219
1858,1000,142000,1800001858,INV/2026/09/11858,2026-09-14,2307.53,EUR,2026-10-14,IC Sale - Logistics Services Sept 14,,PO-2026-57377
1859,1000,142000,1800001859,INV/2026/09/11859,2026-09-11,3679.81,EUR,2026-10-11,IC Sale - Logistics Services Sept 11,,PO-2026-93636
1860,1000,142000,1800001860,INV/2026/09/11860,2026-09-27,1508.06,EUR,2026-10-27,IC Sale - Logistics Services Sept 27,,PO-2026-37473
1861,1000,142000,1800001861,INV/2026/09/11861,2026-09-20,1030.16,EUR,2026-10-20,IC Sale - Logistics Services Sept 20,,PO-2026-39214
1862,1000,142000,1800001862,INV/2026/09/11862,2026-09-26,206.93,EUR,2026-10-26,IC Sale - Logistics Services Sept 26,,PO-2026-51376
1863,1000,142000,1800001863,INV/2026/09/11863,2026-09-28,5131.35,EUR,2026-10-28,IC Sale - Logistics Services Sept 28,,PO-2026-46867
1864,1000,142000,1800001864,INV/2026/09/11864,2026-09-24,3690.63,EUR,2026-10-24,IC Sale - Logistics Services Sept 24,,PO-2026-95703
1865,1000,142000,1800001865,INV/2026/09/11865,2026-09-07,8936.63,EUR,2026-10-07,IC Sale - Logistics Services Sept 07,,PO-2026-33070
1866,1000,142000,1800001866,INV/2026/09/11866,2026-09-16,2114.08,EUR,2026-10-16,IC Sale - Logistics Services Sept 16,,PO-2026-25462
1867,1000,142000,1800001867,INV/2026/09/11867,2026-09-21,2430.12,EUR,2026-10-21,IC Sale - Logistics Services Sept 21,,PO-2026-42374
1868,1000,142000,1800001868,INV/2026/09/11868,2026-09-17,9949.8,EUR,2026-10-17,IC Sale - Logistics Services Sept 17,,PO-2026-88524
1869,1000,142000,1800001869,INV/2026/09/11869,2026-09-03,1318.17,EUR,2026-10-03,IC Sale - Logistics Services Sept 03,,PO-2026-70414
1870,1000,142000,1800001870,INV/2026/09/11870,2026-09-21,1743.84,EUR,2026-10-21,IC Sale - Logistics Services Sept 21,,PO-2026-78749
1871,1000,142000,1800001871,INV/2026/09/11871,2026-09-12,1932.55,EUR,2026-10-12,IC Sale - Logistics Services Sept 12,,PO-2026-45228
1872,1000,142000,1800001872,INV/2026/09/11872,2026-09-02,6576.95,EUR,2026-10-02,IC Sale - Logistics Services Sept 02,,PO-2026-35165
1873,1000,142000,1800001873,INV/2026/09/11873,2026-09-14,3137.17,EUR,2026-10-14,IC Sale - Logistics Services Sept 14,,PO-2026-54221
1874,1000,142000,1800001874,INV/2026/09/11874,2026-09-10,1309.31,EUR,2026-10-10,IC Sale - Logistics Services Sept 10,,PO-2026-91318
1875,1000,142000,1800001875,INV/2026/09/11875,2026-09-12,7083.02,EUR,2026-10-12,IC Sale - Logistics Services Sept 12,,PO-2026-45566
1876,1000,142000,1800001876,INV/2026/09/11876,2026-09-07,856.6,EUR,2026-10-07,IC Sale - Logistics Services Sept 07,,PO-2026-46715
1877,1000,142000,1800001877,INV/2026/09/11877,2026-09-19,2819.73,EUR,2026-10-19,IC Sale - Logistics Services Sept 19,,PO-2026-47411
1878,1000,142000,1800001878,INV/2026/09/11878,2026-09-25,2353.58,EUR,2026-10-25,IC Sale - Logistics Services Sept 25,,PO-2026-52732
1879,1000,142000,1800001879,INV/2026/09/11879,2026-09-19,7783.86,EUR,2026-10-19,IC Sale - Logistics Services Sept 19,,PO-2026-30616
1880,1000,142000,1800001880,INV/2026/09/11880,2026-09-06,4194.56,EUR,2026-10-06,IC Sale - Logistics Services Sept 06,,PO-2026-68537
1881,1000,142000,1800001881,INV/2026/09/11881,2026-09-01,757.07,EUR,2026-10-01,IC Sale - Logistics Services Sept 01,,PO-2026-70748
1882,1000,142000,1800001882,INV/2026/09/11882,2026-09-03,247.99,EUR,2026-10-03,IC Sale - Logistics Services Sept 03,,PO-2026-88378
1883,1000,142000,1800001883,INV/2026/09/11883,2026-09-21,20528.81,EUR,2026-10-21,IC Sale - Logistics Services Sept 21,,PO-2026-12678
1884,1000,142000,1800001884,INV/2026/09/11884,2026-09-15,3201.74,EUR,2026-10-15,IC Sale - Logistics Services Sept 15,,PO-2026-71380
1885,1000,142000,1800001885,INV/2026/09/11885,2026-09-23,7341.02,EUR,2026-10-23,IC Sale - Logistics Services Sept 23,,PO-2026-17927
1887,1000,142000,1800001887,INV/2026/09/11887,2026-09-27,2315.02,EUR,2026-10-27,IC Sale - Logistics Services Sept 27,,PO-2026-43946
1888,1000,142000,1800001888,INV/2026/09/11888,2026-09-15,502.26,EUR,2026-10-15,IC Sale - Logistics Services Sept 15,,PO-2026-14288
1889,1000,142000,1800001889,INV/2026/09/11889,2026-09-21,4345.01,EUR,2026-10-21,IC Sale - Logistics Services Sept 21,,PO-2026-76228
1890,1000,142000,1800001890,INV/2026/09/11890,2026-09-24,554.56,EUR,2026-10-24,IC Sale - Logistics Services Sept 24,,PO-2026-98418
1891,1000,142000,1800001891,INV/2026/09/11891,2026-09-20,4821.08,EUR,2026-10-20,IC Sale - Logistics Services Sept 20,,PO-2026-98809
1892,1000,142000,1800001892,INV/2026/09/11892,2026-09-15,1857.29,EUR,2026-10-15,IC Sale - Logistics Services Sept 15,,PO-2026-93328
1893,1000,142000,1800001893,INV/2026/09/11893,2026-09-06,1677.06,EUR,2026-10-06,IC Sale - Logistics Services Sept 06,,PO-2026-38136
1894,1000,142000,1800001894,INV/2026/09/11894,2026-09-13,7450.09,EUR,2026-10-13,IC Sale - Logistics Services Sept 13,,PO-2026-89689
1895,1000,142000,1800001895,INV/2026/09/11895,2026-09-17,579.0,EUR,2026-10-17,IC Sale - Logistics Services Sept 17,,PO-2026-35320
1896,1000,142000,1800001896,INV/2026/09/11896,2026-09-25,1264.73,EUR,2026-10-25,IC Sale - Logistics Services Sept 25,,PO-2026-23448
1897,1000,142000,1800001897,INV/2026/09/11897,2026-09-10,3487.79,EUR,2026-10-10,IC Sale - Logistics Services Sept 10,,PO-2026-79964
1898,1000,142000,1800001898,INV/2026/09/11898,2026-09-25,9770.02,EUR,2026-10-25,IC Sale - Logistics Services Sept 25,,PO-2026-71404
1899,1000,142000,1800001899,INV/2026/09/11899,2026-09-21,4653.6,EUR,2026-10-21,IC Sale - Logistics Services Sept 21,,PO-2026-80377
1900,1000,142000,1800001900,INV/2026/09/11900,2026-09-27,3775.14,EUR,2026-10-27,IC Sale - Logistics Services Sept 27,,PO-2026-39486
1901,1000,142000,1800001901,INV/2026/09/11901,2026-09-06,2640.23,EUR,2026-10-06,IC Sale - Logistics Services Sept 06,,PO-2026-55023
1902,1000,142000,1800001902,INV/2026/09/11902,2026-09-16,676.73,EUR,2026-10-16,IC Sale - Logistics Services Sept 16,,PO-2026-39783
1903,1000,142000,1800001903,INV/2026/09/11903,2026-09-02,5423.82,EUR,2026-10-02,IC Sale - Logistics Services Sept 02,,PO-2026-88189
1904,1000,142000,1800001904,INV/2026/09/11904,2026-09-28,2287.98,EUR,2026-10-28,IC Sale - Logistics Services Sept 28,,PO-2026-44362
1905,1000,142000,1800001905,INV/2026/09/11905,2026-09-20,6262.68,EUR,2026-10-20,IC Sale - Logistics Services Sept 20,,PO-2026-10085
1906,1000,142000,1800001906,INV/2026/09/11906,2026-09-13,15293.99,EUR,2026-10-13,IC Sale - Logistics Services Sept 13,,PO-2026-54114
1907,1000,142000,1800001907,INV/2026/09/11907,2026-09-06,2358.38,EUR,2026-10-06,IC Sale - Logistics Services Sept 06,,PO-2026-57701
1908,1000,142000,1800001908,INV/2026/09/11908,2026-09-08,595.93,EUR,2026-10-08,IC Sale - Logistics Services Sept 08,,PO-2026-24841
1909,1000,142000,1800001909,INV/2026/09/11909,2026-09-15,1945.62,EUR,2026-10-15,IC Sale - Logistics Services Sept 15,,PO-2026-92691
1910,1000,142000,1800001910,INV/2026/09/11910,2026-09-11,4499.8,EUR,2026-10-11,IC Sale - Logistics Services Sept 11,,PO-2026-30506
1911,1000,142000,1800001911,INV/2026/09/11911,2026-09-17,633.02,EUR,2026-10-17,IC Sale - Logistics Services Sept 17,,PO-2026-93476
1912,1000,142000,1800001912,INV/2026/09/11912,2026-09-24,1815.38,EUR,2026-10-24,IC Sale - Logistics Services Sept 24,,PO-2026-32157
1913,1000,142000,1800001913,INV/2026/09/11913,2026-09-16,545.97,EUR,2026-10-16,IC Sale - Logistics Services Sept 16,,PO-2026-43291
1914,1000,142000,1800001914,INV/2026/09/11914,2026-09-15,4009.71,EUR,2026-10-15,IC Sale - Logistics Services Sept 15,,PO-2026-39595
1915,1000,142000,1800001915,INV/2026/09/11915,2026-09-26,1940.74,EUR,2026-10-26,IC Sale - Logistics Services Sept 26,,PO-2026-75550
1916,1000,142000,1800001916,INV/2026/09/11916,2026-09-19,3069.24,EUR,2026-10-19,IC Sale - Logistics Services Sept 19,,PO-2026-89811
1917,1000,142000,1800001917,INV/2026/09/11917,2026-09-05,1503.72,EUR,2026-10-05,IC Sale - Logistics Services Sept 05,,PO-2026-45131
1918,1000,142000,1800001918,INV/2026/09/11918,2026-09-05,634.14,EUR,2026-10-05,IC Sale - Logistics Services Sept 05,,PO-2026-99080
1919,1000,142000,1800001919,INV/2026/09/11919,2026-09-07,1572.04,EUR,2026-10-07,IC Sale - Logistics Services Sept 07,,PO-2026-51398
1920,1000,142000,1800001920,INV/2026/09/11920,2026-09-05,642.18,EUR,2026-10-05,IC Sale - Logistics Services Sept 05,,PO-2026-75035
1921,1000,142000,1800001921,INV/2026/09/11921,2026-09-06,2840.08,EUR,2026-10-06,IC Sale - Logistics Services Sept 06,,PO-2026-91356
1922,1000,142000,1800001922,INV/2026/09/11922,2026-09-06,2424.68,EUR,2026-10-06,IC Sale - Logistics Services Sept 06,,PO-2026-25751
1923,1000,142000,1800001923,INV/2026/09/11923,2026-09-11,7979.11,EUR,2026-10-11,IC Sale - Logistics Services Sept 11,,PO-2026-53888
1924,1000,142000,1800001924,INV/2026/09/11924,2026-09-11,1412.22,EUR,2026-10-11,IC Sale - Logistics Services Sept 11,,PO-2026-82666
1926,1000,142000,1800001926,INV/2026/09/11926,2026-09-20,1035.42,EUR,2026-10-20,IC Sale - Logistics Services Sept 20,,PO-2026-26623
1927,1000,142000,1800001927,INV/2026/09/11927,2026-09-18,1321.38,EUR,2026-10-18,IC Sale - Logistics Services Sept 18,,PO-2026-82130
1928,1000,142000,1800001928,INV/2026/09/11928,2026-09-20,1193.53,EUR,2026-10-20,IC Sale - Logistics Services Sept 20,,PO-2026-64241
1929,1000,142000,1800001929,INV/2026/09/11929,2026-09-19,1555.9,EUR,2026-10-19,IC Sale - Logistics Services Sept 19,,PO-2026-50124
1930,1000,142000,1800001930,INV/2026/09/11930,2026-09-21,11003.85,EUR,2026-10-21,IC Sale - Logistics Services Sept 21,,PO-2026-13387
1931,1000,142000,1800001931,INV/2026/09/11931,2026-09-26,1417.08,EUR,2026-10-26,IC Sale - Logistics Services Sept 26,,PO-2026-49467
1932,1000,142000,1800001932,INV/2026/09/11932,2026-09-15,1411.63,EUR,2026-10-15,IC Sale - Logistics Services Sept 15,,PO-2026-92710
1933,1000,142000,1800001933,INV/2026/09/11933,2026-09-01,1405.85,EUR,2026-10-01,IC Sale - Logistics Services Sept 01,,PO-2026-78297
1934,1000,142000,1800001934,INV/2026/09/11934,2026-09-11,248.37,EUR,2026-10-11,IC Sale - Logistics Services Sept 11,,PO-2026-61034
1935,1000,142000,1800001935,INV/2026/09/11935,2026-09-07,1224.71,EUR,2026-10-07,IC Sale - Logistics Services Sept 07,,PO-2026-54100
1936,1000,142000,1800001936,INV/2026/09/11936,2026-09-18,487.33,EUR,2026-10-18,IC Sale - Logistics Services Sept 18,,PO-2026-49134
1937,1000,142000,1800001937,INV/2026/09/11937,2026-09-21,1629.81,EUR,2026-10-21,IC Sale - Logistics Services Sept 21,,PO-2026-98843
1938,1000,142000,1800001938,INV/2026/09/11938,2026-09-25,3718.39,EUR,2026-10-25,IC Sale - Logistics Services Sept 25,,PO-2026-92589
1939,1000,142000,1800001939,INV/2026/09/11939,2026-09-24,1805.86,EUR,2026-10-24,IC Sale - Logistics Services Sept 24,,PO-2026-67873
1940,1000,142000,1800001940,INV/2026/09/11940,2026-09-01,1446.82,EUR,2026-10-01,IC Sale - Logistics Services Sept 01,,PO-2026-27293
1941,1000,142000,1800001941,INV/2026/09/11941,2026-09-02,3239.79,EUR,2026-10-02,IC Sale - Logistics Services Sept 02,,PO-2026-11442
1942,1000,142000,1800001942,INV/2026/09/11942,2026-09-23,3026.87,EUR,2026-10-23,IC Sale - Logistics Services Sept 23,,PO-2026-80591
1943,1000,142000,1800001943,INV/2026/09/11943,2026-09-09,8216.74,EUR,2026-10-09,IC Sale - Logistics Services Sept 09,,PO-2026-71526
1945,1000,142000,1800001945,INV/2026/09/11945,2026-09-28,6879.63,EUR,2026-10-28,IC Sale - Logistics Services Sept 28,,PO-2026-63809
1946,1000,142000,1800001946,INV/2026/09/11946,2026-09-15,3485.71,EUR,2026-10-15,IC Sale - Logistics Services Sept 15,,PO-2026-83462
1947,1000,142000,1800001947,INV/2026/09/11947,2026-09-04,1037.71,EUR,2026-10-04,IC Sale - Logistics Services Sept 04,,PO-2026-61981
1948,1000,142000,1800001948,INV/2026/09/11948,2026-09-17,2074.32,EUR,2026-10-17,IC Sale - Logistics Services Sept 17,,PO-2026-51905
1949,1000,142000,1800001949,INV/2026/09/11949,2026-09-22,2018.81,EUR,2026-10-22,IC Sale - Logistics Services Sept 22,,PO-2026-15613
1950,1000,142000,1800001950,INV/2026/09/11950,2026-09-23,949.66,EUR,2026-10-23,IC Sale - Logistics Services Sept 23,,PO-2026-65562
1951,1000,142000,1800001951,INV/2026/09/11951,2026-09-25,4821.66,EUR,2026-10-25,IC Sale - Logistics Services Sept 25,,PO-2026-79842
1952,1000,142000,1800001952,INV/2026/09/11952,2026-09-10,480.53,EUR,2026-10-10,IC Sale - Logistics Services Sept 10,,PO-2026-27199
1953,1000,142000,1800001953,INV/2026/09/11953,2026-09-29,3965.92,EUR,2026-10-29,IC Sale - Logistics Services Sept 29,,PO-2026-66020
1954,1000,142000,1800001954,INV/2026/09/11954,2026-09-12,4020.84,EUR,2026-10-12,IC Sale - Logistics Services Sept 12,,PO-2026-97853
1955,1000,142000,1800001955,INV/2026/09/11955,2026-09-08,645.11,EUR,2026-10-08,IC Sale - Logistics Services Sept 08,,PO-2026-15275
1956,1000,142000,1800001956,INV/2026/09/11956,2026-09-24,267.6,EUR,2026-10-24,IC Sale - Logistics Services Sept 24,,PO-2026-14647
1957,1000,142000,1800001957,INV/2026/09/11957,2026-09-28,1827.08,EUR,2026-10-28,IC Sale - Logistics Services Sept 28,,PO-2026-66411
1958,1000,142000,1800001958,INV/2026/09/11958,2026-09-27,4605.15,EUR,2026-10-27,IC Sale - Logistics Services Sept 27,,PO-2026-82473
1959,1000,142000,1800001959,INV/2026/09/11959,2026-09-19,2478.96,EUR,2026-10-19,IC Sale - Logistics Services Sept 19,,PO-2026-62824
1960,1000,142000,1800001960,INV/2026/09/11960,2026-09-27,5459.44,EUR,2026-10-27,IC Sale - Logistics Services Sept 27,,PO-2026-37366
1961,1000,142000,1800001961,INV/2026/09/11961,2026-09-13,3736.97,EUR,2026-10-13,IC Sale - Logistics Services Sept 13,,PO-2026-14416
1962,1000,142000,1800001962,INV/2026/09/11962,2026-09-22,6168.62,EUR,2026-10-22,IC Sale - Logistics Services Sept 22,,PO-2026-25448
1963,1000,142000,1800001963,INV/2026/09/11963,2026-09-28,2228.49,EUR,2026-10-28,IC Sale - Logistics Services Sept 28,,PO-2026-35937
1964,1000,142000,1800001964,INV/2026/09/11964,2026-09-25,7323.25,EUR,2026-10-25,IC Sale - Logistics Services Sept 25,,PO-2026-48488
1965,1000,142000,1800001965,INV/2026/09/11965,2026-09-02,13107.57,EUR,2026-10-02,IC Sale - Logistics Services Sept 02,,PO-2026-38423
1966,1000,142000,1800001966,INV/2026/09/11966,2026-09-10,2184.67,EUR,2026-10-10,IC Sale - Logistics Services Sept 10,,PO-2026-56373
1967,1000,142000,1800001967,INV/2026/09/11967,2026-09-24,15334.82,EUR,2026-10-24,IC Sale - Logistics Services Sept 24,,PO-2026-96847
1968,1000,142000,1800001968,INV/2026/09/11968,2026-09-10,1636.61,EUR,2026-10-10,IC Sale - Logistics Services Sept 10,,PO-2026-49210
1969,1000,142000,1800001969,INV/2026/09/11969,2026-09-16,4053.12,EUR,2026-10-16,IC Sale - Logistics Services Sept 16,,PO-2026-48544
1970,1000,142000,1800001970,INV/2026/09/11970,2026-09-13,1192.09,EUR,2026-10-13,IC Sale - Logistics Services Sept 13,,PO-2026-54504
1971,1000,142000,1800001971,INV/2026/09/11971,2026-09-29,7865.4,EUR,2026-10-29,IC Sale - Logistics Services Sept 29,,PO-2026-65822
1972,1000,142000,1800001972,INV/2026/09/11972,2026-09-05,1173.49,EUR,2026-10-05,IC Sale - Logistics Services Sept 05,,PO-2026-94676
1973,1000,142000,1800001973,INV/2026/09/11973,2026-09-08,5783.66,EUR,2026-10-08,IC Sale - Logistics Services Sept 08,,PO-2026-73975
1974,1000,142000,1800001974,INV/2026/09/11974,2026-09-02,1626.95,EUR,2026-10-02,IC Sale - Logistics Services Sept 02,,PO-2026-31670
1975,1000,142000,1800001975,INV/2026/09/11975,2026-09-17,1444.68,EUR,2026-10-17,IC Sale - Logistics Services Sept 17,,PO-2026-63662
1976,1000,142000,1800001976,INV/2026/09/11976,2026-09-01,1698.26,EUR,2026-10-01,IC Sale - Logistics Services Sept 01,,PO-2026-83449
1977,1000,142000,1800001977,INV/2026/09/11977,2026-09-08,1932.11,EUR,2026-10-08,IC Sale - Logistics Services Sept 08,,PO-2026-93005
1978,1000,142000,1800001978,INV/2026/09/11978,2026-09-05,1419.23,EUR,2026-10-05,IC Sale - Logistics Services Sept 05,,PO-2026-82120
1980,1000,142000,1800001980,INV/2026/09/11980,2026-09-29,5853.7,EUR,2026-10-29,IC Sale - Logistics Services Sept 29,,PO-2026-20265
1981,1000,142000,1800001981,INV/2026/09/11981,2026-09-28,1931.35,EUR,2026-10-28,IC Sale - Logistics Services Sept 28,,PO-2026-75273
1982,1000,142000,1800001982,INV/2026/09/11982,2026-09-07,1157.96,EUR,2026-10-07,IC Sale - Logistics Services Sept 07,,PO-2026-17531
1983,1000,142000,1800001983,INV/2026/09/11983,2026-09-18,5204.5,EUR,2026-10-18,IC Sale - Logistics Services Sept 18,,PO-2026-41006
1984,1000,142000,1800001984,INV/2026/09/11984,2026-09-18,21105.5,EUR,2026-10-18,IC Sale - Logistics Services Sept 18,,PO-2026-66671
1985,1000,142000,1800001985,INV/2026/09/11985,2026-09-13,1359.44,EUR,2026-10-13,IC Sale - Logistics Services Sept 13,,PO-2026-65594
1986,1000,142000,1800001986,INV/2026/09/11986,2026-09-22,765.16,EUR,2026-10-22,IC Sale - Logistics Services Sept 22,,PO-2026-21372
1987,1000,142000,1800001987,INV/2026/09/11987,2026-09-18,1891.0,EUR,2026-10-18,IC Sale - Logistics Services Sept 18,,PO-2026-34226
1988,1000,142000,1800001988,INV/2026/09/11988,2026-09-05,2986.85,EUR,2026-10-05,IC Sale - Logistics Services Sept 05,,PO-2026-39940
1989,1000,142000,1800001989,INV/2026/09/11989,2026-09-10,3227.14,EUR,2026-10-10,IC Sale - Logistics Services Sept 10,,PO-2026-82207
1990,1000,142000,1800001990,INV/2026/09/11990,2026-09-20,872.84,EUR,2026-10-20,IC Sale - Logistics Services Sept 20,,PO-2026-98537
1991,1000,142000,1800001991,INV/2026/09/11991,2026-09-16,2520.49,EUR,2026-10-16,IC Sale - Logistics Services Sept 16,,PO-2026-36327
1992,1000,142000,1800001992,INV/2026/09/11992,2026-09-13,329.24,EUR,2026-10-13,IC Sale - Logistics Services Sept 13,,PO-2026-86745
1993,1000,142000,1800001993,INV/2026/09/11993,2026-09-12,7076.06,EUR,2026-10-12,IC Sale - Logistics Services Sept 12,,PO-2026-97007
1994,1000,142000,1800001994,INV/2026/09/11994,2026-09-13,2507.21,EUR,2026-10-13,IC Sale - Logistics Services Sept 13,,PO-2026-25143
1995,1000,142000,1800001995,INV/2026/09/11995,2026-09-12,2360.4,EUR,2026-10-12,IC Sale - Logistics Services Sept 12,,PO-2026-10547
1996,1000,142000,1800001996,INV/2026/09/11996,2026-09-26,877.88,EUR,2026-10-26,IC Sale - Logistics Services Sept 26,,PO-2026-60868
1997,1000,142000,1800001997,INV/2026/09/11997,2026-09-13,842.64,EUR,2026-10-13,IC Sale - Logistics Services Sept 13,,PO-2026-42890
1998,1000,142000,1800001998,INV/2026/09/11998,2026-09-14,11689.58,EUR,2026-10-14,IC Sale - Logistics Services Sept 14,,PO-2026-40685
1999,1000,142000,1800001999,INV/2026/09/11999,2026-09-28,4280.01,EUR,2026-10-28,IC Sale - Logistics Services Sept 28,,PO-2026-22005
2000,1000,142000,1800002000,INV/2026/09/12000,2026-09-17,5050.9,EUR,2026-10-17,IC Sale - Logistics Services Sept 17,,PO-2026-39503
2002,1000,142000,1800002002,INV/2026/09/12002,2026-09-15,906.3,EUR,2026-10-15,IC Sale - Logistics Services Sept 15,,PO-2026-88399
2003,1000,142000,1800002003,INV/2026/09/12003,2026-09-10,937.35,EUR,2026-10-10,IC Sale - Logistics Services Sept 10,,PO-2026-34673
2004,1000,142000,1800002004,INV/2026/09/12004,2026-09-04,3699.86,EUR,2026-10-04,IC Sale - Logistics Services Sept 04,,PO-2026-81458
2005,1000,142000,1800002005,INV/2026/09/12005,2026-09-28,183.12,EUR,2026-10-28,IC Sale - Logistics Services Sept 28,,PO-2026-74679
2006,1000,142000,1800002006,INV/2026/09/12006,2026-09-09,1454.4,EUR,2026-10-09,IC Sale - Logistics Services Sept 09,,PO-2026-13974
2007,1000,142000,1800002007,INV/2026/09/12007,2026-09-07,331.06,EUR,2026-10-07,IC Sale - Logistics Services Sept 07,,PO-2026-42816
2008,1000,142000,1800002008,INV/2026/09/12008,2026-09-25,6709.99,EUR,2026-10-25,IC Sale - Logistics Services Sept 25,,PO-2026-96312
2009,1000,142000,1800002009,INV/2026/09/12009,2026-09-21,4697.38,EUR,2026-10-21,IC Sale - Logistics Services Sept 21,,PO-2026-83067
2010,1000,142000,1800002010,INV/2026/09/12010,2026-09-09,591.84,EUR,2026-10-09,IC Sale - Logistics Services Sept 09,,PO-2026-34666
2011,1000,142000,1800002011,INV/2026/09/12011,2026-09-26,4474.46,EUR,2026-10-26,IC Sale - Logistics Services Sept 26,,PO-2026-90113
2012,1000,142000,1800002012,INV/2026/09/12012,2026-09-26,5991.35,EUR,2026-10-26,IC Sale - Logistics Services Sept 26,,PO-2026-90102
2013,1000,142000,1800002013,INV/2026/09/12013,2026-09-07,2143.57,EUR,2026-10-07,IC Sale - Logistics Services Sept 07,,PO-2026-74687
2014,1000,142000,1800002014,INV/2026/09/12014,2026-09-05,1992.61,EUR,2026-10-05,IC Sale - Logistics Services Sept 05,,PO-2026-12535
2015,1000,142000,1800002015,INV/2026/09/12015,2026-09-13,3359.37,EUR,2026-10-13,IC Sale - Logistics Services Sept 13,,PO-2026-85862
2016,1000,142000,1800002016,INV/2026/09/12016,2026-09-11,3709.41,EUR,2026-10-11,IC Sale - Logistics Services Sept 11,,PO-2026-36740
2017,1000,142000,1800002017,INV/2026/09/12017,2026-09-24,382.05,EUR,2026-10-24,IC Sale - Logistics Services Sept 24,,PO-2026-71520
2018,1000,142000,1800002018,INV/2026/09/12018,2026-09-29,2385.91,EUR,2026-10-29,IC Sale - Logistics Services Sept 29,,PO-2026-44477
2019,1000,142000,1800002019,INV/2026/09/12019,2026-09-23,14364.42,EUR,2026-10-23,IC Sale - Logistics Services Sept 23,,PO-2026-88098
2020,1000,142000,1800002020,INV/2026/09/12020,2026-09-12,737.07,EUR,2026-10-12,IC Sale - Logistics Services Sept 12,,PO-2026-65975
2021,1000,142000,1800002021,INV/2026/09/12021,2026-09-12,888.69,EUR,2026-10-12,IC Sale - Logistics Services Sept 12,,PO-2026-44542
2022,1000,142000,1800002022,INV/2026/09/12022,2026-09-25,557.52,EUR,2026-10-25,IC Sale - Logistics Services Sept 25,,PO-2026-24740
2023,1000,142000,1800002023,INV/2026/09/12023,2026-09-13,1587.19,EUR,2026-10-13,IC Sale - Logistics Services Sept 13,,PO-2026-86530
2024,1000,142000,1800002024,INV/2026/09/12024,2026-09-19,1453.75,EUR,2026-10-19,IC Sale - Logistics Services Sept 19,,PO-2026-84698
2025,1000,142000,1800002025,INV/2026/09/12025,2026-09-23,563.93,EUR,2026-10-23,IC Sale - Logistics Services Sept 23,,PO-2026-56319
2026,1000,142000,1800002026,INV/2026/09/12026,2026-09-16,13627.54,EUR,2026-10-16,IC Sale - Logistics Services Sept 16,,PO-2026-91128
2027,1000,142000,1800002027,INV/2026/09/12027,2026-09-05,213.42,EUR,2026-10-05,IC Sale - Logistics Services Sept 05,,PO-2026-40415
2028,1000,142000,1800002028,INV/2026/09/12028,2026-09-10,899.8,EUR,2026-10-10,IC Sale - Logistics Services Sept 10,,PO-2026-20523
2029,1000,142000,1800002029,INV/2026/09/12029,2026-09-20,3195.32,EUR,2026-10-20,IC Sale - Logistics Services Sept 20,,PO-2026-12283
2030,1000,142000,1800002030,INV/2026/09/12030,2026-09-04,10085.24,EUR,2026-10-04,IC Sale - Logistics Services Sept 04,,PO-2026-65814
2031,1000,142000,1800002031,INV/2026/09/12031,2026-09-08,1661.56,EUR,2026-10-08,IC Sale - Logistics Services Sept 08,,PO-2026-48745
2032,1000,142000,1800002032,INV/2026/09/12032,2026-09-26,4069.75,EUR,2026-10-26,IC Sale - Logistics Services Sept 26,,PO-2026-49610
2033,1000,142000,1800002033,INV/2026/09/12033,2026-09-04,816.51,EUR,2026-10-04,IC Sale - Logistics Services Sept 04,,PO-2026-33493
2034,1000,142000,1800002034,INV/2026/09/12034,2026-09-16,4175.07,EUR,2026-10-16,IC Sale - Logistics Services Sept 16,,PO-2026-57126
2035,1000,142000,1800002035,INV/2026/09/12035,2026-09-18,4644.22,EUR,2026-10-18,IC Sale - Logistics Services Sept 18,,PO-2026-16485
2036,1000,142000,1800002036,INV/2026/09/12036,2026-09-20,3574.87,EUR,2026-10-20,IC Sale - Logistics Services Sept 20,,PO-2026-67201
2038,1000,142000,1800002038,INV/2026/09/12038,2026-09-23,2514.01,EUR,2026-10-23,IC Sale - Logistics Services Sept 23,,PO-2026-67728
2039,1000,142000,1800002039,INV/2026/09/12039,2026-09-26,6375.39,EUR,2026-10-26,IC Sale - Logistics Services Sept 26,,PO-2026-56139
2040,1000,142000,1800002040,INV/2026/09/12040,2026-09-15,11891.11,EUR,2026-10-15,IC Sale - Logistics Services Sept 15,,PO-2026-79728
2041,1000,142000,1800002041,INV/2026/09/12041,2026-09-22,3435.28,EUR,2026-10-22,IC Sale - Logistics Services Sept 22,,PO-2026-30785
2042,1000,142000,1800002042,INV/2026/09/12042,2026-09-19,1267.53,EUR,2026-10-19,IC Sale - Logistics Services Sept 19,,PO-2026-20977
2043,1000,142000,1800002043,INV/2026/09/12043,2026-09-10,2747.36,EUR,2026-10-10,IC Sale - Logistics Services Sept 10,,PO-2026-88711
2044,1000,142000,1800002044,INV/2026/09/12044,2026-09-22,4716.47,EUR,2026-10-22,IC Sale - Logistics Services Sept 22,,PO-2026-40221
2045,1000,142000,1800002045,INV/2026/09/12045,2026-09-13,6086.59,EUR,2026-10-13,IC Sale - Logistics Services Sept 13,,PO-2026-20298
2046,1000,142000,1800002046,INV/2026/09/12046,2026-09-16,1333.09,EUR,2026-10-16,IC Sale - Logistics Services Sept 16,,PO-2026-13795
2047,1000,142000,1800002047,INV/2026/09/12047,2026-09-12,784.46,EUR,2026-10-12,IC Sale - Logistics Services Sept 12,,PO-2026-17235
2048,1000,142000,1800002048,INV/2026/09/12048,2026-09-06,1181.2,EUR,2026-10-06,IC Sale - Logistics Services Sept 06,,PO-2026-43200
2049,1000,142000,1800002049,INV/2026/09/12049,2026-09-24,787.75,EUR,2026-10-24,IC Sale - Logistics Services Sept 24,,PO-2026-62350
2050,1000,142000,1800002050,INV/2026/09/12050,2026-09-27,3129.4,EUR,2026-10-27,IC Sale - Logistics Services Sept 27,,PO-2026-67518
2051,1000,142000,1800002051,INV/2026/09/12051,2026-09-10,4162.44,EUR,2026-10-10,IC Sale - Logistics Services Sept 10,,PO-2026-80882
2052,1000,142000,1800002052,INV/2026/09/12052,2026-09-29,6322.69,EUR,2026-10-29,IC Sale - Logistics Services Sept 29,,PO-2026-70870
2053,1000,142000,1800002053,INV/2026/09/12053,2026-09-12,22049.91,EUR,2026-10-12,IC Sale - Logistics Services Sept 12,,PO-2026-21398
2054,1000,142000,1800002054,INV/2026/09/12054,2026-09-28,261.27,EUR,2026-10-28,IC Sale - Logistics Services Sept 28,,PO-2026-15982
2055,1000,142000,1800002055,INV/2026/09/12055,2026-09-09,1719.66,EUR,2026-10-09,IC Sale - Logistics Services Sept 09,,PO-2026-84258
2056,1000,142000,1800002056,INV/2026/09/12056,2026-09-29,2988.1,EUR,2026-10-29,IC Sale - Logistics Services Sept 29,,PO-2026-40039
2057,1000,142000,1800002057,INV/2026/09/12057,2026-09-25,4617.87,EUR,2026-10-25,IC Sale - Logistics Services Sept 25,,PO-2026-48317
2058,1000,142000,1800002058,INV/2026/09/12058,2026-09-29,3374.29,EUR,2026-10-29,IC Sale - Logistics Services Sept 29,,PO-2026-68616
2059,1000,142000,1800002059,INV/2026/09/12059,2026-09-24,1575.68,EUR,2026-10-24,IC Sale - Logistics Services Sept 24,,PO-2026-61058
2060,1000,142000,1800002060,INV/2026/09/12060,2026-09-09,1087.94,EUR,2026-10-09,IC Sale - Logistics Services Sept 09,,PO-2026-80287
2061,1000,142000,1800002061,INV/2026/09/12061,2026-09-18,12033.11,EUR,2026-10-18,IC Sale - Logistics Services Sept 18,,PO-2026-19888
2062,1000,142000,1800002062,INV/2026/09/12062,2026-09-27,774.94,EUR,2026-10-27,IC Sale - Logistics Services Sept 27,,PO-2026-12233
2063,1000,142000,1800002063,INV/2026/09/12063,2026-09-08,2001.0,EUR,2026-10-08,IC Sale - Logistics Services Sept 08,,PO-2026-26191
2064,1000,142000,1800002064,INV/2026/09/12064,2026-09-01,14324.01,EUR,2026-10-01,IC Sale - Logistics Services Sept 01,,PO-2026-72288
2065,1000,142000,1800002065,INV/2026/09/12065,2026-09-08,2780.8,EUR,2026-10-08,IC Sale - Logistics Services Sept 08,,PO-2026-98260
2066,1000,142000,1800002066,INV/2026/09/12066,2026-09-21,1410.59,EUR,2026-10-21,IC Sale - Logistics Services Sept 21,,PO-2026-12257
2067,1000,142000,1800002067,INV/2026/09/12067,2026-09-13,8523.7,EUR,2026-10-13,IC Sale - Logistics Services Sept 13,,PO-2026-11693
2068,1000,142000,1800002068,INV/2026/09/12068,2026-09-11,1873.99,EUR,2026-10-11,IC Sale - Logistics Services Sept 11,,PO-2026-18995
2069,1000,142000,1800002069,INV/2026/09/12069,2026-09-04,1904.41,EUR,2026-10-04,IC Sale - Logistics Services Sept 04,,PO-2026-94583
2070,1000,142000,1800002070,INV/2026/09/12070,2026-09-23,4338.23,EUR,2026-10-23,IC Sale - Logistics Services Sept 23,,PO-2026-42610
2071,1000,142000,1800002071,INV/2026/09/12071,2026-09-08,1355.57,EUR,2026-10-08,IC Sale - Logistics Services Sept 08,,PO-2026-40511
2072,1000,142000,1800002072,INV/2026/09/12072,2026-09-20,996.71,EUR,2026-10-20,IC Sale - Logistics Services Sept 20,,PO-2026-35380
2073,1000,142000,1800002073,INV/2026/09/12073,2026-09-16,2463.72,EUR,2026-10-16,IC Sale - Logistics Services Sept 16,,PO-2026-19355
2074,1000,142000,1800002074,INV/2026/09/12074,2026-09-25,11083.68,EUR,2026-10-25,IC Sale - Logistics Services Sept 25,,PO-2026-52360
2075,1000,142000,1800002075,INV/2026/09/12075,2026-09-04,2999.84,EUR,2026-10-04,IC Sale - Logistics Services Sept 04,,PO-2026-67048
2076,1000,142000,1800002076,INV/2026/09/12076,2026-09-07,1625.06,EUR,2026-10-07,IC Sale - Logistics Services Sept 07,,PO-2026-37374
2077,1000,142000,1800002077,INV/2026/09/12077,2026-09-09,3258.19,EUR,2026-10-09,IC Sale - Logistics Services Sept 09,,PO-2026-35326
2078,1000,142000,1800002078,INV/2026/09/12078,2026-09-29,1907.54,EUR,2026-10-29,IC Sale - Logistics Services Sept 29,,PO-2026-78950
2079,1000,142000,1800002079,INV/2026/09/12079,2026-09-12,780.23,EUR,2026-10-12,IC Sale - Logistics Services Sept 12,,PO-2026-30132
2080,1000,142000,1800002080,INV/2026/09/12080,2026-09-21,1645.63,EUR,2026-10-21,IC Sale - Logistics Services Sept 21,,PO-2026-58929
2081,1000,142000,1800002081,INV/2026/09/12081,2026-09-23,777.94,EUR,2026-10-23,IC Sale - Logistics Services Sept 23,,PO-2026-11087
2082,1000,142000,1800002082,INV/2026/09/12082,2026-09-28,664.71,EUR,2026-10-28,IC Sale - Logistics Services Sept 28,,PO-2026-15140
2083,1000,142000,1800002083,INV/2026/09/12083,2026-09-22,5710.64,EUR,2026-10-22,IC Sale - Logistics Services Sept 22,,PO-2026-18405
2084,1000,142000,1800002084,INV/2026/09/12084,2026-09-11,8322.31,EUR,2026-10-11,IC Sale - Logistics Services Sept 11,,PO-2026-11423
2085,1000,142000,1800002085,INV/2026/09/12085,2026-09-02,4846.01,EUR,2026-10-02,IC Sale - Logistics Services Sept 02,,PO-2026-10696
2086,1000,142000,1800002086,INV/2026/09/12086,2026-09-22,1665.23,EUR,2026-10-22,IC Sale - Logistics Services Sept 22,,PO-2026-77060
2087,1000,142000,1800002087,INV/2026/09/12087,2026-09-13,3864.52,EUR,2026-10-13,IC Sale - Logistics Services Sept 13,,PO-2026-28916
2088,1000,142000,1800002088,INV/2026/09/12088,2026-09-20,1383.25,EUR,2026-10-20,IC Sale - Logistics Services Sept 20,,PO-2026-22127
2089,1000,142000,1800002089,INV/2026/09/12089,2026-09-11,7007.88,EUR,2026-10-11,IC Sale - Logistics Services Sept 11,,PO-2026-81999
2090,1000,142000,1800002090,INV/2026/09/12090,2026-09-22,1261.32,EUR,2026-10-22,IC Sale - Logistics Services Sept 22,,PO-2026-41888
2092,1000,142000,1800002092,INV/2026/09/12092,2026-09-03,7861.78,EUR,2026-10-03,IC Sale - Logistics Services Sept 03,,PO-2026-46873
2094,1000,142000,1800002094,INV/2026/09/12094,2026-09-13,6419.13,EUR,2026-10-13,IC Sale - Logistics Services Sept 13,,PO-2026-13758
2095,1000,142000,1800002095,INV/2026/09/12095,2026-09-12,1144.53,EUR,2026-10-12,IC Sale - Logistics Services Sept 12,,PO-2026-46127
2096,1000,142000,1800002096,INV/2026/09/12096,2026-09-11,2488.11,EUR,2026-10-11,IC Sale - Logistics Services Sept 11,,PO-2026-54446
2097,1000,142000,1800002097,INV/2026/09/12097,2026-09-16,3547.82,EUR,2026-10-16,IC Sale - Logistics Services Sept 16,,PO-2026-42482
2098,1000,142000,1800002098,INV/2026/09/12098,2026-09-18,5471.45,EUR,2026-10-18,IC Sale - Logistics Services Sept 18,,PO-2026-46443
2099,1000,142000,1800002099,INV/2026/09/12099,2026-09-19,419.38,EUR,2026-10-19,IC Sale - Logistics Services Sept 19,,PO-2026-92081
2100,1000,142000,1800002100,INV/2026/09/12100,2026-09-22,2297.11,EUR,2026-10-22,IC Sale - Logistics Services Sept 22,,PO-2026-22458
2101,1000,142000,1800002101,INV/2026/09/12101,2026-09-11,2305.16,EUR,2026-10-11,IC Sale - Logistics Services Sept 11,,PO-2026-81687
2102,1000,142000,1800002102,INV/2026/09/12102,2026-09-03,437.5,EUR,2026-10-03,IC Sale - Logistics Services Sept 03,,PO-2026-42575
2103,1000,142000,1800002103,INV/2026/09/12103,2026-09-10,1328.45,EUR,2026-10-10,IC Sale - Logistics Services Sept 10,,PO-2026-15154
2104,1000,142000,1800002104,INV/2026/09/12104,2026-09-17,1501.98,EUR,2026-10-17,IC Sale - Logistics Services Sept 17,,PO-2026-44069
2105,1000,142000,1800002105,INV/2026/09/12105,2026-09-18,3810.77,EUR,2026-10-18,IC Sale - Logistics Services Sept 18,,PO-2026-16456
2106,1000,142000,1800002106,INV/2026/09/12106,2026-09-26,4238.42,EUR,2026-10-26,IC Sale - Logistics Services Sept 26,,PO-2026-22322
2107,1000,142000,1800002107,INV/2026/09/12107,2026-09-25,7265.91,EUR,2026-10-25,IC Sale - Logistics Services Sept 25,,PO-2026-65732
2108,1000,142000,1800002108,INV/2026/09/12108,2026-09-15,5659.44,EUR,2026-10-15,IC Sale - Logistics Services Sept 15,,PO-2026-46371
2109,1000,142000,1800002109,INV/2026/09/12109,2026-09-02,5913.94,EUR,2026-10-02,IC Sale - Logistics Services Sept 02,,PO-2026-34467
2110,1000,142000,1800002110,INV/2026/09/12110,2026-09-16,846.04,EUR,2026-10-16,IC Sale - Logistics Services Sept 16,,PO-2026-85230
2111,1000,142000,1800002111,INV/2026/09/12111,2026-09-26,4118.54,EUR,2026-10-26,IC Sale - Logistics Services Sept 26,,PO-2026-88571
2112,1000,142000,1800002112,INV/2026/09/12112,2026-09-04,2114.94,EUR,2026-10-04,IC Sale - Logistics Services Sept 04,,PO-2026-36722
2113,1000,142000,1800002113,INV/2026/09/12113,2026-09-14,3035.31,EUR,2026-10-14,IC Sale - Logistics Services Sept 14,,PO-2026-79974
2114,1000,142000,1800002114,INV/2026/09/12114,2026-09-23,748.55,EUR,2026-10-23,IC Sale - Logistics Services Sept 23,,PO-2026-63178
2115,1000,142000,1800002115,INV/2026/09/12115,2026-09-15,6930.95,EUR,2026-10-15,IC Sale - Logistics Services Sept 15,,PO-2026-45942
2116,1000,142000,1800002116,INV/2026/09/12116,2026-09-28,4281.33,EUR,2026-10-28,IC Sale - Logistics Services Sept 28,,PO-2026-19996
2117,1000,142000,1800002117,INV/2026/09/12117,2026-09-27,2484.17,EUR,2026-10-27,IC Sale - Logistics Services Sept 27,,PO-2026-42046
2118,1000,142000,1800002118,INV/2026/09/12118,2026-09-29,2576.9,EUR,2026-10-29,IC Sale - Logistics Services Sept 29,,PO-2026-69272
2119,1000,142000,1800002119,INV/2026/09/12119,2026-09-20,216.26,EUR,2026-10-20,IC Sale - Logistics Services Sept 20,,PO-2026-75021
2120,1000,142000,1800002120,INV/2026/09/12120,2026-09-05,875.63,EUR,2026-10-05,IC Sale - Logistics Services Sept 05,,PO-2026-62090
2121,1000,142000,1800002121,INV/2026/09/12121,2026-09-02,2793.16,EUR,2026-10-02,IC Sale - Logistics Services Sept 02,,PO-2026-72834
2122,1000,142000,1800002122,INV/2026/09/12122,2026-09-01,3133.57,EUR,2026-10-01,IC Sale - Logistics Services Sept 01,,PO-2026-77017
2123,1000,142000,1800002123,INV/2026/09/12123,2026-09-17,227.71,EUR,2026-10-17,IC Sale - Logistics Services Sept 17,,PO-2026-59305
2124,1000,142000,1800002124,INV/2026/09/12124,2026-09-26,3647.22,EUR,2026-10-26,IC Sale - Logistics Services Sept 26,,PO-2026-49570
2125,1000,142000,1800002125,INV/2026/09/12125,2026-09-26,1772.15,EUR,2026-10-26,IC Sale - Logistics Services Sept 26,,PO-2026-21275
2126,1000,142000,1800002126,INV/2026/09/12126,2026-09-14,1322.39,EUR,2026-10-14,IC Sale - Logistics Services Sept 14,,PO-2026-31543
2127,1000,142000,1800002127,INV/2026/09/12127,2026-09-29,1130.49,EUR,2026-10-29,IC Sale - Logistics Services Sept 29,,PO-2026-73801
2128,1000,142000,1800002128,INV/2026/09/12128,2026-09-20,1802.83,EUR,2026-10-20,IC Sale - Logistics Services Sept 20,,PO-2026-85760
2129,1000,142000,1800002129,INV/2026/09/12129,2026-09-26,711.05,EUR,2026-10-26,IC Sale - Logistics Services Sept 26,,PO-2026-88995
2130,1000,142000,1800002130,INV/2026/09/12130,2026-09-08,1433.99,EUR,2026-10-08,IC Sale - Logistics Services Sept 08,,PO-2026-98362
2131,1000,142000,1800002131,INV/2026/09/12131,2026-09-14,5439.67,EUR,2026-10-14,IC Sale - Logistics Services Sept 14,,PO-2026-81705
2132,1000,142000,1800002132,INV/2026/09/12132,2026-09-14,3836.69,EUR,2026-10-14,IC Sale - Logistics Services Sept 14,,PO-2026-12064
2133,1000,142000,1800002133,INV/2026/09/12133,2026-09-21,3568.78,EUR,2026-10-21,IC Sale - Logistics Services Sept 21,,PO-2026-27299
2134,1000,142000,1800002134,INV/2026/09/12134,2026-09-20,482.84,EUR,2026-10-20,IC Sale - Logistics Services Sept 20,,PO-2026-84466
2135,1000,142000,1800002135,INV/2026/09/12135,2026-09-28,521.79,EUR,2026-10-28,IC Sale - Logistics Services Sept 28,,PO-2026-66911
2136,1000,142000,1800002136,INV/2026/09/12136,2026-09-01,13721.02,EUR,2026-10-01,IC Sale - Logistics Services Sept 01,,PO-2026-29001
2137,1000,142000,1800002137,INV/2026/09/12137,2026-09-01,6799.35,EUR,2026-10-01,IC Sale - Logistics Services Sept 01,,PO-2026-72191
2138,1000,142000,1800002138,INV/2026/09/12138,2026-09-23,7387.31,EUR,2026-10-23,IC Sale - Logistics Services Sept 23,,PO-2026-61277
2139,1000,142000,1800002139,INV/2026/09/12139,2026-09-15,3274.0,EUR,2026-10-15,IC Sale - Logistics Services Sept 15,,PO-2026-18715
2140,1000,142000,1800002140,INV/2026/09/12140,2026-09-16,548.48,EUR,2026-10-16,IC Sale - Logistics Services Sept 16,,PO-2026-21991
2141,1000,142000,1800002141,INV/2026/09/12141,2026-09-09,2355.32,EUR,2026-10-09,IC Sale - Logistics Services Sept 09,,PO-2026-94083
2142,1000,142000,1800002142,INV/2026/09/12142,2026-09-04,2688.42,EUR,2026-10-04,IC Sale - Logistics Services Sept 04,,PO-2026-13876
2143,1000,142000,1800002143,INV/2026/09/12143,2026-09-02,29936.47,EUR,2026-10-02,IC Sale - Logistics Services Sept 02,,PO-2026-49838
2144,1000,142000,1800002144,INV/2026/09/12144,2026-09-08,841.8,EUR,2026-10-08,IC Sale - Logistics Services Sept 08,,PO-2026-37222
2145,1000,142000,1800002145,INV/2026/09/12145,2026-09-04,5545.82,EUR,2026-10-04,IC Sale - Logistics Services Sept 04,,PO-2026-56538
2146,1000,142000,1800002146,INV/2026/09/12146,2026-09-17,637.07,EUR,2026-10-17,IC Sale - Logistics Services Sept 17,,PO-2026-83392
2147,1000,142000,1800002147,INV/2026/09/12147,2026-09-05,10947.1,EUR,2026-10-05,IC Sale - Logistics Services Sept 05,,PO-2026-91113
2148,1000,142000,1800002148,INV/2026/09/12148,2026-09-06,171.33,EUR,2026-10-06,IC Sale - Logistics Services Sept 06,,PO-2026-11184
2149,1000,142000,1800002149,INV/2026/09/12149,2026-09-20,4014.05,EUR,2026-10-20,IC Sale - Logistics Services Sept 20,,PO-2026-72870
2150,1000,142000,1800002150,INV/2026/09/12150,2026-09-27,732.36,EUR,2026-10-27,IC Sale - Logistics Services Sept 27,,PO-2026-10765
2151,1000,142000,1800002151,INV/2026/09/12151,2026-09-01,836.05,EUR,2026-10-01,IC Sale - Logistics Services Sept 01,,PO-2026-50300
2152,1000,142000,1800002152,INV/2026/09/12152,2026-09-02,568.66,EUR,2026-10-02,IC Sale - Logistics Services Sept 02,,PO-2026-62791
2153,1000,142000,1800002153,INV/2026/09/12153,2026-09-01,593.37,EUR,2026-10-01,IC Sale - Logistics Services Sept 01,,PO-2026-34871
2154,1000,142000,1800002154,INV/2026/09/12154,2026-09-16,5689.61,EUR,2026-10-16,IC Sale - Logistics Services Sept 16,,PO-2026-33395
2155,1000,142000,1800002155,INV/2026/09/12155,2026-09-27,12093.98,EUR,2026-10-27,IC Sale - Logistics Services Sept 27,,PO-2026-24050
2156,1000,142000,1800002156,INV/2026/09/12156,2026-09-01,150.51,EUR,2026-10-01,IC Sale - Logistics Services Sept 01,,PO-2026-86939
2157,1000,142000,1800002157,INV/2026/09/12157,2026-09-16,2427.92,EUR,2026-10-16,IC Sale - Logistics Services Sept 16,,PO-2026-17007
2158,1000,142000,1800002158,INV/2026/09/12158,2026-09-16,4078.72,EUR,2026-10-16,IC Sale - Logistics Services Sept 16,,PO-2026-44179
2159,1000,142000,1800002159,INV/2026/09/12159,2026-09-15,3766.5,EUR,2026-10-15,IC Sale - Logistics Services Sept 15,,PO-2026-58687
2160,1000,142000,1800002160,INV/2026/09/12160,2026-09-13,2158.46,EUR,2026-10-13,IC Sale - Logistics Services Sept 13,,PO-2026-43997
2161,1000,142000,1800002161,INV/2026/09/12161,2026-09-20,3607.3,EUR,2026-10-20,IC Sale - Logistics Services Sept 20,,PO-2026-27732
2162,1000,142000,1800002162,INV/2026/09/12162,2026-09-28,1230.83,EUR,2026-10-28,IC Sale - Logistics Services Sept 28,,PO-2026-46008
2163,1000,142000,1800002163,INV/2026/09/12163,2026-09-02,4268.94,EUR,2026-10-02,IC Sale - Logistics Services Sept 02,,PO-2026-19176
2164,1000,142000,1800002164,INV/2026/09/12164,2026-09-16,24957.46,EUR,2026-10-16,IC Sale - Logistics Services Sept 16,,PO-2026-78411
2165,1000,142000,1800002165,INV/2026/09/12165,2026-09-13,2866.8,EUR,2026-10-13,IC Sale - Logistics Services Sept 13,,PO-2026-39530
2166,1000,142000,1800002166,INV/2026/09/12166,2026-09-06,787.97,EUR,2026-10-06,IC Sale - Logistics Services Sept 06,,PO-2026-23963
2167,1000,142000,1800002167,INV/2026/09/12167,2026-09-19,1036.45,EUR,2026-10-19,IC Sale - Logistics Services Sept 19,,PO-2026-66149
2168,1000,142000,1800002168,INV/2026/09/12168,2026-09-03,2316.85,EUR,2026-10-03,IC Sale - Logistics Services Sept 03,,PO-2026-49252
2169,1000,142000,1800002169,INV/2026/09/12169,2026-09-08,489.19,EUR,2026-10-08,IC Sale - Logistics Services Sept 08,,PO-2026-24566
2170,1000,142000,1800002170,INV/2026/09/12170,2026-09-12,177.1,EUR,2026-10-12,IC Sale - Logistics Services Sept 12,,PO-2026-43421
2171,1000,142000,1800002171,INV/2026/09/12171,2026-09-29,2019.43,EUR,2026-10-29,IC Sale - Logistics Services Sept 29,,PO-2026-10123
2172,1000,142000,1800002172,INV/2026/09/12172,2026-09-28,367.14,EUR,2026-10-28,IC Sale - Logistics Services Sept 28,,PO-2026-26048
2173,1000,142000,1800002173,INV/2026/09/12173,2026-09-08,3094.8,EUR,2026-10-08,IC Sale - Logistics Services Sept 08,,PO-2026-24356
2174,1000,142000,1800002174,INV/2026/09/12174,2026-09-25,6301.34,EUR,2026-10-25,IC Sale - Logistics Services Sept 25,,PO-2026-54991
2175,1000,142000,1800002175,INV/2026/09/12175,2026-09-27,6169.16,EUR,2026-10-27,IC Sale - Logistics Services Sept 27,,PO-2026-71339
2176,1000,142000,1800002176,INV/2026/09/12176,2026-09-21,5566.18,EUR,2026-10-21,IC Sale - Logistics Services Sept 21,,PO-2026-49743
2178,1000,142000,1800002178,INV/2026/09/12178,2026-09-15,16584.89,EUR,2026-10-15,IC Sale - Logistics Services Sept 15,,PO-2026-46661
2179,1000,142000,1800002179,INV/2026/09/12179,2026-09-06,1410.98,EUR,2026-10-06,IC Sale - Logistics Services Sept 06,,PO-2026-90928
2180,1000,142000,1800002180,INV/2026/09/12180,2026-09-18,4859.02,EUR,2026-10-18,IC Sale - Logistics Services Sept 18,,PO-2026-81146
2181,1000,142000,1800002181,INV/2026/09/12181,2026-09-06,3684.31,EUR,2026-10-06,IC Sale - Logistics Services Sept 06,,PO-2026-10995
2182,1000,142000,1800002182,INV/2026/09/12182,2026-09-02,1355.47,EUR,2026-10-02,IC Sale - Logistics Services Sept 02,,PO-2026-71342
2183,1000,142000,1800002183,INV/2026/09/12183,2026-09-13,4137.94,EUR,2026-10-13,IC Sale - Logistics Services Sept 13,,PO-2026-64259
2184,1000,142000,1800002184,INV/2026/09/12184,2026-09-01,1784.55,EUR,2026-10-01,IC Sale - Logistics Services Sept 01,,PO-2026-98225
2185,1000,142000,1800002185,INV/2026/09/12185,2026-09-15,799.73,EUR,2026-10-15,IC Sale - Logistics Services Sept 15,,PO-2026-43008
2186,1000,142000,1800002186,INV/2026/09/12186,2026-09-25,236.98,EUR,2026-10-25,IC Sale - Logistics Services Sept 25,,PO-2026-64581
2188,1000,142000,1800002188,INV/2026/09/12188,2026-09-08,819.68,EUR,2026-10-08,IC Sale - Logistics Services Sept 08,,PO-2026-61451
2189,1000,142000,1800002189,INV/2026/09/12189,2026-09-29,2331.82,EUR,2026-10-29,IC Sale - Logistics Services Sept 29,,PO-2026-24350
2190,1000,142000,1800002190,INV/2026/09/12190,2026-09-27,5732.82,EUR,2026-10-27,IC Sale - Logistics Services Sept 27,,PO-2026-54269
2191,1000,142000,1800002191,INV/2026/09/12191,2026-09-19,1757.34,EUR,2026-10-19,IC Sale - Logistics Services Sept 19,,PO-2026-97615
2192,1000,142000,1800002192,INV/2026/09/12192,2026-09-16,1651.88,EUR,2026-10-16,IC Sale - Logistics Services Sept 16,,PO-2026-31592
2193,1000,142000,1800002193,INV/2026/09/12193,2026-09-23,403.85,EUR,2026-10-23,IC Sale - Logistics Services Sept 23,,PO-2026-98361
2194,1000,142000,1800002194,INV/2026/09/12194,2026-09-20,3405.44,EUR,2026-10-20,IC Sale - Logistics Services Sept 20,,PO-2026-47363
2195,1000,142000,1800002195,INV/2026/09/12195,2026-09-07,1026.75,EUR,2026-10-07,IC Sale - Logistics Services Sept 07,,PO-2026-20598
2196,1000,142000,1800002196,INV/2026/09/12196,2026-09-17,8298.21,EUR,2026-10-17,IC Sale - Logistics Services Sept 17,,PO-2026-83471
2197,1000,142000,1800002197,INV/2026/09/12197,2026-09-22,1267.06,EUR,2026-10-22,IC Sale - Logistics Services Sept 22,,PO-2026-74320
2198,1000,142000,1800002198,INV/2026/09/12198,2026-09-16,2922.37,EUR,2026-10-16,IC Sale - Logistics Services Sept 16,,PO-2026-49186
2199,1000,142000,1800002199,INV/2026/09/12199,2026-09-05,386.63,EUR,2026-10-05,IC Sale - Logistics Services Sept 05,,PO-2026-64460
2200,1000,142000,1800002200,INV/2026/09/12200,2026-09-07,1383.74,EUR,2026-10-07,IC Sale - Logistics Services Sept 07,,PO-2026-49520
2201,1000,142000,1800002201,INV/2026/09/12201,2026-09-04,11638.96,EUR,2026-10-04,IC Sale - Logistics Services Sept 04,,PO-2026-90574
2202,1000,142000,1800002202,INV/2026/09/12202,2026-09-05,4637.45,EUR,2026-10-05,IC Sale - Logistics Services Sept 05,,PO-2026-35132
2203,1000,142000,1800002203,INV/2026/09/12203,2026-09-25,452.73,EUR,2026-10-25,IC Sale - Logistics Services Sept 25,,PO-2026-89706
2204,1000,142000,1800002204,INV/2026/09/12204,2026-09-05,779.45,EUR,2026-10-05,IC Sale - Logistics Services Sept 05,,PO-2026-20415
2205,1000,142000,1800002205,INV/2026/09/12205,2026-09-14,6468.82,EUR,2026-10-14,IC Sale - Logistics Services Sept 14,,PO-2026-95937
2206,1000,142000,1800002206,INV/2026/09/12206,2026-09-10,2454.06,EUR,2026-10-10,IC Sale - Logistics Services Sept 10,,PO-2026-56838
2207,1000,142000,1800002207,INV/2026/09/12207,2026-09-22,4835.25,EUR,2026-10-22,IC Sale - Logistics Services Sept 22,,PO-2026-90405
2208,1000,142000,1800002208,INV/2026/09/12208,2026-09-01,6087.29,EUR,2026-10-01,IC Sale - Logistics Services Sept 01,,PO-2026-12403
2209,1000,142000,1800002209,INV/2026/09/12209,2026-09-09,14908.47,EUR,2026-10-09,IC Sale - Logistics Services Sept 09,,PO-2026-96082
2210,1000,142000,1800002210,INV/2026/09/12210,2026-09-06,4709.59,EUR,2026-10-06,IC Sale - Logistics Services Sept 06,,PO-2026-89882
2211,1000,142000,1800002211,INV/2026/09/12211,2026-09-02,721.26,EUR,2026-10-02,IC Sale - Logistics Services Sept 02,,PO-2026-86779
2212,1000,142000,1800002212,INV/2026/09/12212,2026-09-17,5091.85,EUR,2026-10-17,IC Sale - Logistics Services Sept 17,,PO-2026-54098
2213,1000,142000,1800002213,INV/2026/09/12213,2026-09-26,1231.28,EUR,2026-10-26,IC Sale - Logistics Services Sept 26,,PO-2026-96122
2214,1000,142000,1800002214,INV/2026/09/12214,2026-09-27,535.17,EUR,2026-10-27,IC Sale - Logistics Services Sept 27,,PO-2026-73330
2215,1000,142000,1800002215,INV/2026/09/12215,2026-09-05,1691.5,EUR,2026-10-05,IC Sale - Logistics Services Sept 05,,PO-2026-83955
2216,1000,142000,1800002216,INV/2026/09/12216,2026-09-08,9155.98,EUR,2026-10-08,IC Sale - Logistics Services Sept 08,,PO-2026-43046
2217,1000,142000,1800002217,INV/2026/09/12217,2026-09-20,2945.62,EUR,2026-10-20,IC Sale - Logistics Services Sept 20,,PO-2026-62547
2218,1000,142000,1800002218,INV/2026/09/12218,2026-09-13,4039.59,EUR,2026-10-13,IC Sale - Logistics Services Sept 13,,PO-2026-74971
2219,1000,142000,1800002219,INV/2026/09/12219,2026-09-02,8103.69,EUR,2026-10-02,IC Sale - Logistics Services Sept 02,,PO-2026-39230
2221,1000,142000,1800002221,INV/2026/09/12221,2026-09-03,11958.16,EUR,2026-10-03,IC Sale - Logistics Services Sept 03,,PO-2026-30025
2222,1000,142000,1800002222,INV/2026/09/12222,2026-09-27,2367.25,EUR,2026-10-27,IC Sale - Logistics Services Sept 27,,PO-2026-36766
2223,1000,142000,1800002223,INV/2026/09/12223,2026-09-25,4877.03,EUR,2026-10-25,IC Sale - Logistics Services Sept 25,,PO-2026-84763
2224,1000,142000,1800002224,INV/2026/09/12224,2026-09-15,5296.1,EUR,2026-10-15,IC Sale - Logistics Services Sept 15,,PO-2026-75231
2226,1000,142000,1800002226,INV/2026/09/12226,2026-09-04,6056.93,EUR,2026-10-04,IC Sale - Logistics Services Sept 04,,PO-2026-33030
2227,1000,142000,1800002227,INV/2026/09/12227,2026-09-06,1269.26,EUR,2026-10-06,IC Sale - Logistics Services Sept 06,,PO-2026-53110
2228,1000,142000,1800002228,INV/2026/09/12228,2026-09-22,1202.87,EUR,2026-10-22,IC Sale - Logistics Services Sept 22,,PO-2026-21340
2229,1000,142000,1800002229,INV/2026/09/12229,2026-09-04,3919.71,EUR,2026-10-04,IC Sale - Logistics Services Sept 04,,PO-2026-72992
2230,1000,142000,1800002230,INV/2026/09/12230,2026-09-05,881.02,EUR,2026-10-05,IC Sale - Logistics Services Sept 05,,PO-2026-25925
2231,1000,142000,1800002231,INV/2026/09/12231,2026-09-20,4677.98,EUR,2026-10-20,IC Sale - Logistics Services Sept 20,,PO-2026-28754
2232,1000,142000,1800002232,INV/2026/09/12232,2026-09-09,5138.95,EUR,2026-10-09,IC Sale - Logistics Services Sept 09,,PO-2026-70477
2233,1000,142000,1800002233,INV/2026/09/12233,2026-09-23,14395.61,EUR,2026-10-23,IC Sale - Logistics Services Sept 23,,PO-2026-42542
2234,1000,142000,1800002234,INV/2026/09/12234,2026-09-15,255.22,EUR,2026-10-15,IC Sale - Logistics Services Sept 15,,PO-2026-17936
2235,1000,142000,1800002235,INV/2026/09/12235,2026-09-04,2286.91,EUR,2026-10-04,IC Sale - Logistics Services Sept 04,,PO-2026-81935
2236,1000,142000,1800002236,INV/2026/09/12236,2026-09-24,1081.21,EUR,2026-10-24,IC Sale - Logistics Services Sept 24,,PO-2026-17883
2237,1000,142000,1800002237,INV/2026/09/12237,2026-09-13,1068.35,EUR,2026-10-13,IC Sale - Logistics Services Sept 13,,PO-2026-62124
2238,1000,142000,1800002238,INV/2026/09/12238,2026-09-11,17580.95,EUR,2026-10-11,IC Sale - Logistics Services Sept 11,,PO-2026-63289
2239,1000,142000,1800002239,INV/2026/09/12239,2026-09-09,10478.91,EUR,2026-10-09,IC Sale - Logistics Services Sept 09,,PO-2026-88180
2240,1000,142000,1800002240,INV/2026/09/12240,2026-09-07,4176.71,EUR,2026-10-07,IC Sale - Logistics Services Sept 07,,PO-2026-29365
2241,1000,142000,1800002241,INV/2026/09/12241,2026-09-04,474.88,EUR,2026-10-04,IC Sale - Logistics Services Sept 04,,PO-2026-72816
2242,1000,142000,1800002242,INV/2026/09/12242,2026-09-24,621.92,EUR,2026-10-24,IC Sale - Logistics Services Sept 24,,PO-2026-98683
2243,1000,142000,1800002243,INV/2026/09/12243,2026-09-10,853.27,EUR,2026-10-10,IC Sale - Logistics Services Sept 10,,PO-2026-75960
2244,1000,142000,1800002244,INV/2026/09/12244,2026-09-08,2317.03,EUR,2026-10-08,IC Sale - Logistics Services Sept 08,,PO-2026-91377
2245,1000,142000,1800002245,INV/2026/09/12245,2026-09-07,5946.59,EUR,2026-10-07,IC Sale - Logistics Services Sept 07,,PO-2026-17147
2246,1000,142000,1800002246,INV/2026/09/12246,2026-09-02,3573.19,EUR,2026-10-02,IC Sale - Logistics Services Sept 02,,PO-2026-16043
2247,1000,142000,1800002247,INV/2026/09/12247,2026-09-09,1670.12,EUR,2026-10-09,IC Sale - Logistics Services Sept 09,,PO-2026-24955
2251,1000,142000,1800002251,INV/2026/09/12251,2026-09-11,1032.29,EUR,2026-10-11,IC Sale - Logistics Services Sept 11,,PO-2026-47712
2252,1000,142000,1800002252,INV/2026/09/12252,2026-09-05,3338.94,EUR,2026-10-05,IC Sale - Logistics Services Sept 05,,PO-2026-48079
2253,1000,142000,1800002253,INV/2026/09/12253,2026-09-04,5020.5,EUR,2026-10-04,IC Sale - Logistics Services Sept 04,,PO-2026-82012
2254,1000,142000,1800002254,INV/2026/09/12254,2026-09-05,6540.04,EUR,2026-10-05,IC Sale - Logistics Services Sept 05,,PO-2026-77526
2255,1000,142000,1800002255,INV/2026/09/12255,2026-09-17,4649.74,EUR,2026-10-17,IC Sale - Logistics Services Sept 17,,PO-2026-99750
2256,1000,142000,1800002256,INV/2026/09/12256,2026-09-20,1853.94,EUR,2026-10-20,IC Sale - Logistics Services Sept 20,,PO-2026-23125
2257,1000,142000,1800002257,INV/2026/09/12257,2026-09-20,400.58,EUR,2026-10-20,IC Sale - Logistics Services Sept 20,,PO-2026-32972
2258,1000,142000,1800002258,INV/2026/09/12258,2026-09-29,2388.33,EUR,2026-10-29,IC Sale - Logistics Services Sept 29,,PO-2026-81931
2259,1000,142000,1800002259,INV/2026/09/12259,2026-09-04,1500.06,EUR,2026-10-04,IC Sale - Logistics Services Sept 04,,PO-2026-21507
2260,1000,142000,1800002260,INV/2026/09/12260,2026-09-02,3128.35,EUR,2026-10-02,IC Sale - Logistics Services Sept 02,,PO-2026-38763
2261,1000,142000,1800002261,INV/2026/09/12261,2026-09-20,447.71,EUR,2026-10-20,IC Sale - Logistics Services Sept 20,,PO-2026-59510
2262,1000,142000,1800002262,INV/2026/09/12262,2026-09-10,868.97,EUR,2026-10-10,IC Sale - Logistics Services Sept 10,,PO-2026-15485
2263,1000,142000,1800002263,INV/2026/09/12263,2026-09-09,821.95,EUR,2026-10-09,IC Sale - Logistics Services Sept 09,,PO-2026-72838
2264,1000,142000,1800002264,INV/2026/09/12264,2026-09-23,432.36,EUR,2026-10-23,IC Sale - Logistics Services Sept 23,,PO-2026-96523
2265,1000,142000,1800002265,INV/2026/09/12265,2026-09-02,3715.24,EUR,2026-10-02,IC Sale - Logistics Services Sept 02,,PO-2026-91977
2266,1000,142000,1800002266,INV/2026/09/12266,2026-09-04,702.26,EUR,2026-10-04,IC Sale - Logistics Services Sept 04,,PO-2026-43630
2267,1000,142000,1800002267,INV/2026/09/12267,2026-09-27,9486.8,EUR,2026-10-27,IC Sale - Logistics Services Sept 27,,PO-2026-73272
2268,1000,142000,1800002268,INV/2026/09/12268,2026-09-07,3060.53,EUR,2026-10-07,IC Sale - Logistics Services Sept 07,,PO-2026-15014
2269,1000,142000,1800002269,INV/2026/09/12269,2026-09-29,2159.7,EUR,2026-10-29,IC Sale - Logistics Services Sept 29,,PO-2026-54150
2270,1000,142000,1800002270,INV/2026/09/12270,2026-09-13,954.47,EUR,2026-10-13,IC Sale - Logistics Services Sept 13,,PO-2026-72894
2271,1000,142000,1800002271,INV/2026/09/12271,2026-09-04,623.23,EUR,2026-10-04,IC Sale - Logistics Services Sept 04,,PO-2026-28541
2272,1000,142000,1800002272,INV/2026/09/12272,2026-09-02,1798.53,EUR,2026-10-02,IC Sale - Logistics Services Sept 02,,PO-2026-77933
2273,1000,142000,1800002273,INV/2026/09/12273,2026-09-11,980.03,EUR,2026-10-11,IC Sale - Logistics Services Sept 11,,PO-2026-27100
2274,1000,142000,1800002274,INV/2026/09/12274,2026-09-25,8384.71,EUR,2026-10-25,IC Sale - Logistics Services Sept 25,,PO-2026-17666
2275,1000,142000,1800002275,INV/2026/09/12275,2026-09-15,874.99,EUR,2026-10-15,IC Sale - Logistics Services Sept 15,,PO-2026-74226
2276,1000,142000,1800002276,INV/2026/09/12276,2026-09-13,6347.19,EUR,2026-10-13,IC Sale - Logistics Services Sept 13,,PO-2026-49759
2277,1000,142000,1800002277,INV/2026/09/12277,2026-09-15,3353.24,EUR,2026-10-15,IC Sale - Logistics Services Sept 15,,PO-2026-95093
2278,1000,142000,1800002278,INV/2026/09/12278,2026-09-22,7983.4,EUR,2026-10-22,IC Sale - Logistics Services Sept 22,,PO-2026-45995
2279,1000,142000,1800002279,INV/2026/09/12279,2026-09-01,2620.91,EUR,2026-10-01,IC Sale - Logistics Services Sept 01,,PO-2026-29094
2280,1000,142000,1800002280,INV/2026/09/12280,2026-09-22,9721.6,EUR,2026-10-22,IC Sale - Logistics Services Sept 22,,PO-2026-29867
2281,1000,142000,1800002281,INV/2026/09/12281,2026-09-11,1259.83,EUR,2026-10-11,IC Sale - Logistics Services Sept 11,,PO-2026-27925
2282,1000,142000,1800002282,INV/2026/09/12282,2026-09-23,1464.66,EUR,2026-10-23,IC Sale - Logistics Services Sept 23,,PO-2026-44014
2284,1000,142000,1800002284,INV/2026/09/12284,2026-09-27,501.62,EUR,2026-10-27,IC Sale - Logistics Services Sept 27,,PO-2026-14456
2285,1000,142000,1800002285,INV/2026/09/12285,2026-09-20,1800.15,EUR,2026-10-20,IC Sale - Logistics Services Sept 20,,PO-2026-32549
2286,1000,142000,1800002286,INV/2026/09/12286,2026-09-07,979.49,EUR,2026-10-07,IC Sale - Logistics Services Sept 07,,PO-2026-18617
2287,1000,142000,1800002287,INV/2026/09/12287,2026-09-06,2286.55,EUR,2026-10-06,IC Sale - Logistics Services Sept 06,,PO-2026-80163
2288,1000,142000,1800002288,INV/2026/09/12288,2026-09-26,7802.57,EUR,2026-10-26,IC Sale - Logistics Services Sept 26,,PO-2026-94358
2289,1000,142000,1800002289,INV/2026/09/12289,2026-09-03,3199.91,EUR,2026-10-03,IC Sale - Logistics Services Sept 03,,PO-2026-95258
2290,1000,142000,1800002290,INV/2026/09/12290,2026-09-16,538.7,EUR,2026-10-16,IC Sale - Logistics Services Sept 16,,PO-2026-34147
2291,1000,142000,1800002291,INV/2026/09/12291,2026-09-13,5479.3,EUR,2026-10-13,IC Sale - Logistics Services Sept 13,,PO-2026-87981
2292,1000,142000,1800002292,INV/2026/09/12292,2026-09-10,6280.72,EUR,2026-10-10,IC Sale - Logistics Services Sept 10,,PO-2026-78324
2293,1000,142000,1800002293,INV/2026/09/12293,2026-09-21,13083.7,EUR,2026-10-21,IC Sale - Logistics Services Sept 21,,PO-2026-48644
2294,1000,142000,1800002294,INV/2026/09/12294,2026-09-21,5456.61,EUR,2026-10-21,IC Sale - Logistics Services Sept 21,,PO-2026-63550
2296,1000,142000,1800002296,INV/2026/09/12296,2026-09-16,283.47,EUR,2026-10-16,IC Sale - Logistics Services Sept 16,,PO-2026-71275
2297,1000,142000,1800002297,INV/2026/09/12297,2026-09-16,12039.92,EUR,2026-10-16,IC Sale - Logistics Services Sept 16,,PO-2026-87091
2298,1000,142000,1800002298,INV/2026/09/12298,2026-09-03,5229.63,EUR,2026-10-03,IC Sale - Logistics Services Sept 03,,PO-2026-93386
2299,1000,142000,1800002299,INV/2026/09/12299,2026-09-29,6047.49,EUR,2026-10-29,IC Sale - Logistics Services Sept 29,,PO-2026-43094
2300,1000,142000,1800002300,INV/2026/09/12300,2026-09-18,6753.21,EUR,2026-10-18,IC Sale - Logistics Services Sept 18,,PO-2026-56636
2301,1000,142000,1800002301,INV/2026/09/12301,2026-09-12,3640.95,EUR,2026-10-12,IC Sale - Logistics Services Sept 12,,PO-2026-23697
2303,1000,142000,1800002303,INV/2026/09/12303,2026-09-06,251.58,EUR,2026-10-06,IC Sale - Logistics Services Sept 06,,PO-2026-88945
2304,1000,142000,1800002304,INV/2026/09/12304,2026-09-03,7781.71,EUR,2026-10-03,IC Sale - Logistics Services Sept 03,,PO-2026-75528
2305,1000,142000,1800002305,INV/2026/09/12305,2026-09-02,5689.33,EUR,2026-10-02,IC Sale - Logistics Services Sept 02,,PO-2026-53078
2306,1000,142000,1800002306,INV/2026/09/12306,2026-09-06,2674.54,EUR,2026-10-06,IC Sale - Logistics Services Sept 06,,PO-2026-79376
2307,1000,142000,1800002307,INV/2026/09/12307,2026-09-14,1752.28,EUR,2026-10-14,IC Sale - Logistics Services Sept 14,,PO-2026-83986
2308,1000,142000,1800002308,INV/2026/09/12308,2026-09-20,2758.86,EUR,2026-10-20,IC Sale - Logistics Services Sept 20,,PO-2026-41918
2309,1000,142000,1800002309,INV/2026/09/12309,2026-09-12,1046.33,EUR,2026-10-12,IC Sale - Logistics Services Sept 12,,PO-2026-74456
2310,1000,142000,1800002310,INV/2026/09/12310,2026-09-09,3841.19,EUR,2026-10-09,IC Sale - Logistics Services Sept 09,,PO-2026-94989
2311,1000,142000,1800002311,INV/2026/09/12311,2026-09-16,8480.32,EUR,2026-10-16,IC Sale - Logistics Services Sept 16,,PO-2026-18333
2312,1000,142000,1800002312,INV/2026/09/12312,2026-09-03,306.15,EUR,2026-10-03,IC Sale - Logistics Services Sept 03,,PO-2026-37598
2313,1000,142000,1800002313,INV/2026/09/12313,2026-09-02,11810.28,EUR,2026-10-02,IC Sale - Logistics Services Sept 02,,PO-2026-62336
2314,1000,142000,1800002314,INV/2026/09/12314,2026-09-22,663.0,EUR,2026-10-22,IC Sale - Logistics Services Sept 22,,PO-2026-19132
2315,1000,142000,1800002315,INV/2026/09/12315,2026-09-18,2609.41,EUR,2026-10-18,IC Sale - Logistics Services Sept 18,,PO-2026-82265
2316,1000,142000,1800002316,INV/2026/09/12316,2026-09-22,907.13,EUR,2026-10-22,IC Sale - Logistics Services Sept 22,,PO-2026-47907
2317,1000,142000,1800002317,INV/2026/09/12317,2026-09-14,1552.85,EUR,2026-10-14,IC Sale - Logistics Services Sept 14,,PO-2026-27634
2318,1000,142000,1800002318,INV/2026/09/12318,2026-09-02,4604.4,EUR,2026-10-02,IC Sale - Logistics Services Sept 02,,PO-2026-33652
2319,1000,142000,1800002319,INV/2026/09/12319,2026-09-18,15496.46,EUR,2026-10-18,IC Sale - Logistics Services Sept 18,,PO-2026-41394
2320,1000,142000,1800002320,INV/2026/09/12320,2026-09-09,1032.48,EUR,2026-10-09,IC Sale - Logistics Services Sept 09,,PO-2026-29468
2321,1000,142000,1800002321,INV/2026/09/12321,2026-09-27,983.54,EUR,2026-10-27,IC Sale - Logistics Services Sept 27,,PO-2026-37251
2322,1000,142000,1800002322,INV/2026/09/12322,2026-09-18,7312.4,EUR,2026-10-18,IC Sale - Logistics Services Sept 18,,PO-2026-93286
2323,1000,142000,1800002323,INV/2026/09/12323,2026-09-03,4433.25,EUR,2026-10-03,IC Sale - Logistics Services Sept 03,,PO-2026-88412
2324,1000,142000,1800002324,INV/2026/09/12324,2026-09-25,5205.34,EUR,2026-10-25,IC Sale - Logistics Services Sept 25,,PO-2026-53658
2325,1000,142000,1800002325,INV/2026/09/12325,2026-09-15,2310.63,EUR,2026-10-15,IC Sale - Logistics Services Sept 15,,PO-2026-51400
2326,1000,142000,1800002326,INV/2026/09/12326,2026-09-11,2299.96,EUR,2026-10-11,IC Sale - Logistics Services Sept 11,,PO-2026-19141
2327,1000,142000,1800002327,INV/2026/09/12327,2026-09-12,2131.26,EUR,2026-10-12,IC Sale - Logistics Services Sept 12,,PO-2026-19544
2328,1000,142000,1800002328,INV/2026/09/12328,2026-09-05,9819.55,EUR,2026-10-05,IC Sale - Logistics Services Sept 05,,PO-2026-62963
2330,1000,142000,1800002330,INV/2026/09/12330,2026-09-04,4672.69,EUR,2026-10-04,IC Sale - Logistics Services Sept 04,,PO-2026-76945
2331,1000,142000,1800002331,INV/2026/09/12331,2026-09-24,3239.65,EUR,2026-10-24,IC Sale - Logistics Services Sept 24,,PO-2026-86487
2332,1000,142000,1800002332,INV/2026/09/12332,2026-09-02,1234.14,EUR,2026-10-02,IC Sale - Logistics Services Sept 02,,PO-2026-35983
2333,1000,142000,1800002333,INV/2026/09/12333,2026-09-07,2421.72,EUR,2026-10-07,IC Sale - Logistics Services Sept 07,,PO-2026-69333
2334,1000,142000,1800002334,INV/2026/09/12334,2026-09-06,7278.8,EUR,2026-10-06,IC Sale - Logistics Services Sept 06,,PO-2026-37588
2335,1000,142000,1800002335,INV/2026/09/12335,2026-09-12,1026.49,EUR,2026-10-12,IC Sale - Logistics Services Sept 12,,PO-2026-94364
2336,1000,142000,1800002336,INV/2026/09/12336,2026-09-02,717.62,EUR,2026-10-02,IC Sale - Logistics Services Sept 02,,PO-2026-93509
2337,1000,142000,1800002337,INV/2026/09/12337,2026-09-24,2314.48,EUR,2026-10-24,IC Sale - Logistics Services Sept 24,,PO-2026-21005
2338,1000,142000,1800002338,INV/2026/09/12338,2026-09-15,4254.48,EUR,2026-10-15,IC Sale - Logistics Services Sept 15,,PO-2026-63815
2339,1000,142000,1800002339,INV/2026/09/12339,2026-09-27,1192.6,EUR,2026-10-27,IC Sale - Logistics Services Sept 27,,PO-2026-76456
2340,1000,142000,1800002340,INV/2026/09/12340,2026-09-18,5229.69,EUR,2026-10-18,IC Sale - Logistics Services Sept 18,,PO-2026-37379
2341,1000,142000,1800002341,INV/2026/09/12341,2026-09-09,1089.12,EUR,2026-10-09,IC Sale - Logistics Services Sept 09,,PO-2026-26723
2342,1000,142000,1800002342,INV/2026/09/12342,2026-09-02,468.35,EUR,2026-10-02,IC Sale - Logistics Services Sept 02,,PO-2026-64939
2343,1000,142000,1800002343,INV/2026/09/12343,2026-09-22,2003.54,EUR,2026-10-22,IC Sale - Logistics Services Sept 22,,PO-2026-89278
2344,1000,142000,1800002344,INV/2026/09/12344,2026-09-23,5551.4,EUR,2026-10-23,IC Sale - Logistics Services Sept 23,,PO-2026-16990
2345,1000,142000,1800002345,INV/2026/09/12345,2026-09-02,803.2,EUR,2026-10-02,IC Sale - Logistics Services Sept 02,,PO-2026-26242
2346,1000,142000,1800002346,INV/2026/09/12346,2026-09-14,4972.98,EUR,2026-10-14,IC Sale - Logistics Services Sept 14,,PO-2026-73836
2347,1000,142000,1800002347,INV/2026/09/12347,2026-09-29,2664.32,EUR,2026-10-29,IC Sale - Logistics Services Sept 29,,PO-2026-29392
2348,1000,142000,1800002348,INV/2026/09/12348,2026-09-16,2701.6,EUR,2026-10-16,IC Sale - Logistics Services Sept 16,,PO-2026-36350
2349,1000,142000,1800002349,INV/2026/09/12349,2026-09-27,1481.67,EUR,2026-10-27,IC Sale - Logistics Services Sept 27,,PO-2026-52330
2350,1000,142000,1800002350,INV/2026/09/12350,2026-09-26,279.97,EUR,2026-10-26,IC Sale - Logistics Services Sept 26,,PO-2026-55655
2351,1000,142000,1800002351,INV/2026/09/12351,2026-09-21,716.02,EUR,2026-10-21,IC Sale - Logistics Services Sept 21,,PO-2026-25630
2352,1000,142000,1800002352,INV/2026/09/12352,2026-09-11,6780.79,EUR,2026-10-11,IC Sale - Logistics Services Sept 11,,PO-2026-44027
2353,1000,142000,1800002353,INV/2026/09/12353,2026-09-05,3507.24,EUR,2026-10-05,IC Sale - Logistics Services Sept 05,,PO-2026-41796
2354,1000,142000,1800002354,INV/2026/09/12354,2026-09-13,16604.02,EUR,2026-10-13,IC Sale - Logistics Services Sept 13,,PO-2026-75746
2355,1000,142000,1800002355,INV/2026/09/12355,2026-09-18,429.56,EUR,2026-10-18,IC Sale - Logistics Services Sept 18,,PO-2026-62090
2356,1000,142000,1800002356,INV/2026/09/12356,2026-09-07,9499.83,EUR,2026-10-07,IC Sale - Logistics Services Sept 07,,PO-2026-60327
2357,1000,142000,1800002357,INV/2026/09/12357,2026-09-16,6097.77,EUR,2026-10-16,IC Sale - Logistics Services Sept 16,,PO-2026-77494
2358,1000,142000,1800002358,INV/2026/09/12358,2026-09-01,635.7,EUR,2026-10-01,IC Sale - Logistics Services Sept 01,,PO-2026-39150
2359,1000,142000,1800002359,INV/2026/09/12359,2026-09-10,8073.75,EUR,2026-10-10,IC Sale - Logistics Services Sept 10,,PO-2026-32972
2360,1000,142000,1800002360,INV/2026/09/12360,2026-09-22,1169.68,EUR,2026-10-22,IC Sale - Logistics Services Sept 22,,PO-2026-60661
2361,1000,142000,1800002361,INV/2026/09/12361,2026-09-21,1180.71,EUR,2026-10-21,IC Sale - Logistics Services Sept 21,,PO-2026-41694
2362,1000,142000,1800002362,INV/2026/09/12362,2026-09-15,3989.5,EUR,2026-10-15,IC Sale - Logistics Services Sept 15,,PO-2026-40477
2363,1000,142000,1800002363,INV/2026/09/12363,2026-09-25,5239.5,EUR,2026-10-25,IC Sale - Logistics Services Sept 25,,PO-2026-98707
2364,1000,142000,1800002364,INV/2026/09/12364,2026-09-02,10612.19,EUR,2026-10-02,IC Sale - Logistics Services Sept 02,,PO-2026-68920
2365,1000,142000,1800002365,INV/2026/09/12365,2026-09-18,432.88,EUR,2026-10-18,IC Sale - Logistics Services Sept 18,,PO-2026-43235
2366,1000,142000,1800002366,INV/2026/09/12366,2026-09-27,6575.84,EUR,2026-10-27,IC Sale - Logistics Services Sept 27,,PO-2026-70228
2367,1000,142000,1800002367,INV/2026/09/12367,2026-09-18,3913.27,EUR,2026-10-18,IC Sale - Logistics Services Sept 18,,PO-2026-23566
2368,1000,142000,1800002368,INV/2026/09/12368,2026-09-29,4020.73,EUR,2026-10-29,IC Sale - Logistics Services Sept 29,,PO-2026-82049
2369,1000,142000,1800002369,INV/2026/09/12369,2026-09-26,293.85,EUR,2026-10-26,IC Sale - Logistics Services Sept 26,,PO-2026-32528
2370,1000,142000,1800002370,INV/2026/09/12370,2026-09-18,949.7,EUR,2026-10-18,IC Sale - Logistics Services Sept 18,,PO-2026-49105
2371,1000,142000,1800002371,INV/2026/09/12371,2026-09-11,226.97,EUR,2026-10-11,IC Sale - Logistics Services Sept 11,,PO-2026-56885
2372,1000,142000,1800002372,INV/2026/09/12372,2026-09-02,1018.66,EUR,2026-10-02,IC Sale - Logistics Services Sept 02,,PO-2026-30545
2373,1000,142000,1800002373,INV/2026/09/12373,2026-09-12,2727.16,EUR,2026-10-12,IC Sale - Logistics Services Sept 12,,PO-2026-15783
2374,1000,142000,1800002374,INV/2026/09/12374,2026-09-01,4087.17,EUR,2026-10-01,IC Sale - Logistics Services Sept 01,,PO-2026-75494
2375,1000,142000,1800002375,INV/2026/09/12375,2026-09-08,4113.34,EUR,2026-10-08,IC Sale - Logistics Services Sept 08,,PO-2026-71033
2376,1000,142000,1800002376,INV/2026/09/12376,2026-09-02,3046.96,EUR,2026-10-02,IC Sale - Logistics Services Sept 02,,PO-2026-68211
2377,1000,142000,1800002377,INV/2026/09/12377,2026-09-25,4599.99,EUR,2026-10-25,IC Sale - Logistics Services Sept 25,,PO-2026-62541
2378,1000,142000,1800002378,INV/2026/09/12378,2026-09-02,1790.28,EUR,2026-10-02,IC Sale - Logistics Services Sept 02,,PO-2026-35384
2379,1000,142000,1800002379,INV/2026/09/12379,2026-09-01,172.8,EUR,2026-10-01,IC Sale - Logistics Services Sept 01,,PO-2026-92629
2380,1000,142000,1800002380,INV/2026/09/12380,2026-09-17,366.49,EUR,2026-10-17,IC Sale - Logistics Services Sept 17,,PO-2026-76112
2381,1000,142000,1800002381,INV/2026/09/12381,2026-09-27,12921.66,EUR,2026-10-27,IC Sale - Logistics Services Sept 27,,PO-2026-85041
2382,1000,142000,1800002382,INV/2026/09/12382,2026-09-24,6582.46,EUR,2026-10-24,IC Sale - Logistics Services Sept 24,,PO-2026-36718
2383,1000,142000,1800002383,INV/2026/09/12383,2026-09-17,4294.45,EUR,2026-10-17,IC Sale - Logistics Services Sept 17,,PO-2026-61344
2384,1000,142000,1800002384,INV/2026/09/12384,2026-09-28,851.12,EUR,2026-10-28,IC Sale - Logistics Services Sept 28,,PO-2026-35904
2385,1000,142000,1800002385,INV/2026/09/12385,2026-09-28,2842.53,EUR,2026-10-28,IC Sale - Logistics Services Sept 28,,PO-2026-56256
2386,1000,142000,1800002386,INV/2026/09/12386,2026-09-12,1781.5,EUR,2026-10-12,IC Sale - Logistics Services Sept 12,,PO-2026-70516
2387,1000,142000,1800002387,INV/2026/09/12387,2026-09-11,799.62,EUR,2026-10-11,IC Sale - Logistics Services Sept 11,,PO-2026-13855
2388,1000,142000,1800002388,INV/2026/09/12388,2026-09-19,9298.54,EUR,2026-10-19,IC Sale - Logistics Services Sept 19,,PO-2026-95914
2389,1000,142000,1800002389,INV/2026/09/12389,2026-09-08,6762.69,EUR,2026-10-08,IC Sale - Logistics Services Sept 08,,PO-2026-51250
2390,1000,142000,1800002390,INV/2026/09/12390,2026-09-27,2268.6,EUR,2026-10-27,IC Sale - Logistics Services Sept 27,,PO-2026-89831
2391,1000,142000,1800002391,INV/2026/09/12391,2026-09-07,3665.53,EUR,2026-10-07,IC Sale - Logistics Services Sept 07,,PO-2026-74449
2392,1000,142000,1800002392,INV/2026/09/12392,2026-09-28,5297.67,EUR,2026-10-28,IC Sale - Logistics Services Sept 28,,PO-2026-35499
2394,1000,142000,1800002394,INV/2026/09/12394,2026-09-04,1949.7,EUR,2026-10-04,IC Sale - Logistics Services Sept 04,,PO-2026-45072
2395,1000,142000,1800002395,INV/2026/09/12395,2026-09-04,3170.57,EUR,2026-10-04,IC Sale - Logistics Services Sept 04,,PO-2026-24756
2396,1000,142000,1800002396,INV/2026/09/12396,2026-09-26,897.13,EUR,2026-10-26,IC Sale - Logistics Services Sept 26,,PO-2026-93050
2397,1000,142000,1800002397,INV/2026/09/12397,2026-09-15,2032.25,EUR,2026-10-15,IC Sale - Logistics Services Sept 15,,PO-2026-40469
2398,1000,142000,1800002398,INV/2026/09/12398,2026-09-06,505.13,EUR,2026-10-06,IC Sale - Logistics Services Sept 06,,PO-2026-38807
2399,1000,142000,1800002399,INV/2026/09/12399,2026-09-18,8467.1,EUR,2026-10-18,IC Sale - Logistics Services Sept 18,,PO-2026-79406
2400,1000,142000,1800002400,INV/2026/09/12400,2026-09-19,2882.5,EUR,2026-10-19,IC Sale - Logistics Services Sept 19,,PO-2026-54284
2401,1000,142000,1800002401,INV/2026/09/12401,2026-09-10,1823.14,EUR,2026-10-10,IC Sale - Logistics Services Sept 10,,PO-2026-48454
2402,1000,142000,1800002402,INV/2026/09/12402,2026-09-02,1713.86,EUR,2026-10-02,IC Sale - Logistics Services Sept 02,,PO-2026-14760
2403,1000,142000,1800002403,INV/2026/09/12403,2026-09-01,3453.26,EUR,2026-10-01,IC Sale - Logistics Services Sept 01,,PO-2026-26717
2404,1000,142000,1800002404,INV/2026/09/12404,2026-09-23,371.27,EUR,2026-10-23,IC Sale - Logistics Services Sept 23,,PO-2026-92442
2405,1000,142000,1800002405,INV/2026/09/12405,2026-09-07,7035.06,EUR,2026-10-07,IC Sale - Logistics Services Sept 07,,PO-2026-59808
2406,1000,142000,1800002406,INV/2026/09/12406,2026-09-05,3559.3,EUR,2026-10-05,IC Sale - Logistics Services Sept 05,,PO-2026-82304
2407,1000,142000,1800002407,INV/2026/09/12407,2026-09-09,1046.6,EUR,2026-10-09,IC Sale - Logistics Services Sept 09,,PO-2026-53375
2408,1000,142000,1800002408,INV/2026/09/12408,2026-09-26,5216.65,EUR,2026-10-26,IC Sale - Logistics Services Sept 26,,PO-2026-84001
2409,1000,142000,1800002409,INV/2026/09/12409,2026-09-20,721.86,EUR,2026-10-20,IC Sale - Logistics Services Sept 20,,PO-2026-13470
2410,1000,142000,1800002410,INV/2026/09/12410,2026-09-19,5647.11,EUR,2026-10-19,IC Sale - Logistics Services Sept 19,,PO-2026-55384
2411,1000,142000,1800002411,INV/2026/09/12411,2026-09-28,933.31,EUR,2026-10-28,IC Sale - Logistics Services Sept 28,,PO-2026-33219
2412,1000,142000,1800002412,INV/2026/09/12412,2026-09-27,11876.01,EUR,2026-10-27,IC Sale - Logistics Services Sept 27,,PO-2026-71564
2413,1000,142000,1800002413,INV/2026/09/12413,2026-09-24,3942.88,EUR,2026-10-24,IC Sale - Logistics Services Sept 24,,PO-2026-60981
2414,1000,142000,1800002414,INV/2026/09/12414,2026-09-16,11400.54,EUR,2026-10-16,IC Sale - Logistics Services Sept 16,,PO-2026-33737
2415,1000,142000,1800002415,INV/2026/09/12415,2026-09-27,3135.0,EUR,2026-10-27,IC Sale - Logistics Services Sept 27,,PO-2026-55356
2416,1000,142000,1800002416,INV/2026/09/12416,2026-09-19,2828.87,EUR,2026-10-19,IC Sale - Logistics Services Sept 19,,PO-2026-64583
2417,1000,142000,1800002417,INV/2026/09/12417,2026-09-26,1217.92,EUR,2026-10-26,IC Sale - Logistics Services Sept 26,,PO-2026-19554
2418,1000,142000,1800002418,INV/2026/09/12418,2026-09-03,719.53,EUR,2026-10-03,IC Sale - Logistics Services Sept 03,,PO-2026-70240
2419,1000,142000,1800002419,INV/2026/09/12419,2026-09-03,1118.98,EUR,2026-10-03,IC Sale - Logistics Services Sept 03,,PO-2026-42296
2420,1000,142000,1800002420,INV/2026/09/12420,2026-09-24,761.9,EUR,2026-10-24,IC Sale - Logistics Services Sept 24,,PO-2026-49410
2421,1000,142000,1800002421,INV/2026/09/12421,2026-09-17,178.28,EUR,2026-10-17,IC Sale - Logistics Services Sept 17,,PO-2026-51730
2422,1000,142000,1800002422,INV/2026/09/12422,2026-09-03,4502.93,EUR,2026-10-03,IC Sale - Logistics Services Sept 03,,PO-2026-79769
2423,1000,142000,1800002423,INV/2026/09/12423,2026-09-14,3032.51,EUR,2026-10-14,IC Sale - Logistics Services Sept 14,,PO-2026-81881
2424,1000,142000,1800002424,INV/2026/09/12424,2026-09-09,3401.2,EUR,2026-10-09,IC Sale - Logistics Services Sept 09,,PO-2026-14722
2425,1000,142000,1800002425,INV/2026/09/12425,2026-09-15,557.03,EUR,2026-10-15,IC Sale - Logistics Services Sept 15,,PO-2026-54051
2426,1000,142000,1800002426,INV/2026/09/12426,2026-09-18,1007.19,EUR,2026-10-18,IC Sale - Logistics Services Sept 18,,PO-2026-19635
2427,1000,142000,1800002427,INV/2026/09/12427,2026-09-21,2278.03,EUR,2026-10-21,IC Sale - Logistics Services Sept 21,,PO-2026-58636
2428,1000,142000,1800002428,INV/2026/09/12428,2026-09-23,528.76,EUR,2026-10-23,IC Sale - Logistics Services Sept 23,,PO-2026-50519
2429,1000,142000,1800002429,INV/2026/09/12429,2026-09-12,714.21,EUR,2026-10-12,IC Sale - Logistics Services Sept 12,,PO-2026-48014
2431,1000,142000,1800002431,INV/2026/09/12431,2026-09-16,3101.01,EUR,2026-10-16,IC Sale - Logistics Services Sept 16,,PO-2026-84176
2432,1000,142000,1800002432,INV/2026/09/12432,2026-09-25,4332.7,EUR,2026-10-25,IC Sale - Logistics Services Sept 25,,PO-2026-49935
2433,1000,142000,1800002433,INV/2026/09/12433,2026-09-08,1591.49,EUR,2026-10-08,IC Sale - Logistics Services Sept 08,,PO-2026-10952
2434,1000,142000,1800002434,INV/2026/09/12434,2026-09-17,1247.12,EUR,2026-10-17,IC Sale - Logistics Services Sept 17,,PO-2026-32755
2435,1000,142000,1800002435,INV/2026/09/12435,2026-09-13,2877.6,EUR,2026-10-13,IC Sale - Logistics Services Sept 13,,PO-2026-13149
2436,1000,142000,1800002436,INV/2026/09/12436,2026-09-09,8555.4,EUR,2026-10-09,IC Sale - Logistics Services Sept 09,,PO-2026-20698
2438,1000,142000,1800002438,INV/2026/09/12438,2026-09-10,1990.78,EUR,2026-10-10,IC Sale - Logistics Services Sept 10,,PO-2026-62310
2439,1000,142000,1800002439,INV/2026/09/12439,2026-09-02,5151.77,EUR,2026-10-02,IC Sale - Logistics Services Sept 02,,PO-2026-78445
2440,1000,142000,1800002440,INV/2026/09/12440,2026-09-25,226.43,EUR,2026-10-25,IC Sale - Logistics Services Sept 25,,PO-2026-22171
2441,1000,142000,1800002441,INV/2026/09/12441,2026-09-05,1731.58,EUR,2026-10-05,IC Sale - Logistics Services Sept 05,,PO-2026-19975
2442,1000,142000,1800002442,INV/2026/09/12442,2026-09-03,1303.24,EUR,2026-10-03,IC Sale - Logistics Services Sept 03,,PO-2026-77583
2443,1000,142000,1800002443,INV/2026/09/12443,2026-09-22,2963.51,EUR,2026-10-22,IC Sale - Logistics Services Sept 22,,PO-2026-53118
2444,1000,142000,1800002444,INV/2026/09/12444,2026-09-14,451.35,EUR,2026-10-14,IC Sale - Logistics Services Sept 14,,PO-2026-36772
2445,1000,142000,1800002445,INV/2026/09/12445,2026-09-03,2011.25,EUR,2026-10-03,IC Sale - Logistics Services Sept 03,,PO-2026-54458
2446,1000,142000,1800002446,INV/2026/09/12446,2026-09-08,1638.13,EUR,2026-10-08,IC Sale - Logistics Services Sept 08,,PO-2026-94820
2447,1000,142000,1800002447,INV/2026/09/12447,2026-09-24,3273.36,EUR,2026-10-24,IC Sale - Logistics Services Sept 24,,PO-2026-99910
2448,1000,142000,1800002448,INV/2026/09/12448,2026-09-03,2534.9,EUR,2026-10-03,IC Sale - Logistics Services Sept 03,,PO-2026-81016
2449,1000,142000,1800002449,INV/2026/09/12449,2026-09-15,2232.08,EUR,2026-10-15,IC Sale - Logistics Services Sept 15,,PO-2026-32323
2450,1000,142000,1800002450,INV/2026/09/12450,2026-09-01,2386.63,EUR,2026-10-01,IC Sale - Logistics Services Sept 01,,PO-2026-55295
2451,1000,142000,1800002451,INV/2026/09/12451,2026-09-11,10804.13,EUR,2026-10-11,IC Sale - Logistics Services Sept 11,,PO-2026-91830
2452,1000,142000,1800002452,INV/2026/09/12452,2026-09-05,1780.84,EUR,2026-10-05,IC Sale - Logistics Services Sept 05,,PO-2026-28993
2453,1000,142000,1800002453,INV/2026/09/12453,2026-09-05,4842.31,EUR,2026-10-05,IC Sale - Logistics Services Sept 05,,PO-2026-31963
2454,1000,142000,1800002454,INV/2026/09/12454,2026-09-03,636.93,EUR,2026-10-03,IC Sale - Logistics Services Sept 03,,PO-2026-86808
2455,1000,142000,1800002455,INV/2026/09/12455,2026-09-03,11472.47,EUR,2026-10-03,IC Sale - Logistics Services Sept 03,,PO-2026-72487
2456,1000,142000,1800002456,INV/2026/09/12456,2026-09-03,818.71,EUR,2026-10-03,IC Sale - Logistics Services Sept 03,,PO-2026-53339
2457,1000,142000,1800002457,INV/2026/09/12457,2026-09-13,7664.19,EUR,2026-10-13,IC Sale - Logistics Services Sept 13,,PO-2026-15160
2458,1000,142000,1800002458,INV/2026/09/12458,2026-09-04,4458.21,EUR,2026-10-04,IC Sale - Logistics Services Sept 04,,PO-2026-83263
2459,1000,142000,1800002459,INV/2026/09/12459,2026-09-26,1904.58,EUR,2026-10-26,IC Sale - Logistics Services Sept 26,,PO-2026-14664
2460,1000,142000,1800002460,INV/2026/09/12460,2026-09-16,1582.24,EUR,2026-10-16,IC Sale - Logistics Services Sept 16,,PO-2026-33724
2462,1000,142000,1800002462,INV/2026/09/12462,2026-09-11,11127.36,EUR,2026-10-11,IC Sale - Logistics Services Sept 11,,PO-2026-64226
2463,1000,142000,1800002463,INV/2026/09/12463,2026-09-03,2918.04,EUR,2026-10-03,IC Sale - Logistics Services Sept 03,,PO-2026-18270
2464,1000,142000,1800002464,INV/2026/09/12464,2026-09-15,5057.17,EUR,2026-10-15,IC Sale - Logistics Services Sept 15,,PO-2026-20817
2465,1000,142000,1800002465,INV/2026/09/12465,2026-09-11,1323.81,EUR,2026-10-11,IC Sale - Logistics Services Sept 11,,PO-2026-42395
2466,1000,142000,1800002466,INV/2026/09/12466,2026-09-21,2819.52,EUR,2026-10-21,IC Sale - Logistics Services Sept 21,,PO-2026-58503
2467,1000,142000,1800002467,INV/2026/09/12467,2026-09-11,6958.57,EUR,2026-10-11,IC Sale - Logistics Services Sept 11,,PO-2026-29600
2468,1000,142000,1800002468,INV/2026/09/12468,2026-09-29,443.02,EUR,2026-10-29,IC Sale - Logistics Services Sept 29,,PO-2026-41740
2470,1000,142000,1800002470,INV/2026/09/12470,2026-09-21,2124.87,EUR,2026-10-21,IC Sale - Logistics Services Sept 21,,PO-2026-83246
2471,1000,142000,1800002471,INV/2026/09/12471,2026-09-17,10198.79,EUR,2026-10-17,IC Sale - Logistics Services Sept 17,,PO-2026-69844
2472,1000,142000,1800002472,INV/2026/09/12472,2026-09-05,5514.35,EUR,2026-10-05,IC Sale - Logistics Services Sept 05,,PO-2026-15121
2473,1000,142000,1800002473,INV/2026/09/12473,2026-09-03,6534.04,EUR,2026-10-03,IC Sale - Logistics Services Sept 03,,PO-2026-53643
2474,1000,142000,1800002474,INV/2026/09/12474,2026-09-11,668.59,EUR,2026-10-11,IC Sale - Logistics Services Sept 11,,PO-2026-35809
2475,1000,142000,1800002475,INV/2026/09/12475,2026-09-07,1618.5,EUR,2026-10-07,IC Sale - Logistics Services Sept 07,,PO-2026-66201
2476,1000,142000,1800002476,INV/2026/09/12476,2026-09-25,4098.96,EUR,2026-10-25,IC Sale - Logistics Services Sept 25,,PO-2026-29095
2477,1000,142000,1800002477,INV/2026/09/12477,2026-09-18,4462.17,EUR,2026-10-18,IC Sale - Logistics Services Sept 18,,PO-2026-35957
2478,1000,142000,1800002478,INV/2026/09/12478,2026-09-23,979.86,EUR,2026-10-23,IC Sale - Logistics Services Sept 23,,PO-2026-41508
2479,1000,142000,1800002479,INV/2026/09/12479,2026-09-04,2656.05,EUR,2026-10-04,IC Sale - Logistics Services Sept 04,,PO-2026-93354
2480,1000,142000,1800002480,INV/2026/09/12480,2026-09-06,4399.36,EUR,2026-10-06,IC Sale - Logistics Services Sept 06,,PO-2026-72684
2481,1000,142000,1800002481,INV/2026/09/12481,2026-09-08,3077.3,EUR,2026-10-08,IC Sale - Logistics Services Sept 08,,PO-2026-46607
2482,1000,142000,1800002482,INV/2026/09/12482,2026-09-28,6062.53,EUR,2026-10-28,IC Sale - Logistics Services Sept 28,,PO-2026-30160
2483,1000,142000,1800002483,INV/2026/09/12483,2026-09-27,6561.69,EUR,2026-10-27,IC Sale - Logistics Services Sept 27,,PO-2026-51454
2484,1000,142000,1800002484,INV/2026/09/12484,2026-09-19,4503.13,EUR,2026-10-19,IC Sale - Logistics Services Sept 19,,PO-2026-34265
2485,1000,142000,1800002485,INV/2026/09/12485,2026-09-12,6295.2,EUR,2026-10-12,IC Sale - Logistics Services Sept 12,,PO-2026-75976
2486,1000,142000,1800002486,INV/2026/09/12486,2026-09-08,3292.17,EUR,2026-10-08,IC Sale - Logistics Services Sept 08,,PO-2026-14450
2487,1000,142000,1800002487,INV/2026/09/12487,2026-09-08,693.42,EUR,2026-10-08,IC Sale - Logistics Services Sept 08,,PO-2026-30567
2488,1000,142000,1800002488,INV/2026/09/12488,2026-09-07,6134.24,EUR,2026-10-07,IC Sale - Logistics Services Sept 07,,PO-2026-91594
2489,1000,142000,1800002489,INV/2026/09/12489,2026-09-07,489.36,EUR,2026-10-07,IC Sale - Logistics Services Sept 07,,PO-2026-23383
2490,1000,142000,1800002490,INV/2026/09/12490,2026-09-07,642.73,EUR,2026-10-07,IC Sale - Logistics Services Sept 07,,PO-2026-41292
2491,1000,142000,1800002491,INV/2026/09/12491,2026-09-17,3257.03,EUR,2026-10-17,IC Sale - Logistics Services Sept 17,,PO-2026-61027
2492,1000,142000,1800002492,INV/2026/09/12492,2026-09-10,4322.23,EUR,2026-10-10,IC Sale - Logistics Services Sept 10,,PO-2026-80273
2493,1000,142000,1800002493,INV/2026/09/12493,2026-09-12,6502.68,EUR,2026-10-12,IC Sale - Logistics Services Sept 12,,PO-2026-17265
2494,1000,142000,1800002494,INV/2026/09/12494,2026-09-02,9258.38,EUR,2026-10-02,IC Sale - Logistics Services Sept 02,,PO-2026-71019
2495,1000,142000,1800002495,INV/2026/09/12495,2026-09-12,1492.03,EUR,2026-10-12,IC Sale - Logistics Services Sept 12,,PO-2026-49733
2496,1000,142000,1800002496,INV/2026/09/12496,2026-09-24,2784.93,EUR,2026-10-24,IC Sale - Logistics Services Sept 24,,PO-2026-15332
2497,1000,142000,1800002497,INV/2026/09/12497,2026-09-02,4522.43,EUR,2026-10-02,IC Sale - Logistics Services Sept 02,,PO-2026-32089
2498,1000,142000,1800002498,INV/2026/09/12498,2026-09-13,621.55,EUR,2026-10-13,IC Sale - Logistics Services Sept 13,,PO-2026-98181
2499,1000,142000,1800002499,INV/2026/09/12499,2026-09-12,2152.9,EUR,2026-10-12,IC Sale - Logistics Services Sept 12,,PO-2026-40865
2501,1000,142000,1800002501,INV/2026/09/12501,2026-09-12,11148.18,EUR,2026-10-12,IC Sale - Logistics Services Sept 12,,PO-2026-97331
2502,1000,142000,1800002502,INV/2026/09/12502,2026-09-27,5310.45,EUR,2026-10-27,IC Sale - Logistics Services Sept 27,,PO-2026-43968
2503,1000,142000,1800002503,INV/2026/09/12503,2026-09-26,404.94,EUR,2026-10-26,IC Sale - Logistics Services Sept 26,,PO-2026-13916
2504,1000,142000,1800002504,INV/2026/09/12504,2026-09-24,1682.27,EUR,2026-10-24,IC Sale - Logistics Services Sept 24,,PO-2026-19781
2505,1000,142000,1800002505,INV/2026/09/12505,2026-09-23,9516.26,EUR,2026-10-23,IC Sale - Logistics Services Sept 23,,PO-2026-70352
2506,1000,142000,1800002506,INV/2026/09/12506,2026-09-04,300.48,EUR,2026-10-04,IC Sale - Logistics Services Sept 04,,PO-2026-72708
2508,1000,142000,1800002508,INV/2026/09/12508,2026-09-25,6749.14,EUR,2026-10-25,IC Sale - Logistics Services Sept 25,,PO-2026-61488
2509,1000,142000,1800002509,INV/2026/09/12509,2026-09-06,10474.38,EUR,2026-10-06,IC Sale - Logistics Services Sept 06,,PO-2026-63204
2510,1000,142000,1800002510,INV/2026/09/12510,2026-09-29,3125.68,EUR,2026-10-29,IC Sale - Logistics Services Sept 29,,PO-2026-14705
2511,1000,142000,1800002511,INV/2026/09/12511,2026-09-21,3662.43,EUR,2026-10-21,IC Sale - Logistics Services Sept 21,,PO-2026-84242
2512,1000,142000,1800002512,INV/2026/09/12512,2026-09-17,7837.15,EUR,2026-10-17,IC Sale - Logistics Services Sept 17,,PO-2026-53098
2513,1000,142000,1800002513,INV/2026/09/12513,2026-09-03,319.43,EUR,2026-10-03,IC Sale - Logistics Services Sept 03,,PO-2026-24465
2514,1000,142000,1800002514,INV/2026/09/12514,2026-09-13,1943.08,EUR,2026-10-13,IC Sale - Logistics Services Sept 13,,PO-2026-28489
2515,1000,142000,1800002515,INV/2026/09/12515,2026-09-20,752.55,EUR,2026-10-20,IC Sale - Logistics Services Sept 20,,PO-2026-53335
2516,1000,142000,1800002516,INV/2026/09/12516,2026-09-10,792.66,EUR,2026-10-10,IC Sale - Logistics Services Sept 10,,PO-2026-33133
2517,1000,142000,1800002517,INV/2026/09/12517,2026-09-21,5830.1,EUR,2026-10-21,IC Sale - Logistics Services Sept 21,,PO-2026-58893
2518,1000,142000,1800002518,INV/2026/09/12518,2026-09-09,260.46,EUR,2026-10-09,IC Sale - Logistics Services Sept 09,,PO-2026-62273
2519,1000,142000,1800002519,INV/2026/09/12519,2026-09-17,3089.6,EUR,2026-10-17,IC Sale - Logistics Services Sept 17,,PO-2026-34214
2520,1000,142000,1800002520,INV/2026/09/12520,2026-09-18,1768.68,EUR,2026-10-18,IC Sale - Logistics Services Sept 18,,PO-2026-66870
2521,1000,142000,1800002521,INV/2026/09/12521,2026-09-08,8881.7,EUR,2026-10-08,IC Sale - Logistics Services Sept 08,,PO-2026-31542
2522,1000,142000,1800002522,INV/2026/09/12522,2026-09-17,232.53,EUR,2026-10-17,IC Sale - Logistics Services Sept 17,,PO-2026-98293
2523,1000,142000,1800002523,INV/2026/09/12523,2026-09-21,2311.57,EUR,2026-10-21,IC Sale - Logistics Services Sept 21,,PO-2026-81113
2524,1000,142000,1800002524,INV/2026/09/12524,2026-09-24,228.43,EUR,2026-10-24,IC Sale - Logistics Services Sept 24,,PO-2026-36768
2525,1000,142000,1800002525,INV/2026/09/12525,2026-09-19,3153.28,EUR,2026-10-19,IC Sale - Logistics Services Sept 19,,PO-2026-97113
2526,1000,142000,1800002526,INV/2026/09/12526,2026-09-12,1382.19,EUR,2026-10-12,IC Sale - Logistics Services Sept 12,,PO-2026-43088
2527,1000,142000,1800002527,INV/2026/09/12527,2026-09-01,1717.14,EUR,2026-10-01,IC Sale - Logistics Services Sept 01,,PO-2026-39511
2528,1000,142000,1800002528,INV/2026/09/12528,2026-09-02,2018.6,EUR,2026-10-02,IC Sale - Logistics Services Sept 02,,PO-2026-36450
2529,1000,142000,1800002529,INV/2026/09/12529,2026-09-23,4680.01,EUR,2026-10-23,IC Sale - Logistics Services Sept 23,,PO-2026-16275
2530,1000,142000,1800002530,INV/2026/09/12530,2026-09-16,5980.79,EUR,2026-10-16,IC Sale - Logistics Services Sept 16,,PO-2026-73518
2531,1000,142000,1800002531,INV/2026/09/12531,2026-09-26,626.56,EUR,2026-10-26,IC Sale - Logistics Services Sept 26,,PO-2026-93447
2534,1000,142000,1800002534,INV/2026/09/12534,2026-09-24,1205.29,EUR,2026-10-24,IC Sale - Logistics Services Sept 24,,PO-2026-41867
2535,1000,142000,1800002535,INV/2026/09/12535,2026-09-24,277.04,EUR,2026-10-24,IC Sale - Logistics Services Sept 24,,PO-2026-65652
2536,1000,142000,1800002536,INV/2026/09/12536,2026-09-16,4724.66,EUR,2026-10-16,IC Sale - Logistics Services Sept 16,,PO-2026-95261
2537,1000,142000,1800002537,INV/2026/09/12537,2026-09-03,5302.71,EUR,2026-10-03,IC Sale - Logistics Services Sept 03,,PO-2026-29344
2538,1000,142000,1800002538,INV/2026/09/12538,2026-09-26,2781.45,EUR,2026-10-26,IC Sale - Logistics Services Sept 26,,PO-2026-56787
2539,1000,142000,1800002539,INV/2026/09/12539,2026-09-04,6613.44,EUR,2026-10-04,IC Sale - Logistics Services Sept 04,,PO-2026-11478
2540,1000,142000,1800002540,INV/2026/09/12540,2026-09-01,4740.3,EUR,2026-10-01,IC Sale - Logistics Services Sept 01,,PO-2026-87298
2541,1000,142000,1800002541,INV/2026/09/12541,2026-09-26,871.12,EUR,2026-10-26,IC Sale - Logistics Services Sept 26,,PO-2026-24150
2542,1000,142000,1800002542,INV/2026/09/12542,2026-09-28,3415.23,EUR,2026-10-28,IC Sale - Logistics Services Sept 28,,PO-2026-43115
2543,1000,142000,1800002543,INV/2026/09/12543,2026-09-07,1222.88,EUR,2026-10-07,IC Sale - Logistics Services Sept 07,,PO-2026-30916
2545,1000,142000,1800002545,INV/2026/09/12545,2026-09-11,18676.05,EUR,2026-10-11,IC Sale - Logistics Services Sept 11,,PO-2026-55278
2546,1000,142000,1800002546,INV/2026/09/12546,2026-09-12,715.2,EUR,2026-10-12,IC Sale - Logistics Services Sept 12,,PO-2026-71036
2548,1000,142000,1800002548,INV/2026/09/12548,2026-09-06,2843.31,EUR,2026-10-06,IC Sale - Logistics Services Sept 06,,PO-2026-36818
2549,1000,142000,1800002549,INV/2026/09/12549,2026-09-02,1915.13,EUR,2026-10-02,IC Sale - Logistics Services Sept 02,,PO-2026-76468
2550,1000,142000,1800002550,INV/2026/09/12550,2026-09-21,5169.79,EUR,2026-10-21,IC Sale - Logistics Services Sept 21,,PO-2026-60889
2551,1000,142000,1800002551,INV/2026/09/12551,2026-09-01,390.26,EUR,2026-10-01,IC Sale - Logistics Services Sept 01,,PO-2026-86262
2552,1000,142000,1800002552,INV/2026/09/12552,2026-09-28,2897.95,EUR,2026-10-28,IC Sale - Logistics Services Sept 28,,PO-2026-67831
2553,1000,142000,1800002553,INV/2026/09/12553,2026-09-24,8582.77,EUR,2026-10-24,IC Sale - Logistics Services Sept 24,,PO-2026-37359
2554,1000,142000,1800002554,INV/2026/09/12554,2026-09-19,4417.82,EUR,2026-10-19,IC Sale - Logistics Services Sept 19,,PO-2026-92848
2555,1000,142000,1800002555,INV/2026/09/12555,2026-09-23,3317.7,EUR,2026-10-23,IC Sale - Logistics Services Sept 23,,PO-2026-95269
2556,1000,142000,1800002556,INV/2026/09/12556,2026-09-24,1460.33,EUR,2026-10-24,IC Sale - Logistics Services Sept 24,,PO-2026-81239
2557,1000,142000,1800002557,INV/2026/09/12557,2026-09-23,749.07,EUR,2026-10-23,IC Sale - Logistics Services Sept 23,,PO-2026-83133
2558,1000,142000,1800002558,INV/2026/09/12558,2026-09-22,6290.89,EUR,2026-10-22,IC Sale - Logistics Services Sept 22,,PO-2026-42697
2559,1000,142000,1800002559,INV/2026/09/12559,2026-09-02,10185.31,EUR,2026-10-02,IC Sale - Logistics Services Sept 02,,PO-2026-19416
2560,1000,142000,1800002560,INV/2026/09/12560,2026-09-24,5750.84,EUR,2026-10-24,IC Sale - Logistics Services Sept 24,,PO-2026-44943
2561,1000,142000,1800002561,INV/2026/09/12561,2026-09-29,1757.14,EUR,2026-10-29,IC Sale - Logistics Services Sept 29,,PO-2026-38463
2562,1000,142000,1800002562,INV/2026/09/12562,2026-09-18,625.02,EUR,2026-10-18,IC Sale - Logistics Services Sept 18,,PO-2026-80410
2563,1000,142000,1800002563,INV/2026/09/12563,2026-09-13,1288.41,EUR,2026-10-13,IC Sale - Logistics Services Sept 13,,PO-2026-29693
2564,1000,142000,1800002564,INV/2026/09/12564,2026-09-21,1589.56,EUR,2026-10-21,IC Sale - Logistics Services Sept 21,,PO-2026-36113
2565,1000,142000,1800002565,INV/2026/09/12565,2026-09-24,2329.57,EUR,2026-10-24,IC Sale - Logistics Services Sept 24,,PO-2026-10930
2566,1000,142000,1800002566,INV/2026/09/12566,2026-09-06,5610.23,EUR,2026-10-06,IC Sale - Logistics Services Sept 06,,PO-2026-40117
2568,1000,142000,1800002568,INV/2026/09/12568,2026-09-25,6324.52,EUR,2026-10-25,IC Sale - Logistics Services Sept 25,,PO-2026-98208
2569,1000,142000,1800002569,INV/2026/09/12569,2026-09-11,1117.81,EUR,2026-10-11,IC Sale - Logistics Services Sept 11,,PO-2026-63661
2570,1000,142000,1800002570,INV/2026/09/12570,2026-09-23,3250.36,EUR,2026-10-23,IC Sale - Logistics Services Sept 23,,PO-2026-54106
2571,1000,142000,1800002571,INV/2026/09/12571,2026-09-08,4139.12,EUR,2026-10-08,IC Sale - Logistics Services Sept 08,,PO-2026-31197
2572,1000,142000,1800002572,INV/2026/09/12572,2026-09-05,2630.6,EUR,2026-10-05,IC Sale - Logistics Services Sept 05,,PO-2026-49124
2573,1000,142000,1800002573,INV/2026/09/12573,2026-09-17,3235.51,EUR,2026-10-17,IC Sale - Logistics Services Sept 17,,PO-2026-65348
2574,1000,142000,1800002574,INV/2026/09/12574,2026-09-11,1586.64,EUR,2026-10-11,IC Sale - Logistics Services Sept 11,,PO-2026-34105
2575,1000,142000,1800002575,INV/2026/09/12575,2026-09-24,543.64,EUR,2026-10-24,IC Sale - Logistics Services Sept 24,,PO-2026-29667
2576,1000,142000,1800002576,INV/2026/09/12576,2026-09-03,9331.75,EUR,2026-10-03,IC Sale - Logistics Services Sept 03,,PO-2026-23771
2577,1000,142000,1800002577,INV/2026/09/12577,2026-09-12,1608.52,EUR,2026-10-12,IC Sale - Logistics Services Sept 12,,PO-2026-47659
2578,1000,142000,1800002578,INV/2026/09/12578,2026-09-13,560.23,EUR,2026-10-13,IC Sale - Logistics Services Sept 13,,PO-2026-58944
2579,1000,142000,1800002579,INV/2026/09/12579,2026-09-09,16122.11,EUR,2026-10-09,IC Sale - Logistics Services Sept 09,,PO-2026-11777
2580,1000,142000,1800002580,INV/2026/09/12580,2026-09-27,9512.67,EUR,2026-10-27,IC Sale - Logistics Services Sept 27,,PO-2026-21109
2582,1000,142000,1800002582,INV/2026/09/12582,2026-09-08,7416.92,EUR,2026-10-08,IC Sale - Logistics Services Sept 08,,PO-2026-95173
2583,1000,142000,1800002583,INV/2026/09/12583,2026-09-08,6154.96,EUR,2026-10-08,IC Sale - Logistics Services Sept 08,,PO-2026-34856
2584,1000,142000,1800002584,INV/2026/09/12584,2026-09-15,2678.09,EUR,2026-10-15,IC Sale - Logistics Services Sept 15,,PO-2026-10103
2585,1000,142000,1800002585,INV/2026/09/12585,2026-09-15,780.93,EUR,2026-10-15,IC Sale - Logistics Services Sept 15,,PO-2026-32808
2586,1000,142000,1800002586,INV/2026/09/12586,2026-09-27,3275.52,EUR,2026-10-27,IC Sale - Logistics Services Sept 27,,PO-2026-59469
2587,1000,142000,1800002587,INV/2026/09/12587,2026-09-25,6782.41,EUR,2026-10-25,IC Sale - Logistics Services Sept 25,,PO-2026-13599
2588,1000,142000,1800002588,INV/2026/09/12588,2026-09-05,866.67,EUR,2026-10-05,IC Sale - Logistics Services Sept 05,,PO-2026-65902
2589,1000,142000,1800002589,INV/2026/09/12589,2026-09-27,407.58,EUR,2026-10-27,IC Sale - Logistics Services Sept 27,,PO-2026-64578
2591,1000,142000,1800002591,INV/2026/09/12591,2026-09-22,948.75,EUR,2026-10-22,IC Sale - Logistics Services Sept 22,,PO-2026-30727
2592,1000,142000,1800002592,INV/2026/09/12592,2026-09-22,6805.3,EUR,2026-10-22,IC Sale - Logistics Services Sept 22,,PO-2026-17807
2593,1000,142000,1800002593,INV/2026/09/12593,2026-09-07,2229.62,EUR,2026-10-07,IC Sale - Logistics Services Sept 07,,PO-2026-60769
2594,1000,142000,1800002594,INV/2026/09/12594,2026-09-08,583.75,EUR,2026-10-08,IC Sale - Logistics Services Sept 08,,PO-2026-82325
2595,1000,142000,1800002595,INV/2026/09/12595,2026-09-09,2295.37,EUR,2026-10-09,IC Sale - Logistics Services Sept 09,,PO-2026-37228
2596,1000,142000,1800002596,INV/2026/09/12596,2026-09-21,8742.92,EUR,2026-10-21,IC Sale - Logistics Services Sept 21,,PO-2026-61652
2597,1000,142000,1800002597,INV/2026/09/12597,2026-09-29,483.53,EUR,2026-10-29,IC Sale - Logistics Services Sept 29,,PO-2026-59570
2598,1000,142000,1800002598,INV/2026/09/12598,2026-09-18,2760.35,EUR,2026-10-18,IC Sale - Logistics Services Sept 18,,PO-2026-82365
2600,1000,142000,1800002600,INV/2026/09/12600,2026-09-25,3533.64,EUR,2026-10-25,IC Sale - Logistics Services Sept 25,,PO-2026-13103
2601,1000,142000,1800002601,INV/2026/09/12601,2026-09-09,403.07,EUR,2026-10-09,IC Sale - Logistics Services Sept 09,,PO-2026-17469
2602,1000,142000,1800002602,INV/2026/09/12602,2026-09-07,1732.77,EUR,2026-10-07,IC Sale - Logistics Services Sept 07,,PO-2026-55628
2603,1000,142000,1800002603,INV/2026/09/12603,2026-09-17,533.08,EUR,2026-10-17,IC Sale - Logistics Services Sept 17,,PO-2026-55478
2604,1000,142000,1800002604,INV/2026/09/12604,2026-09-27,1701.92,EUR,2026-10-27,IC Sale - Logistics Services Sept 27,,PO-2026-53974
2605,1000,142000,1800002605,INV/2026/09/12605,2026-09-23,837.32,EUR,2026-10-23,IC Sale - Logistics Services Sept 23,,PO-2026-17019
2606,1000,142000,1800002606,INV/2026/09/12606,2026-09-13,3853.79,EUR,2026-10-13,IC Sale - Logistics Services Sept 13,,PO-2026-37651
2607,1000,142000,1800002607,INV/2026/09/12607,2026-09-26,1011.15,EUR,2026-10-26,IC Sale - Logistics Services Sept 26,,PO-2026-29706
2608,1000,142000,1800002608,INV/2026/09/12608,2026-09-04,2823.76,EUR,2026-10-04,IC Sale - Logistics Services Sept 04,,PO-2026-10873
2609,1000,142000,1800002609,INV/2026/09/12609,2026-09-28,845.84,EUR,2026-10-28,IC Sale - Logistics Services Sept 28,,PO-2026-97111
2610,1000,142000,1800002610,INV/2026/09/12610,2026-09-02,2648.26,EUR,2026-10-02,IC Sale - Logistics Services Sept 02,,PO-2026-36070
2611,1000,142000,1800002611,INV/2026/09/12611,2026-09-18,2314.31,EUR,2026-10-18,IC Sale - Logistics Services Sept 18,,PO-2026-51686
2612,1000,142000,1800002612,INV/2026/09/12612,2026-09-05,886.68,EUR,2026-10-05,IC Sale - Logistics Services Sept 05,,PO-2026-19273
2613,1000,142000,1800002613,INV/2026/09/12613,2026-09-28,648.84,EUR,2026-10-28,IC Sale - Logistics Services Sept 28,,PO-2026-50345
2614,1000,142000,1800002614,INV/2026/09/12614,2026-09-22,1056.4,EUR,2026-10-22,IC Sale - Logistics Services Sept 22,,PO-2026-31481
2615,1000,142000,1800002615,INV/2026/09/12615,2026-09-27,2859.34,EUR,2026-10-27,IC Sale - Logistics Services Sept 27,,PO-2026-24219
2616,1000,142000,1800002616,INV/2026/09/12616,2026-09-25,3202.17,EUR,2026-10-25,IC Sale - Logistics Services Sept 25,,PO-2026-87594
2617,1000,142000,1800002617,INV/2026/09/12617,2026-09-12,821.66,EUR,2026-10-12,IC Sale - Logistics Services Sept 12,,PO-2026-64551
2618,1000,142000,1800002618,INV/2026/09/12618,2026-09-17,8364.04,EUR,2026-10-17,IC Sale - Logistics Services Sept 17,,PO-2026-58906
2619,1000,142000,1800002619,INV/2026/09/12619,2026-09-14,5428.51,EUR,2026-10-14,IC Sale - Logistics Services Sept 14,,PO-2026-73660
2620,1000,142000,1800002620,INV/2026/09/12620,2026-09-07,7671.76,EUR,2026-10-07,IC Sale - Logistics Services Sept 07,,PO-2026-12055
2621,1000,142000,1800002621,INV/2026/09/12621,2026-09-16,3070.13,EUR,2026-10-16,IC Sale - Logistics Services Sept 16,,PO-2026-47363
2622,1000,142000,1800002622,INV/2026/09/12622,2026-09-21,796.87,EUR,2026-10-21,IC Sale - Logistics Services Sept 21,,PO-2026-58580
2623,1000,142000,1800002623,INV/2026/09/12623,2026-09-05,1845.99,EUR,2026-10-05,IC Sale - Logistics Services Sept 05,,PO-2026-72797
2624,1000,142000,1800002624,INV/2026/09/12624,2026-09-06,1348.87,EUR,2026-10-06,IC Sale - Logistics Services Sept 06,,PO-2026-41838
2625,1000,142000,1800002625,INV/2026/09/12625,2026-09-26,850.18,EUR,2026-10-26,IC Sale - Logistics Services Sept 26,,PO-2026-88929
2626,1000,142000,1800002626,INV/2026/09/12626,2026-09-25,345.91,EUR,2026-10-25,IC Sale - Logistics Services Sept 25,,PO-2026-59849
2627,1000,142000,1800002627,INV/2026/09/12627,2026-09-11,3924.41,EUR,2026-10-11,IC Sale - Logistics Services Sept 11,,PO-2026-21552
2628,1000,142000,1800002628,INV/2026/09/12628,2026-09-03,5556.34,EUR,2026-10-03,IC Sale - Logistics Services Sept 03,,PO-2026-45607
2629,1000,142000,1800002629,INV/2026/09/12629,2026-09-09,3418.14,EUR,2026-10-09,IC Sale - Logistics Services Sept 09,,PO-2026-41402
2630,1000,142000,1800002630,INV/2026/09/12630,2026-09-08,6244.05,EUR,2026-10-08,IC Sale - Logistics Services Sept 08,,PO-2026-78105
2631,1000,142000,1800002631,INV/2026/09/12631,2026-09-18,821.02,EUR,2026-10-18,IC Sale - Logistics Services Sept 18,,PO-2026-74328
2632,1000,142000,1800002632,INV/2026/09/12632,2026-09-14,1255.79,EUR,2026-10-14,IC Sale - Logistics Services Sept 14,,PO-2026-89068
2633,1000,142000,1800002633,INV/2026/09/12633,2026-09-02,8561.45,EUR,2026-10-02,IC Sale - Logistics Services Sept 02,,PO-2026-80999
2634,1000,142000,1800002634,INV/2026/09/12634,2026-09-19,494.98,EUR,2026-10-19,IC Sale - Logistics Services Sept 19,,PO-2026-63685
2635,1000,142000,1800002635,INV/2026/09/12635,2026-09-13,9131.43,EUR,2026-10-13,IC Sale - Logistics Services Sept 13,,PO-2026-57773
2636,1000,142000,1800002636,INV/2026/09/12636,2026-09-05,3658.76,EUR,2026-10-05,IC Sale - Logistics Services Sept 05,,PO-2026-23805
2637,1000,142000,1800002637,INV/2026/09/12637,2026-09-15,587.88,EUR,2026-10-15,IC Sale - Logistics Services Sept 15,,PO-2026-58303
2638,1000,142000,1800002638,INV/2026/09/12638,2026-09-03,2299.32,EUR,2026-10-03,IC Sale - Logistics Services Sept 03,,PO-2026-54222
2639,1000,142000,1800002639,INV/2026/09/12639,2026-09-07,800.1,EUR,2026-10-07,IC Sale - Logistics Services Sept 07,,PO-2026-24259
2640,1000,142000,1800002640,INV/2026/09/12640,2026-09-23,188.93,EUR,2026-10-23,IC Sale - Logistics Services Sept 23,,PO-2026-25959
2641,1000,142000,1800002641,INV/2026/09/12641,2026-09-06,446.21,EUR,2026-10-06,IC Sale - Logistics Services Sept 06,,PO-2026-10796
2642,1000,142000,1800002642,INV/2026/09/12642,2026-09-26,2813.05,EUR,2026-10-26,IC Sale - Logistics Services Sept 26,,PO-2026-24146
2643,1000,142000,1800002643,INV/2026/09/12643,2026-09-05,2450.34,EUR,2026-10-05,IC Sale - Logistics Services Sept 05,,PO-2026-55931
2644,1000,142000,1800002644,INV/2026/09/12644,2026-09-14,1897.97,EUR,2026-10-14,IC Sale - Logistics Services Sept 14,,PO-2026-49578
2645,1000,142000,1800002645,INV/2026/09/12645,2026-09-28,704.3,EUR,2026-10-28,IC Sale - Logistics Services Sept 28,,PO-2026-29761
2646,1000,142000,1800002646,INV/2026/09/12646,2026-09-05,11525.72,EUR,2026-10-05,IC Sale - Logistics Services Sept 05,,PO-2026-89282
2647,1000,142000,1800002647,INV/2026/09/12647,2026-09-28,781.44,EUR,2026-10-28,IC Sale - Logistics Services Sept 28,,PO-2026-20129
2648,1000,142000,1800002648,INV/2026/09/12648,2026-09-19,2207.52,EUR,2026-10-19,IC Sale - Logistics Services Sept 19,,PO-2026-70993
2649,1000,142000,1800002649,INV/2026/09/12649,2026-09-16,2795.05,EUR,2026-10-16,IC Sale - Logistics Services Sept 16,,PO-2026-48489
2650,1000,142000,1800002650,INV/2026/09/12650,2026-09-04,3070.39,EUR,2026-10-04,IC Sale - Logistics Services Sept 04,,PO-2026-94715
2651,1000,142000,1800002651,INV/2026/09/12651,2026-09-24,9365.38,EUR,2026-10-24,IC Sale - Logistics Services Sept 24,,PO-2026-40189
2652,1000,142000,1800002652,INV/2026/09/12652,2026-09-28,4282.87,EUR,2026-10-28,IC Sale - Logistics Services Sept 28,,PO-2026-53693
2653,1000,142000,1800002653,INV/2026/09/12653,2026-09-18,2486.92,EUR,2026-10-18,IC Sale - Logistics Services Sept 18,,PO-2026-19161
2654,1000,142000,1800002654,INV/2026/09/12654,2026-09-19,1797.32,EUR,2026-10-19,IC Sale - Logistics Services Sept 19,,PO-2026-44271
2655,1000,142000,1800002655,INV/2026/09/12655,2026-09-01,532.46,EUR,2026-10-01,IC Sale - Logistics Services Sept 01,,PO-2026-15883
2656,1000,142000,1800002656,INV/2026/09/12656,2026-09-22,3670.74,EUR,2026-10-22,IC Sale - Logistics Services Sept 22,,PO-2026-62649
2657,1000,142000,1800002657,INV/2026/09/12657,2026-09-20,2685.61,EUR,2026-10-20,IC Sale - Logistics Services Sept 20,,PO-2026-84229
2658,1000,142000,1800002658,INV/2026/09/12658,2026-09-23,853.28,EUR,2026-10-23,IC Sale - Logistics Services Sept 23,,PO-2026-54765
2659,1000,142000,1800002659,INV/2026/09/12659,2026-09-18,202.34,EUR,2026-10-18,IC Sale - Logistics Services Sept 18,,PO-2026-57813
2660,1000,142000,1800002660,INV/2026/09/12660,2026-09-21,8138.88,EUR,2026-10-21,IC Sale - Logistics Services Sept 21,,PO-2026-39219
2661,1000,142000,1800002661,INV/2026/09/12661,2026-09-18,2913.87,EUR,2026-10-18,IC Sale - Logistics Services Sept 18,,PO-2026-69097
2662,1000,142000,1800002662,INV/2026/09/12662,2026-09-14,5918.73,EUR,2026-10-14,IC Sale - Logistics Services Sept 14,,PO-2026-17135
2663,1000,142000,1800002663,INV/2026/09/12663,2026-09-10,2748.88,EUR,2026-10-10,IC Sale - Logistics Services Sept 10,,PO-2026-68824
2664,1000,142000,1800002664,INV/2026/09/12664,2026-09-03,22419.4,EUR,2026-10-03,IC Sale - Logistics Services Sept 03,,PO-2026-50651
2665,1000,142000,1800002665,INV/2026/09/12665,2026-09-17,2642.0,EUR,2026-10-17,IC Sale - Logistics Services Sept 17,,PO-2026-39619
2666,1000,142000,1800002666,INV/2026/09/12666,2026-09-22,3006.63,EUR,2026-10-22,IC Sale - Logistics Services Sept 22,,PO-2026-24569
2667,1000,142000,1800002667,INV/2026/09/12667,2026-09-29,298.64,EUR,2026-10-29,IC Sale - Logistics Services Sept 29,,PO-2026-94977
2668,1000,142000,1800002668,INV/2026/09/12668,2026-09-04,606.83,EUR,2026-10-04,IC Sale - Logistics Services Sept 04,,PO-2026-71001
2669,1000,142000,1800002669,INV/2026/09/12669,2026-09-06,1347.14,EUR,2026-10-06,IC Sale - Logistics Services Sept 06,,PO-2026-96203
2670,1000,142000,1800002670,INV/2026/09/12670,2026-09-12,2431.25,EUR,2026-10-12,IC Sale - Logistics Services Sept 12,,PO-2026-13916
2671,1000,142000,1800002671,INV/2026/09/12671,2026-09-20,3798.43,EUR,2026-10-20,IC Sale - Logistics Services Sept 20,,PO-2026-34080
2672,1000,142000,1800002672,INV/2026/09/12672,2026-09-20,5365.6,EUR,2026-10-20,IC Sale - Logistics Services Sept 20,,PO-2026-46788
2673,1000,142000,1800002673,INV/2026/09/12673,2026-09-02,6272.57,EUR,2026-10-02,IC Sale - Logistics Services Sept 02,,PO-2026-63654
2674,1000,142000,1800002674,INV/2026/09/12674,2026-09-20,818.26,EUR,2026-10-20,IC Sale - Logistics Services Sept 20,,PO-2026-11180
2675,1000,142000,1800002675,INV/2026/09/12675,2026-09-08,2911.58,EUR,2026-10-08,IC Sale - Logistics Services Sept 08,,PO-2026-99145
2676,1000,142000,1800002676,INV/2026/09/12676,2026-09-25,4968.72,EUR,2026-10-25,IC Sale - Logistics Services Sept 25,,PO-2026-98880
2677,1000,142000,1800002677,INV/2026/09/12677,2026-09-25,1204.76,EUR,2026-10-25,IC Sale - Logistics Services Sept 25,,PO-2026-17681
2678,1000,142000,1800002678,INV/2026/09/12678,2026-09-23,1502.27,EUR,2026-10-23,IC Sale - Logistics Services Sept 23,,PO-2026-33084
2679,1000,142000,1800002679,INV/2026/09/12679,2026-09-04,2084.52,EUR,2026-10-04,IC Sale - Logistics Services Sept 04,,PO-2026-87105
2680,1000,142000,1800002680,INV/2026/09/12680,2026-09-14,1612.16,EUR,2026-10-14,IC Sale - Logistics Services Sept 14,,PO-2026-61889
2681,1000,142000,1800002681,INV/2026/09/12681,2026-09-09,4078.31,EUR,2026-10-09,IC Sale - Logistics Services Sept 09,,PO-2026-15093
2682,1000,142000,1800002682,INV/2026/09/12682,2026-09-24,621.56,EUR,2026-10-24,IC Sale - Logistics Services Sept 24,,PO-2026-19715
2683,1000,142000,1800002683,INV/2026/09/12683,2026-09-09,923.52,EUR,2026-10-09,IC Sale - Logistics Services Sept 09,,PO-2026-50530
2684,1000,142000,1800002684,INV/2026/09/12684,2026-09-17,3800.88,EUR,2026-10-17,IC Sale - Logistics Services Sept 17,,PO-2026-12553
2685,1000,142000,1800002685,INV/2026/09/12685,2026-09-06,938.85,EUR,2026-10-06,IC Sale - Logistics Services Sept 06,,PO-2026-22744
2686,1000,142000,1800002686,INV/2026/09/12686,2026-09-19,5412.04,EUR,2026-10-19,IC Sale - Logistics Services Sept 19,,PO-2026-86105
2687,1000,142000,1800002687,INV/2026/09/12687,2026-09-27,1817.59,EUR,2026-10-27,IC Sale - Logistics Services Sept 27,,PO-2026-18173
2688,1000,142000,1800002688,INV/2026/09/12688,2026-09-28,1321.61,EUR,2026-10-28,IC Sale - Logistics Services Sept 28,,PO-2026-35990
2689,1000,142000,1800002689,INV/2026/09/12689,2026-09-19,686.49,EUR,2026-10-19,IC Sale - Logistics Services Sept 19,,PO-2026-15539
2690,1000,142000,1800002690,INV/2026/09/12690,2026-09-03,5944.93,EUR,2026-10-03,IC Sale - Logistics Services Sept 03,,PO-2026-32380
2691,1000,142000,1800002691,INV/2026/09/12691,2026-09-23,14432.48,EUR,2026-10-23,IC Sale - Logistics Services Sept 23,,PO-2026-95997
2692,1000,142000,1800002692,INV/2026/09/12692,2026-09-06,227.42,EUR,2026-10-06,IC Sale - Logistics Services Sept 06,,PO-2026-13067
2693,1000,142000,1800002693,INV/2026/09/12693,2026-09-08,6100.54,EUR,2026-10-08,IC Sale - Logistics Services Sept 08,,PO-2026-55615
2694,1000,142000,1800002694,INV/2026/09/12694,2026-09-12,1320.33,EUR,2026-10-12,IC Sale - Logistics Services Sept 12,,PO-2026-20220
2695,1000,142000,1800002695,INV/2026/09/12695,2026-09-21,1476.11,EUR,2026-10-21,IC Sale - Logistics Services Sept 21,,PO-2026-52821
2696,1000,142000,1800002696,INV/2026/09/12696,2026-09-15,232.48,EUR,2026-10-15,IC Sale - Logistics Services Sept 15,,PO-2026-90209
2697,1000,142000,1800002697,INV/2026/09/12697,2026-09-21,2645.79,EUR,2026-10-21,IC Sale - Logistics Services Sept 21,,PO-2026-96472
2699,1000,142000,1800002699,INV/2026/09/12699,2026-09-20,1292.51,EUR,2026-10-20,IC Sale - Logistics Services Sept 20,,PO-2026-57375
2700,1000,142000,1800002700,INV/2026/09/12700,2026-09-02,1527.56,EUR,2026-10-02,IC Sale - Logistics Services Sept 02,,PO-2026-98932
2701,1000,142000,1800002701,INV/2026/09/12701,2026-09-02,3570.29,EUR,2026-10-02,IC Sale - Logistics Services Sept 02,,PO-2026-34713
2702,1000,142000,1800002702,INV/2026/09/12702,2026-09-26,725.23,EUR,2026-10-26,IC Sale - Logistics Services Sept 26,,PO-2026-47256
2703,1000,142000,1800002703,INV/2026/09/12703,2026-09-17,1281.7,EUR,2026-10-17,IC Sale - Logistics Services Sept 17,,PO-2026-39558
2704,1000,142000,1800002704,INV/2026/09/12704,2026-09-18,887.33,EUR,2026-10-18,IC Sale - Logistics Services Sept 18,,PO-2026-37994
2705,1000,142000,1800002705,INV/2026/09/12705,2026-09-18,4386.24,EUR,2026-10-18,IC Sale - Logistics Services Sept 18,,PO-2026-20650
2706,1000,142000,1800002706,INV/2026/09/12706,2026-09-19,5593.57,EUR,2026-10-19,IC Sale - Logistics Services Sept 19,,PO-2026-66064
2707,1000,142000,1800002707,INV/2026/09/12707,2026-09-15,5273.51,EUR,2026-10-15,IC Sale - Logistics Services Sept 15,,PO-2026-23389
2708,1000,142000,1800002708,INV/2026/09/12708,2026-09-20,8779.24,EUR,2026-10-20,IC Sale - Logistics Services Sept 20,,PO-2026-91001
2709,1000,142000,1800002709,INV/2026/09/12709,2026-09-13,1162.91,EUR,2026-10-13,IC Sale - Logistics Services Sept 13,,PO-2026-65446
2712,1000,142000,1800002712,INV/2026/09/12712,2026-09-23,2323.26,EUR,2026-10-23,IC Sale - Logistics Services Sept 23,,PO-2026-42966
2713,1000,142000,1800002713,INV/2026/09/12713,2026-09-08,693.12,EUR,2026-10-08,IC Sale - Logistics Services Sept 08,,PO-2026-20170
2714,1000,142000,1800002714,INV/2026/09/12714,2026-09-03,1431.53,EUR,2026-10-03,IC Sale - Logistics Services Sept 03,,PO-2026-45350
2715,1000,142000,1800002715,INV/2026/09/12715,2026-09-25,8196.72,EUR,2026-10-25,IC Sale - Logistics Services Sept 25,,PO-2026-86551
2716,1000,142000,1800002716,INV/2026/09/12716,2026-09-17,2708.22,EUR,2026-10-17,IC Sale - Logistics Services Sept 17,,PO-2026-61175
2718,1000,142000,1800002718,INV/2026/09/12718,2026-09-11,1872.12,EUR,2026-10-11,IC Sale - Logistics Services Sept 11,,PO-2026-24940
2719,1000,142000,1800002719,INV/2026/09/12719,2026-09-18,2579.28,EUR,2026-10-18,IC Sale - Logistics Services Sept 18,,PO-2026-42044
2720,1000,142000,1800002720,INV/2026/09/12720,2026-09-29,460.64,EUR,2026-10-29,IC Sale - Logistics Services Sept 29,,PO-2026-92870
2721,1000,142000,1800002721,INV/2026/09/12721,2026-09-08,3050.81,EUR,2026-10-08,IC Sale - Logistics Services Sept 08,,PO-2026-11947
2722,1000,142000,1800002722,INV/2026/09/12722,2026-09-14,5522.13,EUR,2026-10-14,IC Sale - Logistics Services Sept 14,,PO-2026-78415
2723,1000,142000,1800002723,INV/2026/09/12723,2026-09-25,656.53,EUR,2026-10-25,IC Sale - Logistics Services Sept 25,,PO-2026-49869
2724,1000,142000,1800002724,INV/2026/09/12724,2026-09-18,1480.02,EUR,2026-10-18,IC Sale - Logistics Services Sept 18,,PO-2026-82265
2725,1000,142000,1800002725,INV/2026/09/12725,2026-09-10,2373.02,EUR,2026-10-10,IC Sale - Logistics Services Sept 10,,PO-2026-94021
2726,1000,142000,1800002726,INV/2026/09/12726,2026-09-29,4109.92,EUR,2026-10-29,IC Sale - Logistics Services Sept 29,,PO-2026-27695
2727,1000,142000,1800002727,INV/2026/09/12727,2026-09-27,1448.48,EUR,2026-10-27,IC Sale - Logistics Services Sept 27,,PO-2026-83837
2728,1000,142000,1800002728,INV/2026/09/12728,2026-09-15,385.33,EUR,2026-10-15,IC Sale - Logistics Services Sept 15,,PO-2026-20995
2729,1000,142000,1800002729,INV/2026/09/12729,2026-09-24,5469.71,EUR,2026-10-24,IC Sale - Logistics Services Sept 24,,PO-2026-46378
2730,1000,142000,1800002730,INV/2026/09/12730,2026-09-02,5884.28,EUR,2026-10-02,IC Sale - Logistics Services Sept 02,,PO-2026-44459
2731,1000,142000,1800002731,INV/2026/09/12731,2026-09-24,1016.35,EUR,2026-10-24,IC Sale - Logistics Services Sept 24,,PO-2026-31416
2732,1000,142000,1800002732,INV/2026/09/12732,2026-09-07,4948.93,EUR,2026-10-07,IC Sale - Logistics Services Sept 07,,PO-2026-37913
2733,1000,142000,1800002733,INV/2026/09/12733,2026-09-01,4559.63,EUR,2026-10-01,IC Sale - Logistics Services Sept 01,,PO-2026-65445
2735,1000,142000,1800002735,INV/2026/09/12735,2026-09-21,4085.5,EUR,2026-10-21,IC Sale - Logistics Services Sept 21,,PO-2026-13024
2736,1000,142000,1800002736,INV/2026/09/12736,2026-09-11,4152.35,EUR,2026-10-11,IC Sale - Logistics Services Sept 11,,PO-2026-36903
2737,1000,142000,1800002737,INV/2026/09/12737,2026-09-08,540.01,EUR,2026-10-08,IC Sale - Logistics Services Sept 08,,PO-2026-23587
2739,1000,142000,1800002739,INV/2026/09/12739,2026-09-12,3489.99,EUR,2026-10-12,IC Sale - Logistics Services Sept 12,,PO-2026-23720
2741,1000,142000,1800002741,INV/2026/09/12741,2026-09-13,4550.31,EUR,2026-10-13,IC Sale - Logistics Services Sept 13,,PO-2026-90123
2742,1000,142000,1800002742,INV/2026/09/12742,2026-09-13,706.78,EUR,2026-10-13,IC Sale - Logistics Services Sept 13,,PO-2026-57948
2743,1000,142000,1800002743,INV/2026/09/12743,2026-09-06,3551.79,EUR,2026-10-06,IC Sale - Logistics Services Sept 06,,PO-2026-65686
2744,1000,142000,1800002744,INV/2026/09/12744,2026-09-10,1314.76,EUR,2026-10-10,IC Sale - Logistics Services Sept 10,,PO-2026-43325
2745,1000,142000,1800002745,INV/2026/09/12745,2026-09-13,1302.74,EUR,2026-10-13,IC Sale - Logistics Services Sept 13,,PO-2026-35260
2746,1000,142000,1800002746,INV/2026/09/12746,2026-09-23,3608.19,EUR,2026-10-23,IC Sale - Logistics Services Sept 23,,PO-2026-29323
2747,1000,142000,1800002747,INV/2026/09/12747,2026-09-10,1804.47,EUR,2026-10-10,IC Sale - Logistics Services Sept 10,,PO-2026-87007
2748,1000,142000,1800002748,INV/2026/09/12748,2026-09-22,5202.86,EUR,2026-10-22,IC Sale - Logistics Services Sept 22,,PO-2026-95062
2749,1000,142000,1800002749,INV/2026/09/12749,2026-09-19,8553.96,EUR,2026-10-19,IC Sale - Logistics Services Sept 19,,PO-2026-32380
2750,1000,142000,1800002750,INV/2026/09/12750,2026-09-18,16886.64,EUR,2026-10-18,IC Sale - Logistics Services Sept 18,,PO-2026-13745
2751,1000,142000,1800002751,INV/2026/09/12751,2026-09-25,3109.73,EUR,2026-10-25,IC Sale - Logistics Services Sept 25,,PO-2026-38830
2752,1000,142000,1800002752,INV/2026/09/12752,2026-09-20,3810.17,EUR,2026-10-20,IC Sale - Logistics Services Sept 20,,PO-2026-44450
2753,1000,142000,1800002753,INV/2026/09/12753,2026-09-06,2431.08,EUR,2026-10-06,IC Sale - Logistics Services Sept 06,,PO-2026-30291
2754,1000,142000,1800002754,INV/2026/09/12754,2026-09-29,320.42,EUR,2026-10-29,IC Sale - Logistics Services Sept 29,,PO-2026-40538
2756,1000,142000,1800002756,INV/2026/09/12756,2026-09-16,6385.9,EUR,2026-10-16,IC Sale - Logistics Services Sept 16,,PO-2026-54045
2757,1000,142000,1800002757,INV/2026/09/12757,2026-09-18,307.17,EUR,2026-10-18,IC Sale - Logistics Services Sept 18,,PO-2026-80704
2758,1000,142000,1800002758,INV/2026/09/12758,2026-09-09,8015.12,EUR,2026-10-09,IC Sale - Logistics Services Sept 09,,PO-2026-89059
2759,1000,142000,1800002759,INV/2026/09/12759,2026-09-28,8708.2,EUR,2026-10-28,IC Sale - Logistics Services Sept 28,,PO-2026-71393
2761,1000,142000,1800002761,INV/2026/09/12761,2026-09-19,6324.86,EUR,2026-10-19,IC Sale - Logistics Services Sept 19,,PO-2026-52277
2763,1000,142000,1800002763,INV/2026/09/12763,2026-09-03,3748.54,EUR,2026-10-03,IC Sale - Logistics Services Sept 03,,PO-2026-85495
2764,1000,142000,1800002764,INV/2026/09/12764,2026-09-19,10279.06,EUR,2026-10-19,IC Sale - Logistics Services Sept 19,,PO-2026-70228
2765,1000,142000,1800002765,INV/2026/09/12765,2026-09-26,674.91,EUR,2026-10-26,IC Sale - Logistics Services Sept 26,,PO-2026-13538
2766,1000,142000,1800002766,INV/2026/09/12766,2026-09-20,1719.27,EUR,2026-10-20,IC Sale - Logistics Services Sept 20,,PO-2026-43896
2767,1000,142000,1800002767,INV/2026/09/12767,2026-09-16,572.06,EUR,2026-10-16,IC Sale - Logistics Services Sept 16,,PO-2026-72488
2768,1000,142000,1800002768,INV/2026/09/12768,2026-09-05,1059.11,EUR,2026-10-05,IC Sale - Logistics Services Sept 05,,PO-2026-14813
2770,1000,142000,1800002770,INV/2026/09/12770,2026-09-23,8983.19,EUR,2026-10-23,IC Sale - Logistics Services Sept 23,,PO-2026-62729
2771,1000,142000,1800002771,INV/2026/09/12771,2026-09-15,1070.38,EUR,2026-10-15,IC Sale - Logistics Services Sept 15,,PO-2026-59863
2772,1000,142000,1800002772,INV/2026/09/12772,2026-09-02,779.48,EUR,2026-10-02,IC Sale - Logistics Services Sept 02,,PO-2026-49107
2773,1000,142000,1800002773,INV/2026/09/12773,2026-09-04,1239.37,EUR,2026-10-04,IC Sale - Logistics Services Sept 04,,PO-2026-81025
2774,1000,142000,1800002774,INV/2026/09/12774,2026-09-18,2129.12,EUR,2026-10-18,IC Sale - Logistics Services Sept 18,,PO-2026-76484
2775,1000,142000,1800002775,INV/2026/09/12775,2026-09-29,1337.7,EUR,2026-10-29,IC Sale - Logistics Services Sept 29,,PO-2026-21233
2776,1000,142000,1800002776,INV/2026/09/12776,2026-09-18,3408.17,EUR,2026-10-18,IC Sale - Logistics Services Sept 18,,PO-2026-84648
2777,1000,142000,1800002777,INV/2026/09/12777,2026-09-11,4235.29,EUR,2026-10-11,IC Sale - Logistics Services Sept 11,,PO-2026-42123
2778,1000,142000,1800002778,INV/2026/09/12778,2026-09-19,2323.38,EUR,2026-10-19,IC Sale - Logistics Services Sept 19,,PO-2026-95816
2779,1000,142000,1800002779,INV/2026/09/12779,2026-09-15,1511.66,EUR,2026-10-15,IC Sale - Logistics Services Sept 15,,PO-2026-91152
2780,1000,142000,1800002780,INV/2026/09/12780,2026-09-19,2131.2,EUR,2026-10-19,IC Sale - Logistics Services Sept 19,,PO-2026-72160
2781,1000,142000,1800002781,INV/2026/09/12781,2026-09-17,3022.88,EUR,2026-10-17,IC Sale - Logistics Services Sept 17,,PO-2026-59063
2782,1000,142000,1800002782,INV/2026/09/12782,2026-09-22,1390.18,EUR,2026-10-22,IC Sale - Logistics Services Sept 22,,PO-2026-64661
2783,1000,142000,1800002783,INV/2026/09/12783,2026-09-29,2299.9,EUR,2026-10-29,IC Sale - Logistics Services Sept 29,,PO-2026-68240
2784,1000,142000,1800002784,INV/2026/09/12784,2026-09-12,1408.61,EUR,2026-10-12,IC Sale - Logistics Services Sept 12,,PO-2026-53720
2785,1000,142000,1800002785,INV/2026/09/12785,2026-09-04,1045.54,EUR,2026-10-04,IC Sale - Logistics Services Sept 04,,PO-2026-69250
2786,1000,142000,1800002786,INV/2026/09/12786,2026-09-22,1062.31,EUR,2026-10-22,IC Sale - Logistics Services Sept 22,,PO-2026-20661
2787,1000,142000,1800002787,INV/2026/09/12787,2026-09-13,5876.36,EUR,2026-10-13,IC Sale - Logistics Services Sept 13,,PO-2026-63122
2789,1000,142000,1800002789,INV/2026/09/12789,2026-09-28,2941.38,EUR,2026-10-28,IC Sale - Logistics Services Sept 28,,PO-2026-30514
2790,1000,142000,1800002790,INV/2026/09/12790,2026-09-26,7251.59,EUR,2026-10-26,IC Sale - Logistics Services Sept 26,,PO-2026-15963
2791,1000,142000,1800002791,INV/2026/09/12791,2026-09-14,3838.96,EUR,2026-10-14,IC Sale - Logistics Services Sept 14,,PO-2026-36581
2792,1000,142000,1800002792,INV/2026/09/12792,2026-09-09,9136.35,EUR,2026-10-09,IC Sale - Logistics Services Sept 09,,PO-2026-91575
2793,1000,142000,1800002793,INV/2026/09/12793,2026-09-09,2297.84,EUR,2026-10-09,IC Sale - Logistics Services Sept 09,,PO-2026-69015
2794,1000,142000,1800002794,INV/2026/09/12794,2026-09-21,6574.48,EUR,2026-10-21,IC Sale - Logistics Services Sept 21,,PO-2026-15758
2795,1000,142000,1800002795,INV/2026/09/12795,2026-09-28,797.4,EUR,2026-10-28,IC Sale - Logistics Services Sept 28,,PO-2026-69962
2796,1000,142000,1800002796,INV/2026/09/12796,2026-09-06,503.41,EUR,2026-10-06,IC Sale - Logistics Services Sept 06,,PO-2026-65786
2797,1000,142000,1800002797,INV/2026/09/12797,2026-09-08,643.73,EUR,2026-10-08,IC Sale - Logistics Services Sept 08,,PO-2026-91365
2799,1000,142000,1800002799,INV/2026/09/12799,2026-09-15,806.11,EUR,2026-10-15,IC Sale - Logistics Services Sept 15,,PO-2026-35483
2800,1000,142000,1800002800,INV/2026/09/12800,2026-09-25,2609.21,EUR,2026-10-25,IC Sale - Logistics Services Sept 25,,PO-2026-11452
2801,1000,142000,1800002801,INV/2026/09/12801,2026-09-28,812.63,EUR,2026-10-28,IC Sale - Logistics Services Sept 28,,PO-2026-55842
2802,1000,142000,1800002802,INV/2026/09/12802,2026-09-24,3374.3,EUR,2026-10-24,IC Sale - Logistics Services Sept 24,,PO-2026-22844
2803,1000,142000,1800002803,INV/2026/09/12803,2026-09-11,1639.38,EUR,2026-10-11,IC Sale - Logistics Services Sept 11,,PO-2026-55397
2804,1000,142000,1800002804,INV/2026/09/12804,2026-09-14,190.19,EUR,2026-10-14,IC Sale - Logistics Services Sept 14,,PO-2026-45215
2805,1000,142000,1800002805,INV/2026/09/12805,2026-09-18,580.07,EUR,2026-10-18,IC Sale - Logistics Services Sept 18,,PO-2026-30777
2806,1000,142000,1800002806,INV/2026/09/12806,2026-09-23,2861.85,EUR,2026-10-23,IC Sale - Logistics Services Sept 23,,PO-2026-19621
2807,1000,142000,1800002807,INV/2026/09/12807,2026-09-22,1747.8,EUR,2026-10-22,IC Sale - Logistics Services Sept 22,,PO-2026-35633
2808,1000,142000,1800002808,INV/2026/09/12808,2026-09-03,12337.17,EUR,2026-10-03,IC Sale - Logistics Services Sept 03,,PO-2026-30087
2809,1000,142000,1800002809,INV/2026/09/12809,2026-09-26,2078.19,EUR,2026-10-26,IC Sale - Logistics Services Sept 26,,PO-2026-66592
2810,1000,142000,1800002810,INV/2026/09/12810,2026-09-14,522.06,EUR,2026-10-14,IC Sale - Logistics Services Sept 14,,PO-2026-90493
2811,1000,142000,1800002811,INV/2026/09/12811,2026-09-03,804.69,EUR,2026-10-03,IC Sale - Logistics Services Sept 03,,PO-2026-97763
2812,1000,142000,1800002812,INV/2026/09/12812,2026-09-10,2959.8,EUR,2026-10-10,IC Sale - Logistics Services Sept 10,,PO-2026-24479
2813,1000,142000,1800002813,INV/2026/09/12813,2026-09-27,1094.02,EUR,2026-10-27,IC Sale - Logistics Services Sept 27,,PO-2026-25364
2814,1000,142000,1800002814,INV/2026/09/12814,2026-09-29,3445.3,EUR,2026-10-29,IC Sale - Logistics Services Sept 29,,PO-2026-73348
2815,1000,142000,1800002815,INV/2026/09/12815,2026-09-23,2573.05,EUR,2026-10-23,IC Sale - Logistics Services Sept 23,,PO-2026-55895
2816,1000,142000,1800002816,INV/2026/09/12816,2026-09-27,2652.64,EUR,2026-10-27,IC Sale - Logistics Services Sept 27,,PO-2026-45241
2817,1000,142000,1800002817,INV/2026/09/12817,2026-09-14,197.27,EUR,2026-10-14,IC Sale - Logistics Services Sept 14,,PO-2026-82493
2818,1000,142000,1800002818,INV/2026/09/12818,2026-09-18,2845.54,EUR,2026-10-18,IC Sale - Logistics Services Sept 18,,PO-2026-20490
2820,1000,142000,1800002820,INV/2026/09/12820,2026-09-21,4631.27,EUR,2026-10-21,IC Sale - Logistics Services Sept 21,,PO-2026-21888
2821,1000,142000,1800002821,INV/2026/09/12821,2026-09-12,7089.34,EUR,2026-10-12,IC Sale - Logistics Services Sept 12,,PO-2026-40961
2822,1000,142000,1800002822,INV/2026/09/12822,2026-09-22,929.64,EUR,2026-10-22,IC Sale - Logistics Services Sept 22,,PO-2026-93352
2823,1000,142000,1800002823,INV/2026/09/12823,2026-09-21,2555.63,EUR,2026-10-21,IC Sale - Logistics Services Sept 21,,PO-2026-68043
2824,1000,142000,1800002824,INV/2026/09/12824,2026-09-24,1385.57,EUR,2026-10-24,IC Sale - Logistics Services Sept 24,,PO-2026-58017
2825,1000,142000,1800002825,INV/2026/09/12825,2026-09-09,2788.6,EUR,2026-10-09,IC Sale - Logistics Services Sept 09,,PO-2026-79783
2826,1000,142000,1800002826,INV/2026/09/12826,2026-09-11,2032.62,EUR,2026-10-11,IC Sale - Logistics Services Sept 11,,PO-2026-97236
2827,1000,142000,1800002827,INV/2026/09/12827,2026-09-07,1705.24,EUR,2026-10-07,IC Sale - Logistics Services Sept 07,,PO-2026-38431
2828,1000,142000,1800002828,INV/2026/09/12828,2026-09-22,1605.4,EUR,2026-10-22,IC Sale - Logistics Services Sept 22,,PO-2026-29280
2830,1000,142000,1800002830,INV/2026/09/12830,2026-09-05,1068.71,EUR,2026-10-05,IC Sale - Logistics Services Sept 05,,PO-2026-49783
2831,1000,142000,1800002831,INV/2026/09/12831,2026-09-07,2508.64,EUR,2026-10-07,IC Sale - Logistics Services Sept 07,,PO-2026-99364
2832,1000,142000,1800002832,INV/2026/09/12832,2026-09-18,943.63,EUR,2026-10-18,IC Sale - Logistics Services Sept 18,,PO-2026-70589
2833,1000,142000,1800002833,INV/2026/09/12833,2026-09-20,391.89,EUR,2026-10-20,IC Sale - Logistics Services Sept 20,,PO-2026-97047
2834,1000,142000,1800002834,INV/2026/09/12834,2026-09-17,7288.91,EUR,2026-10-17,IC Sale - Logistics Services Sept 17,,PO-2026-48396
2835,1000,142000,1800002835,INV/2026/09/12835,2026-09-17,746.56,EUR,2026-10-17,IC Sale - Logistics Services Sept 17,,PO-2026-76800
2836,1000,142000,1800002836,INV/2026/09/12836,2026-09-15,529.54,EUR,2026-10-15,IC Sale - Logistics Services Sept 15,,PO-2026-51531
2837,1000,142000,1800002837,INV/2026/09/12837,2026-09-10,4216.32,EUR,2026-10-10,IC Sale - Logistics Services Sept 10,,PO-2026-53763
2838,1000,142000,1800002838,INV/2026/09/12838,2026-09-17,1326.55,EUR,2026-10-17,IC Sale - Logistics Services Sept 17,,PO-2026-45005
2839,1000,142000,1800002839,INV/2026/09/12839,2026-09-18,3546.25,EUR,2026-10-18,IC Sale - Logistics Services Sept 18,,PO-2026-32039
2840,1000,142000,1800002840,INV/2026/09/12840,2026-09-09,445.85,EUR,2026-10-09,IC Sale - Logistics Services Sept 09,,PO-2026-61366
2841,1000,142000,1800002841,INV/2026/09/12841,2026-09-22,2762.16,EUR,2026-10-22,IC Sale - Logistics Services Sept 22,,PO-2026-14814
2842,1000,142000,1800002842,INV/2026/09/12842,2026-09-11,3670.41,EUR,2026-10-11,IC Sale - Logistics Services Sept 11,,PO-2026-78833
2843,1000,142000,1800002843,INV/2026/09/12843,2026-09-01,2544.23,EUR,2026-10-01,IC Sale - Logistics Services Sept 01,,PO-2026-96703
2844,1000,142000,1800002844,INV/2026/09/12844,2026-09-03,2367.07,EUR,2026-10-03,IC Sale - Logistics Services Sept 03,,PO-2026-70123
2845,1000,142000,1800002845,INV/2026/09/12845,2026-09-06,799.8,EUR,2026-10-06,IC Sale - Logistics Services Sept 06,,PO-2026-23962
2846,1000,142000,1800002846,INV/2026/09/12846,2026-09-10,193.5,EUR,2026-10-10,IC Sale - Logistics Services Sept 10,,PO-2026-84436
2847,1000,142000,1800002847,INV/2026/09/12847,2026-09-22,6159.82,EUR,2026-10-22,IC Sale - Logistics Services Sept 22,,PO-2026-54051
2848,1000,142000,1800002848,INV/2026/09/12848,2026-09-08,514.74,EUR,2026-10-08,IC Sale - Logistics Services Sept 08,,PO-2026-22044
2849,1000,142000,1800002849,INV/2026/09/12849,2026-09-16,3722.52,EUR,2026-10-16,IC Sale - Logistics Services Sept 16,,PO-2026-52057
2850,1000,142000,1800002850,INV/2026/09/12850,2026-09-01,3750.39,EUR,2026-10-01,IC Sale - Logistics Services Sept 01,,PO-2026-97471
2851,1000,142000,1800002851,INV/2026/09/12851,2026-09-12,3728.89,EUR,2026-10-12,IC Sale - Logistics Services Sept 12,,PO-2026-40347
2852,1000,142000,1800002852,INV/2026/09/12852,2026-09-17,7027.45,EUR,2026-10-17,IC Sale - Logistics Services Sept 17,,PO-2026-82997
2853,1000,142000,1800002853,INV/2026/09/12853,2026-09-14,7109.62,EUR,2026-10-14,IC Sale - Logistics Services Sept 14,,PO-2026-33009
2854,1000,142000,1800002854,INV/2026/09/12854,2026-09-17,1961.48,EUR,2026-10-17,IC Sale - Logistics Services Sept 17,,PO-2026-69807
2855,1000,142000,1800002855,INV/2026/09/12855,2026-09-15,3383.15,EUR,2026-10-15,IC Sale - Logistics Services Sept 15,,PO-2026-65838
2856,1000,142000,1800002856,INV/2026/09/12856,2026-09-13,4445.58,EUR,2026-10-13,IC Sale - Logistics Services Sept 13,,PO-2026-26685
2857,1000,142000,1800002857,INV/2026/09/12857,2026-09-24,1995.5,EUR,2026-10-24,IC Sale - Logistics Services Sept 24,,PO-2026-14943
2858,1000,142000,1800002858,INV/2026/09/12858,2026-09-05,1238.17,EUR,2026-10-05,IC Sale - Logistics Services Sept 05,,PO-2026-50748
2859,1000,142000,1800002859,INV/2026/09/12859,2026-09-19,4159.17,EUR,2026-10-19,IC Sale - Logistics Services Sept 19,,PO-2026-70475
2860,1000,142000,1800002860,INV/2026/09/12860,2026-09-28,3888.12,EUR,2026-10-28,IC Sale - Logistics Services Sept 28,,PO-2026-57913
2861,1000,142000,1800002861,INV/2026/09/12861,2026-09-11,4220.83,EUR,2026-10-11,IC Sale - Logistics Services Sept 11,,PO-2026-39481
2862,1000,142000,1800002862,INV/2026/09/12862,2026-09-26,903.71,EUR,2026-10-26,IC Sale - Logistics Services Sept 26,,PO-2026-93677
2863,1000,142000,1800002863,INV/2026/09/12863,2026-09-20,4302.62,EUR,2026-10-20,IC Sale - Logistics Services Sept 20,,PO-2026-34119
2864,1000,142000,1800002864,INV/2026/09/12864,2026-09-21,2583.94,EUR,2026-10-21,IC Sale - Logistics Services Sept 21,,PO-2026-16715
2865,1000,142000,1800002865,INV/2026/09/12865,2026-09-17,2708.63,EUR,2026-10-17,IC Sale - Logistics Services Sept 17,,PO-2026-53833
2866,1000,142000,1800002866,INV/2026/09/12866,2026-09-22,2601.17,EUR,2026-10-22,IC Sale - Logistics Services Sept 22,,PO-2026-98421
2867,1000,142000,1800002867,INV/2026/09/12867,2026-09-20,7134.22,EUR,2026-10-20,IC Sale - Logistics Services Sept 20,,PO-2026-28280
2868,1000,142000,1800002868,INV/2026/09/12868,2026-09-08,4573.36,EUR,2026-10-08,IC Sale - Logistics Services Sept 08,,PO-2026-39665
2869,1000,142000,1800002869,INV/2026/09/12869,2026-09-09,1132.29,EUR,2026-10-09,IC Sale - Logistics Services Sept 09,,PO-2026-81023
2870,1000,142000,1800002870,INV/2026/09/12870,2026-09-12,3617.12,EUR,2026-10-12,IC Sale - Logistics Services Sept 12,,PO-2026-71330
2871,1000,142000,1800002871,INV/2026/09/12871,2026-09-29,2422.68,EUR,2026-10-29,IC Sale - Logistics Services Sept 29,,PO-2026-22420
2872,1000,142000,1800002872,INV/2026/09/12872,2026-09-25,8718.24,EUR,2026-10-25,IC Sale - Logistics Services Sept 25,,PO-2026-62120
2873,1000,142000,1800002873,INV/2026/09/12873,2026-09-12,528.58,EUR,2026-10-12,IC Sale - Logistics Services Sept 12,,PO-2026-11650
2874,1000,142000,1800002874,INV/2026/09/12874,2026-09-05,1182.44,EUR,2026-10-05,IC Sale - Logistics Services Sept 05,,PO-2026-15464
2875,1000,142000,1800002875,INV/2026/09/12875,2026-09-09,4100.89,EUR,2026-10-09,IC Sale - Logistics Services Sept 09,,PO-2026-42906
2876,1000,142000,1800002876,INV/2026/09/12876,2026-09-27,5448.9,EUR,2026-10-27,IC Sale - Logistics Services Sept 27,,PO-2026-94326
2877,1000,142000,1800002877,INV/2026/09/12877,2026-09-28,5097.52,EUR,2026-10-28,IC Sale - Logistics Services Sept 28,,PO-2026-67108
2878,1000,142000,1800002878,INV/2026/09/12878,2026-09-20,4902.89,EUR,2026-10-20,IC Sale - Logistics Services Sept 20,,PO-2026-30866
2879,1000,142000,1800002879,INV/2026/09/12879,2026-09-11,4184.91,EUR,2026-10-11,IC Sale - Logistics Services Sept 11,,PO-2026-80575
2880,1000,142000,1800002880,INV/2026/09/12880,2026-09-05,8858.45,EUR,2026-10-05,IC Sale - Logistics Services Sept 05,,PO-2026-98791
2881,1000,142000,1800002881,INV/2026/09/12881,2026-09-10,4207.79,EUR,2026-10-10,IC Sale - Logistics Services Sept 10,,PO-2026-11370
2882,1000,142000,1800002882,INV/2026/09/12882,2026-09-07,631.4,EUR,2026-10-07,IC Sale - Logistics Services Sept 07,,PO-2026-84412
2883,1000,142000,1800002883,INV/2026/09/12883,2026-09-25,1804.32,EUR,2026-10-25,IC Sale - Logistics Services Sept 25,,PO-2026-77308
2884,1000,142000,1800002884,INV/2026/09/12884,2026-09-29,14210.83,EUR,2026-10-29,IC Sale - Logistics Services Sept 29,,PO-2026-10047
2885,1000,142000,1800002885,INV/2026/09/12885,2026-09-10,740.26,EUR,2026-10-10,IC Sale - Logistics Services Sept 10,,PO-2026-13723
2886,1000,142000,1800002886,INV/2026/09/12886,2026-09-21,1467.99,EUR,2026-10-21,IC Sale - Logistics Services Sept 21,,PO-2026-37765
2887,1000,142000,1800002887,INV/2026/09/12887,2026-09-25,710.93,EUR,2026-10-25,IC Sale - Logistics Services Sept 25,,PO-2026-20472
2888,1000,142000,1800002888,INV/2026/09/12888,2026-09-01,2344.88,EUR,2026-10-01,IC Sale - Logistics Services Sept 01,,PO-2026-68728
2889,1000,142000,1800002889,INV/2026/09/12889,2026-09-14,204.89,EUR,2026-10-14,IC Sale - Logistics Services Sept 14,,PO-2026-93464
2890,1000,142000,1800002890,INV/2026/09/12890,2026-09-25,2289.78,EUR,2026-10-25,IC Sale - Logistics Services Sept 25,,PO-2026-74808
2891,1000,142000,1800002891,INV/2026/09/12891,2026-09-16,7243.5,EUR,2026-10-16,IC Sale - Logistics Services Sept 16,,PO-2026-91914
2892,1000,142000,1800002892,INV/2026/09/12892,2026-09-01,471.93,EUR,2026-10-01,IC Sale - Logistics Services Sept 01,,PO-2026-78415
2893,1000,142000,1800002893,INV/2026/09/12893,2026-09-29,1103.45,EUR,2026-10-29,IC Sale - Logistics Services Sept 29,,PO-2026-63144
2894,1000,142000,1800002894,INV/2026/09/12894,2026-09-26,4911.99,EUR,2026-10-26,IC Sale - Logistics Services Sept 26,,PO-2026-28235
2895,1000,142000,1800002895,INV/2026/09/12895,2026-09-19,2359.54,EUR,2026-10-19,IC Sale - Logistics Services Sept 19,,PO-2026-42019
2896,1000,142000,1800002896,INV/2026/09/12896,2026-09-12,2457.68,EUR,2026-10-12,IC Sale - Logistics Services Sept 12,,PO-2026-25409
2897,1000,142000,1800002897,INV/2026/09/12897,2026-09-22,6119.15,EUR,2026-10-22,IC Sale - Logistics Services Sept 22,,PO-2026-21566
2898,1000,142000,1800002898,INV/2026/09/12898,2026-09-09,3666.3,EUR,2026-10-09,IC Sale - Logistics Services Sept 09,,PO-2026-53155
2899,1000,142000,1800002899,INV/2026/09/12899,2026-09-19,901.55,EUR,2026-10-19,IC Sale - Logistics Services Sept 19,,PO-2026-23898
2900,1000,142000,1800002900,INV/2026/09/12900,2026-09-22,555.83,EUR,2026-10-22,IC Sale - Logistics Services Sept 22,,PO-2026-33470
2901,1000,142000,1800002901,INV/2026/09/12901,2026-09-18,1125.39,EUR,2026-10-18,IC Sale - Logistics Services Sept 18,,PO-2026-12121
2902,1000,142000,1800002902,INV/2026/09/12902,2026-09-01,4654.59,EUR,2026-10-01,IC Sale - Logistics Services Sept 01,,PO-2026-72394
2903,1000,142000,1800002903,INV/2026/09/12903,2026-09-01,3956.81,EUR,2026-10-01,IC Sale - Logistics Services Sept 01,,PO-2026-71754
2904,1000,142000,1800002904,INV/2026/09/12904,2026-09-10,3458.87,EUR,2026-10-10,IC Sale - Logistics Services Sept 10,,PO-2026-17985
2905,1000,142000,1800002905,INV/2026/09/12905,2026-09-22,1549.92,EUR,2026-10-22,IC Sale - Logistics Services Sept 22,,PO-2026-42934
2906,1000,142000,1800002906,INV/2026/09/12906,2026-09-20,380.68,EUR,2026-10-20,IC Sale - Logistics Services Sept 20,,PO-2026-95201
2907,1000,142000,1800002907,INV/2026/09/12907,2026-09-27,9344.2,EUR,2026-10-27,IC Sale - Logistics Services Sept 27,,PO-2026-45859
2908,1000,142000,1800002908,INV/2026/09/12908,2026-09-22,1333.95,EUR,2026-10-22,IC Sale - Logistics Services Sept 22,,PO-2026-61429
2909,1000,142000,1800002909,INV/2026/09/12909,2026-09-25,392.05,EUR,2026-10-25,IC Sale - Logistics Services Sept 25,,PO-2026-79385
2910,1000,142000,1800002910,INV/2026/09/12910,2026-09-29,845.88,EUR,2026-10-29,IC Sale - Logistics Services Sept 29,,PO-2026-66383
2912,1000,142000,1800002912,INV/2026/09/12912,2026-09-21,1456.05,EUR,2026-10-21,IC Sale - Logistics Services Sept 21,,PO-2026-76115
2913,1000,142000,1800002913,INV/2026/09/12913,2026-09-19,1863.18,EUR,2026-10-19,IC Sale - Logistics Services Sept 19,,PO-2026-70068
2914,1000,142000,1800002914,INV/2026/09/12914,2026-09-01,1573.18,EUR,2026-10-01,IC Sale - Logistics Services Sept 01,,PO-2026-11835
2915,1000,142000,1800002915,INV/2026/09/12915,2026-09-13,6777.47,EUR,2026-10-13,IC Sale - Logistics Services Sept 13,,PO-2026-14514
2916,1000,142000,1800002916,INV/2026/09/12916,2026-09-18,11201.5,EUR,2026-10-18,IC Sale - Logistics Services Sept 18,,PO-2026-49894
2918,1000,142000,1800002918,INV/2026/09/12918,2026-09-12,2101.65,EUR,2026-10-12,IC Sale - Logistics Services Sept 12,,PO-2026-61166
2919,1000,142000,1800002919,INV/2026/09/12919,2026-09-28,2637.61,EUR,2026-10-28,IC Sale - Logistics Services Sept 28,,PO-2026-30864
2920,1000,142000,1800002920,INV/2026/09/12920,2026-09-21,2070.26,EUR,2026-10-21,IC Sale - Logistics Services Sept 21,,PO-2026-46052
2921,1000,142000,1800002921,INV/2026/09/12921,2026-09-17,3413.89,EUR,2026-10-17,IC Sale - Logistics Services Sept 17,,PO-2026-10854
2922,1000,142000,1800002922,INV/2026/09/12922,2026-09-23,7068.04,EUR,2026-10-23,IC Sale - Logistics Services Sept 23,,PO-2026-26731
2923,1000,142000,1800002923,INV/2026/09/12923,2026-09-26,2540.18,EUR,2026-10-26,IC Sale - Logistics Services Sept 26,,PO-2026-17090
2924,1000,142000,1800002924,INV/2026/09/12924,2026-09-16,537.06,EUR,2026-10-16,IC Sale - Logistics Services Sept 16,,PO-2026-69595
2925,1000,142000,1800002925,INV/2026/09/12925,2026-09-23,2656.94,EUR,2026-10-23,IC Sale - Logistics Services Sept 23,,PO-2026-55025
2926,1000,142000,1800002926,INV/2026/09/12926,2026-09-04,163.86,EUR,2026-10-04,IC Sale - Logistics Services Sept 04,,PO-2026-25031
2927,1000,142000,1800002927,INV/2026/09/12927,2026-09-25,2465.87,EUR,2026-10-25,IC Sale - Logistics Services Sept 25,,PO-2026-54801
2928,1000,142000,1800002928,INV/2026/09/12928,2026-09-14,3110.18,EUR,2026-10-14,IC Sale - Logistics Services Sept 14,,PO-2026-50722
2929,1000,142000,1800002929,INV/2026/09/12929,2026-09-29,4808.81,EUR,2026-10-29,IC Sale - Logistics Services Sept 29,,PO-2026-90762
2930,1000,142000,1800002930,INV/2026/09/12930,2026-09-05,4634.39,EUR,2026-10-05,IC Sale - Logistics Services Sept 05,,PO-2026-13000
2931,1000,142000,1800002931,INV/2026/09/12931,2026-09-23,1969.77,EUR,2026-10-23,IC Sale - Logistics Services Sept 23,,PO-2026-42162
2932,1000,142000,1800002932,INV/2026/09/12932,2026-09-09,1614.3,EUR,2026-10-09,IC Sale - Logistics Services Sept 09,,PO-2026-41455
2933,1000,142000,1800002933,INV/2026/09/12933,2026-09-19,1894.44,EUR,2026-10-19,IC Sale - Logistics Services Sept 19,,PO-2026-37357
2934,1000,142000,1800002934,INV/2026/09/12934,2026-09-14,4140.28,EUR,2026-10-14,IC Sale - Logistics Services Sept 14,,PO-2026-57354
2935,1000,142000,1800002935,INV/2026/09/12935,2026-09-03,2019.77,EUR,2026-10-03,IC Sale - Logistics Services Sept 03,,PO-2026-57898
2936,1000,142000,1800002936,INV/2026/09/12936,2026-09-15,5626.64,EUR,2026-10-15,IC Sale - Logistics Services Sept 15,,PO-2026-68506
2937,1000,142000,1800002937,INV/2026/09/12937,2026-09-20,1406.33,EUR,2026-10-20,IC Sale - Logistics Services Sept 20,,PO-2026-39150
2938,1000,142000,1800002938,INV/2026/09/12938,2026-09-11,6358.79,EUR,2026-10-11,IC Sale - Logistics Services Sept 11,,PO-2026-81070
2939,1000,142000,1800002939,INV/2026/09/12939,2026-09-17,14427.25,EUR,2026-10-17,IC Sale - Logistics Services Sept 17,,PO-2026-62398
2940,1000,142000,1800002940,INV/2026/09/12940,2026-09-19,3588.39,EUR,2026-10-19,IC Sale - Logistics Services Sept 19,,PO-2026-71756
2941,1000,142000,1800002941,INV/2026/09/12941,2026-09-28,2629.92,EUR,2026-10-28,IC Sale - Logistics Services Sept 28,,PO-2026-95758
2942,1000,142000,1800002942,INV/2026/09/12942,2026-09-01,296.97,EUR,2026-10-01,IC Sale - Logistics Services Sept 01,,PO-2026-81638
2943,1000,142000,1800002943,INV/2026/09/12943,2026-09-16,353.67,EUR,2026-10-16,IC Sale - Logistics Services Sept 16,,PO-2026-76234
2944,1000,142000,1800002944,INV/2026/09/12944,2026-09-11,5178.46,EUR,2026-10-11,IC Sale - Logistics Services Sept 11,,PO-2026-97181
2945,1000,142000,1800002945,INV/2026/09/12945,2026-09-06,3182.01,EUR,2026-10-06,IC Sale - Logistics Services Sept 06,,PO-2026-84915
2946,1000,142000,1800002946,INV/2026/09/12946,2026-09-14,6498.53,EUR,2026-10-14,IC Sale - Logistics Services Sept 14,,PO-2026-97186
2947,1000,142000,1800002947,INV/2026/09/12947,2026-09-12,458.63,EUR,2026-10-12,IC Sale - Logistics Services Sept 12,,PO-2026-77102
2948,1000,142000,1800002948,INV/2026/09/12948,2026-09-19,1280.66,EUR,2026-10-19,IC Sale - Logistics Services Sept 19,,PO-2026-96589
2949,1000,142000,1800002949,INV/2026/09/12949,2026-09-10,1091.57,EUR,2026-10-10,IC Sale - Logistics Services Sept 10,,PO-2026-26347
2950,1000,142000,1800002950,INV/2026/09/12950,2026-09-19,5418.05,EUR,2026-10-19,IC Sale - Logistics Services Sept 19,,PO-2026-56936
2951,1000,142000,1800002951,INV/2026/09/12951,2026-09-06,1548.37,EUR,2026-10-06,IC Sale - Logistics Services Sept 06,,PO-2026-37559
2952,1000,142000,1800002952,INV/2026/09/12952,2026-09-09,6013.29,EUR,2026-10-09,IC Sale - Logistics Services Sept 09,,PO-2026-21176
2953,1000,142000,1800002953,INV/2026/09/12953,2026-09-23,2342.89,EUR,2026-10-23,IC Sale - Logistics Services Sept 23,,PO-2026-37269
2954,1000,142000,1800002954,INV/2026/09/12954,2026-09-15,5724.66,EUR,2026-10-15,IC Sale - Logistics Services Sept 15,,PO-2026-54588
2955,1000,142000,1800002955,INV/2026/09/12955,2026-09-04,1609.66,EUR,2026-10-04,IC Sale - Logistics Services Sept 04,,PO-2026-89677
2956,1000,142000,1800002956,INV/2026/09/12956,2026-09-17,695.29,EUR,2026-10-17,IC Sale - Logistics Services Sept 17,,PO-2026-47405
2957,1000,142000,1800002957,INV/2026/09/12957,2026-09-26,5928.84,EUR,2026-10-26,IC Sale - Logistics Services Sept 26,,PO-2026-77941
2959,1000,142000,1800002959,INV/2026/09/12959,2026-09-05,3823.82,EUR,2026-10-05,IC Sale - Logistics Services Sept 05,,PO-2026-39786
2960,1000,142000,1800002960,INV/2026/09/12960,2026-09-02,2202.57,EUR,2026-10-02,IC Sale - Logistics Services Sept 02,,PO-2026-77931
2961,1000,142000,1800002961,INV/2026/09/12961,2026-09-01,661.71,EUR,2026-10-01,IC Sale - Logistics Services Sept 01,,PO-2026-76328
2962,1000,142000,1800002962,INV/2026/09/12962,2026-09-16,505.39,EUR,2026-10-16,IC Sale - Logistics Services Sept 16,,PO-2026-69196
2963,1000,142000,1800002963,INV/2026/09/12963,2026-09-15,601.81,EUR,2026-10-15,IC Sale - Logistics Services Sept 15,,PO-2026-68911
2964,1000,142000,1800002964,INV/2026/09/12964,2026-09-10,163.44,EUR,2026-10-10,IC Sale - Logistics Services Sept 10,,PO-2026-58970
2965,1000,142000,1800002965,INV/2026/09/12965,2026-09-28,476.63,EUR,2026-10-28,IC Sale - Logistics Services Sept 28,,PO-2026-29237
2966,1000,142000,1800002966,INV/2026/09/12966,2026-09-21,453.99,EUR,2026-10-21,IC Sale - Logistics Services Sept 21,,PO-2026-61181
2967,1000,142000,1800002967,INV/2026/09/12967,2026-09-25,257.02,EUR,2026-10-25,IC Sale - Logistics Services Sept 25,,PO-2026-63613
2968,1000,142000,1800002968,INV/2026/09/12968,2026-09-28,3117.98,EUR,2026-10-28,IC Sale - Logistics Services Sept 28,,PO-2026-51245
2969,1000,142000,1800002969,INV/2026/09/12969,2026-09-02,6516.4,EUR,2026-10-02,IC Sale - Logistics Services Sept 02,,PO-2026-31205
2970,1000,142000,1800002970,INV/2026/09/12970,2026-09-10,7922.91,EUR,2026-10-10,IC Sale - Logistics Services Sept 10,,PO-2026-59789
2971,1000,142000,1800002971,INV/2026/09/12971,2026-09-18,8225.83,EUR,2026-10-18,IC Sale - Logistics Services Sept 18,,PO-2026-65420
2972,1000,142000,1800002972,INV/2026/09/12972,2026-09-27,4903.54,EUR,2026-10-27,IC Sale - Logistics Services Sept 27,,PO-2026-95545
2973,1000,142000,1800002973,INV/2026/09/12973,2026-09-14,948.93,EUR,2026-10-14,IC Sale - Logistics Services Sept 14,,PO-2026-64584
2974,1000,142000,1800002974,INV/2026/09/12974,2026-09-23,4047.57,EUR,2026-10-23,IC Sale - Logistics Services Sept 23,,PO-2026-42583
2975,1000,142000,1800002975,INV/2026/09/12975,2026-09-08,15583.41,EUR,2026-10-08,IC Sale - Logistics Services Sept 08,,PO-2026-21202
2976,1000,142000,1800002976,INV/2026/09/12976,2026-09-28,10857.27,EUR,2026-10-28,IC Sale - Logistics Services Sept 28,,PO-2026-28333
2977,1000,142000,1800002977,INV/2026/09/12977,2026-09-03,1352.39,EUR,2026-10-03,IC Sale - Logistics Services Sept 03,,PO-2026-78631
2978,1000,142000,1800002978,INV/2026/09/12978,2026-09-01,466.18,EUR,2026-10-01,IC Sale - Logistics Services Sept 01,,PO-2026-14736
2979,1000,142000,1800002979,INV/2026/09/12979,2026-09-21,890.95,EUR,2026-10-21,IC Sale - Logistics Services Sept 21,,PO-2026-33381
2980,1000,142000,1800002980,INV/2026/09/12980,2026-09-24,1315.26,EUR,2026-10-24,IC Sale - Logistics Services Sept 24,,PO-2026-28147
2981,1000,142000,1800002981,INV/2026/09/12981,2026-09-24,1646.48,EUR,2026-10-24,IC Sale - Logistics Services Sept 24,,PO-2026-16301
2982,1000,142000,1800002982,INV/2026/09/12982,2026-09-09,1171.8,EUR,2026-10-09,IC Sale - Logistics Services Sept 09,,PO-2026-77714
2983,1000,142000,1800002983,INV/2026/09/12983,2026-09-11,1298.9,EUR,2026-10-11,IC Sale - Logistics Services Sept 11,,PO-2026-80660
2984,1000,142000,1800002984,INV/2026/09/12984,2026-09-09,2795.81,EUR,2026-10-09,IC Sale - Logistics Services Sept 09,,PO-2026-91248
2986,1000,142000,1800002986,INV/2026/09/12986,2026-09-27,5782.17,EUR,2026-10-27,IC Sale - Logistics Services Sept 27,,PO-2026-91561
2987,1000,142000,1800002987,INV/2026/09/12987,2026-09-27,1720.71,EUR,2026-10-27,IC Sale - Logistics Services Sept 27,,PO-2026-28243
2988,1000,142000,1800002988,INV/2026/09/12988,2026-09-06,7369.77,EUR,2026-10-06,IC Sale - Logistics Services Sept 06,,PO-2026-61857
2989,1000,142000,1800002989,INV/2026/09/12989,2026-09-24,2661.73,EUR,2026-10-24,IC Sale - Logistics Services Sept 24,,PO-2026-55884
2990,1000,142000,1800002990,INV/2026/09/12990,2026-09-12,6887.22,EUR,2026-10-12,IC Sale - Logistics Services Sept 12,,PO-2026-45396
2991,1000,142000,1800002991,INV/2026/09/12991,2026-09-14,283.45,EUR,2026-10-14,IC Sale - Logistics Services Sept 14,,PO-2026-97409
2992,1000,142000,1800002992,INV/2026/09/12992,2026-09-15,9717.6,EUR,2026-10-15,IC Sale - Logistics Services Sept 15,,PO-2026-79456
2993,1000,142000,1800002993,INV/2026/09/12993,2026-09-06,218.25,EUR,2026-10-06,IC Sale - Logistics Services Sept 06,,PO-2026-68416
2994,1000,142000,1800002994,INV/2026/09/12994,2026-09-05,718.61,EUR,2026-10-05,IC Sale - Logistics Services Sept 05,,PO-2026-86686
2995,1000,142000,1800002995,INV/2026/09/12995,2026-09-27,2253.81,EUR,2026-10-27,IC Sale - Logistics Services Sept 27,,PO-2026-21684
2996,1000,142000,1800002996,INV/2026/09/12996,2026-09-15,1117.87,EUR,2026-10-15,IC Sale - Logistics Services Sept 15,,PO-2026-69644
2997,1000,142000,1800002997,INV/2026/09/12997,2026-09-09,1264.74,EUR,2026-10-09,IC Sale - Logistics Services Sept 09,,PO-2026-57160
2998,1000,142000,1800002998,INV/2026/09/12998,2026-09-20,2797.69,EUR,2026-10-20,IC Sale - Logistics Services Sept 20,,PO-2026-25660
2999,1000,142000,1800002999,INV/2026/09/12999,2026-09-15,2001.54,EUR,2026-10-15,IC Sale - Logistics Services Sept 15,,PO-2026-80358
3000,1000,142000,1800003000,INV/2026/09/13000,2026-09-21,5224.1,EUR,2026-10-21,IC Sale - Logistics Services Sept 21,,PO-2026-56985
3001,1000,142000,1800003001,INV/2026/09/13001,2026-09-12,2041.15,EUR,2026-10-12,IC Sale - Logistics Services Sept 12,,PO-2026-62999
3002,1000,142000,1800003002,INV/2026/09/13002,2026-09-15,1908.28,EUR,2026-10-15,IC Sale - Logistics Services Sept 15,,PO-2026-84553
3003,1000,142000,1800003003,INV/2026/09/13003,2026-09-24,2912.68,EUR,2026-10-24,IC Sale - Logistics Services Sept 24,,PO-2026-46466
3004,1000,142000,1800003004,INV/2026/09/13004,2026-09-06,6180.34,EUR,2026-10-06,IC Sale - Logistics Services Sept 06,,PO-2026-76063
3005,1000,142000,1800003005,INV/2026/09/13005,2026-09-06,8640.94,EUR,2026-10-06,IC Sale - Logistics Services Sept 06,,PO-2026-71712
3006,1000,142000,1800003006,INV/2026/09/13006,2026-09-09,4264.41,EUR,2026-10-09,IC Sale - Logistics Services Sept 09,,PO-2026-88805
3007,1000,142000,1800003007,INV/2026/09/13007,2026-09-07,215.9,EUR,2026-10-07,IC Sale - Logistics Services Sept 07,,PO-2026-27425
3008,1000,142000,1800003008,INV/2026/09/13008,2026-09-25,650.97,EUR,2026-10-25,IC Sale - Logistics Services Sept 25,,PO-2026-77377
3009,1000,142000,1800003009,INV/2026/09/13009,2026-09-15,1315.65,EUR,2026-10-15,IC Sale - Logistics Services Sept 15,,PO-2026-95538
3010,1000,142000,1800003010,INV/2026/09/13010,2026-09-15,2182.7,EUR,2026-10-15,IC Sale - Logistics Services Sept 15,,PO-2026-10497
3011,1000,142000,1800003011,INV/2026/09/13011,2026-09-08,5775.29,EUR,2026-10-08,IC Sale - Logistics Services Sept 08,,PO-2026-33702
3012,1000,142000,1800003012,INV/2026/09/13012,2026-09-07,3198.9,EUR,2026-10-07,IC Sale - Logistics Services Sept 07,,PO-2026-34202
3013,1000,142000,1800003013,INV/2026/09/13013,2026-09-22,4962.63,EUR,2026-10-22,IC Sale - Logistics Services Sept 22,,PO-2026-81798
3014,1000,142000,1800003014,INV/2026/09/13014,2026-09-06,534.03,EUR,2026-10-06,IC Sale - Logistics Services Sept 06,,PO-2026-46009
3015,1000,142000,1800003015,INV/2026/09/13015,2026-09-12,1063.0,EUR,2026-10-12,IC Sale - Logistics Services Sept 12,,PO-2026-55491
3016,1000,142000,1800003016,INV/2026/09/13016,2026-09-05,2216.47,EUR,2026-10-05,IC Sale - Logistics Services Sept 05,,PO-2026-38243
3017,1000,142000,1800003017,INV/2026/09/13017,2026-09-13,4156.11,EUR,2026-10-13,IC Sale - Logistics Services Sept 13,,PO-2026-89321
3018,1000,142000,1800003018,INV/2026/09/13018,2026-09-14,2938.6,EUR,2026-10-14,IC Sale - Logistics Services Sept 14,,PO-2026-30101
3020,1000,142000,1800003020,INV/2026/09/13020,2026-09-04,7495.21,EUR,2026-10-04,IC Sale - Logistics Services Sept 04,,PO-2026-98005
3021,1000,142000,1800003021,INV/2026/09/13021,2026-09-12,2385.31,EUR,2026-10-12,IC Sale - Logistics Services Sept 12,,PO-2026-78999
3022,1000,142000,1800003022,INV/2026/09/13022,2026-09-06,796.07,EUR,2026-10-06,IC Sale - Logistics Services Sept 06,,PO-2026-49188
3023,1000,142000,1800003023,INV/2026/09/13023,2026-09-11,1019.67,EUR,2026-10-11,IC Sale - Logistics Services Sept 11,,PO-2026-84119
3024,1000,142000,1800003024,INV/2026/09/13024,2026-09-04,910.09,EUR,2026-10-04,IC Sale - Logistics Services Sept 04,,PO-2026-17150
3025,1000,142000,1800003025,INV/2026/09/13025,2026-09-27,2618.0,EUR,2026-10-27,IC Sale - Logistics Services Sept 27,,PO-2026-84871
3026,1000,142000,1800003026,INV/2026/09/13026,2026-09-07,4031.87,EUR,2026-10-07,IC Sale - Logistics Services Sept 07,,PO-2026-10939
3027,1000,142000,1800003027,INV/2026/09/13027,2026-09-22,2113.96,EUR,2026-10-22,IC Sale - Logistics Services Sept 22,,PO-2026-81882
3028,1000,142000,1800003028,INV/2026/09/13028,2026-09-22,586.56,EUR,2026-10-22,IC Sale - Logistics Services Sept 22,,PO-2026-32928
3029,1000,142000,1800003029,INV/2026/09/13029,2026-09-23,9086.46,EUR,2026-10-23,IC Sale - Logistics Services Sept 23,,PO-2026-10110
3030,1000,142000,1800003030,INV/2026/09/13030,2026-09-09,1633.26,EUR,2026-10-09,IC Sale - Logistics Services Sept 09,,PO-2026-76866
3031,1000,142000,1800003031,INV/2026/09/13031,2026-09-05,4013.07,EUR,2026-10-05,IC Sale - Logistics Services Sept 05,,PO-2026-59755
3032,1000,142000,1800003032,INV/2026/09/13032,2026-09-22,858.27,EUR,2026-10-22,IC Sale - Logistics Services Sept 22,,PO-2026-28374
3033,1000,142000,1800003033,INV/2026/09/13033,2026-09-02,4301.99,EUR,2026-10-02,IC Sale - Logistics Services Sept 02,,PO-2026-58564
3034,1000,142000,1800003034,INV/2026/09/13034,2026-09-24,1974.36,EUR,2026-10-24,IC Sale - Logistics Services Sept 24,,PO-2026-96367
3035,1000,142000,1800003035,INV/2026/09/13035,2026-09-10,13916.09,EUR,2026-10-10,IC Sale - Logistics Services Sept 10,,PO-2026-21880
3036,1000,142000,1800003036,INV/2026/09/13036,2026-09-12,7253.38,EUR,2026-10-12,IC Sale - Logistics Services Sept 12,,PO-2026-29086
3037,1000,142000,1800003037,INV/2026/09/13037,2026-09-16,3904.14,EUR,2026-10-16,IC Sale - Logistics Services Sept 16,,PO-2026-55577
3038,1000,142000,1800003038,INV/2026/09/13038,2026-09-28,199.3,EUR,2026-10-28,IC Sale - Logistics Services Sept 28,,PO-2026-65070
3040,1000,142000,1800003040,INV/2026/09/13040,2026-09-22,3818.52,EUR,2026-10-22,IC Sale - Logistics Services Sept 22,,PO-2026-52581
3041,1000,142000,1800003041,INV/2026/09/13041,2026-09-23,480.3,EUR,2026-10-23,IC Sale - Logistics Services Sept 23,,PO-2026-79480
3042,1000,142000,1800003042,INV/2026/09/13042,2026-09-17,800.8,EUR,2026-10-17,IC Sale - Logistics Services Sept 17,,PO-2026-93363
3044,1000,142000,1800003044,INV/2026/09/13044,2026-09-14,4675.18,EUR,2026-10-14,IC Sale - Logistics Services Sept 14,,PO-2026-19680
3045,1000,142000,1800003045,INV/2026/09/13045,2026-09-12,1513.12,EUR,2026-10-12,IC Sale - Logistics Services Sept 12,,PO-2026-43050
3046,1000,142000,1800003046,INV/2026/09/13046,2026-09-15,3254.22,EUR,2026-10-15,IC Sale - Logistics Services Sept 15,,PO-2026-56371
3047,1000,142000,1800003047,INV/2026/09/13047,2026-09-14,4414.92,EUR,2026-10-14,IC Sale - Logistics Services Sept 14,,PO-2026-24441
3048,1000,142000,1800003048,INV/2026/09/13048,2026-09-13,552.59,EUR,2026-10-13,IC Sale - Logistics Services Sept 13,,PO-2026-52825
3050,1000,142000,1800003050,INV/2026/09/13050,2026-09-16,212.24,EUR,2026-10-16,IC Sale - Logistics Services Sept 16,,PO-2026-23193
3051,1000,142000,1800003051,INV/2026/09/13051,2026-09-01,607.94,EUR,2026-10-01,IC Sale - Logistics Services Sept 01,,PO-2026-94138
3052,1000,142000,1800003052,INV/2026/09/13052,2026-09-15,5257.15,EUR,2026-10-15,IC Sale - Logistics Services Sept 15,,PO-2026-26396
3053,1000,142000,1800003053,INV/2026/09/13053,2026-09-17,2824.62,EUR,2026-10-17,IC Sale - Logistics Services Sept 17,,PO-2026-57720
3054,1000,142000,1800003054,INV/2026/09/13054,2026-09-21,6637.74,EUR,2026-10-21,IC Sale - Logistics Services Sept 21,,PO-2026-78656
3055,1000,142000,1800003055,INV/2026/09/13055,2026-09-25,1662.67,EUR,2026-10-25,IC Sale - Logistics Services Sept 25,,PO-2026-83182
3056,1000,142000,1800003056,INV/2026/09/13056,2026-09-01,6477.69,EUR,2026-10-01,IC Sale - Logistics Services Sept 01,,PO-2026-40498
3057,1000,142000,1800003057,INV/2026/09/13057,2026-09-29,6964.18,EUR,2026-10-29,IC Sale - Logistics Services Sept 29,,PO-2026-39395
3058,1000,142000,1800003058,INV/2026/09/13058,2026-09-05,1283.64,EUR,2026-10-05,IC Sale - Logistics Services Sept 05,,PO-2026-16163
3059,1000,142000,1800003059,INV/2026/09/13059,2026-09-10,6443.3,EUR,2026-10-10,IC Sale - Logistics Services Sept 10,,PO-2026-93119
3060,1000,142000,1800003060,INV/2026/09/13060,2026-09-09,2385.16,EUR,2026-10-09,IC Sale - Logistics Services Sept 09,,PO-2026-82255
3061,1000,142000,1800003061,INV/2026/09/13061,2026-09-04,8828.57,EUR,2026-10-04,IC Sale - Logistics Services Sept 04,,PO-2026-42882
3062,1000,142000,1800003062,INV/2026/09/13062,2026-09-13,2427.95,EUR,2026-10-13,IC Sale - Logistics Services Sept 13,,PO-2026-92355
3063,1000,142000,1800003063,INV/2026/09/13063,2026-09-09,332.44,EUR,2026-10-09,IC Sale - Logistics Services Sept 09,,PO-2026-83668
3064,1000,142000,1800003064,INV/2026/09/13064,2026-09-12,4257.46,EUR,2026-10-12,IC Sale - Logistics Services Sept 12,,PO-2026-52557
3065,1000,142000,1800003065,INV/2026/09/13065,2026-09-07,2957.63,EUR,2026-10-07,IC Sale - Logistics Services Sept 07,,PO-2026-18240
3066,1000,142000,1800003066,INV/2026/09/13066,2026-09-05,782.46,EUR,2026-10-05,IC Sale - Logistics Services Sept 05,,PO-2026-56182
3067,1000,142000,1800003067,INV/2026/09/13067,2026-09-29,7292.7,EUR,2026-10-29,IC Sale - Logistics Services Sept 29,,PO-2026-13898
3068,1000,142000,1800003068,INV/2026/09/13068,2026-09-16,6041.81,EUR,2026-10-16,IC Sale - Logistics Services Sept 16,,PO-2026-71246
3069,1000,142000,1800003069,INV/2026/09/13069,2026-09-05,2962.84,EUR,2026-10-05,IC Sale - Logistics Services Sept 05,,PO-2026-12330
3070,1000,142000,1800003070,INV/2026/09/13070,2026-09-20,2162.66,EUR,2026-10-20,IC Sale - Logistics Services Sept 20,,PO-2026-73596
3071,1000,142000,1800003071,INV/2026/09/13071,2026-09-13,2043.61,EUR,2026-10-13,IC Sale - Logistics Services Sept 13,,PO-2026-69205
3072,1000,142000,1800003072,INV/2026/09/13072,2026-09-02,7148.77,EUR,2026-10-02,IC Sale - Logistics Services Sept 02,,PO-2026-82929
3073,1000,142000,1800003073,INV/2026/09/13073,2026-09-25,5747.09,EUR,2026-10-25,IC Sale - Logistics Services Sept 25,,PO-2026-20451
3074,1000,142000,1800003074,INV/2026/09/13074,2026-09-08,8768.32,EUR,2026-10-08,IC Sale - Logistics Services Sept 08,,PO-2026-97870
3075,1000,142000,1800003075,INV/2026/09/13075,2026-09-06,457.37,EUR,2026-10-06,IC Sale - Logistics Services Sept 06,,PO-2026-46759
3077,1000,142000,1800003077,INV/2026/09/13077,2026-09-17,1073.47,EUR,2026-10-17,IC Sale - Logistics Services Sept 17,,PO-2026-32501
3078,1000,142000,1800003078,INV/2026/09/13078,2026-09-22,4140.11,EUR,2026-10-22,IC Sale - Logistics Services Sept 22,,PO-2026-10625
3079,1000,142000,1800003079,INV/2026/09/13079,2026-09-27,1662.01,EUR,2026-10-27,IC Sale - Logistics Services Sept 27,,PO-2026-35439
3080,1000,142000,1800003080,INV/2026/09/13080,2026-09-01,3069.53,EUR,2026-10-01,IC Sale - Logistics Services Sept 01,,PO-2026-24995
3081,1000,142000,1800003081,INV/2026/09/13081,2026-09-10,7605.6,EUR,2026-10-10,IC Sale - Logistics Services Sept 10,,PO-2026-22786
3082,1000,142000,1800003082,INV/2026/09/13082,2026-09-17,1053.94,EUR,2026-10-17,IC Sale - Logistics Services Sept 17,,PO-2026-53998
3083,1000,142000,1800003083,INV/2026/09/13083,2026-09-28,9217.23,EUR,2026-10-28,IC Sale - Logistics Services Sept 28,,PO-2026-38143
3084,1000,142000,1800003084,INV/2026/09/13084,2026-09-25,3761.23,EUR,2026-10-25,IC Sale - Logistics Services Sept 25,,PO-2026-57234
3085,1000,142000,1800003085,INV/2026/09/13085,2026-09-09,3113.56,EUR,2026-10-09,IC Sale - Logistics Services Sept 09,,PO-2026-87647
3086,1000,142000,1800003086,INV/2026/09/13086,2026-09-12,2554.35,EUR,2026-10-12,IC Sale - Logistics Services Sept 12,,PO-2026-16068
3087,1000,142000,1800003087,INV/2026/09/13087,2026-09-05,5291.97,EUR,2026-10-05,IC Sale - Logistics Services Sept 05,,PO-2026-90207
3089,1000,142000,1800003089,INV/2026/09/13089,2026-09-13,1155.74,EUR,2026-10-13,IC Sale - Logistics Services Sept 13,,PO-2026-64648
3091,1000,142000,1800003091,INV/2026/09/13091,2026-09-27,2484.58,EUR,2026-10-27,IC Sale - Logistics Services Sept 27,,PO-2026-47268
3092,1000,142000,1800003092,INV/2026/09/13092,2026-09-27,3773.92,EUR,2026-10-27,IC Sale - Logistics Services Sept 27,,PO-2026-40168
3093,1000,142000,1800003093,INV/2026/09/13093,2026-09-10,743.75,EUR,2026-10-10,IC Sale - Logistics Services Sept 10,,PO-2026-95568
3095,1000,142000,1800003095,INV/2026/09/13095,2026-09-09,6753.55,EUR,2026-10-09,IC Sale - Logistics Services Sept 09,,PO-2026-16940
3096,1000,142000,1800003096,INV/2026/09/13096,2026-09-14,3803.04,EUR,2026-10-14,IC Sale - Logistics Services Sept 14,,PO-2026-65267
3097,1000,142000,1800003097,INV/2026/09/13097,2026-09-29,886.9,EUR,2026-10-29,IC Sale - Logistics Services Sept 29,,PO-2026-40866
3098,1000,142000,1800003098,INV/2026/09/13098,2026-09-16,6523.95,EUR,2026-10-16,IC Sale - Logistics Services Sept 16,,PO-2026-61607
3099,1000,142000,1800003099,INV/2026/09/13099,2026-09-13,4977.53,EUR,2026-10-13,IC Sale - Logistics Services Sept 13,,PO-2026-36889
3100,1000,142000,1800003100,INV/2026/09/13100,2026-09-15,3172.71,EUR,2026-10-15,IC Sale - Logistics Services Sept 15,,PO-2026-87397
3101,1000,142000,1800003101,INV/2026/09/13101,2026-09-18,7323.17,EUR,2026-10-18,IC Sale - Logistics Services Sept 18,,PO-2026-75852
3102,1000,142000,1800003102,INV/2026/09/13102,2026-09-05,2121.34,EUR,2026-10-05,IC Sale - Logistics Services Sept 05,,PO-2026-90601
3103,1000,142000,1800003103,INV/2026/09/13103,2026-09-25,241.49,EUR,2026-10-25,IC Sale - Logistics Services Sept 25,,PO-2026-53506
3104,1000,142000,1800003104,INV/2026/09/13104,2026-09-06,650.55,EUR,2026-10-06,IC Sale - Logistics Services Sept 06,,PO-2026-72708
3105,1000,142000,1800003105,INV/2026/09/13105,2026-09-06,563.41,EUR,2026-10-06,IC Sale - Logistics Services Sept 06,,PO-2026-97419
3106,1000,142000,1800003106,INV/2026/09/13106,2026-09-18,739.91,EUR,2026-10-18,IC Sale - Logistics Services Sept 18,,PO-2026-88726
3107,1000,142000,1800003107,INV/2026/09/13107,2026-09-01,667.95,EUR,2026-10-01,IC Sale - Logistics Services Sept 01,,PO-2026-10915
3108,1000,142000,1800003108,INV/2026/09/13108,2026-09-28,392.41,EUR,2026-10-28,IC Sale - Logistics Services Sept 28,,PO-2026-69650
3109,1000,142000,1800003109,INV/2026/09/13109,2026-09-04,971.33,EUR,2026-10-04,IC Sale - Logistics Services Sept 04,,PO-2026-78969
3110,1000,142000,1800003110,INV/2026/09/13110,2026-09-27,9812.04,EUR,2026-10-27,IC Sale - Logistics Services Sept 27,,PO-2026-64224
3111,1000,142000,1800003111,INV/2026/09/13111,2026-09-12,771.15,EUR,2026-10-12,IC Sale - Logistics Services Sept 12,,PO-2026-70358
3112,1000,142000,1800003112,INV/2026/09/13112,2026-09-06,570.91,EUR,2026-10-06,IC Sale - Logistics Services Sept 06,,PO-2026-87926
3113,1000,142000,1800003113,INV/2026/09/13113,2026-09-19,5166.17,EUR,2026-10-19,IC Sale - Logistics Services Sept 19,,PO-2026-88366
3114,1000,142000,1800003114,INV/2026/09/13114,2026-09-16,3171.81,EUR,2026-10-16,IC Sale - Logistics Services Sept 16,,PO-2026-82086
3115,1000,142000,1800003115,INV/2026/09/13115,2026-09-15,479.46,EUR,2026-10-15,IC Sale - Logistics Services Sept 15,,PO-2026-76308
3116,1000,142000,1800003116,INV/2026/09/13116,2026-09-27,3600.97,EUR,2026-10-27,IC Sale - Logistics Services Sept 27,,PO-2026-36006
3117,1000,142000,1800003117,INV/2026/09/13117,2026-09-01,3266.23,EUR,2026-10-01,IC Sale - Logistics Services Sept 01,,PO-2026-65648
3118,1000,142000,1800003118,INV/2026/09/13118,2026-09-21,171.52,EUR,2026-10-21,IC Sale - Logistics Services Sept 21,,PO-2026-70847
3119,1000,142000,1800003119,INV/2026/09/13119,2026-09-10,13388.64,EUR,2026-10-10,IC Sale - Logistics Services Sept 10,,PO-2026-60618
3120,1000,142000,1800003120,INV/2026/09/13120,2026-09-20,226.26,EUR,2026-10-20,IC Sale - Logistics Services Sept 20,,PO-2026-62173
3123,1000,142000,1800003123,INV/2026/09/13123,2026-09-25,192.94,EUR,2026-10-25,IC Sale - Logistics Services Sept 25,,PO-2026-37302
3124,1000,142000,1800003124,INV/2026/09/13124,2026-09-19,5776.35,EUR,2026-10-19,IC Sale - Logistics Services Sept 19,,PO-2026-44253
3125,1000,142000,1800003125,INV/2026/09/13125,2026-09-21,13195.89,EUR,2026-10-21,IC Sale - Logistics Services Sept 21,,PO-2026-77126
3126,1000,142000,1800003126,INV/2026/09/13126,2026-09-14,5893.36,EUR,2026-10-14,IC Sale - Logistics Services Sept 14,,PO-2026-20814
3127,1000,142000,1800003127,INV/2026/09/13127,2026-09-19,6819.53,EUR,2026-10-19,IC Sale - Logistics Services Sept 19,,PO-2026-98589
3128,1000,142000,1800003128,INV/2026/09/13128,2026-09-01,5769.33,EUR,2026-10-01,IC Sale - Logistics Services Sept 01,,PO-2026-77451
3130,1000,142000,1800003130,INV/2026/09/13130,2026-09-19,1495.87,EUR,2026-10-19,IC Sale - Logistics Services Sept 19,,PO-2026-43044
3131,1000,142000,1800003131,INV/2026/09/13131,2026-09-19,3085.86,EUR,2026-10-19,IC Sale - Logistics Services Sept 19,,PO-2026-37771
3132,1000,142000,1800003132,INV/2026/09/13132,2026-09-20,1677.49,EUR,2026-10-20,IC Sale - Logistics Services Sept 20,,PO-2026-27237
3133,1000,142000,1800003133,INV/2026/09/13133,2026-09-11,1621.59,EUR,2026-10-11,IC Sale - Logistics Services Sept 11,,PO-2026-80746
3134,1000,142000,1800003134,INV/2026/09/13134,2026-09-01,3013.91,EUR,2026-10-01,IC Sale - Logistics Services Sept 01,,PO-2026-43025
3135,1000,142000,1800003135,INV/2026/09/13135,2026-09-21,1635.39,EUR,2026-10-21,IC Sale - Logistics Services Sept 21,,PO-2026-28481
3136,1000,142000,1800003136,INV/2026/09/13136,2026-09-01,680.38,EUR,2026-10-01,IC Sale - Logistics Services Sept 01,,PO-2026-16977
3137,1000,142000,1800003137,INV/2026/09/13137,2026-09-14,2716.55,EUR,2026-10-14,IC Sale - Logistics Services Sept 14,,PO-2026-31426
3138,1000,142000,1800003138,INV/2026/09/13138,2026-09-07,12612.07,EUR,2026-10-07,IC Sale - Logistics Services Sept 07,,PO-2026-67367
3139,1000,142000,1800003139,INV/2026/09/13139,2026-09-01,722.11,EUR,2026-10-01,IC Sale - Logistics Services Sept 01,,PO-2026-43564
3140,1000,142000,1800003140,INV/2026/09/13140,2026-09-27,6769.99,EUR,2026-10-27,IC Sale - Logistics Services Sept 27,,PO-2026-94823
3141,1000,142000,1800003141,INV/2026/09/13141,2026-09-15,2441.77,EUR,2026-10-15,IC Sale - Logistics Services Sept 15,,PO-2026-66061
3142,1000,142000,1800003142,INV/2026/09/13142,2026-09-23,5918.81,EUR,2026-10-23,IC Sale - Logistics Services Sept 23,,PO-2026-54417
3143,1000,142000,1800003143,INV/2026/09/13143,2026-09-20,2623.7,EUR,2026-10-20,IC Sale - Logistics Services Sept 20,,PO-2026-83571
3144,1000,142000,1800003144,INV/2026/09/13144,2026-09-04,3418.71,EUR,2026-10-04,IC Sale - Logistics Services Sept 04,,PO-2026-30063
3145,1000,142000,1800003145,INV/2026/09/13145,2026-09-26,5518.0,EUR,2026-10-26,IC Sale - Logistics Services Sept 26,,PO-2026-51901
3146,1000,142000,1800003146,INV/2026/09/13146,2026-09-10,6617.97,EUR,2026-10-10,IC Sale - Logistics Services Sept 10,,PO-2026-84620
3147,1000,142000,1800003147,INV/2026/09/13147,2026-09-11,4932.78,EUR,2026-10-11,IC Sale - Logistics Services Sept 11,,PO-2026-34258
3148,1000,142000,1800003148,INV/2026/09/13148,2026-09-21,15613.12,EUR,2026-10-21,IC Sale - Logistics Services Sept 21,,PO-2026-17475
3149,1000,142000,1800003149,INV/2026/09/13149,2026-09-22,320.01,EUR,2026-10-22,IC Sale - Logistics Services Sept 22,,PO-2026-84682
3150,1000,142000,1800003150,INV/2026/09/13150,2026-09-05,1366.87,EUR,2026-10-05,IC Sale - Logistics Services Sept 05,,PO-2026-45576
3151,1000,142000,1800003151,INV/2026/09/13151,2026-09-19,377.79,EUR,2026-10-19,IC Sale - Logistics Services Sept 19,,PO-2026-48303
3152,1000,142000,1800003152,INV/2026/09/13152,2026-09-14,374.4,EUR,2026-10-14,IC Sale - Logistics Services Sept 14,,PO-2026-76776
3153,1000,142000,1800003153,INV/2026/09/13153,2026-09-21,9917.89,EUR,2026-10-21,IC Sale - Logistics Services Sept 21,,PO-2026-20434
3154,1000,142000,1800003154,INV/2026/09/13154,2026-09-05,9106.64,EUR,2026-10-05,IC Sale - Logistics Services Sept 05,,PO-2026-13213
3155,1000,142000,1800003155,INV/2026/09/13155,2026-09-28,1382.8,EUR,2026-10-28,IC Sale - Logistics Services Sept 28,,PO-2026-13789
3156,1000,142000,1800003156,INV/2026/09/13156,2026-09-20,671.68,EUR,2026-10-20,IC Sale - Logistics Services Sept 20,,PO-2026-35703
3157,1000,142000,1800003157,INV/2026/09/13157,2026-09-06,974.56,EUR,2026-10-06,IC Sale - Logistics Services Sept 06,,PO-2026-75662
3158,1000,142000,1800003158,INV/2026/09/13158,2026-09-01,8024.01,EUR,2026-10-01,IC Sale - Logistics Services Sept 01,,PO-2026-43359
3159,1000,142000,1800003159,INV/2026/09/13159,2026-09-29,1027.61,EUR,2026-10-29,IC Sale - Logistics Services Sept 29,,PO-2026-10130
3160,1000,142000,1800003160,INV/2026/09/13160,2026-09-12,3458.26,EUR,2026-10-12,IC Sale - Logistics Services Sept 12,,PO-2026-96401
3161,1000,142000,1800003161,INV/2026/09/13161,2026-09-15,4812.37,EUR,2026-10-15,IC Sale - Logistics Services Sept 15,,PO-2026-77570
3162,1000,142000,1800003162,INV/2026/09/13162,2026-09-08,1507.67,EUR,2026-10-08,IC Sale - Logistics Services Sept 08,,PO-2026-51222
3163,1000,142000,1800003163,INV/2026/09/13163,2026-09-25,843.25,EUR,2026-10-25,IC Sale - Logistics Services Sept 25,,PO-2026-82021
3164,1000,142000,1800003164,INV/2026/09/13164,2026-09-22,3702.4,EUR,2026-10-22,IC Sale - Logistics Services Sept 22,,PO-2026-43563
3165,1000,142000,1800003165,INV/2026/09/13165,2026-09-21,1902.87,EUR,2026-10-21,IC Sale - Logistics Services Sept 21,,PO-2026-44283
3166,1000,142000,1800003166,INV/2026/09/13166,2026-09-25,20251.68,EUR,2026-10-25,IC Sale - Logistics Services Sept 25,,PO-2026-76612
3167,1000,142000,1800003167,INV/2026/09/13167,2026-09-19,3989.73,EUR,2026-10-19,IC Sale - Logistics Services Sept 19,,PO-2026-16429
3168,1000,142000,1800003168,INV/2026/09/13168,2026-09-12,715.26,EUR,2026-10-12,IC Sale - Logistics Services Sept 12,,PO-2026-39439
3169,1000,142000,1800003169,INV/2026/09/13169,2026-09-25,1351.17,EUR,2026-10-25,IC Sale - Logistics Services Sept 25,,PO-2026-88610
3170,1000,142000,1800003170,INV/2026/09/13170,2026-09-04,1268.31,EUR,2026-10-04,IC Sale - Logistics Services Sept 04,,PO-2026-67841
3171,1000,142000,1800003171,INV/2026/09/13171,2026-09-17,388.8,EUR,2026-10-17,IC Sale - Logistics Services Sept 17,,PO-2026-25245
3172,1000,142000,1800003172,INV/2026/09/13172,2026-09-04,1848.71,EUR,2026-10-04,IC Sale - Logistics Services Sept 04,,PO-2026-61266
3173,1000,142000,1800003173,INV/2026/09/13173,2026-09-09,1369.65,EUR,2026-10-09,IC Sale - Logistics Services Sept 09,,PO-2026-36386
3174,1000,142000,1800003174,INV/2026/09/13174,2026-09-24,1351.5,EUR,2026-10-24,IC Sale - Logistics Services Sept 24,,PO-2026-49740
3175,1000,142000,1800003175,INV/2026/09/13175,2026-09-10,3675.27,EUR,2026-10-10,IC Sale - Logistics Services Sept 10,,PO-2026-76712
3176,1000,142000,1800003176,INV/2026/09/13176,2026-09-12,274.95,EUR,2026-10-12,IC Sale - Logistics Services Sept 12,,PO-2026-17910
3177,1000,142000,1800003177,INV/2026/09/13177,2026-09-20,7831.7,EUR,2026-10-20,IC Sale - Logistics Services Sept 20,,PO-2026-53243
3178,1000,142000,1800003178,INV/2026/09/13178,2026-09-01,897.5,EUR,2026-10-01,IC Sale - Logistics Services Sept 01,,PO-2026-85083
3179,1000,142000,1800003179,INV/2026/09/13179,2026-09-18,2724.29,EUR,2026-10-18,IC Sale - Logistics Services Sept 18,,PO-2026-18128
3180,1000,142000,1800003180,INV/2026/09/13180,2026-09-06,2330.98,EUR,2026-10-06,IC Sale - Logistics Services Sept 06,,PO-2026-85757
3181,1000,142000,1800003181,INV/2026/09/13181,2026-09-08,4513.01,EUR,2026-10-08,IC Sale - Logistics Services Sept 08,,PO-2026-70458
3183,1000,142000,1800003183,INV/2026/09/13183,2026-09-22,20334.88,EUR,2026-10-22,IC Sale - Logistics Services Sept 22,,PO-2026-32870
3184,1000,142000,1800003184,INV/2026/09/13184,2026-09-02,6921.24,EUR,2026-10-02,IC Sale - Logistics Services Sept 02,,PO-2026-89666
3185,1000,142000,1800003185,INV/2026/09/13185,2026-09-25,510.6,EUR,2026-10-25,IC Sale - Logistics Services Sept 25,,PO-2026-28242
3186,1000,142000,1800003186,INV/2026/09/13186,2026-09-12,3690.34,EUR,2026-10-12,IC Sale - Logistics Services Sept 12,,PO-2026-20405
3187,1000,142000,1800003187,INV/2026/09/13187,2026-09-14,1087.15,EUR,2026-10-14,IC Sale - Logistics Services Sept 14,,PO-2026-57541
3188,1000,142000,1800003188,INV/2026/09/13188,2026-09-08,1115.64,EUR,2026-10-08,IC Sale - Logistics Services Sept 08,,PO-2026-85757
3189,1000,142000,1800003189,INV/2026/09/13189,2026-09-13,4482.52,EUR,2026-10-13,IC Sale - Logistics Services Sept 13,,PO-2026-65170
3190,1000,142000,1800003190,INV/2026/09/13190,2026-09-07,9289.44,EUR,2026-10-07,IC Sale - Logistics Services Sept 07,,PO-2026-77165
3191,1000,142000,1800003191,INV/2026/09/13191,2026-09-03,2252.46,EUR,2026-10-03,IC Sale - Logistics Services Sept 03,,PO-2026-82605
3192,1000,142000,1800003192,INV/2026/09/13192,2026-09-23,6707.7,EUR,2026-10-23,IC Sale - Logistics Services Sept 23,,PO-2026-41842
3193,1000,142000,1800003193,INV/2026/09/13193,2026-09-21,3849.09,EUR,2026-10-21,IC Sale - Logistics Services Sept 21,,PO-2026-23508
3194,1000,142000,1800003194,INV/2026/09/13194,2026-09-02,5324.91,EUR,2026-10-02,IC Sale - Logistics Services Sept 02,,PO-2026-62010
3195,1000,142000,1800003195,INV/2026/09/13195,2026-09-09,4473.43,EUR,2026-10-09,IC Sale - Logistics Services Sept 09,,PO-2026-94850
3196,1000,142000,1800003196,INV/2026/09/13196,2026-09-26,3889.29,EUR,2026-10-26,IC Sale - Logistics Services Sept 26,,PO-2026-91712
3197,1000,142000,1800003197,INV/2026/09/13197,2026-09-25,5291.22,EUR,2026-10-25,IC Sale - Logistics Services Sept 25,,PO-2026-96790
3198,1000,142000,1800003198,INV/2026/09/13198,2026-09-18,5198.88,EUR,2026-10-18,IC Sale - Logistics Services Sept 18,,PO-2026-25587
3199,1000,142000,1800003199,INV/2026/09/13199,2026-09-08,6469.14,EUR,2026-10-08,IC Sale - Logistics Services Sept 08,,PO-2026-76415
3200,1000,142000,1800003200,INV/2026/09/13200,2026-09-22,808.2,EUR,2026-10-22,IC Sale - Logistics Services Sept 22,,PO-2026-74017
3201,1000,142000,1800003201,INV/2026/09/13201,2026-09-24,1452.16,EUR,2026-10-24,IC Sale - Logistics Services Sept 24,,PO-2026-82367
3202,1000,142000,1800003202,INV/2026/09/13202,2026-09-11,2164.26,EUR,2026-10-11,IC Sale - Logistics Services Sept 11,,PO-2026-48771
3203,1000,142000,1800003203,INV/2026/09/13203,2026-09-08,3336.18,EUR,2026-10-08,IC Sale - Logistics Services Sept 08,,PO-2026-59876
3204,1000,142000,1800003204,INV/2026/09/13204,2026-09-17,1596.78,EUR,2026-10-17,IC Sale - Logistics Services Sept 17,,PO-2026-34055
3206,1000,142000,1800003206,INV/2026/09/13206,2026-09-16,12587.39,EUR,2026-10-16,IC Sale - Logistics Services Sept 16,,PO-2026-60469
3207,1000,142000,1800003207,INV/2026/09/13207,2026-09-10,9945.28,EUR,2026-10-10,IC Sale - Logistics Services Sept 10,,PO-2026-45977
3208,1000,142000,1800003208,INV/2026/09/13208,2026-09-20,5690.71,EUR,2026-10-20,IC Sale - Logistics Services Sept 20,,PO-2026-49701
3209,1000,142000,1800003209,INV/2026/09/13209,2026-09-25,3398.17,EUR,2026-10-25,IC Sale - Logistics Services Sept 25,,PO-2026-87186
3210,1000,142000,1800003210,INV/2026/09/13210,2026-09-04,243.79,EUR,2026-10-04,IC Sale - Logistics Services Sept 04,,PO-2026-41831
3211,1000,142000,1800003211,INV/2026/09/13211,2026-09-26,5046.78,EUR,2026-10-26,IC Sale - Logistics Services Sept 26,,PO-2026-68676
3212,1000,142000,1800003212,INV/2026/09/13212,2026-09-08,2354.47,EUR,2026-10-08,IC Sale - Logistics Services Sept 08,,PO-2026-36305
3213,1000,142000,1800003213,INV/2026/09/13213,2026-09-26,723.53,EUR,2026-10-26,IC Sale - Logistics Services Sept 26,,PO-2026-48319
3214,1000,142000,1800003214,INV/2026/09/13214,2026-09-12,3025.46,EUR,2026-10-12,IC Sale - Logistics Services Sept 12,,PO-2026-33236
3215,1000,142000,1800003215,INV/2026/09/13215,2026-09-26,219.87,EUR,2026-10-26,IC Sale - Logistics Services Sept 26,,PO-2026-55030
3216,1000,142000,1800003216,INV/2026/09/13216,2026-09-21,2744.78,EUR,2026-10-21,IC Sale - Logistics Services Sept 21,,PO-2026-83102
3217,1000,142000,1800003217,INV/2026/09/13217,2026-09-13,10880.9,EUR,2026-10-13,IC Sale - Logistics Services Sept 13,,PO-2026-65187
3218,1000,142000,1800003218,INV/2026/09/13218,2026-09-15,469.56,EUR,2026-10-15,IC Sale - Logistics Services Sept 15,,PO-2026-12380
3219,1000,142000,1800003219,INV/2026/09/13219,2026-09-20,2184.55,EUR,2026-10-20,IC Sale - Logistics Services Sept 20,,PO-2026-24045
3220,1000,142000,1800003220,INV/2026/09/13220,2026-09-03,8949.82,EUR,2026-10-03,IC Sale - Logistics Services Sept 03,,PO-2026-29717
3221,1000,142000,1800003221,INV/2026/09/13221,2026-09-11,793.47,EUR,2026-10-11,IC Sale - Logistics Services Sept 11,,PO-2026-76603
3222,1000,142000,1800003222,INV/2026/09/13222,2026-09-23,4512.28,EUR,2026-10-23,IC Sale - Logistics Services Sept 23,,PO-2026-42532
3224,1000,142000,1800003224,INV/2026/09/13224,2026-09-01,2296.11,EUR,2026-10-01,IC Sale - Logistics Services Sept 01,,PO-2026-24449
3226,1000,142000,1800003226,INV/2026/09/13226,2026-09-06,2658.41,EUR,2026-10-06,IC Sale - Logistics Services Sept 06,,PO-2026-75287
3227,1000,142000,1800003227,INV/2026/09/13227,2026-09-18,425.92,EUR,2026-10-18,IC Sale - Logistics Services Sept 18,,PO-2026-25048
3228,1000,142000,1800003228,INV/2026/09/13228,2026-09-16,16083.28,EUR,2026-10-16,IC Sale - Logistics Services Sept 16,,PO-2026-91473
3229,1000,142000,1800003229,INV/2026/09/13229,2026-09-14,5230.13,EUR,2026-10-14,IC Sale - Logistics Services Sept 14,,PO-2026-43910
3230,1000,142000,1800003230,INV/2026/09/13230,2026-09-03,4046.13,EUR,2026-10-03,IC Sale - Logistics Services Sept 03,,PO-2026-12728
3231,1000,142000,1800003231,INV/2026/09/13231,2026-09-04,4155.52,EUR,2026-10-04,IC Sale - Logistics Services Sept 04,,PO-2026-23805
3232,1000,142000,1800003232,INV/2026/09/13232,2026-09-03,4330.93,EUR,2026-10-03,IC Sale - Logistics Services Sept 03,,PO-2026-63700
3233,1000,142000,1800003233,INV/2026/09/13233,2026-09-06,206.59,EUR,2026-10-06,IC Sale - Logistics Services Sept 06,,PO-2026-79960
3234,1000,142000,1800003234,INV/2026/09/13234,2026-09-10,1120.85,EUR,2026-10-10,IC Sale - Logistics Services Sept 10,,PO-2026-96673
3235,1000,142000,1800003235,INV/2026/09/13235,2026-09-13,1170.31,EUR,2026-10-13,IC Sale - Logistics Services Sept 13,,PO-2026-80068
3236,1000,142000,1800003236,INV/2026/09/13236,2026-09-11,3584.29,EUR,2026-10-11,IC Sale - Logistics Services Sept 11,,PO-2026-65558
3237,1000,142000,1800003237,INV/2026/09/13237,2026-09-26,6017.68,EUR,2026-10-26,IC Sale - Logistics Services Sept 26,,PO-2026-65317
3239,1000,142000,1800003239,INV/2026/09/13239,2026-09-03,3579.38,EUR,2026-10-03,IC Sale - Logistics Services Sept 03,,PO-2026-63297
3240,1000,142000,1800003240,INV/2026/09/13240,2026-09-21,945.37,EUR,2026-10-21,IC Sale - Logistics Services Sept 21,,PO-2026-68190
3241,1000,142000,1800003241,INV/2026/09/13241,2026-09-26,3802.55,EUR,2026-10-26,IC Sale - Logistics Services Sept 26,,PO-2026-50004
3242,1000,142000,1800003242,INV/2026/09/13242,2026-09-09,2998.03,EUR,2026-10-09,IC Sale - Logistics Services Sept 09,,PO-2026-33544
3245,1000,142000,1800003245,INV/2026/09/13245,2026-09-16,529.39,EUR,2026-10-16,IC Sale - Logistics Services Sept 16,,PO-2026-23228
3246,1000,142000,1800003246,INV/2026/09/13246,2026-09-27,8615.41,EUR,2026-10-27,IC Sale - Logistics Services Sept 27,,PO-2026-34543
3247,1000,142000,1800003247,INV/2026/09/13247,2026-09-17,1049.21,EUR,2026-10-17,IC Sale - Logistics Services Sept 17,,PO-2026-37115
3248,1000,142000,1800003248,INV/2026/09/13248,2026-09-13,1244.3,EUR,2026-10-13,IC Sale - Logistics Services Sept 13,,PO-2026-80438
3249,1000,142000,1800003249,INV/2026/09/13249,2026-09-28,12011.98,EUR,2026-10-28,IC Sale - Logistics Services Sept 28,,PO-2026-15260
3250,1000,142000,1800003250,INV/2026/09/13250,2026-09-07,436.48,EUR,2026-10-07,IC Sale - Logistics Services Sept 07,,PO-2026-95171
3251,1000,142000,1800003251,INV/2026/09/13251,2026-09-28,5445.01,EUR,2026-10-28,IC Sale - Logistics Services Sept 28,,PO-2026-86445
3252,1000,142000,1800003252,INV/2026/09/13252,2026-09-14,1723.48,EUR,2026-10-14,IC Sale - Logistics Services Sept 14,,PO-2026-26175
3253,1000,142000,1800003253,INV/2026/09/13253,2026-09-10,9080.87,EUR,2026-10-10,IC Sale - Logistics Services Sept 10,,PO-2026-24313
3254,1000,142000,1800003254,INV/2026/09/13254,2026-09-25,283.72,EUR,2026-10-25,IC Sale - Logistics Services Sept 25,,PO-2026-99720
3255,1000,142000,1800003255,INV/2026/09/13255,2026-09-18,1498.71,EUR,2026-10-18,IC Sale - Logistics Services Sept 18,,PO-2026-83827
3256,1000,142000,1800003256,INV/2026/09/13256,2026-09-16,866.82,EUR,2026-10-16,IC Sale - Logistics Services Sept 16,,PO-2026-83492
3257,1000,142000,1800003257,INV/2026/09/13257,2026-09-08,6239.67,EUR,2026-10-08,IC Sale - Logistics Services Sept 08,,PO-2026-88936
3258,1000,142000,1800003258,INV/2026/09/13258,2026-09-21,2472.86,EUR,2026-10-21,IC Sale - Logistics Services Sept 21,,PO-2026-11151
3259,1000,142000,1800003259,INV/2026/09/13259,2026-09-19,2388.1,EUR,2026-10-19,IC Sale - Logistics Services Sept 19,,PO-2026-37653
3260,1000,142000,1800003260,INV/2026/09/13260,2026-09-01,3613.44,EUR,2026-10-01,IC Sale - Logistics Services Sept 01,,PO-2026-43101
3261,1000,142000,1800003261,INV/2026/09/13261,2026-09-19,6121.56,EUR,2026-10-19,IC Sale - Logistics Services Sept 19,,PO-2026-58266
3262,1000,142000,1800003262,INV/2026/09/13262,2026-09-26,2864.6,EUR,2026-10-26,IC Sale - Logistics Services Sept 26,,PO-2026-40225
3263,1000,142000,1800003263,INV/2026/09/13263,2026-09-28,1050.33,EUR,2026-10-28,IC Sale - Logistics Services Sept 28,,PO-2026-12222
3264,1000,142000,1800003264,INV/2026/09/13264,2026-09-24,234.54,EUR,2026-10-24,IC Sale - Logistics Services Sept 24,,PO-2026-71985
3265,1000,142000,1800003265,INV/2026/09/13265,2026-09-21,7812.29,EUR,2026-10-21,IC Sale - Logistics Services Sept 21,,PO-2026-42879
3266,1000,142000,1800003266,INV/2026/09/13266,2026-09-12,3245.85,EUR,2026-10-12,IC Sale - Logistics Services Sept 12,,PO-2026-63752
3267,1000,142000,1800003267,INV/2026/09/13267,2026-09-13,3839.49,EUR,2026-10-13,IC Sale - Logistics Services Sept 13,,PO-2026-46431
3268,1000,142000,1800003268,INV/2026/09/13268,2026-09-11,2095.16,EUR,2026-10-11,IC Sale - Logistics Services Sept 11,,PO-2026-91324
3269,1000,142000,1800003269,INV/2026/09/13269,2026-09-27,1538.31,EUR,2026-10-27,IC Sale - Logistics Services Sept 27,,PO-2026-22091
3270,1000,142000,1800003270,INV/2026/09/13270,2026-09-24,337.24,EUR,2026-10-24,IC Sale - Logistics Services Sept 24,,PO-2026-24247
3271,1000,142000,1800003271,INV/2026/09/13271,2026-09-25,6534.14,EUR,2026-10-25,IC Sale - Logistics Services Sept 25,,PO-2026-45943
3272,1000,142000,1800003272,INV/2026/09/13272,2026-09-22,3938.56,EUR,2026-10-22,IC Sale - Logistics Services Sept 22,,PO-2026-39990
3273,1000,142000,1800003273,INV/2026/09/13273,2026-09-15,3656.96,EUR,2026-10-15,IC Sale - Logistics Services Sept 15,,PO-2026-29057
3274,1000,142000,1800003274,INV/2026/09/13274,2026-09-03,14841.08,EUR,2026-10-03,IC Sale - Logistics Services Sept 03,,PO-2026-44266
3275,1000,142000,1800003275,INV/2026/09/13275,2026-09-22,279.45,EUR,2026-10-22,IC Sale - Logistics Services Sept 22,,PO-2026-36820
3276,1000,142000,1800003276,INV/2026/09/13276,2026-09-11,2397.22,EUR,2026-10-11,IC Sale - Logistics Services Sept 11,,PO-2026-14836
3277,1000,142000,1800003277,INV/2026/09/13277,2026-09-15,7905.99,EUR,2026-10-15,IC Sale - Logistics Services Sept 15,,PO-2026-97395
3278,1000,142000,1800003278,INV/2026/09/13278,2026-09-03,3787.28,EUR,2026-10-03,IC Sale - Logistics Services Sept 03,,PO-2026-94559
3279,1000,142000,1800003279,INV/2026/09/13279,2026-09-22,323.18,EUR,2026-10-22,IC Sale - Logistics Services Sept 22,,PO-2026-32944
3280,1000,142000,1800003280,INV/2026/09/13280,2026-09-21,2010.16,EUR,2026-10-21,IC Sale - Logistics Services Sept 21,,PO-2026-37338
3281,1000,142000,1800003281,INV/2026/09/13281,2026-09-28,5878.74,EUR,2026-10-28,IC Sale - Logistics Services Sept 28,,PO-2026-17845
3282,1000,142000,1800003282,INV/2026/09/13282,2026-09-20,3483.72,EUR,2026-10-20,IC Sale - Logistics Services Sept 20,,PO-2026-26234
3283,1000,142000,1800003283,INV/2026/09/13283,2026-09-09,1009.54,EUR,2026-10-09,IC Sale - Logistics Services Sept 09,,PO-2026-83388
3284,1000,142000,1800003284,INV/2026/09/13284,2026-09-16,2138.74,EUR,2026-10-16,IC Sale - Logistics Services Sept 16,,PO-2026-75342
3285,1000,142000,1800003285,INV/2026/09/13285,2026-09-16,1613.54,EUR,2026-10-16,IC Sale - Logistics Services Sept 16,,PO-2026-32650
3286,1000,142000,1800003286,INV/2026/09/13286,2026-09-03,4895.16,EUR,2026-10-03,IC Sale - Logistics Services Sept 03,,PO-2026-12958
3287,1000,142000,1800003287,INV/2026/09/13287,2026-09-12,5220.24,EUR,2026-10-12,IC Sale - Logistics Services Sept 12,,PO-2026-75452
3289,1000,142000,1800003289,INV/2026/09/13289,2026-09-22,444.19,EUR,2026-10-22,IC Sale - Logistics Services Sept 22,,PO-2026-33005
3290,1000,142000,1800003290,INV/2026/09/13290,2026-09-06,1577.12,EUR,2026-10-06,IC Sale - Logistics Services Sept 06,,PO-2026-37093
3291,1000,142000,1800003291,INV/2026/09/13291,2026-09-19,8413.96,EUR,2026-10-19,IC Sale - Logistics Services Sept 19,,PO-2026-79625
3292,1000,142000,1800003292,INV/2026/09/13292,2026-09-29,2031.77,EUR,2026-10-29,IC Sale - Logistics Services Sept 29,,PO-2026-24753
3293,1000,142000,1800003293,INV/2026/09/13293,2026-09-01,2805.59,EUR,2026-10-01,IC Sale - Logistics Services Sept 01,,PO-2026-64872
3294,1000,142000,1800003294,INV/2026/09/13294,2026-09-18,12300.14,EUR,2026-10-18,IC Sale - Logistics Services Sept 18,,PO-2026-32867
3295,1000,142000,1800003295,INV/2026/09/13295,2026-09-18,729.57,EUR,2026-10-18,IC Sale - Logistics Services Sept 18,,PO-2026-72999
3296,1000,142000,1800003296,INV/2026/09/13296,2026-09-23,5026.83,EUR,2026-10-23,IC Sale - Logistics Services Sept 23,,PO-2026-84720
3297,1000,142000,1800003297,INV/2026/09/13297,2026-09-01,2364.65,EUR,2026-10-01,IC Sale - Logistics Services Sept 01,,PO-2026-78832
3298,1000,142000,1800003298,INV/2026/09/13298,2026-09-07,797.58,EUR,2026-10-07,IC Sale - Logistics Services Sept 07,,PO-2026-27665
3299,1000,142000,1800003299,INV/2026/09/13299,2026-09-25,4997.34,EUR,2026-10-25,IC Sale - Logistics Services Sept 25,,PO-2026-48310
3300,1000,142000,1800003300,INV/2026/09/13300,2026-09-07,194.2,EUR,2026-10-07,IC Sale - Logistics Services Sept 07,,PO-2026-68558
3302,1000,142000,1800003302,INV/2026/09/13302,2026-09-25,218.55,EUR,2026-10-25,IC Sale - Logistics Services Sept 25,,PO-2026-23897
3303,1000,142000,1800003303,INV/2026/09/13303,2026-09-26,459.87,EUR,2026-10-26,IC Sale - Logistics Services Sept 26,,PO-2026-83638
3304,1000,142000,1800003304,INV/2026/09/13304,2026-09-05,1067.23,EUR,2026-10-05,IC Sale - Logistics Services Sept 05,,PO-2026-34710
3305,1000,142000,1800003305,INV/2026/09/13305,2026-09-26,2123.04,EUR,2026-10-26,IC Sale - Logistics Services Sept 26,,PO-2026-90723
3306,1000,142000,1800003306,INV/2026/09/13306,2026-09-17,4049.52,EUR,2026-10-17,IC Sale - Logistics Services Sept 17,,PO-2026-15327
3307,1000,142000,1800003307,INV/2026/09/13307,2026-09-10,193.51,EUR,2026-10-10,IC Sale - Logistics Services Sept 10,,PO-2026-99858
3309,1000,142000,1800003309,INV/2026/09/13309,2026-09-25,666.25,EUR,2026-10-25,IC Sale - Logistics Services Sept 25,,PO-2026-95847
3310,1000,142000,1800003310,INV/2026/09/13310,2026-09-15,2172.94,EUR,2026-10-15,IC Sale - Logistics Services Sept 15,,PO-2026-54928
3311,1000,142000,1800003311,INV/2026/09/13311,2026-09-05,1264.24,EUR,2026-10-05,IC Sale - Logistics Services Sept 05,,PO-2026-85258
3312,1000,142000,1800003312,INV/2026/09/13312,2026-09-20,507.26,EUR,2026-10-20,IC Sale - Logistics Services Sept 20,,PO-2026-38724
3313,1000,142000,1800003313,INV/2026/09/13313,2026-09-14,2752.34,EUR,2026-10-14,IC Sale - Logistics Services Sept 14,,PO-2026-48845
3314,1000,142000,1800003314,INV/2026/09/13314,2026-09-05,9366.46,EUR,2026-10-05,IC Sale - Logistics Services Sept 05,,PO-2026-66991
3315,1000,142000,1800003315,INV/2026/09/13315,2026-09-08,4845.11,EUR,2026-10-08,IC Sale - Logistics Services Sept 08,,PO-2026-75591
3316,1000,142000,1800003316,INV/2026/09/13316,2026-09-24,12154.25,EUR,2026-10-24,IC Sale - Logistics Services Sept 24,,PO-2026-36392
3317,1000,142000,1800003317,INV/2026/09/13317,2026-09-02,5452.6,EUR,2026-10-02,IC Sale - Logistics Services Sept 02,,PO-2026-36041
3318,1000,142000,1800003318,INV/2026/09/13318,2026-09-13,434.88,EUR,2026-10-13,IC Sale - Logistics Services Sept 13,,PO-2026-12858
3319,1000,142000,1800003319,INV/2026/09/13319,2026-09-27,1045.37,EUR,2026-10-27,IC Sale - Logistics Services Sept 27,,PO-2026-45711
3320,1000,142000,1800003320,INV/2026/09/13320,2026-09-09,689.75,EUR,2026-10-09,IC Sale - Logistics Services Sept 09,,PO-2026-30058
3321,1000,142000,1800003321,INV/2026/09/13321,2026-09-07,1136.34,EUR,2026-10-07,IC Sale - Logistics Services Sept 07,,PO-2026-81404
3322,1000,142000,1800003322,INV/2026/09/13322,2026-09-24,4612.83,EUR,2026-10-24,IC Sale - Logistics Services Sept 24,,PO-2026-82087
3323,1000,142000,1800003323,INV/2026/09/13323,2026-09-21,1038.2,EUR,2026-10-21,IC Sale - Logistics Services Sept 21,,PO-2026-59726
3324,1000,142000,1800003324,INV/2026/09/13324,2026-09-18,1084.96,EUR,2026-10-18,IC Sale - Logistics Services Sept 18,,PO-2026-67117
3325,1000,142000,1800003325,INV/2026/09/13325,2026-09-27,4535.69,EUR,2026-10-27,IC Sale - Logistics Services Sept 27,,PO-2026-93340
3326,1000,142000,1800003326,INV/2026/09/13326,2026-09-27,4591.22,EUR,2026-10-27,IC Sale - Logistics Services Sept 27,,PO-2026-59998
3327,1000,142000,1800003327,INV/2026/09/13327,2026-09-04,4354.91,EUR,2026-10-04,IC Sale - Logistics Services Sept 04,,PO-2026-76469
3328,1000,142000,1800003328,INV/2026/09/13328,2026-09-05,3075.91,EUR,2026-10-05,IC Sale - Logistics Services Sept 05,,PO-2026-40761
3329,1000,142000,1800003329,INV/2026/09/13329,2026-09-03,2762.34,EUR,2026-10-03,IC Sale - Logistics Services Sept 03,,PO-2026-98634
3330,1000,142000,1800003330,INV/2026/09/13330,2026-09-21,2895.62,EUR,2026-10-21,IC Sale - Logistics Services Sept 21,,PO-2026-53575
3331,1000,142000,1800003331,INV/2026/09/13331,2026-09-29,10594.73,EUR,2026-10-29,IC Sale - Logistics Services Sept 29,,PO-2026-20332
3332,1000,142000,1800003332,INV/2026/09/13332,2026-09-08,1158.57,EUR,2026-10-08,IC Sale - Logistics Services Sept 08,,PO-2026-40478
3333,1000,142000,1800003333,INV/2026/09/13333,2026-09-17,1437.76,EUR,2026-10-17,IC Sale - Logistics Services Sept 17,,PO-2026-38759
3334,1000,142000,1800003334,INV/2026/09/13334,2026-09-13,353.87,EUR,2026-10-13,IC Sale - Logistics Services Sept 13,,PO-2026-61158
3335,1000,142000,1800003335,INV/2026/09/13335,2026-09-17,238.0,EUR,2026-10-17,IC Sale - Logistics Services Sept 17,,PO-2026-31750
3336,1000,142000,1800003336,INV/2026/09/13336,2026-09-20,5131.63,EUR,2026-10-20,IC Sale - Logistics Services Sept 20,,PO-2026-24736
3337,1000,142000,1800003337,INV/2026/09/13337,2026-09-17,2455.91,EUR,2026-10-17,IC Sale - Logistics Services Sept 17,,PO-2026-64328
3338,1000,142000,1800003338,INV/2026/09/13338,2026-09-07,1418.57,EUR,2026-10-07,IC Sale - Logistics Services Sept 07,,PO-2026-27560
3339,1000,142000,1800003339,INV/2026/09/13339,2026-09-09,3065.18,EUR,2026-10-09,IC Sale - Logistics Services Sept 09,,PO-2026-77149
3340,1000,142000,1800003340,INV/2026/09/13340,2026-09-25,1447.33,EUR,2026-10-25,IC Sale - Logistics Services Sept 25,,PO-2026-71535
3341,1000,142000,1800003341,INV/2026/09/13341,2026-09-28,3821.63,EUR,2026-10-28,IC Sale - Logistics Services Sept 28,,PO-2026-65248
3343,1000,142000,1800003343,INV/2026/09/13343,2026-09-07,5614.31,EUR,2026-10-07,IC Sale - Logistics Services Sept 07,,PO-2026-73777
3344,1000,142000,1800003344,INV/2026/09/13344,2026-09-22,6824.24,EUR,2026-10-22,IC Sale - Logistics Services Sept 22,,PO-2026-72499
3345,1000,142000,1800003345,INV/2026/09/13345,2026-09-16,1393.54,EUR,2026-10-16,IC Sale - Logistics Services Sept 16,,PO-2026-56416
3346,1000,142000,1800003346,INV/2026/09/13346,2026-09-11,672.85,EUR,2026-10-11,IC Sale - Logistics Services Sept 11,,PO-2026-87398
3348,1000,142000,1800003348,INV/2026/09/13348,2026-09-24,1495.09,EUR,2026-10-24,IC Sale - Logistics Services Sept 24,,PO-2026-79679
3349,1000,142000,1800003349,INV/2026/09/13349,2026-09-18,4004.58,EUR,2026-10-18,IC Sale - Logistics Services Sept 18,,PO-2026-56593
3350,1000,142000,1800003350,INV/2026/09/13350,2026-09-16,2053.15,EUR,2026-10-16,IC Sale - Logistics Services Sept 16,,PO-2026-50677
3351,1000,142000,1800003351,INV/2026/09/13351,2026-09-19,9114.05,EUR,2026-10-19,IC Sale - Logistics Services Sept 19,,PO-2026-52635
3352,1000,142000,1800003352,INV/2026/09/13352,2026-09-22,828.3,EUR,2026-10-22,IC Sale - Logistics Services Sept 22,,PO-2026-76756
3353,1000,142000,1800003353,INV/2026/09/13353,2026-09-02,2975.27,EUR,2026-10-02,IC Sale - Logistics Services Sept 02,,PO-2026-18104
3355,1000,142000,1800003355,INV/2026/09/13355,2026-09-24,2858.15,EUR,2026-10-24,IC Sale - Logistics Services Sept 24,,PO-2026-51752
3356,1000,142000,1800003356,INV/2026/09/13356,2026-09-26,1393.57,EUR,2026-10-26,IC Sale - Logistics Services Sept 26,,PO-2026-59043
3357,1000,142000,1800003357,INV/2026/09/13357,2026-09-26,917.75,EUR,2026-10-26,IC Sale - Logistics Services Sept 26,,PO-2026-66337
3358,1000,142000,1800003358,INV/2026/09/13358,2026-09-20,10616.43,EUR,2026-10-20,IC Sale - Logistics Services Sept 20,,PO-2026-17138
3359,1000,142000,1800003359,INV/2026/09/13359,2026-09-09,3829.5,EUR,2026-10-09,IC Sale - Logistics Services Sept 09,,PO-2026-79956
3360,1000,142000,1800003360,INV/2026/09/13360,2026-09-27,4804.27,EUR,2026-10-27,IC Sale - Logistics Services Sept 27,,PO-2026-45829
3362,1000,142000,1800003362,INV/2026/09/13362,2026-09-05,9961.08,EUR,2026-10-05,IC Sale - Logistics Services Sept 05,,PO-2026-27531
3363,1000,142000,1800003363,INV/2026/09/13363,2026-09-16,7965.11,EUR,2026-10-16,IC Sale - Logistics Services Sept 16,,PO-2026-76709
3364,1000,142000,1800003364,INV/2026/09/13364,2026-09-22,3902.99,EUR,2026-10-22,IC Sale - Logistics Services Sept 22,,PO-2026-54270
3365,1000,142000,1800003365,INV/2026/09/13365,2026-09-13,1936.69,EUR,2026-10-13,IC Sale - Logistics Services Sept 13,,PO-2026-20262
3366,1000,142000,1800003366,INV/2026/09/13366,2026-09-15,1868.59,EUR,2026-10-15,IC Sale - Logistics Services Sept 15,,PO-2026-64575
3367,1000,142000,1800003367,INV/2026/09/13367,2026-09-11,3342.79,EUR,2026-10-11,IC Sale - Logistics Services Sept 11,,PO-2026-37462
3368,1000,142000,1800003368,INV/2026/09/13368,2026-09-23,5769.42,EUR,2026-10-23,IC Sale - Logistics Services Sept 23,,PO-2026-78623
3369,1000,142000,1800003369,INV/2026/09/13369,2026-09-09,1981.66,EUR,2026-10-09,IC Sale - Logistics Services Sept 09,,PO-2026-24979
3371,1000,142000,1800003371,INV/2026/09/13371,2026-09-27,5722.95,EUR,2026-10-27,IC Sale - Logistics Services Sept 27,,PO-2026-43931
3372,1000,142000,1800003372,INV/2026/09/13372,2026-09-02,420.21,EUR,2026-10-02,IC Sale - Logistics Services Sept 02,,PO-2026-24142
3373,1000,142000,1800003373,INV/2026/09/13373,2026-09-05,5210.24,EUR,2026-10-05,IC Sale - Logistics Services Sept 05,,PO-2026-93387
3374,1000,142000,1800003374,INV/2026/09/13374,2026-09-04,210.67,EUR,2026-10-04,IC Sale - Logistics Services Sept 04,,PO-2026-44729
3375,1000,142000,1800003375,INV/2026/09/13375,2026-09-25,1278.24,EUR,2026-10-25,IC Sale - Logistics Services Sept 25,,PO-2026-53206
3376,1000,142000,1800003376,INV/2026/09/13376,2026-09-24,9685.5,EUR,2026-10-24,IC Sale - Logistics Services Sept 24,,PO-2026-56531
3377,1000,142000,1800003377,INV/2026/09/13377,2026-09-06,2526.37,EUR,2026-10-06,IC Sale - Logistics Services Sept 06,,PO-2026-56210
3378,1000,142000,1800003378,INV/2026/09/13378,2026-09-19,3602.3,EUR,2026-10-19,IC Sale - Logistics Services Sept 19,,PO-2026-68927
3379,1000,142000,1800003379,INV/2026/09/13379,2026-09-01,8411.24,EUR,2026-10-01,IC Sale - Logistics Services Sept 01,,PO-2026-84815
3380,1000,142000,1800003380,INV/2026/09/13380,2026-09-09,3158.77,EUR,2026-10-09,IC Sale - Logistics Services Sept 09,,PO-2026-17073
3381,1000,142000,1800003381,INV/2026/09/13381,2026-09-29,3032.37,EUR,2026-10-29,IC Sale - Logistics Services Sept 29,,PO-2026-35697
3382,1000,142000,1800003382,INV/2026/09/13382,2026-09-10,3364.77,EUR,2026-10-10,IC Sale - Logistics Services Sept 10,,PO-2026-58702
3383,1000,142000,1800003383,INV/2026/09/13383,2026-09-08,657.52,EUR,2026-10-08,IC Sale - Logistics Services Sept 08,,PO-2026-61380
3384,1000,142000,1800003384,INV/2026/09/13384,2026-09-24,3608.75,EUR,2026-10-24,IC Sale - Logistics Services Sept 24,,PO-2026-46366
3385,1000,142000,1800003385,INV/2026/09/13385,2026-09-13,2805.66,EUR,2026-10-13,IC Sale - Logistics Services Sept 13,,PO-2026-72833
3386,1000,142000,1800003386,INV/2026/09/13386,2026-09-08,3926.6,EUR,2026-10-08,IC Sale - Logistics Services Sept 08,,PO-2026-97305
3387,1000,142000,1800003387,INV/2026/09/13387,2026-09-13,2341.97,EUR,2026-10-13,IC Sale - Logistics Services Sept 13,,PO-2026-75522
3388,1000,142000,1800003388,INV/2026/09/13388,2026-09-28,4039.44,EUR,2026-10-28,IC Sale - Logistics Services Sept 28,,PO-2026-95507
3389,1000,142000,1800003389,INV/2026/09/13389,2026-09-08,1436.32,EUR,2026-10-08,IC Sale - Logistics Services Sept 08,,PO-2026-70354
3390,1000,142000,1800003390,INV/2026/09/13390,2026-09-22,3148.72,EUR,2026-10-22,IC Sale - Logistics Services Sept 22,,PO-2026-49584
3391,1000,142000,1800003391,INV/2026/09/13391,2026-09-19,3204.98,EUR,2026-10-19,IC Sale - Logistics Services Sept 19,,PO-2026-92891
3392,1000,142000,1800003392,INV/2026/09/13392,2026-09-19,737.15,EUR,2026-10-19,IC Sale - Logistics Services Sept 19,,PO-2026-81175
3393,1000,142000,1800003393,INV/2026/09/13393,2026-09-01,6963.12,EUR,2026-10-01,IC Sale - Logistics Services Sept 01,,PO-2026-20160
3394,1000,142000,1800003394,INV/2026/09/13394,2026-09-08,2562.01,EUR,2026-10-08,IC Sale - Logistics Services Sept 08,,PO-2026-17241
3395,1000,142000,1800003395,INV/2026/09/13395,2026-09-17,2835.28,EUR,2026-10-17,IC Sale - Logistics Services Sept 17,,PO-2026-35399
3396,1000,142000,1800003396,INV/2026/09/13396,2026-09-11,2576.25,EUR,2026-10-11,IC Sale - Logistics Services Sept 11,,PO-2026-91378
3397,1000,142000,1800003397,INV/2026/09/13397,2026-09-02,1286.72,EUR,2026-10-02,IC Sale - Logistics Services Sept 02,,PO-2026-68117
3398,1000,142000,1800003398,INV/2026/09/13398,2026-09-29,26402.59,EUR,2026-10-29,IC Sale - Logistics Services Sept 29,,PO-2026-30129
3399,1000,142000,1800003399,INV/2026/09/13399,2026-09-18,276.77,EUR,2026-10-18,IC Sale - Logistics Services Sept 18,,PO-2026-26692
3400,1000,142000,1800003400,INV/2026/09/13400,2026-09-26,959.4,EUR,2026-10-26,IC Sale - Logistics Services Sept 26,,PO-2026-28380
3401,1000,142000,1800003401,INV/2026/09/13401,2026-09-05,3336.55,EUR,2026-10-05,IC Sale - Logistics Services Sept 05,,PO-2026-19243
3402,1000,142000,1800003402,INV/2026/09/13402,2026-09-28,1604.53,EUR,2026-10-28,IC Sale - Logistics Services Sept 28,,PO-2026-86081
3403,1000,142000,1800003403,INV/2026/09/13403,2026-09-01,2917.15,EUR,2026-10-01,IC Sale - Logistics Services Sept 01,,PO-2026-42635
3404,1000,142000,1800003404,INV/2026/09/13404,2026-09-29,8185.53,EUR,2026-10-29,IC Sale - Logistics Services Sept 29,,PO-2026-44217
3405,1000,142000,1800003405,INV/2026/09/13405,2026-09-10,191.21,EUR,2026-10-10,IC Sale - Logistics Services Sept 10,,PO-2026-61983
3406,1000,142000,1800003406,INV/2026/09/13406,2026-09-29,1549.07,EUR,2026-10-29,IC Sale - Logistics Services Sept 29,,PO-2026-23686
3407,1000,142000,1800003407,INV/2026/09/13407,2026-09-21,14503.39,EUR,2026-10-21,IC Sale - Logistics Services Sept 21,,PO-2026-57123
3408,1000,142000,1800003408,INV/2026/09/13408,2026-09-18,458.25,EUR,2026-10-18,IC Sale - Logistics Services Sept 18,,PO-2026-32033
3409,1000,142000,1800003409,INV/2026/09/13409,2026-09-22,528.45,EUR,2026-10-22,IC Sale - Logistics Services Sept 22,,PO-2026-46493
3410,1000,142000,1800003410,INV/2026/09/13410,2026-09-16,1595.91,EUR,2026-10-16,IC Sale - Logistics Services Sept 16,,PO-2026-30087
3411,1000,142000,1800003411,INV/2026/09/13411,2026-09-23,1881.39,EUR,2026-10-23,IC Sale - Logistics Services Sept 23,,PO-2026-95103
3412,1000,142000,1800003412,INV/2026/09/13412,2026-09-17,5910.63,EUR,2026-10-17,IC Sale - Logistics Services Sept 17,,PO-2026-79753
3413,1000,142000,1800003413,INV/2026/09/13413,2026-09-23,5238.33,EUR,2026-10-23,IC Sale - Logistics Services Sept 23,,PO-2026-39271
3414,1000,142000,1800003414,INV/2026/09/13414,2026-09-20,2346.06,EUR,2026-10-20,IC Sale - Logistics Services Sept 20,,PO-2026-37483
3415,1000,142000,1800003415,INV/2026/09/13415,2026-09-04,1051.67,EUR,2026-10-04,IC Sale - Logistics Services Sept 04,,PO-2026-45851
3416,1000,142000,1800003416,INV/2026/09/13416,2026-09-27,2700.34,EUR,2026-10-27,IC Sale - Logistics Services Sept 27,,PO-2026-19369
3417,1000,142000,1800003417,INV/2026/09/13417,2026-09-21,7085.31,EUR,2026-10-21,IC Sale - Logistics Services Sept 21,,PO-2026-15834
3418,1000,142000,1800003418,INV/2026/09/13418,2026-09-28,2112.37,EUR,2026-10-28,IC Sale - Logistics Services Sept 28,,PO-2026-87538
3419,1000,142000,1800003419,INV/2026/09/13419,2026-09-26,3462.62,EUR,2026-10-26,IC Sale - Logistics Services Sept 26,,PO-2026-28915
3421,1000,142000,1800003421,INV/2026/09/13421,2026-09-16,1651.98,EUR,2026-10-16,IC Sale - Logistics Services Sept 16,,PO-2026-50848
3422,1000,142000,1800003422,INV/2026/09/13422,2026-09-01,654.79,EUR,2026-10-01,IC Sale - Logistics Services Sept 01,,PO-2026-32686
3423,1000,142000,1800003423,INV/2026/09/13423,2026-09-23,2356.51,EUR,2026-10-23,IC Sale - Logistics Services Sept 23,,PO-2026-12448
3424,1000,142000,1800003424,INV/2026/09/13424,2026-09-14,3848.07,EUR,2026-10-14,IC Sale - Logistics Services Sept 14,,PO-2026-21046
3425,1000,142000,1800003425,INV/2026/09/13425,2026-09-22,534.27,EUR,2026-10-22,IC Sale - Logistics Services Sept 22,,PO-2026-40091
3426,1000,142000,1800003426,INV/2026/09/13426,2026-09-22,231.72,EUR,2026-10-22,IC Sale - Logistics Services Sept 22,,PO-2026-71164
3427,1000,142000,1800003427,INV/2026/09/13427,2026-09-02,367.48,EUR,2026-10-02,IC Sale - Logistics Services Sept 02,,PO-2026-40845
3428,1000,142000,1800003428,INV/2026/09/13428,2026-09-16,2127.72,EUR,2026-10-16,IC Sale - Logistics Services Sept 16,,PO-2026-14268
3429,1000,142000,1800003429,INV/2026/09/13429,2026-09-13,7502.69,EUR,2026-10-13,IC Sale - Logistics Services Sept 13,,PO-2026-48913
3430,1000,142000,1800003430,INV/2026/09/13430,2026-09-29,6768.38,EUR,2026-10-29,IC Sale - Logistics Services Sept 29,,PO-2026-60998
3431,1000,142000,1800003431,INV/2026/09/13431,2026-09-03,2778.9,EUR,2026-10-03,IC Sale - Logistics Services Sept 03,,PO-2026-69200
3433,1000,142000,1800003433,INV/2026/09/13433,2026-09-03,367.57,EUR,2026-10-03,IC Sale - Logistics Services Sept 03,,PO-2026-15123
3434,1000,142000,1800003434,INV/2026/09/13434,2026-09-07,2917.36,EUR,2026-10-07,IC Sale - Logistics Services Sept 07,,PO-2026-57523
3435,1000,142000,1800003435,INV/2026/09/13435,2026-09-03,462.33,EUR,2026-10-03,IC Sale - Logistics Services Sept 03,,PO-2026-96990
3436,1000,142000,1800003436,INV/2026/09/13436,2026-09-12,1275.71,EUR,2026-10-12,IC Sale - Logistics Services Sept 12,,PO-2026-79253
3437,1000,142000,1800003437,INV/2026/09/13437,2026-09-16,3930.01,EUR,2026-10-16,IC Sale - Logistics Services Sept 16,,PO-2026-63724
3438,1000,142000,1800003438,INV/2026/09/13438,2026-09-15,183.32,EUR,2026-10-15,IC Sale - Logistics Services Sept 15,,PO-2026-10272
3439,1000,142000,1800003439,INV/2026/09/13439,2026-09-26,1726.62,EUR,2026-10-26,IC Sale - Logistics Services Sept 26,,PO-2026-13979
3440,1000,142000,1800003440,INV/2026/09/13440,2026-09-23,4835.56,EUR,2026-10-23,IC Sale - Logistics Services Sept 23,,PO-2026-64258
3441,1000,142000,1800003441,INV/2026/09/13441,2026-09-02,982.61,EUR,2026-10-02,IC Sale - Logistics Services Sept 02,,PO-2026-33088
3442,1000,142000,1800003442,INV/2026/09/13442,2026-09-23,6388.92,EUR,2026-10-23,IC Sale - Logistics Services Sept 23,,PO-2026-99786
3443,1000,142000,1800003443,INV/2026/09/13443,2026-09-27,1684.95,EUR,2026-10-27,IC Sale - Logistics Services Sept 27,,PO-2026-98908
3444,1000,142000,1800003444,INV/2026/09/13444,2026-09-24,987.0,EUR,2026-10-24,IC Sale - Logistics Services Sept 24,,PO-2026-19298
3445,1000,142000,1800003445,INV/2026/09/13445,2026-09-10,503.14,EUR,2026-10-10,IC Sale - Logistics Services Sept 10,,PO-2026-26807
3446,1000,142000,1800003446,INV/2026/09/13446,2026-09-18,4110.71,EUR,2026-10-18,IC Sale - Logistics Services Sept 18,,PO-2026-73807
3447,1000,142000,1800003447,INV/2026/09/13447,2026-09-10,802.7,EUR,2026-10-10,IC Sale - Logistics Services Sept 10,,PO-2026-85713
3448,1000,142000,1800003448,INV/2026/09/13448,2026-09-17,2972.33,EUR,2026-10-17,IC Sale - Logistics Services Sept 17,,PO-2026-77654
3449,1000,142000,1800003449,INV/2026/09/13449,2026-09-26,7055.96,EUR,2026-10-26,IC Sale - Logistics Services Sept 26,,PO-2026-91474
3450,1000,142000,1800003450,INV/2026/09/13450,2026-09-01,9814.19,EUR,2026-10-01,IC Sale - Logistics Services Sept 01,,PO-2026-83571
3451,1000,142000,1800003451,INV/2026/09/13451,2026-09-11,202.58,EUR,2026-10-11,IC Sale - Logistics Services Sept 11,,PO-2026-34003
3452,1000,142000,1800003452,INV/2026/09/13452,2026-09-24,3301.25,EUR,2026-10-24,IC Sale - Logistics Services Sept 24,,PO-2026-56027
3453,1000,142000,1800003453,INV/2026/09/13453,2026-09-06,3545.18,EUR,2026-10-06,IC Sale - Logistics Services Sept 06,,PO-2026-59400
3454,1000,142000,1800003454,INV/2026/09/13454,2026-09-13,608.54,EUR,2026-10-13,IC Sale - Logistics Services Sept 13,,PO-2026-97793
3455,1000,142000,1800003455,INV/2026/09/13455,2026-09-27,3699.32,EUR,2026-10-27,IC Sale - Logistics Services Sept 27,,PO-2026-50041
3456,1000,142000,1800003456,INV/2026/09/13456,2026-09-14,2225.19,EUR,2026-10-14,IC Sale - Logistics Services Sept 14,,PO-2026-57341
3457,1000,142000,1800003457,INV/2026/09/13457,2026-09-22,2721.9,EUR,2026-10-22,IC Sale - Logistics Services Sept 22,,PO-2026-84762
3458,1000,142000,1800003458,INV/2026/09/13458,2026-09-02,5360.46,EUR,2026-10-02,IC Sale - Logistics Services Sept 02,,PO-2026-79149
3459,1000,142000,1800003459,INV/2026/09/13459,2026-09-16,4469.23,EUR,2026-10-16,IC Sale - Logistics Services Sept 16,,PO-2026-43643
3460,1000,142000,1800003460,INV/2026/09/13460,2026-09-09,406.07,EUR,2026-10-09,IC Sale - Logistics Services Sept 09,,PO-2026-38478
3461,1000,142000,1800003461,INV/2026/09/13461,2026-09-23,7647.33,EUR,2026-10-23,IC Sale - Logistics Services Sept 23,,PO-2026-12173
3462,1000,142000,1800003462,INV/2026/09/13462,2026-09-18,1961.8,EUR,2026-10-18,IC Sale - Logistics Services Sept 18,,PO-2026-31649
3463,1000,142000,1800003463,INV/2026/09/13463,2026-09-02,1157.14,EUR,2026-10-02,IC Sale - Logistics Services Sept 02,,PO-2026-85969
3464,1000,142000,1800003464,INV/2026/09/13464,2026-09-22,6243.67,EUR,2026-10-22,IC Sale - Logistics Services Sept 22,,PO-2026-24109
3465,1000,142000,1800003465,INV/2026/09/13465,2026-09-15,1365.67,EUR,2026-10-15,IC Sale - Logistics Services Sept 15,,PO-2026-28791
3466,1000,142000,1800003466,INV/2026/09/13466,2026-09-24,5148.95,EUR,2026-10-24,IC Sale - Logistics Services Sept 24,,PO-2026-83459
3467,1000,142000,1800003467,INV/2026/09/13467,2026-09-07,2452.44,EUR,2026-10-07,IC Sale - Logistics Services Sept 07,,PO-2026-67346
3468,1000,142000,1800003468,INV/2026/09/13468,2026-09-26,921.85,EUR,2026-10-26,IC Sale - Logistics Services Sept 26,,PO-2026-14250
3469,1000,142000,1800003469,INV/2026/09/13469,2026-09-16,227.07,EUR,2026-10-16,IC Sale - Logistics Services Sept 16,,PO-2026-53485
3470,1000,142000,1800003470,INV/2026/09/13470,2026-09-10,2328.02,EUR,2026-10-10,IC Sale - Logistics Services Sept 10,,PO-2026-13335
3471,1000,142000,1800003471,INV/2026/09/13471,2026-09-12,280.9,EUR,2026-10-12,IC Sale - Logistics Services Sept 12,,PO-2026-93150
3472,1000,142000,1800003472,INV/2026/09/13472,2026-09-05,4401.74,EUR,2026-10-05,IC Sale - Logistics Services Sept 05,,PO-2026-72425
3473,1000,142000,1800003473,INV/2026/09/13473,2026-09-27,4415.44,EUR,2026-10-27,IC Sale - Logistics Services Sept 27,,PO-2026-51377
3474,1000,142000,1800003474,INV/2026/09/13474,2026-09-14,1367.98,EUR,2026-10-14,IC Sale - Logistics Services Sept 14,,PO-2026-66840
3475,1000,142000,1800003475,INV/2026/09/13475,2026-09-14,484.5,EUR,2026-10-14,IC Sale - Logistics Services Sept 14,,PO-2026-37761
3476,1000,142000,1800003476,INV/2026/09/13476,2026-09-20,10167.86,EUR,2026-10-20,IC Sale - Logistics Services Sept 20,,PO-2026-38363
3477,1000,142000,1800003477,INV/2026/09/13477,2026-09-18,418.94,EUR,2026-10-18,IC Sale - Logistics Services Sept 18,,PO-2026-90391
3478,1000,142000,1800003478,INV/2026/09/13478,2026-09-13,3749.4,EUR,2026-10-13,IC Sale - Logistics Services Sept 13,,PO-2026-36118
3479,1000,142000,1800003479,INV/2026/09/13479,2026-09-27,1096.8,EUR,2026-10-27,IC Sale - Logistics Services Sept 27,,PO-2026-36221
3480,1000,142000,1800003480,INV/2026/09/13480,2026-09-25,2572.37,EUR,2026-10-25,IC Sale - Logistics Services Sept 25,,PO-2026-50763
3481,1000,142000,1800003481,INV/2026/09/13481,2026-09-08,5507.84,EUR,2026-10-08,IC Sale - Logistics Services Sept 08,,PO-2026-90205
3482,1000,142000,1800003482,INV/2026/09/13482,2026-09-22,4054.98,EUR,2026-10-22,IC Sale - Logistics Services Sept 22,,PO-2026-83609
3483,1000,142000,1800003483,INV/2026/09/13483,2026-09-04,900.72,EUR,2026-10-04,IC Sale - Logistics Services Sept 04,,PO-2026-86786
3484,1000,142000,1800003484,INV/2026/09/13484,2026-09-06,6059.18,EUR,2026-10-06,IC Sale - Logistics Services Sept 06,,PO-2026-18979
3485,1000,142000,1800003485,INV/2026/09/13485,2026-09-16,5547.55,EUR,2026-10-16,IC Sale - Logistics Services Sept 16,,PO-2026-82651
3486,1000,142000,1800003486,INV/2026/09/13486,2026-09-14,4464.19,EUR,2026-10-14,IC Sale - Logistics Services Sept 14,,PO-2026-36303
3487,1000,142000,1800003487,INV/2026/09/13487,2026-09-23,22223.95,EUR,2026-10-23,IC Sale - Logistics Services Sept 23,,PO-2026-12803
3488,1000,142000,1800003488,INV/2026/09/13488,2026-09-15,3564.32,EUR,2026-10-15,IC Sale - Logistics Services Sept 15,,PO-2026-10301
3489,1000,142000,1800003489,INV/2026/09/13489,2026-09-02,20062.16,EUR,2026-10-02,IC Sale - Logistics Services Sept 02,,PO-2026-62989
3490,1000,142000,1800003490,INV/2026/09/13490,2026-09-02,1990.85,EUR,2026-10-02,IC Sale - Logistics Services Sept 02,,PO-2026-80894
3491,1000,142000,1800003491,INV/2026/09/13491,2026-09-07,4013.78,EUR,2026-10-07,IC Sale - Logistics Services Sept 07,,PO-2026-54160
3492,1000,142000,1800003492,INV/2026/09/13492,2026-09-02,2631.97,EUR,2026-10-02,IC Sale - Logistics Services Sept 02,,PO-2026-69679
3493,1000,142000,1800003493,INV/2026/09/13493,2026-09-27,14395.68,EUR,2026-10-27,IC Sale - Logistics Services Sept 27,,PO-2026-51475
3494,1000,142000,1800003494,INV/2026/09/13494,2026-09-03,2146.88,EUR,2026-10-03,IC Sale - Logistics Services Sept 03,,PO-2026-90285
3495,1000,142000,1800003495,INV/2026/09/13495,2026-09-11,2748.89,EUR,2026-10-11,IC Sale - Logistics Services Sept 11,,PO-2026-19548
3496,1000,142000,1800003496,INV/2026/09/13496,2026-09-18,486.42,EUR,2026-10-18,IC Sale - Logistics Services Sept 18,,PO-2026-57291
3497,1000,142000,1800003497,INV/2026/09/13497,2026-09-05,5960.99,EUR,2026-10-05,IC Sale - Logistics Services Sept 05,,PO-2026-80361
3498,1000,142000,1800003498,INV/2026/09/13498,2026-09-02,1510.16,EUR,2026-10-02,IC Sale - Logistics Services Sept 02,,PO-2026-52366
3499,1000,142000,1800003499,INV/2026/09/13499,2026-09-04,3367.4,EUR,2026-10-04,IC Sale - Logistics Services Sept 04,,PO-2026-66544
3500,1000,142000,1800003500,INV/2026/09/13500,2026-09-05,2918.81,EUR,2026-10-05,IC Sale - Logistics Services Sept 05,,PO-2026-72300
3501,1000,142000,1800003501,INV/2026/09/13501,2026-09-21,904.72,EUR,2026-10-21,IC Sale - Logistics Services Sept 21,,PO-2026-76890
3502,1000,142000,1800003502,INV/2026/09/13502,2026-09-06,530.46,EUR,2026-10-06,IC Sale - Logistics Services Sept 06,,PO-2026-40176
3503,1000,142000,1800003503,INV/2026/09/13503,2026-09-27,1017.57,EUR,2026-10-27,IC Sale - Logistics Services Sept 27,,PO-2026-19420
3504,1000,142000,1800003504,INV/2026/09/13504,2026-09-11,11776.96,EUR,2026-10-11,IC Sale - Logistics Services Sept 11,,PO-2026-58535
3505,1000,142000,1800003505,INV/2026/09/13505,2026-09-26,8557.58,EUR,2026-10-26,IC Sale - Logistics Services Sept 26,,PO-2026-25996
3506,1000,142000,1800003506,INV/2026/09/13506,2026-09-26,216.63,EUR,2026-10-26,IC Sale - Logistics Services Sept 26,,PO-2026-62018
3507,1000,142000,1800003507,INV/2026/09/13507,2026-09-08,1734.63,EUR,2026-10-08,IC Sale - Logistics Services Sept 08,,PO-2026-17096
3509,1000,142000,1800003509,INV/2026/09/13509,2026-09-06,1660.35,EUR,2026-10-06,IC Sale - Logistics Services Sept 06,,PO-2026-46997
3510,1000,142000,1800003510,INV/2026/09/13510,2026-09-25,608.7,EUR,2026-10-25,IC Sale - Logistics Services Sept 25,,PO-2026-21702
3511,1000,142000,1800003511,INV/2026/09/13511,2026-09-27,4689.98,EUR,2026-10-27,IC Sale - Logistics Services Sept 27,,PO-2026-97347
3512,1000,142000,1800003512,INV/2026/09/13512,2026-09-25,7273.73,EUR,2026-10-25,IC Sale - Logistics Services Sept 25,,PO-2026-71551
3513,1000,142000,1800003513,INV/2026/09/13513,2026-09-19,1491.87,EUR,2026-10-19,IC Sale - Logistics Services Sept 19,,PO-2026-60868
3514,1000,142000,1800003514,INV/2026/09/13514,2026-09-18,1258.48,EUR,2026-10-18,IC Sale - Logistics Services Sept 18,,PO-2026-54671
3515,1000,142000,1800003515,INV/2026/09/13515,2026-09-17,3092.88,EUR,2026-10-17,IC Sale - Logistics Services Sept 17,,PO-2026-38006
3516,1000,142000,1800003516,INV/2026/09/13516,2026-09-09,9232.34,EUR,2026-10-09,IC Sale - Logistics Services Sept 09,,PO-2026-17372
3517,1000,142000,1800003517,INV/2026/09/13517,2026-09-20,376.12,EUR,2026-10-20,IC Sale - Logistics Services Sept 20,,PO-2026-62327
3518,1000,142000,1800003518,INV/2026/09/13518,2026-09-18,2941.36,EUR,2026-10-18,IC Sale - Logistics Services Sept 18,,PO-2026-46017
3519,1000,142000,1800003519,INV/2026/09/13519,2026-09-08,3070.13,EUR,2026-10-08,IC Sale - Logistics Services Sept 08,,PO-2026-38629
3520,1000,142000,1800003520,INV/2026/09/13520,2026-09-09,3610.27,EUR,2026-10-09,IC Sale - Logistics Services Sept 09,,PO-2026-99486
3521,1000,142000,1800003521,INV/2026/09/13521,2026-09-03,326.22,EUR,2026-10-03,IC Sale - Logistics Services Sept 03,,PO-2026-52219
3522,1000,142000,1800003522,INV/2026/09/13522,2026-09-19,857.33,EUR,2026-10-19,IC Sale - Logistics Services Sept 19,,PO-2026-66839
3523,1000,142000,1800003523,INV/2026/09/13523,2026-09-23,1796.79,EUR,2026-10-23,IC Sale - Logistics Services Sept 23,,PO-2026-77106
3524,1000,142000,1800003524,INV/2026/09/13524,2026-09-16,1987.86,EUR,2026-10-16,IC Sale - Logistics Services Sept 16,,PO-2026-37349
3525,1000,142000,1800003525,INV/2026/09/13525,2026-09-22,6536.92,EUR,2026-10-22,IC Sale - Logistics Services Sept 22,,PO-2026-45301
3526,1000,142000,1800003526,INV/2026/09/13526,2026-09-10,252.95,EUR,2026-10-10,IC Sale - Logistics Services Sept 10,,PO-2026-44558
3527,1000,142000,1800003527,INV/2026/09/13527,2026-09-17,1387.99,EUR,2026-10-17,IC Sale - Logistics Services Sept 17,,PO-2026-79782
3528,1000,142000,1800003528,INV/2026/09/13528,2026-09-24,823.33,EUR,2026-10-24,IC Sale - Logistics Services Sept 24,,PO-2026-61218
3529,1000,142000,1800003529,INV/2026/09/13529,2026-09-26,2746.82,EUR,2026-10-26,IC Sale - Logistics Services Sept 26,,PO-2026-88132
3530,1000,142000,1800003530,INV/2026/09/13530,2026-09-24,4311.56,EUR,2026-10-24,IC Sale - Logistics Services Sept 24,,PO-2026-96345
3531,1000,142000,1800003531,INV/2026/09/13531,2026-09-29,5806.86,EUR,2026-10-29,IC Sale - Logistics Services Sept 29,,PO-2026-38515
3532,1000,142000,1800003532,INV/2026/09/13532,2026-09-03,4338.96,EUR,2026-10-03,IC Sale - Logistics Services Sept 03,,PO-2026-10411
3533,1000,142000,1800003533,INV/2026/09/13533,2026-09-09,1043.38,EUR,2026-10-09,IC Sale - Logistics Services Sept 09,,PO-2026-17776
3534,1000,142000,1800003534,INV/2026/09/13534,2026-09-09,240.11,EUR,2026-10-09,IC Sale - Logistics Services Sept 09,,PO-2026-55221
3535,1000,142000,1800003535,INV/2026/09/13535,2026-09-16,222.57,EUR,2026-10-16,IC Sale - Logistics Services Sept 16,,PO-2026-30570
3536,1000,142000,1800003536,INV/2026/09/13536,2026-09-20,5195.23,EUR,2026-10-20,IC Sale - Logistics Services Sept 20,,PO-2026-64715
3537,1000,142000,1800003537,INV/2026/09/13537,2026-09-13,738.93,EUR,2026-10-13,IC Sale - Logistics Services Sept 13,,PO-2026-35003
3538,1000,142000,1800003538,INV/2026/09/13538,2026-09-25,1198.21,EUR,2026-10-25,IC Sale - Logistics Services Sept 25,,PO-2026-24665
3539,1000,142000,1800003539,INV/2026/09/13539,2026-09-07,7637.17,EUR,2026-10-07,IC Sale - Logistics Services Sept 07,,PO-2026-69607
3540,1000,142000,1800003540,INV/2026/09/13540,2026-09-10,12474.17,EUR,2026-10-10,IC Sale - Logistics Services Sept 10,,PO-2026-33766
3541,1000,142000,1800003541,INV/2026/09/13541,2026-09-15,3292.65,EUR,2026-10-15,IC Sale - Logistics Services Sept 15,,PO-2026-80013
3542,1000,142000,1800003542,INV/2026/09/13542,2026-09-29,8224.68,EUR,2026-10-29,IC Sale - Logistics Services Sept 29,,PO-2026-75479
3543,1000,142000,1800003543,INV/2026/09/13543,2026-09-20,5579.47,EUR,2026-10-20,IC Sale - Logistics Services Sept 20,,PO-2026-38021
3544,1000,142000,1800003544,INV/2026/09/13544,2026-09-14,2516.51,EUR,2026-10-14,IC Sale - Logistics Services Sept 14,,PO-2026-89118
3545,1000,142000,1800003545,INV/2026/09/13545,2026-09-25,3738.97,EUR,2026-10-25,IC Sale - Logistics Services Sept 25,,PO-2026-31219
3546,1000,142000,1800003546,INV/2026/09/13546,2026-09-23,1565.64,EUR,2026-10-23,IC Sale - Logistics Services Sept 23,,PO-2026-18627
3547,1000,142000,1800003547,INV/2026/09/13547,2026-09-22,10643.37,EUR,2026-10-22,IC Sale - Logistics Services Sept 22,,PO-2026-84641
3548,1000,142000,1800003548,INV/2026/09/13548,2026-09-15,6478.71,EUR,2026-10-15,IC Sale - Logistics Services Sept 15,,PO-2026-72186
3549,1000,142000,1800003549,INV/2026/09/13549,2026-09-01,3839.45,EUR,2026-10-01,IC Sale - Logistics Services Sept 01,,PO-2026-97736
3550,1000,142000,1800003550,INV/2026/09/13550,2026-09-24,4017.97,EUR,2026-10-24,IC Sale - Logistics Services Sept 24,,PO-2026-89197
3551,1000,142000,1800003551,INV/2026/09/13551,2026-09-15,13616.48,EUR,2026-10-15,IC Sale - Logistics Services Sept 15,,PO-2026-62388
3552,1000,142000,1800003552,INV/2026/09/13552,2026-09-17,430.95,EUR,2026-10-17,IC Sale - Logistics Services Sept 17,,PO-2026-58081
3553,1000,142000,1800003553,INV/2026/09/13553,2026-09-20,579.62,EUR,2026-10-20,IC Sale - Logistics Services Sept 20,,PO-2026-68391
3554,1000,142000,1800003554,INV/2026/09/13554,2026-09-10,1313.08,EUR,2026-10-10,IC Sale - Logistics Services Sept 10,,PO-2026-80959
3555,1000,142000,1800003555,INV/2026/09/13555,2026-09-06,7600.88,EUR,2026-10-06,IC Sale - Logistics Services Sept 06,,PO-2026-93671
3556,1000,142000,1800003556,INV/2026/09/13556,2026-09-03,3985.58,EUR,2026-10-03,IC Sale - Logistics Services Sept 03,,PO-2026-66000
3557,1000,142000,1800003557,INV/2026/09/13557,2026-09-01,1578.11,EUR,2026-10-01,IC Sale - Logistics Services Sept 01,,PO-2026-63474
3558,1000,142000,1800003558,INV/2026/09/13558,2026-09-28,9450.65,EUR,2026-10-28,IC Sale - Logistics Services Sept 28,,PO-2026-66539
3559,1000,142000,1800003559,INV/2026/09/13559,2026-09-24,11086.74,EUR,2026-10-24,IC Sale - Logistics Services Sept 24,,PO-2026-86283
3560,1000,142000,1800003560,INV/2026/09/13560,2026-09-10,3524.38,EUR,2026-10-10,IC Sale - Logistics Services Sept 10,,PO-2026-24707
3561,1000,142000,1800003561,INV/2026/09/13561,2026-09-23,5364.72,EUR,2026-10-23,IC Sale - Logistics Services Sept 23,,PO-2026-33747
3562,1000,142000,1800003562,INV/2026/09/13562,2026-09-09,2628.82,EUR,2026-10-09,IC Sale - Logistics Services Sept 09,,PO-2026-48074
3563,1000,142000,1800003563,INV/2026/09/13563,2026-09-27,2070.15,EUR,2026-10-27,IC Sale - Logistics Services Sept 27,,PO-2026-21690
3564,1000,142000,1800003564,INV/2026/09/13564,2026-09-23,11310.26,EUR,2026-10-23,IC Sale - Logistics Services Sept 23,,PO-2026-49346
3565,1000,142000,1800003565,INV/2026/09/13565,2026-09-10,2135.66,EUR,2026-10-10,IC Sale - Logistics Services Sept 10,,PO-2026-39071
3567,1000,142000,1800003567,INV/2026/09/13567,2026-09-22,569.43,EUR,2026-10-22,IC Sale - Logistics Services Sept 22,,PO-2026-45783
3568,1000,142000,1800003568,INV/2026/09/13568,2026-09-20,428.54,EUR,2026-10-20,IC Sale - Logistics Services Sept 20,,PO-2026-31779
3569,1000,142000,1800003569,INV/2026/09/13569,2026-09-09,3608.39,EUR,2026-10-09,IC Sale - Logistics Services Sept 09,,PO-2026-33502
3570,1000,142000,1800003570,INV/2026/09/13570,2026-09-14,939.74,EUR,2026-10-14,IC Sale - Logistics Services Sept 14,,PO-2026-18967
3571,1000,142000,1800003571,INV/2026/09/13571,2026-09-06,6219.72,EUR,2026-10-06,IC Sale - Logistics Services Sept 06,,PO-2026-62751
3572,1000,142000,1800003572,INV/2026/09/13572,2026-09-24,397.89,EUR,2026-10-24,IC Sale - Logistics Services Sept 24,,PO-2026-33933
3573,1000,142000,1800003573,INV/2026/09/13573,2026-09-08,3334.7,EUR,2026-10-08,IC Sale - Logistics Services Sept 08,,PO-2026-19874
3574,1000,142000,1800003574,INV/2026/09/13574,2026-09-10,6167.75,EUR,2026-10-10,IC Sale - Logistics Services Sept 10,,PO-2026-68640
3575,1000,142000,1800003575,INV/2026/09/13575,2026-09-17,581.41,EUR,2026-10-17,IC Sale - Logistics Services Sept 17,,PO-2026-16622
3576,1000,142000,1800003576,INV/2026/09/13576,2026-09-26,7159.29,EUR,2026-10-26,IC Sale - Logistics Services Sept 26,,PO-2026-17150
3577,1000,142000,1800003577,INV/2026/09/13577,2026-09-07,354.43,EUR,2026-10-07,IC Sale - Logistics Services Sept 07,,PO-2026-69748
3578,1000,142000,1800003578,INV/2026/09/13578,2026-09-05,3377.37,EUR,2026-10-05,IC Sale - Logistics Services Sept 05,,PO-2026-16096
3579,1000,142000,1800003579,INV/2026/09/13579,2026-09-10,13456.63,EUR,2026-10-10,IC Sale - Logistics Services Sept 10,,PO-2026-65235
3580,1000,142000,1800003580,INV/2026/09/13580,2026-09-25,2203.01,EUR,2026-10-25,IC Sale - Logistics Services Sept 25,,PO-2026-99019
3581,1000,142000,1800003581,INV/2026/09/13581,2026-09-23,1178.4,EUR,2026-10-23,IC Sale - Logistics Services Sept 23,,PO-2026-33557
3582,1000,142000,1800003582,INV/2026/09/13582,2026-09-05,1050.47,EUR,2026-10-05,IC Sale - Logistics Services Sept 05,,PO-2026-84016
3583,1000,142000,1800003583,INV/2026/09/13583,2026-09-23,1314.34,EUR,2026-10-23,IC Sale - Logistics Services Sept 23,,PO-2026-79746
3584,1000,142000,1800003584,INV/2026/09/13584,2026-09-03,340.0,EUR,2026-10-03,IC Sale - Logistics Services Sept 03,,PO-2026-63623
3585,1000,142000,1800003585,INV/2026/09/13585,2026-09-10,12535.82,EUR,2026-10-10,IC Sale - Logistics Services Sept 10,,PO-2026-60306
3586,1000,142000,1800003586,INV/2026/09/13586,2026-09-25,1101.77,EUR,2026-10-25,IC Sale - Logistics Services Sept 25,,PO-2026-72039
3587,1000,142000,1800003587,INV/2026/09/13587,2026-09-17,2918.17,EUR,2026-10-17,IC Sale - Logistics Services Sept 17,,PO-2026-89979
3588,1000,142000,1800003588,INV/2026/09/13588,2026-09-14,803.62,EUR,2026-10-14,IC Sale - Logistics Services Sept 14,,PO-2026-55181
3589,1000,142000,1800003589,INV/2026/09/13589,2026-09-16,6695.64,EUR,2026-10-16,IC Sale - Logistics Services Sept 16,,PO-2026-12272
3590,1000,142000,1800003590,INV/2026/09/13590,2026-09-15,4562.0,EUR,2026-10-15,IC Sale - Logistics Services Sept 15,,PO-2026-40307
3591,1000,142000,1800003591,INV/2026/09/13591,2026-09-06,841.9,EUR,2026-10-06,IC Sale - Logistics Services Sept 06,,PO-2026-78273
3592,1000,142000,1800003592,INV/2026/09/13592,2026-09-03,4433.54,EUR,2026-10-03,IC Sale - Logistics Services Sept 03,,PO-2026-70286
3593,1000,142000,1800003593,INV/2026/09/13593,2026-09-04,2229.64,EUR,2026-10-04,IC Sale - Logistics Services Sept 04,,PO-2026-64367
3594,1000,142000,1800003594,INV/2026/09/13594,2026-09-04,1702.95,EUR,2026-10-04,IC Sale - Logistics Services Sept 04,,PO-2026-37573
3595,1000,142000,1800003595,INV/2026/09/13595,2026-09-28,3904.4,EUR,2026-10-28,IC Sale - Logistics Services Sept 28,,PO-2026-98606
3596,1000,142000,1800003596,INV/2026/09/13596,2026-09-26,2670.98,EUR,2026-10-26,IC Sale - Logistics Services Sept 26,,PO-2026-10894
3597,1000,142000,1800003597,INV/2026/09/13597,2026-09-06,463.65,EUR,2026-10-06,IC Sale - Logistics Services Sept 06,,PO-2026-48967
3598,1000,142000,1800003598,INV/2026/09/13598,2026-09-04,1593.46,EUR,2026-10-04,IC Sale - Logistics Services Sept 04,,PO-2026-15827
3599,1000,142000,1800003599,INV/2026/09/13599,2026-09-29,2239.22,EUR,2026-10-29,IC Sale - Logistics Services Sept 29,,PO-2026-19145
3600,1000,142000,1800003600,INV/2026/09/13600,2026-09-28,2717.28,EUR,2026-10-28,IC Sale - Logistics Services Sept 28,,PO-2026-96816
3601,1000,142000,1800003601,INV/2026/09/13601,2026-09-19,7764.69,EUR,2026-10-19,IC Sale - Logistics Services Sept 19,,PO-2026-73828
3602,1000,142000,1800003602,INV/2026/09/13602,2026-09-06,7664.14,EUR,2026-10-06,IC Sale - Logistics Services Sept 06,,PO-2026-17493
3603,1000,142000,1800003603,INV/2026/09/13603,2026-09-15,429.38,EUR,2026-10-15,IC Sale - Logistics Services Sept 15,,PO-2026-81460
3604,1000,142000,1800003604,INV/2026/09/13604,2026-09-07,512.0,EUR,2026-10-07,IC Sale - Logistics Services Sept 07,,PO-2026-32916
3605,1000,142000,1800003605,INV/2026/09/13605,2026-09-11,1783.18,EUR,2026-10-11,IC Sale - Logistics Services Sept 11,,PO-2026-19814
3606,1000,142000,1800003606,INV/2026/09/13606,2026-09-27,2783.67,EUR,2026-10-27,IC Sale - Logistics Services Sept 27,,PO-2026-88192
3607,1000,142000,1800003607,INV/2026/09/13607,2026-09-08,1044.12,EUR,2026-10-08,IC Sale - Logistics Services Sept 08,,PO-2026-34913
3608,1000,142000,1800003608,INV/2026/09/13608,2026-09-10,1691.73,EUR,2026-10-10,IC Sale - Logistics Services Sept 10,,PO-2026-45624
3609,1000,142000,1800003609,INV/2026/09/13609,2026-09-27,7809.35,EUR,2026-10-27,IC Sale - Logistics Services Sept 27,,PO-2026-94236
3610,1000,142000,1800003610,INV/2026/09/13610,2026-09-12,1404.23,EUR,2026-10-12,IC Sale - Logistics Services Sept 12,,PO-2026-38504
3611,1000,142000,1800003611,INV/2026/09/13611,2026-09-16,938.19,EUR,2026-10-16,IC Sale - Logistics Services Sept 16,,PO-2026-34754
3612,1000,142000,1800003612,INV/2026/09/13612,2026-09-02,816.95,EUR,2026-10-02,IC Sale - Logistics Services Sept 02,,PO-2026-89501
3613,1000,142000,1800003613,INV/2026/09/13613,2026-09-11,1972.71,EUR,2026-10-11,IC Sale - Logistics Services Sept 11,,PO-2026-51172
3614,1000,142000,1800003614,INV/2026/09/13614,2026-09-21,1121.91,EUR,2026-10-21,IC Sale - Logistics Services Sept 21,,PO-2026-12710
3616,1000,142000,1800003616,INV/2026/09/13616,2026-09-24,290.7,EUR,2026-10-24,IC Sale - Logistics Services Sept 24,,PO-2026-37006
3617,1000,142000,1800003617,INV/2026/09/13617,2026-09-07,8227.95,EUR,2026-10-07,IC Sale - Logistics Services Sept 07,,PO-2026-48437
3618,1000,142000,1800003618,INV/2026/09/13618,2026-09-11,2045.77,EUR,2026-10-11,IC Sale - Logistics Services Sept 11,,PO-2026-42719
3619,1000,142000,1800003619,INV/2026/09/13619,2026-09-16,1755.04,EUR,2026-10-16,IC Sale - Logistics Services Sept 16,,PO-2026-73115
3620,1000,142000,1800003620,INV/2026/09/13620,2026-09-24,2049.61,EUR,2026-10-24,IC Sale - Logistics Services Sept 24,,PO-2026-88175
3621,1000,142000,1800003621,INV/2026/09/13621,2026-09-29,2669.97,EUR,2026-10-29,IC Sale - Logistics Services Sept 29,,PO-2026-92972
3622,1000,142000,1800003622,INV/2026/09/13622,2026-09-23,746.28,EUR,2026-10-23,IC Sale - Logistics Services Sept 23,,PO-2026-74792
3623,1000,142000,1800003623,INV/2026/09/13623,2026-09-11,7748.01,EUR,2026-10-11,IC Sale - Logistics Services Sept 11,,PO-2026-86747
3624,1000,142000,1800003624,INV/2026/09/13624,2026-09-07,1636.93,EUR,2026-10-07,IC Sale - Logistics Services Sept 07,,PO-2026-81659
3625,1000,142000,1800003625,INV/2026/09/13625,2026-09-11,290.04,EUR,2026-10-11,IC Sale - Logistics Services Sept 11,,PO-2026-97580
3626,1000,142000,1800003626,INV/2026/09/13626,2026-09-03,1756.53,EUR,2026-10-03,IC Sale - Logistics Services Sept 03,,PO-2026-25942
3627,1000,142000,1800003627,INV/2026/09/13627,2026-09-15,13860.92,EUR,2026-10-15,IC Sale - Logistics Services Sept 15,,PO-2026-83138
3628,1000,142000,1800003628,INV/2026/09/13628,2026-09-25,6910.88,EUR,2026-10-25,IC Sale - Logistics Services Sept 25,,PO-2026-35223
3629,1000,142000,1800003629,INV/2026/09/13629,2026-09-01,11358.69,EUR,2026-10-01,IC Sale - Logistics Services Sept 01,,PO-2026-13515
3630,1000,142000,1800003630,INV/2026/09/13630,2026-09-18,4487.76,EUR,2026-10-18,IC Sale - Logistics Services Sept 18,,PO-2026-77051
3631,1000,142000,1800003631,INV/2026/09/13631,2026-09-27,911.1,EUR,2026-10-27,IC Sale - Logistics Services Sept 27,,PO-2026-70596
3632,1000,142000,1800003632,INV/2026/09/13632,2026-09-03,3293.33,EUR,2026-10-03,IC Sale - Logistics Services Sept 03,,PO-2026-15473
3633,1000,142000,1800003633,INV/2026/09/13633,2026-09-14,1171.39,EUR,2026-10-14,IC Sale - Logistics Services Sept 14,,PO-2026-42455
3634,1000,142000,1800003634,INV/2026/09/13634,2026-09-03,266.56,EUR,2026-10-03,IC Sale - Logistics Services Sept 03,,PO-2026-53987
3635,1000,142000,1800003635,INV/2026/09/13635,2026-09-21,311.28,EUR,2026-10-21,IC Sale - Logistics Services Sept 21,,PO-2026-50333
3636,1000,142000,1800003636,INV/2026/09/13636,2026-09-15,2546.25,EUR,2026-10-15,IC Sale - Logistics Services Sept 15,,PO-2026-60986
3637,1000,142000,1800003637,INV/2026/09/13637,2026-09-25,624.03,EUR,2026-10-25,IC Sale - Logistics Services Sept 25,,PO-2026-40154
3638,1000,142000,1800003638,INV/2026/09/13638,2026-09-15,151.2,EUR,2026-10-15,IC Sale - Logistics Services Sept 15,,PO-2026-47012
3639,1000,142000,1800003639,INV/2026/09/13639,2026-09-18,5752.63,EUR,2026-10-18,IC Sale - Logistics Services Sept 18,,PO-2026-83741
3640,1000,142000,1800003640,INV/2026/09/13640,2026-09-04,729.66,EUR,2026-10-04,IC Sale - Logistics Services Sept 04,,PO-2026-53777
3641,1000,142000,1800003641,INV/2026/09/13641,2026-09-18,287.43,EUR,2026-10-18,IC Sale - Logistics Services Sept 18,,PO-2026-43738
3642,1000,142000,1800003642,INV/2026/09/13642,2026-09-03,4037.06,EUR,2026-10-03,IC Sale - Logistics Services Sept 03,,PO-2026-13926
3643,1000,142000,1800003643,INV/2026/09/13643,2026-09-19,3413.35,EUR,2026-10-19,IC Sale - Logistics Services Sept 19,,PO-2026-16194
3644,1000,142000,1800003644,INV/2026/09/13644,2026-09-26,1493.19,EUR,2026-10-26,IC Sale - Logistics Services Sept 26,,PO-2026-75874
3645,1000,142000,1800003645,INV/2026/09/13645,2026-09-08,3153.39,EUR,2026-10-08,IC Sale - Logistics Services Sept 08,,PO-2026-88015
3646,1000,142000,1800003646,INV/2026/09/13646,2026-09-24,2379.44,EUR,2026-10-24,IC Sale - Logistics Services Sept 24,,PO-2026-12619
3647,1000,142000,1800003647,INV/2026/09/13647,2026-09-18,2168.02,EUR,2026-10-18,IC Sale - Logistics Services Sept 18,,PO-2026-75088
3648,1000,142000,1800003648,INV/2026/09/13648,2026-09-11,1037.09,EUR,2026-10-11,IC Sale - Logistics Services Sept 11,,PO-2026-29230
3649,1000,142000,1800003649,INV/2026/09/13649,2026-09-27,406.67,EUR,2026-10-27,IC Sale - Logistics Services Sept 27,,PO-2026-32449
3650,1000,142000,1800003650,INV/2026/09/13650,2026-09-02,1157.0,EUR,2026-10-02,IC Sale - Logistics Services Sept 02,,PO-2026-23559
3651,1000,142000,1800003651,INV/2026/09/13651,2026-09-26,2798.39,EUR,2026-10-26,IC Sale - Logistics Services Sept 26,,PO-2026-87767
3652,1000,142000,1800003652,INV/2026/09/13652,2026-09-07,2010.67,EUR,2026-10-07,IC Sale - Logistics Services Sept 07,,PO-2026-71736
3653,1000,142000,1800003653,INV/2026/09/13653,2026-09-22,340.75,EUR,2026-10-22,IC Sale - Logistics Services Sept 22,,PO-2026-38865
3654,1000,142000,1800003654,INV/2026/09/13654,2026-09-27,19804.36,EUR,2026-10-27,IC Sale - Logistics Services Sept 27,,PO-2026-54359
3655,1000,142000,1800003655,INV/2026/09/13655,2026-09-18,6335.75,EUR,2026-10-18,IC Sale - Logistics Services Sept 18,,PO-2026-42254
3656,1000,142000,1800003656,INV/2026/09/13656,2026-09-19,284.24,EUR,2026-10-19,IC Sale - Logistics Services Sept 19,,PO-2026-82831
3657,1000,142000,1800003657,INV/2026/09/13657,2026-09-01,3255.96,EUR,2026-10-01,IC Sale - Logistics Services Sept 01,,PO-2026-11094
3658,1000,142000,1800003658,INV/2026/09/13658,2026-09-26,2807.42,EUR,2026-10-26,IC Sale - Logistics Services Sept 26,,PO-2026-15348
3659,1000,142000,1800003659,INV/2026/09/13659,2026-09-27,7629.55,EUR,2026-10-27,IC Sale - Logistics Services Sept 27,,PO-2026-37023
3660,1000,142000,1800003660,INV/2026/09/13660,2026-09-08,24180.9,EUR,2026-10-08,IC Sale - Logistics Services Sept 08,,PO-2026-34900
3661,1000,142000,1800003661,INV/2026/09/13661,2026-09-13,6210.91,EUR,2026-10-13,IC Sale - Logistics Services Sept 13,,PO-2026-28616
3662,1000,142000,1800003662,INV/2026/09/13662,2026-09-06,3392.8,EUR,2026-10-06,IC Sale - Logistics Services Sept 06,,PO-2026-32022
3663,1000,142000,1800003663,INV/2026/09/13663,2026-09-13,5849.66,EUR,2026-10-13,IC Sale - Logistics Services Sept 13,,PO-2026-73064
3664,1000,142000,1800003664,INV/2026/09/13664,2026-09-12,609.18,EUR,2026-10-12,IC Sale - Logistics Services Sept 12,,PO-2026-46494
3665,1000,142000,1800003665,INV/2026/09/13665,2026-09-09,3108.68,EUR,2026-10-09,IC Sale - Logistics Services Sept 09,,PO-2026-29302
3666,1000,142000,1800003666,INV/2026/09/13666,2026-09-29,3353.39,EUR,2026-10-29,IC Sale - Logistics Services Sept 29,,PO-2026-88236
3667,1000,142000,1800003667,INV/2026/09/13667,2026-09-10,14262.73,EUR,2026-10-10,IC Sale - Logistics Services Sept 10,,PO-2026-82956
3668,1000,142000,1800003668,INV/2026/09/13668,2026-09-23,1245.75,EUR,2026-10-23,IC Sale - Logistics Services Sept 23,,PO-2026-41812
3669,1000,142000,1800003669,INV/2026/09/13669,2026-09-26,3817.51,EUR,2026-10-26,IC Sale - Logistics Services Sept 26,,PO-2026-54616
3670,1000,142000,1800003670,INV/2026/09/13670,2026-09-07,6582.76,EUR,2026-10-07,IC Sale - Logistics Services Sept 07,,PO-2026-59236
3671,1000,142000,1800003671,INV/2026/09/13671,2026-09-26,4005.26,EUR,2026-10-26,IC Sale - Logistics Services Sept 26,,PO-2026-52881
3672,1000,142000,1800003672,INV/2026/09/13672,2026-09-11,189.32,EUR,2026-10-11,IC Sale - Logistics Services Sept 11,,PO-2026-35553
3673,1000,142000,1800003673,INV/2026/09/13673,2026-09-21,13657.32,EUR,2026-10-21,IC Sale - Logistics Services Sept 21,,PO-2026-10769
3674,1000,142000,1800003674,INV/2026/09/13674,2026-09-29,2955.76,EUR,2026-10-29,IC Sale - Logistics Services Sept 29,,PO-2026-68307
3675,1000,142000,1800003675,INV/2026/09/13675,2026-09-21,2977.26,EUR,2026-10-21,IC Sale - Logistics Services Sept 21,,PO-2026-18777
3676,1000,142000,1800003676,INV/2026/09/13676,2026-09-15,2110.14,EUR,2026-10-15,IC Sale - Logistics Services Sept 15,,PO-2026-78576
3677,1000,142000,1800003677,INV/2026/09/13677,2026-09-04,2253.99,EUR,2026-10-04,IC Sale - Logistics Services Sept 04,,PO-2026-98864
3679,1000,142000,1800003679,INV/2026/09/13679,2026-09-07,7006.99,EUR,2026-10-07,IC Sale - Logistics Services Sept 07,,PO-2026-34846
3680,1000,142000,1800003680,INV/2026/09/13680,2026-09-13,2789.04,EUR,2026-10-13,IC Sale - Logistics Services Sept 13,,PO-2026-11160
3681,1000,142000,1800003681,INV/2026/09/13681,2026-09-29,1927.46,EUR,2026-10-29,IC Sale - Logistics Services Sept 29,,PO-2026-25614
3682,1000,142000,1800003682,INV/2026/09/13682,2026-09-12,4436.65,EUR,2026-10-12,IC Sale - Logistics Services Sept 12,,PO-2026-61140
3683,1000,142000,1800003683,INV/2026/09/13683,2026-09-24,2989.21,EUR,2026-10-24,IC Sale - Logistics Services Sept 24,,PO-2026-14450
3684,1000,142000,1800003684,INV/2026/09/13684,2026-09-08,1023.96,EUR,2026-10-08,IC Sale - Logistics Services Sept 08,,PO-2026-86063
3685,1000,142000,1800003685,INV/2026/09/13685,2026-09-29,2760.06,EUR,2026-10-29,IC Sale - Logistics Services Sept 29,,PO-2026-89039
3686,1000,142000,1800003686,INV/2026/09/13686,2026-09-08,4337.69,EUR,2026-10-08,IC Sale - Logistics Services Sept 08,,PO-2026-95120
3687,1000,142000,1800003687,INV/2026/09/13687,2026-09-20,3218.09,EUR,2026-10-20,IC Sale - Logistics Services Sept 20,,PO-2026-64505
3689,1000,142000,1800003689,INV/2026/09/13689,2026-09-14,1012.79,EUR,2026-10-14,IC Sale - Logistics Services Sept 14,,PO-2026-32859
3690,1000,142000,1800003690,INV/2026/09/13690,2026-09-16,1820.9,EUR,2026-10-16,IC Sale - Logistics Services Sept 16,,PO-2026-29314
3691,1000,142000,1800003691,INV/2026/09/13691,2026-09-24,10571.41,EUR,2026-10-24,IC Sale - Logistics Services Sept 24,,PO-2026-10143
3692,1000,142000,1800003692,INV/2026/09/13692,2026-09-07,1391.86,EUR,2026-10-07,IC Sale - Logistics Services Sept 07,,PO-2026-69911
3693,1000,142000,1800003693,INV/2026/09/13693,2026-09-12,5359.39,EUR,2026-10-12,IC Sale - Logistics Services Sept 12,,PO-2026-65112
3694,1000,142000,1800003694,INV/2026/09/13694,2026-09-19,10209.33,EUR,2026-10-19,IC Sale - Logistics Services Sept 19,,PO-2026-37788
3695,1000,142000,1800003695,INV/2026/09/13695,2026-09-22,602.88,EUR,2026-10-22,IC Sale - Logistics Services Sept 22,,PO-2026-90359
3696,1000,142000,1800003696,INV/2026/09/13696,2026-09-19,7129.89,EUR,2026-10-19,IC Sale - Logistics Services Sept 19,,PO-2026-32887
3697,1000,142000,1800003697,INV/2026/09/13697,2026-09-12,1386.93,EUR,2026-10-12,IC Sale - Logistics Services Sept 12,,PO-2026-21879
3699,1000,142000,1800003699,INV/2026/09/13699,2026-09-12,1778.15,EUR,2026-10-12,IC Sale - Logistics Services Sept 12,,PO-2026-92552
3700,1000,142000,1800003700,INV/2026/09/13700,2026-09-15,1476.87,EUR,2026-10-15,IC Sale - Logistics Services Sept 15,,PO-2026-30036
3701,1000,142000,1800003701,INV/2026/09/13701,2026-09-29,8151.84,EUR,2026-10-29,IC Sale - Logistics Services Sept 29,,PO-2026-98766
3702,1000,142000,1800003702,INV/2026/09/13702,2026-09-11,16412.64,EUR,2026-10-11,IC Sale - Logistics Services Sept 11,,PO-2026-67728
3703,1000,142000,1800003703,INV/2026/09/13703,2026-09-26,1388.17,EUR,2026-10-26,IC Sale - Logistics Services Sept 26,,PO-2026-12270
3704,1000,142000,1800003704,INV/2026/09/13704,2026-09-10,3538.92,EUR,2026-10-10,IC Sale - Logistics Services Sept 10,,PO-2026-92545
3705,1000,142000,1800003705,INV/2026/09/13705,2026-09-12,3558.46,EUR,2026-10-12,IC Sale - Logistics Services Sept 12,,PO-2026-27986
3706,1000,142000,1800003706,INV/2026/09/13706,2026-09-05,841.15,EUR,2026-10-05,IC Sale - Logistics Services Sept 05,,PO-2026-13690
3707,1000,142000,1800003707,INV/2026/09/13707,2026-09-14,4387.64,EUR,2026-10-14,IC Sale - Logistics Services Sept 14,,PO-2026-12362
3708,1000,142000,1800003708,INV/2026/09/13708,2026-09-21,531.63,EUR,2026-10-21,IC Sale - Logistics Services Sept 21,,PO-2026-14050
3709,1000,142000,1800003709,INV/2026/09/13709,2026-09-27,1446.79,EUR,2026-10-27,IC Sale - Logistics Services Sept 27,,PO-2026-36814
3710,1000,142000,1800003710,INV/2026/09/13710,2026-09-07,249.28,EUR,2026-10-07,IC Sale - Logistics Services Sept 07,,PO-2026-72212
3711,1000,142000,1800003711,INV/2026/09/13711,2026-09-21,157.57,EUR,2026-10-21,IC Sale - Logistics Services Sept 21,,PO-2026-55143
3712,1000,142000,1800003712,INV/2026/09/13712,2026-09-10,5028.07,EUR,2026-10-10,IC Sale - Logistics Services Sept 10,,PO-2026-25954
3713,1000,142000,1800003713,INV/2026/09/13713,2026-09-25,5435.25,EUR,2026-10-25,IC Sale - Logistics Services Sept 25,,PO-2026-64279
3714,1000,142000,1800003714,INV/2026/09/13714,2026-09-24,727.14,EUR,2026-10-24,IC Sale - Logistics Services Sept 24,,PO-2026-91509
3715,1000,142000,1800003715,INV/2026/09/13715,2026-09-10,1520.42,EUR,2026-10-10,IC Sale - Logistics Services Sept 10,,PO-2026-74106
3716,1000,142000,1800003716,INV/2026/09/13716,2026-09-26,7685.47,EUR,2026-10-26,IC Sale - Logistics Services Sept 26,,PO-2026-96991
3717,1000,142000,1800003717,INV/2026/09/13717,2026-09-15,6807.56,EUR,2026-10-15,IC Sale - Logistics Services Sept 15,,PO-2026-98886
3718,1000,142000,1800003718,INV/2026/09/13718,2026-09-09,14182.0,EUR,2026-10-09,IC Sale - Logistics Services Sept 09,,PO-2026-25422
3720,1000,142000,1800003720,INV/2026/09/13720,2026-09-10,1095.37,EUR,2026-10-10,IC Sale - Logistics Services Sept 10,,PO-2026-29624
3721,1000,142000,1800003721,INV/2026/09/13721,2026-09-14,701.8,EUR,2026-10-14,IC Sale - Logistics Services Sept 14,,PO-2026-47310
3722,1000,142000,1800003722,INV/2026/09/13722,2026-09-24,4553.35,EUR,2026-10-24,IC Sale - Logistics Services Sept 24,,PO-2026-32616
3723,1000,142000,1800003723,INV/2026/09/13723,2026-09-15,215.14,EUR,2026-10-15,IC Sale - Logistics Services Sept 15,,PO-2026-71441
3724,1000,142000,1800003724,INV/2026/09/13724,2026-09-10,4064.03,EUR,2026-10-10,IC Sale - Logistics Services Sept 10,,PO-2026-51316
3725,1000,142000,1800003725,INV/2026/09/13725,2026-09-18,905.79,EUR,2026-10-18,IC Sale - Logistics Services Sept 18,,PO-2026-93705
3726,1000,142000,1800003726,INV/2026/09/13726,2026-09-25,1880.77,EUR,2026-10-25,IC Sale - Logistics Services Sept 25,,PO-2026-72558
3727,1000,142000,1800003727,INV/2026/09/13727,2026-09-23,619.06,EUR,2026-10-23,IC Sale - Logistics Services Sept 23,,PO-2026-11826
3729,1000,142000,1800003729,INV/2026/09/13729,2026-09-27,7494.92,EUR,2026-10-27,IC Sale - Logistics Services Sept 27,,PO-2026-33653
3730,1000,142000,1800003730,INV/2026/09/13730,2026-09-19,830.89,EUR,2026-10-19,IC Sale - Logistics Services Sept 19,,PO-2026-24447
3731,1000,142000,1800003731,INV/2026/09/13731,2026-09-16,6336.97,EUR,2026-10-16,IC Sale - Logistics Services Sept 16,,PO-2026-20939
3732,1000,142000,1800003732,INV/2026/09/13732,2026-09-20,540.51,EUR,2026-10-20,IC Sale - Logistics Services Sept 20,,PO-2026-54236
3734,1000,142000,1800003734,INV/2026/09/13734,2026-09-26,2831.58,EUR,2026-10-26,IC Sale - Logistics Services Sept 26,,PO-2026-25061
3735,1000,142000,1800003735,INV/2026/09/13735,2026-09-08,622.02,EUR,2026-10-08,IC Sale - Logistics Services Sept 08,,PO-2026-66083
3736,1000,142000,1800003736,INV/2026/09/13736,2026-09-08,2256.72,EUR,2026-10-08,IC Sale - Logistics Services Sept 08,,PO-2026-86970
3737,1000,142000,1800003737,INV/2026/09/13737,2026-09-29,1575.83,EUR,2026-10-29,IC Sale - Logistics Services Sept 29,,PO-2026-30641
3738,1000,142000,1800003738,INV/2026/09/13738,2026-09-10,2089.16,EUR,2026-10-10,IC Sale - Logistics Services Sept 10,,PO-2026-79703
3739,1000,142000,1800003739,INV/2026/09/13739,2026-09-07,5179.72,EUR,2026-10-07,IC Sale - Logistics Services Sept 07,,PO-2026-60008
3740,1000,142000,1800003740,INV/2026/09/13740,2026-09-28,3160.28,EUR,2026-10-28,IC Sale - Logistics Services Sept 28,,PO-2026-67264
3741,1000,142000,1800003741,INV/2026/09/13741,2026-09-14,1118.8,EUR,2026-10-14,IC Sale - Logistics Services Sept 14,,PO-2026-83670
3742,1000,142000,1800003742,INV/2026/09/13742,2026-09-28,6974.19,EUR,2026-10-28,IC Sale - Logistics Services Sept 28,,PO-2026-50866
3743,1000,142000,1800003743,INV/2026/09/13743,2026-09-01,5633.14,EUR,2026-10-01,IC Sale - Logistics Services Sept 01,,PO-2026-23848
3744,1000,142000,1800003744,INV/2026/09/13744,2026-09-16,16048.65,EUR,2026-10-16,IC Sale - Logistics Services Sept 16,,PO-2026-29873
3745,1000,142000,1800003745,INV/2026/09/13745,2026-09-06,2109.63,EUR,2026-10-06,IC Sale - Logistics Services Sept 06,,PO-2026-57156
3746,1000,142000,1800003746,INV/2026/09/13746,2026-09-12,3841.69,EUR,2026-10-12,IC Sale - Logistics Services Sept 12,,PO-2026-30089
3747,1000,142000,1800003747,INV/2026/09/13747,2026-09-18,3455.07,EUR,2026-10-18,IC Sale - Logistics Services Sept 18,,PO-2026-40171
3748,1000,142000,1800003748,INV/2026/09/13748,2026-09-19,4715.03,EUR,2026-10-19,IC Sale - Logistics Services Sept 19,,PO-2026-41686
3749,1000,142000,1800003749,INV/2026/09/13749,2026-09-29,1750.4,EUR,2026-10-29,IC Sale - Logistics Services Sept 29,,PO-2026-16845
3750,1000,142000,1800003750,INV/2026/09/13750,2026-09-22,2599.61,EUR,2026-10-22,IC Sale - Logistics Services Sept 22,,PO-2026-22007
3751,1000,142000,1800003751,INV/2026/09/13751,2026-09-13,2431.74,EUR,2026-10-13,IC Sale - Logistics Services Sept 13,,PO-2026-14596
3752,1000,142000,1800003752,INV/2026/09/13752,2026-09-14,14020.74,EUR,2026-10-14,IC Sale - Logistics Services Sept 14,,PO-2026-41800
3753,1000,142000,1800003753,INV/2026/09/13753,2026-09-29,13649.25,EUR,2026-10-29,IC Sale - Logistics Services Sept 29,,PO-2026-60875
3754,1000,142000,1800003754,INV/2026/09/13754,2026-09-02,7934.95,EUR,2026-10-02,IC Sale - Logistics Services Sept 02,,PO-2026-23080
3755,1000,142000,1800003755,INV/2026/09/13755,2026-09-17,1974.72,EUR,2026-10-17,IC Sale - Logistics Services Sept 17,,PO-2026-73912
3756,1000,142000,1800003756,INV/2026/09/13756,2026-09-11,435.76,EUR,2026-10-11,IC Sale - Logistics Services Sept 11,,PO-2026-38412
3757,1000,142000,1800003757,INV/2026/09/13757,2026-09-24,4632.12,EUR,2026-10-24,IC Sale - Logistics Services Sept 24,,PO-2026-37103
3758,1000,142000,1800003758,INV/2026/09/13758,2026-09-29,4347.01,EUR,2026-10-29,IC Sale - Logistics Services Sept 29,,PO-2026-57578
3759,1000,142000,1800003759,INV/2026/09/13759,2026-09-27,190.73,EUR,2026-10-27,IC Sale - Logistics Services Sept 27,,PO-2026-29048
3760,1000,142000,1800003760,INV/2026/09/13760,2026-09-03,6389.66,EUR,2026-10-03,IC Sale - Logistics Services Sept 03,,PO-2026-71824
3761,1000,142000,1800003761,INV/2026/09/13761,2026-09-11,4976.66,EUR,2026-10-11,IC Sale - Logistics Services Sept 11,,PO-2026-14695
3762,1000,142000,1800003762,INV/2026/09/13762,2026-09-07,6090.69,EUR,2026-10-07,IC Sale - Logistics Services Sept 07,,PO-2026-12450
3763,1000,142000,1800003763,INV/2026/09/13763,2026-09-25,14156.72,EUR,2026-10-25,IC Sale - Logistics Services Sept 25,,PO-2026-29748
3764,1000,142000,1800003764,INV/2026/09/13764,2026-09-09,10067.76,EUR,2026-10-09,IC Sale - Logistics Services Sept 09,,PO-2026-55736
3765,1000,142000,1800003765,INV/2026/09/13765,2026-09-03,6197.46,EUR,2026-10-03,IC Sale - Logistics Services Sept 03,,PO-2026-68977
3766,1000,142000,1800003766,INV/2026/09/13766,2026-09-07,691.43,EUR,2026-10-07,IC Sale - Logistics Services Sept 07,,PO-2026-78897
3767,1000,142000,1800003767,INV/2026/09/13767,2026-09-18,702.08,EUR,2026-10-18,IC Sale - Logistics Services Sept 18,,PO-2026-58465
3768,1000,142000,1800003768,INV/2026/09/13768,2026-09-20,10598.67,EUR,2026-10-20,IC Sale - Logistics Services Sept 20,,PO-2026-23543
3769,1000,142000,1800003769,INV/2026/09/13769,2026-09-03,3593.38,EUR,2026-10-03,IC Sale - Logistics Services Sept 03,,PO-2026-20913
3770,1000,142000,1800003770,INV/2026/09/13770,2026-09-27,3153.56,EUR,2026-10-27,IC Sale - Logistics Services Sept 27,,PO-2026-56759
3771,1000,142000,1800003771,INV/2026/09/13771,2026-09-28,15702.66,EUR,2026-10-28,IC Sale - Logistics Services Sept 28,,PO-2026-62153
3772,1000,142000,1800003772,INV/2026/09/13772,2026-09-05,743.47,EUR,2026-10-05,IC Sale - Logistics Services Sept 05,,PO-2026-25736
3773,1000,142000,1800003773,INV/2026/09/13773,2026-09-20,3468.61,EUR,2026-10-20,IC Sale - Logistics Services Sept 20,,PO-2026-42952
3774,1000,142000,1800003774,INV/2026/09/13774,2026-09-29,3076.89,EUR,2026-10-29,IC Sale - Logistics Services Sept 29,,PO-2026-13352
3775,1000,142000,1800003775,INV/2026/09/13775,2026-09-21,898.05,EUR,2026-10-21,IC Sale - Logistics Services Sept 21,,PO-2026-18002
3776,1000,142000,1800003776,INV/2026/09/13776,2026-09-25,6570.03,EUR,2026-10-25,IC Sale - Logistics Services Sept 25,,PO-2026-95369
3777,1000,142000,1800003777,INV/2026/09/13777,2026-09-24,270.64,EUR,2026-10-24,IC Sale - Logistics Services Sept 24,,PO-2026-23794
3778,1000,142000,1800003778,INV/2026/09/13778,2026-09-28,5824.59,EUR,2026-10-28,IC Sale - Logistics Services Sept 28,,PO-2026-88067
3779,1000,142000,1800003779,INV/2026/09/13779,2026-09-04,576.06,EUR,2026-10-04,IC Sale - Logistics Services Sept 04,,PO-2026-42710
3780,1000,142000,1800003780,INV/2026/09/13780,2026-09-22,1150.24,EUR,2026-10-22,IC Sale - Logistics Services Sept 22,,PO-2026-93043
3782,1000,142000,1800003782,INV/2026/09/13782,2026-09-27,192.38,EUR,2026-10-27,IC Sale - Logistics Services Sept 27,,PO-2026-33395
3783,1000,142000,1800003783,INV/2026/09/13783,2026-09-04,25026.94,EUR,2026-10-04,IC Sale - Logistics Services Sept 04,,PO-2026-41687
3784,1000,142000,1800003784,INV/2026/09/13784,2026-09-10,230.86,EUR,2026-10-10,IC Sale - Logistics Services Sept 10,,PO-2026-47040
3785,1000,142000,1800003785,INV/2026/09/13785,2026-09-09,521.44,EUR,2026-10-09,IC Sale - Logistics Services Sept 09,,PO-2026-42703
3786,1000,142000,1800003786,INV/2026/09/13786,2026-09-28,7036.15,EUR,2026-10-28,IC Sale - Logistics Services Sept 28,,PO-2026-54912
3787,1000,142000,1800003787,INV/2026/09/13787,2026-09-13,8539.92,EUR,2026-10-13,IC Sale - Logistics Services Sept 13,,PO-2026-95263
3788,1000,142000,1800003788,INV/2026/09/13788,2026-09-23,1302.29,EUR,2026-10-23,IC Sale - Logistics Services Sept 23,,PO-2026-17256
3790,1000,142000,1800003790,INV/2026/09/13790,2026-09-01,2612.6,EUR,2026-10-01,IC Sale - Logistics Services Sept 01,,PO-2026-37854
3791,1000,142000,1800003791,INV/2026/09/13791,2026-09-29,396.24,EUR,2026-10-29,IC Sale - Logistics Services Sept 29,,PO-2026-29723
3792,1000,142000,1800003792,INV/2026/09/13792,2026-09-16,1878.15,EUR,2026-10-16,IC Sale - Logistics Services Sept 16,,PO-2026-83618
3793,1000,142000,1800003793,INV/2026/09/13793,2026-09-18,1931.23,EUR,2026-10-18,IC Sale - Logistics Services Sept 18,,PO-2026-31018
3794,1000,142000,1800003794,INV/2026/09/13794,2026-09-25,1757.09,EUR,2026-10-25,IC Sale - Logistics Services Sept 25,,PO-2026-23734
3795,1000,142000,1800003795,INV/2026/09/13795,2026-09-19,5719.02,EUR,2026-10-19,IC Sale - Logistics Services Sept 19,,PO-2026-94655
3796,1000,142000,1800003796,INV/2026/09/13796,2026-09-09,1885.17,EUR,2026-10-09,IC Sale - Logistics Services Sept 09,,PO-2026-69771
3797,1000,142000,1800003797,INV/2026/09/13797,2026-09-20,8529.49,EUR,2026-10-20,IC Sale - Logistics Services Sept 20,,PO-2026-75069
3798,1000,142000,1800003798,INV/2026/09/13798,2026-09-16,1913.6,EUR,2026-10-16,IC Sale - Logistics Services Sept 16,,PO-2026-38695
3799,1000,142000,1800003799,INV/2026/09/13799,2026-09-10,712.62,EUR,2026-10-10,IC Sale - Logistics Services Sept 10,,PO-2026-30090
3800,1000,142000,1800003800,INV/2026/09/13800,2026-09-29,4369.95,EUR,2026-10-29,IC Sale - Logistics Services Sept 29,,PO-2026-36780
3801,1000,142000,1800003801,INV/2026/09/13801,2026-09-25,1116.26,EUR,2026-10-25,IC Sale - Logistics Services Sept 25,,PO-2026-92100
3802,1000,142000,1800003802,INV/2026/09/13802,2026-09-26,412.95,EUR,2026-10-26,IC Sale - Logistics Services Sept 26,,PO-2026-16838
3803,1000,142000,1800003803,INV/2026/09/13803,2026-09-07,1094.11,EUR,2026-10-07,IC Sale - Logistics Services Sept 07,,PO-2026-67234
3804,1000,142000,1800003804,INV/2026/09/13804,2026-09-02,6326.41,EUR,2026-10-02,IC Sale - Logistics Services Sept 02,,PO-2026-97258
3806,1000,142000,1800003806,INV/2026/09/13806,2026-09-17,4311.53,EUR,2026-10-17,IC Sale - Logistics Services Sept 17,,PO-2026-80545
3807,1000,142000,1800003807,INV/2026/09/13807,2026-09-19,3721.7,EUR,2026-10-19,IC Sale - Logistics Services Sept 19,,PO-2026-52584
3808,1000,142000,1800003808,INV/2026/09/13808,2026-09-03,1788.33,EUR,2026-10-03,IC Sale - Logistics Services Sept 03,,PO-2026-52337
3809,1000,142000,1800003809,INV/2026/09/13809,2026-09-13,3913.18,EUR,2026-10-13,IC Sale - Logistics Services Sept 13,,PO-2026-54273
3810,1000,142000,1800003810,INV/2026/09/13810,2026-09-27,6901.53,EUR,2026-10-27,IC Sale - Logistics Services Sept 27,,PO-2026-32239
3811,1000,142000,1800003811,INV/2026/09/13811,2026-09-04,16847.66,EUR,2026-10-04,IC Sale - Logistics Services Sept 04,,PO-2026-94560
3812,1000,142000,1800003812,INV/2026/09/13812,2026-09-01,210.19,EUR,2026-10-01,IC Sale - Logistics Services Sept 01,,PO-2026-36766
3813,1000,142000,1800003813,INV/2026/09/13813,2026-09-09,2588.36,EUR,2026-10-09,IC Sale - Logistics Services Sept 09,,PO-2026-95062
3814,1000,142000,1800003814,INV/2026/09/13814,2026-09-11,2164.13,EUR,2026-10-11,IC Sale - Logistics Services Sept 11,,PO-2026-74658
3815,1000,142000,1800003815,INV/2026/09/13815,2026-09-18,6542.94,EUR,2026-10-18,IC Sale - Logistics Services Sept 18,,PO-2026-99106
3816,1000,142000,1800003816,INV/2026/09/13816,2026-09-04,3120.08,EUR,2026-10-04,IC Sale - Logistics Services Sept 04,,PO-2026-98753
3817,1000,142000,1800003817,INV/2026/09/13817,2026-09-10,1443.69,EUR,2026-10-10,IC Sale - Logistics Services Sept 10,,PO-2026-38587
3818,1000,142000,1800003818,INV/2026/09/13818,2026-09-05,14695.03,EUR,2026-10-05,IC Sale - Logistics Services Sept 05,,PO-2026-58094
3819,1000,142000,1800003819,INV/2026/09/13819,2026-09-27,3536.4,EUR,2026-10-27,IC Sale - Logistics Services Sept 27,,PO-2026-83972
3820,1000,142000,1800003820,INV/2026/09/13820,2026-09-01,2943.02,EUR,2026-10-01,IC Sale - Logistics Services Sept 01,,PO-2026-49147
3821,1000,142000,1800003821,INV/2026/09/13821,2026-09-04,2306.85,EUR,2026-10-04,IC Sale - Logistics Services Sept 04,,PO-2026-76293
3822,1000,142000,1800003822,INV/2026/09/13822,2026-09-14,1531.38,EUR,2026-10-14,IC Sale - Logistics Services Sept 14,,PO-2026-74602
3823,1000,142000,1800003823,INV/2026/09/13823,2026-09-27,575.49,EUR,2026-10-27,IC Sale - Logistics Services Sept 27,,PO-2026-54572
3824,1000,142000,1800003824,INV/2026/09/13824,2026-09-08,6134.79,EUR,2026-10-08,IC Sale - Logistics Services Sept 08,,PO-2026-49142
3825,1000,142000,1800003825,INV/2026/09/13825,2026-09-07,4977.66,EUR,2026-10-07,IC Sale - Logistics Services Sept 07,,PO-2026-66662
3826,1000,142000,1800003826,INV/2026/09/13826,2026-09-21,3315.83,EUR,2026-10-21,IC Sale - Logistics Services Sept 21,,PO-2026-78954
3827,1000,142000,1800003827,INV/2026/09/13827,2026-09-18,2337.1,EUR,2026-10-18,IC Sale - Logistics Services Sept 18,,PO-2026-82852
3828,1000,142000,1800003828,INV/2026/09/13828,2026-09-10,10645.54,EUR,2026-10-10,IC Sale - Logistics Services Sept 10,,PO-2026-63233
3829,1000,142000,1800003829,INV/2026/09/13829,2026-09-08,585.99,EUR,2026-10-08,IC Sale - Logistics Services Sept 08,,PO-2026-41252
3830,1000,142000,1800003830,INV/2026/09/13830,2026-09-24,384.5,EUR,2026-10-24,IC Sale - Logistics Services Sept 24,,PO-2026-84502
3831,1000,142000,1800003831,INV/2026/09/13831,2026-09-25,1739.16,EUR,2026-10-25,IC Sale - Logistics Services Sept 25,,PO-2026-61088
3832,1000,142000,1800003832,INV/2026/09/13832,2026-09-10,1923.38,EUR,2026-10-10,IC Sale - Logistics Services Sept 10,,PO-2026-68151
3833,1000,142000,1800003833,INV/2026/09/13833,2026-09-23,1100.55,EUR,2026-10-23,IC Sale - Logistics Services Sept 23,,PO-2026-56848
3834,1000,142000,1800003834,INV/2026/09/13834,2026-09-17,3746.72,EUR,2026-10-17,IC Sale - Logistics Services Sept 17,,PO-2026-44634
3835,1000,142000,1800003835,INV/2026/09/13835,2026-09-26,5283.85,EUR,2026-10-26,IC Sale - Logistics Services Sept 26,,PO-2026-69122
3836,1000,142000,1800003836,INV/2026/09/13836,2026-09-27,22061.84,EUR,2026-10-27,IC Sale - Logistics Services Sept 27,,PO-2026-27009
3837,1000,142000,1800003837,INV/2026/09/13837,2026-09-16,276.73,EUR,2026-10-16,IC Sale - Logistics Services Sept 16,,PO-2026-21762
3838,1000,142000,1800003838,INV/2026/09/13838,2026-09-12,4558.94,EUR,2026-10-12,IC Sale - Logistics Services Sept 12,,PO-2026-82568
3839,1000,142000,1800003839,INV/2026/09/13839,2026-09-01,2321.48,EUR,2026-10-01,IC Sale - Logistics Services Sept 01,,PO-2026-13450
3840,1000,142000,1800003840,INV/2026/09/13840,2026-09-11,5112.4,EUR,2026-10-11,IC Sale - Logistics Services Sept 11,,PO-2026-27422
3841,1000,142000,1800003841,INV/2026/09/13841,2026-09-07,873.88,EUR,2026-10-07,IC Sale - Logistics Services Sept 07,,PO-2026-32218
3842,1000,142000,1800003842,INV/2026/09/13842,2026-09-05,3987.03,EUR,2026-10-05,IC Sale - Logistics Services Sept 05,,PO-2026-10850
3843,1000,142000,1800003843,INV/2026/09/13843,2026-09-23,4582.53,EUR,2026-10-23,IC Sale - Logistics Services Sept 23,,PO-2026-87691
3844,1000,142000,1800003844,INV/2026/09/13844,2026-09-19,1475.86,EUR,2026-10-19,IC Sale - Logistics Services Sept 19,,PO-2026-11989
3845,1000,142000,1800003845,INV/2026/09/13845,2026-09-27,934.08,EUR,2026-10-27,IC Sale - Logistics Services Sept 27,,PO-2026-43774
3846,1000,142000,1800003846,INV/2026/09/13846,2026-09-12,1649.34,EUR,2026-10-12,IC Sale - Logistics Services Sept 12,,PO-2026-75081
3847,1000,142000,1800003847,INV/2026/09/13847,2026-09-08,890.67,EUR,2026-10-08,IC Sale - Logistics Services Sept 08,,PO-2026-90847
3848,1000,142000,1800003848,INV/2026/09/13848,2026-09-05,3386.87,EUR,2026-10-05,IC Sale - Logistics Services Sept 05,,PO-2026-42072
3849,1000,142000,1800003849,INV/2026/09/13849,2026-09-04,1007.64,EUR,2026-10-04,IC Sale - Logistics Services Sept 04,,PO-2026-84632
3850,1000,142000,1800003850,INV/2026/09/13850,2026-09-22,15840.05,EUR,2026-10-22,IC Sale - Logistics Services Sept 22,,PO-2026-35342
3851,1000,142000,1800003851,INV/2026/09/13851,2026-09-08,1584.68,EUR,2026-10-08,IC Sale - Logistics Services Sept 08,,PO-2026-68685
3852,1000,142000,1800003852,INV/2026/09/13852,2026-09-16,6621.22,EUR,2026-10-16,IC Sale - Logistics Services Sept 16,,PO-2026-36071
3853,1000,142000,1800003853,INV/2026/09/13853,2026-09-18,628.42,EUR,2026-10-18,IC Sale - Logistics Services Sept 18,,PO-2026-94166
3854,1000,142000,1800003854,INV/2026/09/13854,2026-09-22,3175.86,EUR,2026-10-22,IC Sale - Logistics Services Sept 22,,PO-2026-60990
3855,1000,142000,1800003855,INV/2026/09/13855,2026-09-20,2722.77,EUR,2026-10-20,IC Sale - Logistics Services Sept 20,,PO-2026-86344
3856,1000,142000,1800003856,INV/2026/09/13856,2026-09-26,998.35,EUR,2026-10-26,IC Sale - Logistics Services Sept 26,,PO-2026-68943
3857,1000,142000,1800003857,INV/2026/09/13857,2026-09-08,987.87,EUR,2026-10-08,IC Sale - Logistics Services Sept 08,,PO-2026-90524
3858,1000,142000,1800003858,INV/2026/09/13858,2026-09-11,4835.11,EUR,2026-10-11,IC Sale - Logistics Services Sept 11,,PO-2026-76703
3859,1000,142000,1800003859,INV/2026/09/13859,2026-09-14,2503.52,EUR,2026-10-14,IC Sale - Logistics Services Sept 14,,PO-2026-55078
3860,1000,142000,1800003860,INV/2026/09/13860,2026-09-14,389.5,EUR,2026-10-14,IC Sale - Logistics Services Sept 14,,PO-2026-61876
3861,1000,142000,1800003861,INV/2026/09/13861,2026-09-05,1555.31,EUR,2026-10-05,IC Sale - Logistics Services Sept 05,,PO-2026-15549
3862,1000,142000,1800003862,INV/2026/09/13862,2026-09-18,1840.51,EUR,2026-10-18,IC Sale - Logistics Services Sept 18,,PO-2026-81539
3863,1000,142000,1800003863,INV/2026/09/13863,2026-09-02,556.68,EUR,2026-10-02,IC Sale - Logistics Services Sept 02,,PO-2026-59595
3864,1000,142000,1800003864,INV/2026/09/13864,2026-09-02,976.48,EUR,2026-10-02,IC Sale - Logistics Services Sept 02,,PO-2026-81386
3865,1000,142000,1800003865,INV/2026/09/13865,2026-09-28,10050.26,EUR,2026-10-28,IC Sale - Logistics Services Sept 28,,PO-2026-91847
3866,1000,142000,1800003866,INV/2026/09/13866,2026-09-11,193.6,EUR,2026-10-11,IC Sale - Logistics Services Sept 11,,PO-2026-25441
3867,1000,142000,1800003867,INV/2026/09/13867,2026-09-09,3706.58,EUR,2026-10-09,IC Sale - Logistics Services Sept 09,,PO-2026-90053
3868,1000,142000,1800003868,INV/2026/09/13868,2026-09-24,207.53,EUR,2026-10-24,IC Sale - Logistics Services Sept 24,,PO-2026-17367
3869,1000,142000,1800003869,INV/2026/09/13869,2026-09-25,832.73,EUR,2026-10-25,IC Sale - Logistics Services Sept 25,,PO-2026-86380
3870,1000,142000,1800003870,INV/2026/09/13870,2026-09-11,1436.81,EUR,2026-10-11,IC Sale - Logistics Services Sept 11,,PO-2026-61516
3871,1000,142000,1800003871,INV/2026/09/13871,2026-09-25,784.23,EUR,2026-10-25,IC Sale - Logistics Services Sept 25,,PO-2026-77215
3872,1000,142000,1800003872,INV/2026/09/13872,2026-09-01,203.45,EUR,2026-10-01,IC Sale - Logistics Services Sept 01,,PO-2026-76698
3873,1000,142000,1800003873,INV/2026/09/13873,2026-09-04,353.75,EUR,2026-10-04,IC Sale - Logistics Services Sept 04,,PO-2026-98357
3874,1000,142000,1800003874,INV/2026/09/13874,2026-09-16,2164.58,EUR,2026-10-16,IC Sale - Logistics Services Sept 16,,PO-2026-51866
3875,1000,142000,1800003875,INV/2026/09/13875,2026-09-03,843.17,EUR,2026-10-03,IC Sale - Logistics Services Sept 03,,PO-2026-36343
3876,1000,142000,1800003876,INV/2026/09/13876,2026-09-18,7897.6,EUR,2026-10-18,IC Sale - Logistics Services Sept 18,,PO-2026-26083
3877,1000,142000,1800003877,INV/2026/09/13877,2026-09-27,2235.17,EUR,2026-10-27,IC Sale - Logistics Services Sept 27,,PO-2026-17360
3878,1000,142000,1800003878,INV/2026/09/13878,2026-09-21,4961.23,EUR,2026-10-21,IC Sale - Logistics Services Sept 21,,PO-2026-61814
3879,1000,142000,1800003879,INV/2026/09/13879,2026-09-09,316.05,EUR,2026-10-09,IC Sale - Logistics Services Sept 09,,PO-2026-89146
3880,1000,142000,1800003880,INV/2026/09/13880,2026-09-09,5986.73,EUR,2026-10-09,IC Sale - Logistics Services Sept 09,,PO-2026-52519
3881,1000,142000,1800003881,INV/2026/09/13881,2026-09-15,610.29,EUR,2026-10-15,IC Sale - Logistics Services Sept 15,,PO-2026-21344
3882,1000,142000,1800003882,INV/2026/09/13882,2026-09-14,5487.68,EUR,2026-10-14,IC Sale - Logistics Services Sept 14,,PO-2026-21961
3883,1000,142000,1800003883,INV/2026/09/13883,2026-09-03,3110.51,EUR,2026-10-03,IC Sale - Logistics Services Sept 03,,PO-2026-21184
3884,1000,142000,1800003884,INV/2026/09/13884,2026-09-16,6971.07,EUR,2026-10-16,IC Sale - Logistics Services Sept 16,,PO-2026-37193
3885,1000,142000,1800003885,INV/2026/09/13885,2026-09-29,7189.38,EUR,2026-10-29,IC Sale - Logistics Services Sept 29,,PO-2026-16265
3886,1000,142000,1800003886,INV/2026/09/13886,2026-09-07,5256.4,EUR,2026-10-07,IC Sale - Logistics Services Sept 07,,PO-2026-70987
3887,1000,142000,1800003887,INV/2026/09/13887,2026-09-08,4560.05,EUR,2026-10-08,IC Sale - Logistics Services Sept 08,,PO-2026-96211
3888,1000,142000,1800003888,INV/2026/09/13888,2026-09-14,6519.59,EUR,2026-10-14,IC Sale - Logistics Services Sept 14,,PO-2026-99222
3889,1000,142000,1800003889,INV/2026/09/13889,2026-09-28,1732.99,EUR,2026-10-28,IC Sale - Logistics Services Sept 28,,PO-2026-25103
3890,1000,142000,1800003890,INV/2026/09/13890,2026-09-16,2856.66,EUR,2026-10-16,IC Sale - Logistics Services Sept 16,,PO-2026-51040
3891,1000,142000,1800003891,INV/2026/09/13891,2026-09-08,1127.85,EUR,2026-10-08,IC Sale - Logistics Services Sept 08,,PO-2026-80961
3892,1000,142000,1800003892,INV/2026/09/13892,2026-09-09,1098.62,EUR,2026-10-09,IC Sale - Logistics Services Sept 09,,PO-2026-17936
3893,1000,142000,1800003893,INV/2026/09/13893,2026-09-13,1384.38,EUR,2026-10-13,IC Sale - Logistics Services Sept 13,,PO-2026-52359
3894,1000,142000,1800003894,INV/2026/09/13894,2026-09-12,3825.6,EUR,2026-10-12,IC Sale - Logistics Services Sept 12,,PO-2026-47886
3895,1000,142000,1800003895,INV/2026/09/13895,2026-09-13,1032.72,EUR,2026-10-13,IC Sale - Logistics Services Sept 13,,PO-2026-73311
3896,1000,142000,1800003896,INV/2026/09/13896,2026-09-15,5521.39,EUR,2026-10-15,IC Sale - Logistics Services Sept 15,,PO-2026-89466
3897,1000,142000,1800003897,INV/2026/09/13897,2026-09-22,2068.05,EUR,2026-10-22,IC Sale - Logistics Services Sept 22,,PO-2026-71279
3898,1000,142000,1800003898,INV/2026/09/13898,2026-09-10,2200.37,EUR,2026-10-10,IC Sale - Logistics Services Sept 10,,PO-2026-79002
3899,1000,142000,1800003899,INV/2026/09/13899,2026-09-19,4122.81,EUR,2026-10-19,IC Sale - Logistics Services Sept 19,,PO-2026-64921
3900,1000,142000,1800003900,INV/2026/09/13900,2026-09-09,2101.26,EUR,2026-10-09,IC Sale - Logistics Services Sept 09,,PO-2026-79561
3901,1000,142000,1800003901,INV/2026/09/13901,2026-09-16,2589.97,EUR,2026-10-16,IC Sale - Logistics Services Sept 16,,PO-2026-41934
3902,1000,142000,1800003902,INV/2026/09/13902,2026-09-28,6425.55,EUR,2026-10-28,IC Sale - Logistics Services Sept 28,,PO-2026-42062
3903,1000,142000,1800003903,INV/2026/09/13903,2026-09-09,5489.71,EUR,2026-10-09,IC Sale - Logistics Services Sept 09,,PO-2026-82491
3905,1000,142000,1800003905,INV/2026/09/13905,2026-09-01,878.73,EUR,2026-10-01,IC Sale - Logistics Services Sept 01,,PO-2026-23764
3906,1000,142000,1800003906,INV/2026/09/13906,2026-09-03,2066.82,EUR,2026-10-03,IC Sale - Logistics Services Sept 03,,PO-2026-93334
3907,1000,142000,1800003907,INV/2026/09/13907,2026-09-27,447.05,EUR,2026-10-27,IC Sale - Logistics Services Sept 27,,PO-2026-64009
3908,1000,142000,1800003908,INV/2026/09/13908,2026-09-07,1125.81,EUR,2026-10-07,IC Sale - Logistics Services Sept 07,,PO-2026-22758
3909,1000,142000,1800003909,INV/2026/09/13909,2026-09-14,370.9,EUR,2026-10-14,IC Sale - Logistics Services Sept 14,,PO-2026-77920
3910,1000,142000,1800003910,INV/2026/09/13910,2026-09-20,2606.04,EUR,2026-10-20,IC Sale - Logistics Services Sept 20,,PO-2026-35340
3911,1000,142000,1800003911,INV/2026/09/13911,2026-09-21,10194.19,EUR,2026-10-21,IC Sale - Logistics Services Sept 21,,PO-2026-88735
3912,1000,142000,1800003912,INV/2026/09/13912,2026-09-01,5767.13,EUR,2026-10-01,IC Sale - Logistics Services Sept 01,,PO-2026-81101
3913,1000,142000,1800003913,INV/2026/09/13913,2026-09-05,928.85,EUR,2026-10-05,IC Sale - Logistics Services Sept 05,,PO-2026-56903
3914,1000,142000,1800003914,INV/2026/09/13914,2026-09-26,1314.79,EUR,2026-10-26,IC Sale - Logistics Services Sept 26,,PO-2026-29754
3915,1000,142000,1800003915,INV/2026/09/13915,2026-09-08,4738.29,EUR,2026-10-08,IC Sale - Logistics Services Sept 08,,PO-2026-88256
3916,1000,142000,1800003916,INV/2026/09/13916,2026-09-26,489.18,EUR,2026-10-26,IC Sale - Logistics Services Sept 26,,PO-2026-62340
3917,1000,142000,1800003917,INV/2026/09/13917,2026-09-29,5130.92,EUR,2026-10-29,IC Sale - Logistics Services Sept 29,,PO-2026-38427
3918,1000,142000,1800003918,INV/2026/09/13918,2026-09-17,4127.7,EUR,2026-10-17,IC Sale - Logistics Services Sept 17,,PO-2026-94944
3919,1000,142000,1800003919,INV/2026/09/13919,2026-09-25,4166.55,EUR,2026-10-25,IC Sale - Logistics Services Sept 25,,PO-2026-94856
3920,1000,142000,1800003920,INV/2026/09/13920,2026-09-05,2234.88,EUR,2026-10-05,IC Sale - Logistics Services Sept 05,,PO-2026-41726
3921,1000,142000,1800003921,INV/2026/09/13921,2026-09-02,540.84,EUR,2026-10-02,IC Sale - Logistics Services Sept 02,,PO-2026-92040
3922,1000,142000,1800003922,INV/2026/09/13922,2026-09-08,3750.54,EUR,2026-10-08,IC Sale - Logistics Services Sept 08,,PO-2026-97820
3923,1000,142000,1800003923,INV/2026/09/13923,2026-09-05,2515.15,EUR,2026-10-05,IC Sale - Logistics Services Sept 05,,PO-2026-46445
3924,1000,142000,1800003924,INV/2026/09/13924,2026-09-14,5813.66,EUR,2026-10-14,IC Sale - Logistics Services Sept 14,,PO-2026-54772
3926,1000,142000,1800003926,INV/2026/09/13926,2026-09-11,3550.33,EUR,2026-10-11,IC Sale - Logistics Services Sept 11,,PO-2026-32115
3927,1000,142000,1800003927,INV/2026/09/13927,2026-09-20,1179.24,EUR,2026-10-20,IC Sale - Logistics Services Sept 20,,PO-2026-31139
3928,1000,142000,1800003928,INV/2026/09/13928,2026-09-09,1994.48,EUR,2026-10-09,IC Sale - Logistics Services Sept 09,,PO-2026-75326
3929,1000,142000,1800003929,INV/2026/09/13929,2026-09-29,3849.96,EUR,2026-10-29,IC Sale - Logistics Services Sept 29,,PO-2026-75947
3930,1000,142000,1800003930,INV/2026/09/13930,2026-09-16,10998.56,EUR,2026-10-16,IC Sale - Logistics Services Sept 16,,PO-2026-36173
3931,1000,142000,1800003931,INV/2026/09/13931,2026-09-03,2346.82,EUR,2026-10-03,IC Sale - Logistics Services Sept 03,,PO-2026-99837
3932,1000,142000,1800003932,INV/2026/09/13932,2026-09-26,16599.26,EUR,2026-10-26,IC Sale - Logistics Services Sept 26,,PO-2026-47464
3933,1000,142000,1800003933,INV/2026/09/13933,2026-09-05,1836.23,EUR,2026-10-05,IC Sale - Logistics Services Sept 05,,PO-2026-41500
3934,1000,142000,1800003934,INV/2026/09/13934,2026-09-17,1736.08,EUR,2026-10-17,IC Sale - Logistics Services Sept 17,,PO-2026-71978
3935,1000,142000,1800003935,INV/2026/09/13935,2026-09-29,11129.19,EUR,2026-10-29,IC Sale - Logistics Services Sept 29,,PO-2026-56678
3936,1000,142000,1800003936,INV/2026/09/13936,2026-09-08,2809.53,EUR,2026-10-08,IC Sale - Logistics Services Sept 08,,PO-2026-80231
3937,1000,142000,1800003937,INV/2026/09/13937,2026-09-10,3575.05,EUR,2026-10-10,IC Sale - Logistics Services Sept 10,,PO-2026-42076
3938,1000,142000,1800003938,INV/2026/09/13938,2026-09-13,7130.87,EUR,2026-10-13,IC Sale - Logistics Services Sept 13,,PO-2026-56551
3939,1000,142000,1800003939,INV/2026/09/13939,2026-09-24,13133.13,EUR,2026-10-24,IC Sale - Logistics Services Sept 24,,PO-2026-90084
3940,1000,142000,1800003940,INV/2026/09/13940,2026-09-23,4546.69,EUR,2026-10-23,IC Sale - Logistics Services Sept 23,,PO-2026-46049
3941,1000,142000,1800003941,INV/2026/09/13941,2026-09-04,2574.41,EUR,2026-10-04,IC Sale - Logistics Services Sept 04,,PO-2026-49688
3942,1000,142000,1800003942,INV/2026/09/13942,2026-09-25,11468.91,EUR,2026-10-25,IC Sale - Logistics Services Sept 25,,PO-2026-88788
3944,1000,142000,1800003944,INV/2026/09/13944,2026-09-17,11374.05,EUR,2026-10-17,IC Sale - Logistics Services Sept 17,,PO-2026-93780
3945,1000,142000,1800003945,INV/2026/09/13945,2026-09-24,3565.45,EUR,2026-10-24,IC Sale - Logistics Services Sept 24,,PO-2026-51869
3946,1000,142000,1800003946,INV/2026/09/13946,2026-09-25,1792.04,EUR,2026-10-25,IC Sale - Logistics Services Sept 25,,PO-2026-27815
3947,1000,142000,1800003947,INV/2026/09/13947,2026-09-06,1449.79,EUR,2026-10-06,IC Sale - Logistics Services Sept 06,,PO-2026-65359
3948,1000,142000,1800003948,INV/2026/09/13948,2026-09-21,883.75,EUR,2026-10-21,IC Sale - Logistics Services Sept 21,,PO-2026-72900
3949,1000,142000,1800003949,INV/2026/09/13949,2026-09-24,524.0,EUR,2026-10-24,IC Sale - Logistics Services Sept 24,,PO-2026-49658
3950,1000,142000,1800003950,INV/2026/09/13950,2026-09-20,10026.94,EUR,2026-10-20,IC Sale - Logistics Services Sept 20,,PO-2026-55692
3951,1000,142000,1800003951,INV/2026/09/13951,2026-09-04,1492.27,EUR,2026-10-04,IC Sale - Logistics Services Sept 04,,PO-2026-81453
3952,1000,142000,1800003952,INV/2026/09/13952,2026-09-26,6750.76,EUR,2026-10-26,IC Sale - Logistics Services Sept 26,,PO-2026-25487
3953,1000,142000,1800003953,INV/2026/09/13953,2026-09-18,4791.92,EUR,2026-10-18,IC Sale - Logistics Services Sept 18,,PO-2026-71802
3954,1000,142000,1800003954,INV/2026/09/13954,2026-09-14,238.34,EUR,2026-10-14,IC Sale - Logistics Services Sept 14,,PO-2026-68498
3955,1000,142000,1800003955,INV/2026/09/13955,2026-09-03,635.67,EUR,2026-10-03,IC Sale - Logistics Services Sept 03,,PO-2026-54899
3956,1000,142000,1800003956,INV/2026/09/13956,2026-09-20,1318.35,EUR,2026-10-20,IC Sale - Logistics Services Sept 20,,PO-2026-78319
3957,1000,142000,1800003957,INV/2026/09/13957,2026-09-28,527.52,EUR,2026-10-28,IC Sale - Logistics Services Sept 28,,PO-2026-80568
3958,1000,142000,1800003958,INV/2026/09/13958,2026-09-06,294.04,EUR,2026-10-06,IC Sale - Logistics Services Sept 06,,PO-2026-28965
3959,1000,142000,1800003959,INV/2026/09/13959,2026-09-20,1095.98,EUR,2026-10-20,IC Sale - Logistics Services Sept 20,,PO-2026-33698
3960,1000,142000,1800003960,INV/2026/09/13960,2026-09-22,6717.07,EUR,2026-10-22,IC Sale - Logistics Services Sept 22,,PO-2026-59132
3962,1000,142000,1800003962,INV/2026/09/13962,2026-09-18,256.36,EUR,2026-10-18,IC Sale - Logistics Services Sept 18,,PO-2026-82334
3963,1000,142000,1800003963,INV/2026/09/13963,2026-09-17,3776.35,EUR,2026-10-17,IC Sale - Logistics Services Sept 17,,PO-2026-90599
3964,1000,142000,1800003964,INV/2026/09/13964,2026-09-24,2714.12,EUR,2026-10-24,IC Sale - Logistics Services Sept 24,,PO-2026-77031
3965,1000,142000,1800003965,INV/2026/09/13965,2026-09-20,6558.71,EUR,2026-10-20,IC Sale - Logistics Services Sept 20,,PO-2026-50662
3966,1000,142000,1800003966,INV/2026/09/13966,2026-09-23,1549.74,EUR,2026-10-23,IC Sale - Logistics Services Sept 23,,PO-2026-25208
3967,1000,142000,1800003967,INV/2026/09/13967,2026-09-11,7929.89,EUR,2026-10-11,IC Sale - Logistics Services Sept 11,,PO-2026-25458
3969,1000,142000,1800003969,INV/2026/09/13969,2026-09-29,644.42,EUR,2026-10-29,IC Sale - Logistics Services Sept 29,,PO-2026-50058
3970,1000,142000,1800003970,INV/2026/09/13970,2026-09-26,319.86,EUR,2026-10-26,IC Sale - Logistics Services Sept 26,,PO-2026-95411
3971,1000,142000,1800003971,INV/2026/09/13971,2026-09-08,6472.28,EUR,2026-10-08,IC Sale - Logistics Services Sept 08,,PO-2026-29130
3972,1000,142000,1800003972,INV/2026/09/13972,2026-09-12,4988.37,EUR,2026-10-12,IC Sale - Logistics Services Sept 12,,PO-2026-49473
3973,1000,142000,1800003973,INV/2026/09/13973,2026-09-03,3211.42,EUR,2026-10-03,IC Sale - Logistics Services Sept 03,,PO-2026-61510
3974,1000,142000,1800003974,INV/2026/09/13974,2026-09-24,14086.35,EUR,2026-10-24,IC Sale - Logistics Services Sept 24,,PO-2026-80215
3975,1000,142000,1800003975,INV/2026/09/13975,2026-09-25,218.12,EUR,2026-10-25,IC Sale - Logistics Services Sept 25,,PO-2026-73828
3976,1000,142000,1800003976,INV/2026/09/13976,2026-09-29,5804.79,EUR,2026-10-29,IC Sale - Logistics Services Sept 29,,PO-2026-39258
3977,1000,142000,1800003977,INV/2026/09/13977,2026-09-17,1559.81,EUR,2026-10-17,IC Sale - Logistics Services Sept 17,,PO-2026-59556
3978,1000,142000,1800003978,INV/2026/09/13978,2026-09-18,3815.98,EUR,2026-10-18,IC Sale - Logistics Services Sept 18,,PO-2026-51841
3979,1000,142000,1800003979,INV/2026/09/13979,2026-09-20,2384.31,EUR,2026-10-20,IC Sale - Logistics Services Sept 20,,PO-2026-10809
3980,1000,142000,1800003980,INV/2026/09/13980,2026-09-24,485.0,EUR,2026-10-24,IC Sale - Logistics Services Sept 24,,PO-2026-40061
3981,1000,142000,1800003981,INV/2026/09/13981,2026-09-21,925.84,EUR,2026-10-21,IC Sale - Logistics Services Sept 21,,PO-2026-42689
3982,1000,142000,1800003982,INV/2026/09/13982,2026-09-22,522.17,EUR,2026-10-22,IC Sale - Logistics Services Sept 22,,PO-2026-76292
3983,1000,142000,1800003983,INV/2026/09/13983,2026-09-26,4636.83,EUR,2026-10-26,IC Sale - Logistics Services Sept 26,,PO-2026-86635
3984,1000,142000,1800003984,INV/2026/09/13984,2026-09-01,1158.69,EUR,2026-10-01,IC Sale - Logistics Services Sept 01,,PO-2026-27265
3985,1000,142000,1800003985,INV/2026/09/13985,2026-09-15,8620.87,EUR,2026-10-15,IC Sale - Logistics Services Sept 15,,PO-2026-65994
3986,1000,142000,1800003986,INV/2026/09/13986,2026-09-18,6812.13,EUR,2026-10-18,IC Sale - Logistics Services Sept 18,,PO-2026-29429
3987,1000,142000,1800003987,INV/2026/09/13987,2026-09-27,4725.98,EUR,2026-10-27,IC Sale - Logistics Services Sept 27,,PO-2026-94149
3988,1000,142000,1800003988,INV/2026/09/13988,2026-09-07,743.56,EUR,2026-10-07,IC Sale - Logistics Services Sept 07,,PO-2026-62773
3990,1000,142000,1800003990,INV/2026/09/13990,2026-09-15,7714.62,EUR,2026-10-15,IC Sale - Logistics Services Sept 15,,PO-2026-10286
3991,1000,142000,1800003991,INV/2026/09/13991,2026-09-23,743.95,EUR,2026-10-23,IC Sale - Logistics Services Sept 23,,PO-2026-16278
3992,1000,142000,1800003992,INV/2026/09/13992,2026-09-19,6702.93,EUR,2026-10-19,IC Sale - Logistics Services Sept 19,,PO-2026-39098
3993,1000,142000,1800003993,INV/2026/09/13993,2026-09-15,2355.96,EUR,2026-10-15,IC Sale - Logistics Services Sept 15,,PO-2026-63833
3994,1000,142000,1800003994,INV/2026/09/13994,2026-09-07,2647.03,EUR,2026-10-07,IC Sale - Logistics Services Sept 07,,PO-2026-35344
3995,1000,142000,1800003995,INV/2026/09/13995,2026-09-08,395.31,EUR,2026-10-08,IC Sale - Logistics Services Sept 08,,PO-2026-21481
3996,1000,142000,1800003996,INV/2026/09/13996,2026-09-24,1240.01,EUR,2026-10-24,IC Sale - Logistics Services Sept 24,,PO-2026-94467
3997,1000,142000,1800003997,INV/2026/09/13997,2026-09-26,2330.23,EUR,2026-10-26,IC Sale - Logistics Services Sept 26,,PO-2026-20192
3998,1000,142000,1800003998,INV/2026/09/13998,2026-09-17,2352.28,EUR,2026-10-17,IC Sale - Logistics Services Sept 17,,PO-2026-91990
3999,1000,142000,1800003999,INV/2026/09/13999,2026-09-09,1223.41,EUR,2026-10-09,IC Sale - Logistics Services Sept 09,,PO-2026-28050
4000,1000,142000,1800004000,INV/2026/09/14000,2026-09-10,1582.66,EUR,2026-10-10,IC Sale - Logistics Services Sept 10,,PO-2026-57568
4001,1000,142000,1800004001,INV/2026/09/14001,2026-09-08,2361.96,EUR,2026-10-08,IC Sale - Logistics Services Sept 08,,PO-2026-71708
4002,1000,142000,1800004002,INV/2026/09/14002,2026-09-22,2416.92,EUR,2026-10-22,IC Sale - Logistics Services Sept 22,,PO-2026-29914
4003,1000,142000,1800004003,INV/2026/09/14003,2026-09-04,4714.76,EUR,2026-10-04,IC Sale - Logistics Services Sept 04,,PO-2026-42500
4004,1000,142000,1800004004,INV/2026/09/14004,2026-09-28,349.3,EUR,2026-10-28,IC Sale - Logistics Services Sept 28,,PO-2026-36431
4005,1000,142000,1800004005,INV/2026/09/14005,2026-09-26,1989.01,EUR,2026-10-26,IC Sale - Logistics Services Sept 26,,PO-2026-85233
4006,1000,142000,1800004006,INV/2026/09/14006,2026-09-23,3210.48,EUR,2026-10-23,IC Sale - Logistics Services Sept 23,,PO-2026-81058
4007,1000,142000,1800004007,INV/2026/09/14007,2026-09-11,373.77,EUR,2026-10-11,IC Sale - Logistics Services Sept 11,,PO-2026-63218
4008,1000,142000,1800004008,INV/2026/09/14008,2026-09-29,3115.85,EUR,2026-10-29,IC Sale - Logistics Services Sept 29,,PO-2026-45670
4009,1000,142000,1800004009,INV/2026/09/14009,2026-09-23,4095.5,EUR,2026-10-23,IC Sale - Logistics Services Sept 23,,PO-2026-22961
4010,1000,142000,1800004010,INV/2026/09/14010,2026-09-14,4944.76,EUR,2026-10-14,IC Sale - Logistics Services Sept 14,,PO-2026-39395
4011,1000,142000,1800004011,INV/2026/09/14011,2026-09-21,1124.8,EUR,2026-10-21,IC Sale - Logistics Services Sept 21,,PO-2026-90860
4012,1000,142000,1800004012,INV/2026/09/14012,2026-09-18,8549.55,EUR,2026-10-18,IC Sale - Logistics Services Sept 18,,PO-2026-14422
4013,1000,142000,1800004013,INV/2026/09/14013,2026-09-10,8245.34,EUR,2026-10-10,IC Sale - Logistics Services Sept 10,,PO-2026-37239
4014,1000,142000,1800004014,INV/2026/09/14014,2026-09-11,1918.33,EUR,2026-10-11,IC Sale - Logistics Services Sept 11,,PO-2026-19748
4015,1000,142000,1800004015,INV/2026/09/14015,2026-09-25,1773.03,EUR,2026-10-25,IC Sale - Logistics Services Sept 25,,PO-2026-17806
4016,1000,142000,1800004016,INV/2026/09/14016,2026-09-29,312.96,EUR,2026-10-29,IC Sale - Logistics Services Sept 29,,PO-2026-94445
4017,1000,142000,1800004017,INV/2026/09/14017,2026-09-25,5180.41,EUR,2026-10-25,IC Sale - Logistics Services Sept 25,,PO-2026-17267
4018,1000,142000,1800004018,INV/2026/09/14018,2026-09-12,670.86,EUR,2026-10-12,IC Sale - Logistics Services Sept 12,,PO-2026-49958
4019,1000,142000,1800004019,INV/2026/09/14019,2026-09-23,4556.09,EUR,2026-10-23,IC Sale - Logistics Services Sept 23,,PO-2026-63657
4022,1000,142000,1800004022,INV/2026/09/14022,2026-09-18,3106.81,EUR,2026-10-18,IC Sale - Logistics Services Sept 18,,PO-2026-99351
4023,1000,142000,1800004023,INV/2026/09/14023,2026-09-11,376.08,EUR,2026-10-11,IC Sale - Logistics Services Sept 11,,PO-2026-36053
4024,1000,142000,1800004024,INV/2026/09/14024,2026-09-29,3289.26,EUR,2026-10-29,IC Sale - Logistics Services Sept 29,,PO-2026-21510
4025,1000,142000,1800004025,INV/2026/09/14025,2026-09-04,286.26,EUR,2026-10-04,IC Sale - Logistics Services Sept 04,,PO-2026-19415
4026,1000,142000,1800004026,INV/2026/09/14026,2026-09-15,2587.57,EUR,2026-10-15,IC Sale - Logistics Services Sept 15,,PO-2026-88844
4027,1000,142000,1800004027,INV/2026/09/14027,2026-09-15,1049.14,EUR,2026-10-15,IC Sale - Logistics Services Sept 15,,PO-2026-91885
4028,1000,142000,1800004028,INV/2026/09/14028,2026-09-16,3068.93,EUR,2026-10-16,IC Sale - Logistics Services Sept 16,,PO-2026-98314
4029,1000,142000,1800004029,INV/2026/09/14029,2026-09-27,2548.49,EUR,2026-10-27,IC Sale - Logistics Services Sept 27,,PO-2026-33932
4030,1000,142000,1800004030,INV/2026/09/14030,2026-09-16,1791.79,EUR,2026-10-16,IC Sale - Logistics Services Sept 16,,PO-2026-29952
4031,1000,142000,1800004031,INV/2026/09/14031,2026-09-29,5779.3,EUR,2026-10-29,IC Sale - Logistics Services Sept 29,,PO-2026-28566
4032,1000,142000,1800004032,INV/2026/09/14032,2026-09-07,389.84,EUR,2026-10-07,IC Sale - Logistics Services Sept 07,,PO-2026-62452
4033,1000,142000,1800004033,INV/2026/09/14033,2026-09-10,2755.75,EUR,2026-10-10,IC Sale - Logistics Services Sept 10,,PO-2026-89415
4034,1000,142000,1800004034,INV/2026/09/14034,2026-09-24,2216.29,EUR,2026-10-24,IC Sale - Logistics Services Sept 24,,PO-2026-59624
4035,1000,142000,1800004035,INV/2026/09/14035,2026-09-26,8999.47,EUR,2026-10-26,IC Sale - Logistics Services Sept 26,,PO-2026-23575
4036,1000,142000,1800004036,INV/2026/09/14036,2026-09-25,3342.33,EUR,2026-10-25,IC Sale - Logistics Services Sept 25,,PO-2026-68834
4037,1000,142000,1800004037,INV/2026/09/14037,2026-09-03,4697.79,EUR,2026-10-03,IC Sale - Logistics Services Sept 03,,PO-2026-41048
4038,1000,142000,1800004038,INV/2026/09/14038,2026-09-02,10465.06,EUR,2026-10-02,IC Sale - Logistics Services Sept 02,,PO-2026-44880
4039,1000,142000,1800004039,INV/2026/09/14039,2026-09-07,2311.72,EUR,2026-10-07,IC Sale - Logistics Services Sept 07,,PO-2026-52040
4040,1000,142000,1800004040,INV/2026/09/14040,2026-09-12,1992.33,EUR,2026-10-12,IC Sale - Logistics Services Sept 12,,PO-2026-67903
4041,1000,142000,1800004041,INV/2026/09/14041,2026-09-26,3538.66,EUR,2026-10-26,IC Sale - Logistics Services Sept 26,,PO-2026-11360
4042,1000,142000,1800004042,INV/2026/09/14042,2026-09-03,1350.95,EUR,2026-10-03,IC Sale - Logistics Services Sept 03,,PO-2026-89987
4043,1000,142000,1800004043,INV/2026/09/14043,2026-09-15,538.18,EUR,2026-10-15,IC Sale - Logistics Services Sept 15,,PO-2026-37816
4044,1000,142000,1800004044,INV/2026/09/14044,2026-09-13,17035.4,EUR,2026-10-13,IC Sale - Logistics Services Sept 13,,PO-2026-58816
4045,1000,142000,1800004045,INV/2026/09/14045,2026-09-09,2914.77,EUR,2026-10-09,IC Sale - Logistics Services Sept 09,,PO-2026-36772
4046,1000,142000,1800004046,INV/2026/09/14046,2026-09-08,3725.11,EUR,2026-10-08,IC Sale - Logistics Services Sept 08,,PO-2026-98720
4047,1000,142000,1800004047,INV/2026/09/14047,2026-09-27,374.13,EUR,2026-10-27,IC Sale - Logistics Services Sept 27,,PO-2026-90213
4048,1000,142000,1800004048,INV/2026/09/14048,2026-09-27,1053.23,EUR,2026-10-27,IC Sale - Logistics Services Sept 27,,PO-2026-59701
4049,1000,142000,1800004049,INV/2026/09/14049,2026-09-22,3240.04,EUR,2026-10-22,IC Sale - Logistics Services Sept 22,,PO-2026-69589
4050,1000,142000,1800004050,INV/2026/09/14050,2026-09-27,2230.56,EUR,2026-10-27,IC Sale - Logistics Services Sept 27,,PO-2026-94616
4051,1000,142000,1800004051,INV/2026/09/14051,2026-09-16,770.16,EUR,2026-10-16,IC Sale - Logistics Services Sept 16,,PO-2026-44229
4052,1000,142000,1800004052,INV/2026/09/14052,2026-09-26,6406.41,EUR,2026-10-26,IC Sale - Logistics Services Sept 26,,PO-2026-41051
4053,1000,142000,1800004053,INV/2026/09/14053,2026-09-09,740.4,EUR,2026-10-09,IC Sale - Logistics Services Sept 09,,PO-2026-11695
4054,1000,142000,1800004054,INV/2026/09/14054,2026-09-24,3165.01,EUR,2026-10-24,IC Sale - Logistics Services Sept 24,,PO-2026-35423
4055,1000,142000,1800004055,INV/2026/09/14055,2026-09-17,1525.97,EUR,2026-10-17,IC Sale - Logistics Services Sept 17,,PO-2026-44030
4056,1000,142000,1800004056,INV/2026/09/14056,2026-09-22,846.61,EUR,2026-10-22,IC Sale - Logistics Services Sept 22,,PO-2026-30348
4057,1000,142000,1800004057,INV/2026/09/14057,2026-09-29,1123.22,EUR,2026-10-29,IC Sale - Logistics Services Sept 29,,PO-2026-54582
4058,1000,142000,1800004058,INV/2026/09/14058,2026-09-27,1891.48,EUR,2026-10-27,IC Sale - Logistics Services Sept 27,,PO-2026-27408
4059,1000,142000,1800004059,INV/2026/09/14059,2026-09-01,2105.48,EUR,2026-10-01,IC Sale - Logistics Services Sept 01,,PO-2026-94241
4060,1000,142000,1800004060,INV/2026/09/14060,2026-09-06,269.42,EUR,2026-10-06,IC Sale - Logistics Services Sept 06,,PO-2026-29774
4061,1000,142000,1800004061,INV/2026/09/14061,2026-09-16,1466.45,EUR,2026-10-16,IC Sale - Logistics Services Sept 16,,PO-2026-89808
4062,1000,142000,1800004062,INV/2026/09/14062,2026-09-26,226.95,EUR,2026-10-26,IC Sale - Logistics Services Sept 26,,PO-2026-32607
4063,1000,142000,1800004063,INV/2026/09/14063,2026-09-13,5785.07,EUR,2026-10-13,IC Sale - Logistics Services Sept 13,,PO-2026-35729
4064,1000,142000,1800004064,INV/2026/09/14064,2026-09-13,309.76,EUR,2026-10-13,IC Sale - Logistics Services Sept 13,,PO-2026-82644
4065,1000,142000,1800004065,INV/2026/09/14065,2026-09-20,2155.78,EUR,2026-10-20,IC Sale - Logistics Services Sept 20,,PO-2026-83649
4066,1000,142000,1800004066,INV/2026/09/14066,2026-09-19,3193.98,EUR,2026-10-19,IC Sale - Logistics Services Sept 19,,PO-2026-26362
4067,1000,142000,1800004067,INV/2026/09/14067,2026-09-17,1575.65,EUR,2026-10-17,IC Sale - Logistics Services Sept 17,,PO-2026-90749
4068,1000,142000,1800004068,INV/2026/09/14068,2026-09-08,3305.53,EUR,2026-10-08,IC Sale - Logistics Services Sept 08,,PO-2026-36786
4069,1000,142000,1800004069,INV/2026/09/14069,2026-09-01,535.31,EUR,2026-10-01,IC Sale - Logistics Services Sept 01,,PO-2026-93009
4070,1000,142000,1800004070,INV/2026/09/14070,2026-09-18,12855.87,EUR,2026-10-18,IC Sale - Logistics Services Sept 18,,PO-2026-74404
4071,1000,142000,1800004071,INV/2026/09/14071,2026-09-23,9230.4,EUR,2026-10-23,IC Sale - Logistics Services Sept 23,,PO-2026-79330
4072,1000,142000,1800004072,INV/2026/09/14072,2026-09-06,8334.29,EUR,2026-10-06,IC Sale - Logistics Services Sept 06,,PO-2026-23182
4074,1000,142000,1800004074,INV/2026/09/14074,2026-09-12,819.24,EUR,2026-10-12,IC Sale - Logistics Services Sept 12,,PO-2026-36831
4075,1000,142000,1800004075,INV/2026/09/14075,2026-09-06,2497.45,EUR,2026-10-06,IC Sale - Logistics Services Sept 06,,PO-2026-70171
4076,1000,142000,1800004076,INV/2026/09/14076,2026-09-05,186.81,EUR,2026-10-05,IC Sale - Logistics Services Sept 05,,PO-2026-35365
4077,1000,142000,1800004077,INV/2026/09/14077,2026-09-01,5418.95,EUR,2026-10-01,IC Sale - Logistics Services Sept 01,,PO-2026-76551
4078,1000,142000,1800004078,INV/2026/09/14078,2026-09-22,662.77,EUR,2026-10-22,IC Sale - Logistics Services Sept 22,,PO-2026-77898
4079,1000,142000,1800004079,INV/2026/09/14079,2026-09-29,6666.91,EUR,2026-10-29,IC Sale - Logistics Services Sept 29,,PO-2026-97463
4080,1000,142000,1800004080,INV/2026/09/14080,2026-09-14,7957.63,EUR,2026-10-14,IC Sale - Logistics Services Sept 14,,PO-2026-78656
4081,1000,142000,1800004081,INV/2026/09/14081,2026-09-05,2621.78,EUR,2026-10-05,IC Sale - Logistics Services Sept 05,,PO-2026-66769
4082,1000,142000,1800004082,INV/2026/09/14082,2026-09-23,908.16,EUR,2026-10-23,IC Sale - Logistics Services Sept 23,,PO-2026-19790
4083,1000,142000,1800004083,INV/2026/09/14083,2026-09-20,19302.57,EUR,2026-10-20,IC Sale - Logistics Services Sept 20,,PO-2026-76657
4084,1000,142000,1800004084,INV/2026/09/14084,2026-09-25,1255.41,EUR,2026-10-25,IC Sale - Logistics Services Sept 25,,PO-2026-74681
4085,1000,142000,1800004085,INV/2026/09/14085,2026-09-01,1760.07,EUR,2026-10-01,IC Sale - Logistics Services Sept 01,,PO-2026-51848
4086,1000,142000,1800004086,INV/2026/09/14086,2026-09-10,2417.62,EUR,2026-10-10,IC Sale - Logistics Services Sept 10,,PO-2026-56160
4087,1000,142000,1800004087,INV/2026/09/14087,2026-09-11,4907.55,EUR,2026-10-11,IC Sale - Logistics Services Sept 11,,PO-2026-98807
4088,1000,142000,1800004088,INV/2026/09/14088,2026-09-13,6836.55,EUR,2026-10-13,IC Sale - Logistics Services Sept 13,,PO-2026-78882
4091,1000,142000,1800004091,INV/2026/09/14091,2026-09-14,4472.07,EUR,2026-10-14,IC Sale - Logistics Services Sept 14,,PO-2026-86582
4092,1000,142000,1800004092,INV/2026/09/14092,2026-09-01,4308.07,EUR,2026-10-01,IC Sale - Logistics Services Sept 01,,PO-2026-20612
4093,1000,142000,1800004093,INV/2026/09/14093,2026-09-29,2700.02,EUR,2026-10-29,IC Sale - Logistics Services Sept 29,,PO-2026-83522
4094,1000,142000,1800004094,INV/2026/09/14094,2026-09-05,1993.09,EUR,2026-10-05,IC Sale - Logistics Services Sept 05,,PO-2026-13015
4095,1000,142000,1800004095,INV/2026/09/14095,2026-09-04,5469.49,EUR,2026-10-04,IC Sale - Logistics Services Sept 04,,PO-2026-87251
4098,1000,142000,1800004098,INV/2026/09/14098,2026-09-06,848.44,EUR,2026-10-06,IC Sale - Logistics Services Sept 06,,PO-2026-18749
4099,1000,142000,1800004099,INV/2026/09/14099,2026-09-21,3097.17,EUR,2026-10-21,IC Sale - Logistics Services Sept 21,,PO-2026-39530
4101,1000,142000,1800004101,INV/2026/09/14101,2026-09-20,2226.78,EUR,2026-10-20,IC Sale - Logistics Services Sept 20,,PO-2026-83992
4102,1000,142000,1800004102,INV/2026/09/14102,2026-09-23,1181.28,EUR,2026-10-23,IC Sale - Logistics Services Sept 23,,PO-2026-86532
4103,1000,142000,1800004103,INV/2026/09/14103,2026-09-11,216.88,EUR,2026-10-11,IC Sale - Logistics Services Sept 11,,PO-2026-25582
4104,1000,142000,1800004104,INV/2026/09/14104,2026-09-28,2120.08,EUR,2026-10-28,IC Sale - Logistics Services Sept 28,,PO-2026-94742
4105,1000,142000,1800004105,INV/2026/09/14105,2026-09-11,1356.36,EUR,2026-10-11,IC Sale - Logistics Services Sept 11,,PO-2026-35450
4106,1000,142000,1800004106,INV/2026/09/14106,2026-09-26,10667.4,EUR,2026-10-26,IC Sale - Logistics Services Sept 26,,PO-2026-98293
4107,1000,142000,1800004107,INV/2026/09/14107,2026-09-04,3364.36,EUR,2026-10-04,IC Sale - Logistics Services Sept 04,,PO-2026-51255
4108,1000,142000,1800004108,INV/2026/09/14108,2026-09-25,265.44,EUR,2026-10-25,IC Sale - Logistics Services Sept 25,,PO-2026-45440
4109,1000,142000,1800004109,INV/2026/09/14109,2026-09-19,5752.72,EUR,2026-10-19,IC Sale - Logistics Services Sept 19,,PO-2026-39802
4110,1000,142000,1800004110,INV/2026/09/14110,2026-09-06,4666.26,EUR,2026-10-06,IC Sale - Logistics Services Sept 06,,PO-2026-73477
4111,1000,142000,1800004111,INV/2026/09/14111,2026-09-22,1401.01,EUR,2026-10-22,IC Sale - Logistics Services Sept 22,,PO-2026-34289
4112,1000,142000,1800004112,INV/2026/09/14112,2026-09-14,4627.09,EUR,2026-10-14,IC Sale - Logistics Services Sept 14,,PO-2026-76916
4113,1000,142000,1800004113,INV/2026/09/14113,2026-09-23,902.12,EUR,2026-10-23,IC Sale - Logistics Services Sept 23,,PO-2026-56162
4114,1000,142000,1800004114,INV/2026/09/14114,2026-09-01,6126.88,EUR,2026-10-01,IC Sale - Logistics Services Sept 01,,PO-2026-16704
4115,1000,142000,1800004115,INV/2026/09/14115,2026-09-17,427.85,EUR,2026-10-17,IC Sale - Logistics Services Sept 17,,PO-2026-14431
4116,1000,142000,1800004116,INV/2026/09/14116,2026-09-11,5065.97,EUR,2026-10-11,IC Sale - Logistics Services Sept 11,,PO-2026-22540
4117,1000,142000,1800004117,INV/2026/09/14117,2026-09-28,188.95,EUR,2026-10-28,IC Sale - Logistics Services Sept 28,,PO-2026-82875
4118,1000,142000,1800004118,INV/2026/09/14118,2026-09-23,1965.58,EUR,2026-10-23,IC Sale - Logistics Services Sept 23,,PO-2026-13749
4119,1000,142000,1800004119,INV/2026/09/14119,2026-09-06,3029.08,EUR,2026-10-06,IC Sale - Logistics Services Sept 06,,PO-2026-54522
4120,1000,142000,1800004120,INV/2026/09/14120,2026-09-02,16687.83,EUR,2026-10-02,IC Sale - Logistics Services Sept 02,,PO-2026-94060
4121,1000,142000,1800004121,INV/2026/09/14121,2026-09-02,12377.48,EUR,2026-10-02,IC Sale - Logistics Services Sept 02,,PO-2026-99841
4122,1000,142000,1800004122,INV/2026/09/14122,2026-09-14,9251.33,EUR,2026-10-14,IC Sale - Logistics Services Sept 14,,PO-2026-65405
4124,1000,142000,1800004124,INV/2026/09/14124,2026-09-13,3039.14,EUR,2026-10-13,IC Sale - Logistics Services Sept 13,,PO-2026-66159
4125,1000,142000,1800004125,INV/2026/09/14125,2026-09-14,12473.84,EUR,2026-10-14,IC Sale - Logistics Services Sept 14,,PO-2026-92594
4126,1000,142000,1800004126,INV/2026/09/14126,2026-09-20,1192.5,EUR,2026-10-20,IC Sale - Logistics Services Sept 20,,PO-2026-48874
4127,1000,142000,1800004127,INV/2026/09/14127,2026-09-14,1017.51,EUR,2026-10-14,IC Sale - Logistics Services Sept 14,,PO-2026-36925
4128,1000,142000,1800004128,INV/2026/09/14128,2026-09-16,6461.3,EUR,2026-10-16,IC Sale - Logistics Services Sept 16,,PO-2026-69737
4129,1000,142000,1800004129,INV/2026/09/14129,2026-09-21,7672.49,EUR,2026-10-21,IC Sale - Logistics Services Sept 21,,PO-2026-79938
4130,1000,142000,1800004130,INV/2026/09/14130,2026-09-13,375.0,EUR,2026-10-13,IC Sale - Logistics Services Sept 13,,PO-2026-55996
4131,1000,142000,1800004131,INV/2026/09/14131,2026-09-12,3822.13,EUR,2026-10-12,IC Sale - Logistics Services Sept 12,,PO-2026-60694
4132,1000,142000,1800004132,INV/2026/09/14132,2026-09-02,5212.98,EUR,2026-10-02,IC Sale - Logistics Services Sept 02,,PO-2026-34823
4133,1000,142000,1800004133,INV/2026/09/14133,2026-09-23,5253.44,EUR,2026-10-23,IC Sale - Logistics Services Sept 23,,PO-2026-65677
4134,1000,142000,1800004134,INV/2026/09/14134,2026-09-23,3134.97,EUR,2026-10-23,IC Sale - Logistics Services Sept 23,,PO-2026-96860
4135,1000,142000,1800004135,INV/2026/09/14135,2026-09-25,2415.98,EUR,2026-10-25,IC Sale - Logistics Services Sept 25,,PO-2026-88421
4136,1000,142000,1800004136,INV/2026/09/14136,2026-09-16,10887.66,EUR,2026-10-16,IC Sale - Logistics Services Sept 16,,PO-2026-61966
4137,1000,142000,1800004137,INV/2026/09/14137,2026-09-11,5225.76,EUR,2026-10-11,IC Sale - Logistics Services Sept 11,,PO-2026-87150
4138,1000,142000,1800004138,INV/2026/09/14138,2026-09-14,12703.06,EUR,2026-10-14,IC Sale - Logistics Services Sept 14,,PO-2026-81264
4139,1000,142000,1800004139,INV/2026/09/14139,2026-09-22,1610.59,EUR,2026-10-22,IC Sale - Logistics Services Sept 22,,PO-2026-79628
4140,1000,142000,1800004140,INV/2026/09/14140,2026-09-10,427.12,EUR,2026-10-10,IC Sale - Logistics Services Sept 10,,PO-2026-97535
4141,1000,142000,1800004141,INV/2026/09/14141,2026-09-11,2870.54,EUR,2026-10-11,IC Sale - Logistics Services Sept 11,,PO-2026-81977
4142,1000,142000,1800004142,INV/2026/09/14142,2026-09-02,5310.44,EUR,2026-10-02,IC Sale - Logistics Services Sept 02,,PO-2026-87418
4143,1000,142000,1800004143,INV/2026/09/14143,2026-09-15,6973.02,EUR,2026-10-15,IC Sale - Logistics Services Sept 15,,PO-2026-57999
4144,1000,142000,1800004144,INV/2026/09/14144,2026-09-21,1475.6,EUR,2026-10-21,IC Sale - Logistics Services Sept 21,,PO-2026-82899
4145,1000,142000,1800004145,INV/2026/09/14145,2026-09-13,773.43,EUR,2026-10-13,IC Sale - Logistics Services Sept 13,,PO-2026-64696
4146,1000,142000,1800004146,INV/2026/09/14146,2026-09-25,6937.42,EUR,2026-10-25,IC Sale - Logistics Services Sept 25,,PO-2026-59248
4147,1000,142000,1800004147,INV/2026/09/14147,2026-09-12,2724.6,EUR,2026-10-12,IC Sale - Logistics Services Sept 12,,PO-2026-49724
4148,1000,142000,1800004148,INV/2026/09/14148,2026-09-22,7938.1,EUR,2026-10-22,IC Sale - Logistics Services Sept 22,,PO-2026-91182
4149,1000,142000,1800004149,INV/2026/09/14149,2026-09-03,694.11,EUR,2026-10-03,IC Sale - Logistics Services Sept 03,,PO-2026-84146
4150,1000,142000,1800004150,INV/2026/09/14150,2026-09-15,2349.82,EUR,2026-10-15,IC Sale - Logistics Services Sept 15,,PO-2026-96494
4151,1000,142000,1800004151,INV/2026/09/14151,2026-09-18,3525.62,EUR,2026-10-18,IC Sale - Logistics Services Sept 18,,PO-2026-83125
4152,1000,142000,1800004152,INV/2026/09/14152,2026-09-04,4583.29,EUR,2026-10-04,IC Sale - Logistics Services Sept 04,,PO-2026-84674
4153,1000,142000,1800004153,INV/2026/09/14153,2026-09-04,1566.84,EUR,2026-10-04,IC Sale - Logistics Services Sept 04,,PO-2026-91217
4154,1000,142000,1800004154,INV/2026/09/14154,2026-09-12,937.27,EUR,2026-10-12,IC Sale - Logistics Services Sept 12,,PO-2026-33985
4155,1000,142000,1800004155,INV/2026/09/14155,2026-09-02,1269.58,EUR,2026-10-02,IC Sale - Logistics Services Sept 02,,PO-2026-91969
4156,1000,142000,1800004156,INV/2026/09/14156,2026-09-04,380.51,EUR,2026-10-04,IC Sale - Logistics Services Sept 04,,PO-2026-58536
4157,1000,142000,1800004157,INV/2026/09/14157,2026-09-29,304.34,EUR,2026-10-29,IC Sale - Logistics Services Sept 29,,PO-2026-60562
4159,1000,142000,1800004159,INV/2026/09/14159,2026-09-19,325.63,EUR,2026-10-19,IC Sale - Logistics Services Sept 19,,PO-2026-51193
4160,1000,142000,1800004160,INV/2026/09/14160,2026-09-13,605.06,EUR,2026-10-13,IC Sale - Logistics Services Sept 13,,PO-2026-51300
4161,1000,142000,1800004161,INV/2026/09/14161,2026-09-22,1172.51,EUR,2026-10-22,IC Sale - Logistics Services Sept 22,,PO-2026-62114
4162,1000,142000,1800004162,INV/2026/09/14162,2026-09-28,3660.77,EUR,2026-10-28,IC Sale - Logistics Services Sept 28,,PO-2026-92583
4163,1000,142000,1800004163,INV/2026/09/14163,2026-09-27,4037.34,EUR,2026-10-27,IC Sale - Logistics Services Sept 27,,PO-2026-14137
4164,1000,142000,1800004164,INV/2026/09/14164,2026-09-24,1476.06,EUR,2026-10-24,IC Sale - Logistics Services Sept 24,,PO-2026-94788
4165,1000,142000,1800004165,INV/2026/09/14165,2026-09-12,9850.98,EUR,2026-10-12,IC Sale - Logistics Services Sept 12,,PO-2026-19197
4166,1000,142000,1800004166,INV/2026/09/14166,2026-09-09,5735.9,EUR,2026-10-09,IC Sale - Logistics Services Sept 09,,PO-2026-45960
4167,1000,142000,1800004167,INV/2026/09/14167,2026-09-15,2981.42,EUR,2026-10-15,IC Sale - Logistics Services Sept 15,,PO-2026-46663
4168,1000,142000,1800004168,INV/2026/09/14168,2026-09-28,1554.62,EUR,2026-10-28,IC Sale - Logistics Services Sept 28,,PO-2026-58573
4169,1000,142000,1800004169,INV/2026/09/14169,2026-09-19,6979.22,EUR,2026-10-19,IC Sale - Logistics Services Sept 19,,PO-2026-13659
4170,1000,142000,1800004170,INV/2026/09/14170,2026-09-04,1453.63,EUR,2026-10-04,IC Sale - Logistics Services Sept 04,,PO-2026-69009
4171,1000,142000,1800004171,INV/2026/09/14171,2026-09-15,7213.65,EUR,2026-10-15,IC Sale - Logistics Services Sept 15,,PO-2026-70483
4172,1000,142000,1800004172,INV/2026/09/14172,2026-09-01,3776.66,EUR,2026-10-01,IC Sale - Logistics Services Sept 01,,PO-2026-13924
4173,1000,142000,1800004173,INV/2026/09/14173,2026-09-23,9354.05,EUR,2026-10-23,IC Sale - Logistics Services Sept 23,,PO-2026-28697
4174,1000,142000,1800004174,INV/2026/09/14174,2026-09-02,2787.44,EUR,2026-10-02,IC Sale - Logistics Services Sept 02,,PO-2026-92234
4175,1000,142000,1800004175,INV/2026/09/14175,2026-09-29,3531.96,EUR,2026-10-29,IC Sale - Logistics Services Sept 29,,PO-2026-50882
4176,1000,142000,1800004176,INV/2026/09/14176,2026-09-28,2292.07,EUR,2026-10-28,IC Sale - Logistics Services Sept 28,,PO-2026-36786
4178,1000,142000,1800004178,INV/2026/09/14178,2026-09-24,2328.47,EUR,2026-10-24,IC Sale - Logistics Services Sept 24,,PO-2026-64530
4179,1000,142000,1800004179,INV/2026/09/14179,2026-09-27,1099.96,EUR,2026-10-27,IC Sale - Logistics Services Sept 27,,PO-2026-75883
4180,1000,142000,1800004180,INV/2026/09/14180,2026-09-25,1493.5,EUR,2026-10-25,IC Sale - Logistics Services Sept 25,,PO-2026-54795
4181,1000,142000,1800004181,INV/2026/09/14181,2026-09-17,596.4,EUR,2026-10-17,IC Sale - Logistics Services Sept 17,,PO-2026-92083
4182,1000,142000,1800004182,INV/2026/09/14182,2026-09-23,13306.33,EUR,2026-10-23,IC Sale - Logistics Services Sept 23,,PO-2026-21057
4183,1000,142000,1800004183,INV/2026/09/14183,2026-09-05,657.93,EUR,2026-10-05,IC Sale - Logistics Services Sept 05,,PO-2026-68372
4184,1000,142000,1800004184,INV/2026/09/14184,2026-09-12,6062.44,EUR,2026-10-12,IC Sale - Logistics Services Sept 12,,PO-2026-75196
4185,1000,142000,1800004185,INV/2026/09/14185,2026-09-29,5346.63,EUR,2026-10-29,IC Sale - Logistics Services Sept 29,,PO-2026-99740
4186,1000,142000,1800004186,INV/2026/09/14186,2026-09-15,390.8,EUR,2026-10-15,IC Sale - Logistics Services Sept 15,,PO-2026-63944
4187,1000,142000,1800004187,INV/2026/09/14187,2026-09-09,8750.57,EUR,2026-10-09,IC Sale - Logistics Services Sept 09,,PO-2026-73693
4188,1000,142000,1800004188,INV/2026/09/14188,2026-09-20,3147.91,EUR,2026-10-20,IC Sale - Logistics Services Sept 20,,PO-2026-15276
4189,1000,142000,1800004189,INV/2026/09/14189,2026-09-09,2007.05,EUR,2026-10-09,IC Sale - Logistics Services Sept 09,,PO-2026-80043
4190,1000,142000,1800004190,INV/2026/09/14190,2026-09-09,936.42,EUR,2026-10-09,IC Sale - Logistics Services Sept 09,,PO-2026-90103
4191,1000,142000,1800004191,INV/2026/09/14191,2026-09-16,1844.49,EUR,2026-10-16,IC Sale - Logistics Services Sept 16,,PO-2026-12369
4192,1000,142000,1800004192,INV/2026/09/14192,2026-09-15,1952.26,EUR,2026-10-15,IC Sale - Logistics Services Sept 15,,PO-2026-81983
4194,1000,142000,1800004194,INV/2026/09/14194,2026-09-17,6955.38,EUR,2026-10-17,IC Sale - Logistics Services Sept 17,,PO-2026-18011
4195,1000,142000,1800004195,INV/2026/09/14195,2026-09-04,10078.21,EUR,2026-10-04,IC Sale - Logistics Services Sept 04,,PO-2026-10056
4196,1000,142000,1800004196,INV/2026/09/14196,2026-09-10,206.24,EUR,2026-10-10,IC Sale - Logistics Services Sept 10,,PO-2026-68035
4198,1000,142000,1800004198,INV/2026/09/14198,2026-09-05,161.73,EUR,2026-10-05,IC Sale - Logistics Services Sept 05,,PO-2026-46462
4199,1000,142000,1800004199,INV/2026/09/14199,2026-09-01,2548.73,EUR,2026-10-01,IC Sale - Logistics Services Sept 01,,PO-2026-36723
4200,1000,142000,1800004200,INV/2026/09/14200,2026-09-18,8261.62,EUR,2026-10-18,IC Sale - Logistics Services Sept 18,,PO-2026-36797
4201,1000,142000,1800004201,INV/2026/09/14201,2026-09-04,7426.34,EUR,2026-10-04,IC Sale - Logistics Services Sept 04,,PO-2026-64761
4203,1000,142000,1800004203,INV/2026/09/14203,2026-09-21,21528.72,EUR,2026-10-21,IC Sale - Logistics Services Sept 21,,PO-2026-14601
4204,1000,142000,1800004204,INV/2026/09/14204,2026-09-05,3399.19,EUR,2026-10-05,IC Sale - Logistics Services Sept 05,,PO-2026-82267
4205,1000,142000,1800004205,INV/2026/09/14205,2026-09-19,2236.86,EUR,2026-10-19,IC Sale - Logistics Services Sept 19,,PO-2026-25391
4206,1000,142000,1800004206,INV/2026/09/14206,2026-09-03,933.25,EUR,2026-10-03,IC Sale - Logistics Services Sept 03,,PO-2026-90963
4208,1000,142000,1800004208,INV/2026/09/14208,2026-09-13,4200.82,EUR,2026-10-13,IC Sale - Logistics Services Sept 13,,PO-2026-17228
4209,1000,142000,1800004209,INV/2026/09/14209,2026-09-24,622.91,EUR,2026-10-24,IC Sale - Logistics Services Sept 24,,PO-2026-32522
4210,1000,142000,1800004210,INV/2026/09/14210,2026-09-03,2284.44,EUR,2026-10-03,IC Sale - Logistics Services Sept 03,,PO-2026-27913
4211,1000,142000,1800004211,INV/2026/09/14211,2026-09-27,3644.61,EUR,2026-10-27,IC Sale - Logistics Services Sept 27,,PO-2026-52012
4212,1000,142000,1800004212,INV/2026/09/14212,2026-09-26,977.14,EUR,2026-10-26,IC Sale - Logistics Services Sept 26,,PO-2026-76852
4213,1000,142000,1800004213,INV/2026/09/14213,2026-09-09,9876.88,EUR,2026-10-09,IC Sale - Logistics Services Sept 09,,PO-2026-37512
4214,1000,142000,1800004214,INV/2026/09/14214,2026-09-11,3902.61,EUR,2026-10-11,IC Sale - Logistics Services Sept 11,,PO-2026-97756
4215,1000,142000,1800004215,INV/2026/09/14215,2026-09-29,827.27,EUR,2026-10-29,IC Sale - Logistics Services Sept 29,,PO-2026-77566
4216,1000,142000,1800004216,INV/2026/09/14216,2026-09-20,4608.5,EUR,2026-10-20,IC Sale - Logistics Services Sept 20,,PO-2026-23737
4217,1000,142000,1800004217,INV/2026/09/14217,2026-09-25,1622.33,EUR,2026-10-25,IC Sale - Logistics Services Sept 25,,PO-2026-91883
4218,1000,142000,1800004218,INV/2026/09/14218,2026-09-14,2288.72,EUR,2026-10-14,IC Sale - Logistics Services Sept 14,,PO-2026-33220
4219,1000,142000,1800004219,INV/2026/09/14219,2026-09-12,816.4,EUR,2026-10-12,IC Sale - Logistics Services Sept 12,,PO-2026-31131
4220,1000,142000,1800004220,INV/2026/09/14220,2026-09-12,3678.7,EUR,2026-10-12,IC Sale - Logistics Services Sept 12,,PO-2026-11400
4221,1000,142000,1800004221,INV/2026/09/14221,2026-09-19,2131.49,EUR,2026-10-19,IC Sale - Logistics Services Sept 19,,PO-2026-68203
4223,1000,142000,1800004223,INV/2026/09/14223,2026-09-23,830.67,EUR,2026-10-23,IC Sale - Logistics Services Sept 23,,PO-2026-44087
4224,1000,142000,1800004224,INV/2026/09/14224,2026-09-19,4419.15,EUR,2026-10-19,IC Sale - Logistics Services Sept 19,,PO-2026-60123
4225,1000,142000,1800004225,INV/2026/09/14225,2026-09-25,2127.99,EUR,2026-10-25,IC Sale - Logistics Services Sept 25,,PO-2026-40785
4226,1000,142000,1800004226,INV/2026/09/14226,2026-09-16,430.54,EUR,2026-10-16,IC Sale - Logistics Services Sept 16,,PO-2026-11604
4227,1000,142000,1800004227,INV/2026/09/14227,2026-09-04,1328.44,EUR,2026-10-04,IC Sale - Logistics Services Sept 04,,PO-2026-44796
4228,1000,142000,1800004228,INV/2026/09/14228,2026-09-21,3134.96,EUR,2026-10-21,IC Sale - Logistics Services Sept 21,,PO-2026-62683
4229,1000,142000,1800004229,INV/2026/09/14229,2026-09-23,1917.3,EUR,2026-10-23,IC Sale - Logistics Services Sept 23,,PO-2026-82807
4230,1000,142000,1800004230,INV/2026/09/14230,2026-09-19,6941.2,EUR,2026-10-19,IC Sale - Logistics Services Sept 19,,PO-2026-75209
4232,1000,142000,1800004232,INV/2026/09/14232,2026-09-14,5784.91,EUR,2026-10-14,IC Sale - Logistics Services Sept 14,,PO-2026-39270
4233,1000,142000,1800004233,INV/2026/09/14233,2026-09-26,3596.53,EUR,2026-10-26,IC Sale - Logistics Services Sept 26,,PO-2026-64306
4234,1000,142000,1800004234,INV/2026/09/14234,2026-09-18,529.4,EUR,2026-10-18,IC Sale - Logistics Services Sept 18,,PO-2026-95885
4235,1000,142000,1800004235,INV/2026/09/14235,2026-09-07,800.54,EUR,2026-10-07,IC Sale - Logistics Services Sept 07,,PO-2026-49540
4236,1000,142000,1800004236,INV/2026/09/14236,2026-09-03,1111.88,EUR,2026-10-03,IC Sale - Logistics Services Sept 03,,PO-2026-85118
4237,1000,142000,1800004237,INV/2026/09/14237,2026-09-07,3919.3,EUR,2026-10-07,IC Sale - Logistics Services Sept 07,,PO-2026-80557
4238,1000,142000,1800004238,INV/2026/09/14238,2026-09-11,6080.17,EUR,2026-10-11,IC Sale - Logistics Services Sept 11,,PO-2026-44453
4239,1000,142000,1800004239,INV/2026/09/14239,2026-09-10,1567.28,EUR,2026-10-10,IC Sale - Logistics Services Sept 10,,PO-2026-84463
4240,1000,142000,1800004240,INV/2026/09/14240,2026-09-03,1323.4,EUR,2026-10-03,IC Sale - Logistics Services Sept 03,,PO-2026-32640
4241,1000,142000,1800004241,INV/2026/09/14241,2026-09-03,7755.32,EUR,2026-10-03,IC Sale - Logistics Services Sept 03,,PO-2026-89903
4242,1000,142000,1800004242,INV/2026/09/14242,2026-09-17,8313.8,EUR,2026-10-17,IC Sale - Logistics Services Sept 17,,PO-2026-64931
4243,1000,142000,1800004243,INV/2026/09/14243,2026-09-13,936.64,EUR,2026-10-13,IC Sale - Logistics Services Sept 13,,PO-2026-60281
4244,1000,142000,1800004244,INV/2026/09/14244,2026-09-13,2863.47,EUR,2026-10-13,IC Sale - Logistics Services Sept 13,,PO-2026-70319
4245,1000,142000,1800004245,INV/2026/09/14245,2026-09-26,5014.8,EUR,2026-10-26,IC Sale - Logistics Services Sept 26,,PO-2026-69643
4246,1000,142000,1800004246,INV/2026/09/14246,2026-09-11,3077.92,EUR,2026-10-11,IC Sale - Logistics Services Sept 11,,PO-2026-89163
4247,1000,142000,1800004247,INV/2026/09/14247,2026-09-04,502.6,EUR,2026-10-04,IC Sale - Logistics Services Sept 04,,PO-2026-49731
4248,1000,142000,1800004248,INV/2026/09/14248,2026-09-02,294.74,EUR,2026-10-02,IC Sale - Logistics Services Sept 02,,PO-2026-39481
4249,1000,142000,1800004249,INV/2026/09/14249,2026-09-24,5490.87,EUR,2026-10-24,IC Sale - Logistics Services Sept 24,,PO-2026-29301
4250,1000,142000,1800004250,INV/2026/09/14250,2026-09-08,2944.48,EUR,2026-10-08,IC Sale - Logistics Services Sept 08,,PO-2026-75117
4251,1000,142000,1800004251,INV/2026/09/14251,2026-09-20,1625.09,EUR,2026-10-20,IC Sale - Logistics Services Sept 20,,PO-2026-38889
4252,1000,142000,1800004252,INV/2026/09/14252,2026-09-03,5274.58,EUR,2026-10-03,IC Sale - Logistics Services Sept 03,,PO-2026-87314
4253,1000,142000,1800004253,INV/2026/09/14253,2026-09-27,2224.64,EUR,2026-10-27,IC Sale - Logistics Services Sept 27,,PO-2026-66292
4254,1000,142000,1800004254,INV/2026/09/14254,2026-09-12,733.64,EUR,2026-10-12,IC Sale - Logistics Services Sept 12,,PO-2026-73686
4255,1000,142000,1800004255,INV/2026/09/14255,2026-09-11,610.23,EUR,2026-10-11,IC Sale - Logistics Services Sept 11,,PO-2026-66404
4257,1000,142000,1800004257,INV/2026/09/14257,2026-09-29,7176.61,EUR,2026-10-29,IC Sale - Logistics Services Sept 29,,PO-2026-21150
4258,1000,142000,1800004258,INV/2026/09/14258,2026-09-13,294.12,EUR,2026-10-13,IC Sale - Logistics Services Sept 13,,PO-2026-44751
4259,1000,142000,1800004259,INV/2026/09/14259,2026-09-20,1862.22,EUR,2026-10-20,IC Sale - Logistics Services Sept 20,,PO-2026-48722
4260,1000,142000,1800004260,INV/2026/09/14260,2026-09-04,5850.1,EUR,2026-10-04,IC Sale - Logistics Services Sept 04,,PO-2026-85582
4261,1000,142000,1800004261,INV/2026/09/14261,2026-09-27,5324.16,EUR,2026-10-27,IC Sale - Logistics Services Sept 27,,PO-2026-93113
4262,1000,142000,1800004262,INV/2026/09/14262,2026-09-06,3532.63,EUR,2026-10-06,IC Sale - Logistics Services Sept 06,,PO-2026-63575
4263,1000,142000,1800004263,INV/2026/09/14263,2026-09-20,1519.58,EUR,2026-10-20,IC Sale - Logistics Services Sept 20,,PO-2026-86034
4264,1000,142000,1800004264,INV/2026/09/14264,2026-09-24,8043.04,EUR,2026-10-24,IC Sale - Logistics Services Sept 24,,PO-2026-70776
4265,1000,142000,1800004265,INV/2026/09/14265,2026-09-15,3589.17,EUR,2026-10-15,IC Sale - Logistics Services Sept 15,,PO-2026-12277
4266,1000,142000,1800004266,INV/2026/09/14266,2026-09-23,8687.47,EUR,2026-10-23,IC Sale - Logistics Services Sept 23,,PO-2026-82960
4267,1000,142000,1800004267,INV/2026/09/14267,2026-09-27,13538.77,EUR,2026-10-27,IC Sale - Logistics Services Sept 27,,PO-2026-85985
4268,1000,142000,1800004268,INV/2026/09/14268,2026-09-19,590.69,EUR,2026-10-19,IC Sale - Logistics Services Sept 19,,PO-2026-27346
4269,1000,142000,1800004269,INV/2026/09/14269,2026-09-10,12094.7,EUR,2026-10-10,IC Sale - Logistics Services Sept 10,,PO-2026-55747
4271,1000,142000,1800004271,INV/2026/09/14271,2026-09-07,1680.31,EUR,2026-10-07,IC Sale - Logistics Services Sept 07,,PO-2026-43211
4272,1000,142000,1800004272,INV/2026/09/14272,2026-09-23,5293.1,EUR,2026-10-23,IC Sale - Logistics Services Sept 23,,PO-2026-71658
4273,1000,142000,1800004273,INV/2026/09/14273,2026-09-11,6262.16,EUR,2026-10-11,IC Sale - Logistics Services Sept 11,,PO-2026-42114
4274,1000,142000,1800004274,INV/2026/09/14274,2026-09-10,4708.35,EUR,2026-10-10,IC Sale - Logistics Services Sept 10,,PO-2026-52744
4275,1000,142000,1800004275,INV/2026/09/14275,2026-09-15,6041.76,EUR,2026-10-15,IC Sale - Logistics Services Sept 15,,PO-2026-44957
4276,1000,142000,1800004276,INV/2026/09/14276,2026-09-26,1770.64,EUR,2026-10-26,IC Sale - Logistics Services Sept 26,,PO-2026-90689
4277,1000,142000,1800004277,INV/2026/09/14277,2026-09-09,3941.84,EUR,2026-10-09,IC Sale - Logistics Services Sept 09,,PO-2026-17743
4278,1000,142000,1800004278,INV/2026/09/14278,2026-09-19,12666.75,EUR,2026-10-19,IC Sale - Logistics Services Sept 19,,PO-2026-99514
4279,1000,142000,1800004279,INV/2026/09/14279,2026-09-05,1695.04,EUR,2026-10-05,IC Sale - Logistics Services Sept 05,,PO-2026-62349
4280,1000,142000,1800004280,INV/2026/09/14280,2026-09-14,4341.52,EUR,2026-10-14,IC Sale - Logistics Services Sept 14,,PO-2026-51853
4281,1000,142000,1800004281,INV/2026/09/14281,2026-09-27,3798.49,EUR,2026-10-27,IC Sale - Logistics Services Sept 27,,PO-2026-23547
4282,1000,142000,1800004282,INV/2026/09/14282,2026-09-09,707.09,EUR,2026-10-09,IC Sale - Logistics Services Sept 09,,PO-2026-41438
4283,1000,142000,1800004283,INV/2026/09/14283,2026-09-07,8266.83,EUR,2026-10-07,IC Sale - Logistics Services Sept 07,,PO-2026-90731
4284,1000,142000,1800004284,INV/2026/09/14284,2026-09-17,273.71,EUR,2026-10-17,IC Sale - Logistics Services Sept 17,,PO-2026-92639
4285,1000,142000,1800004285,INV/2026/09/14285,2026-09-15,6182.34,EUR,2026-10-15,IC Sale - Logistics Services Sept 15,,PO-2026-68835
4286,1000,142000,1800004286,INV/2026/09/14286,2026-09-06,1064.4,EUR,2026-10-06,IC Sale - Logistics Services Sept 06,,PO-2026-58023
4287,1000,142000,1800004287,INV/2026/09/14287,2026-09-21,16700.22,EUR,2026-10-21,IC Sale - Logistics Services Sept 21,,PO-2026-29152
4288,1000,142000,1800004288,INV/2026/09/14288,2026-09-04,1122.18,EUR,2026-10-04,IC Sale - Logistics Services Sept 04,,PO-2026-92680
4289,1000,142000,1800004289,INV/2026/09/14289,2026-09-03,3837.49,EUR,2026-10-03,IC Sale - Logistics Services Sept 03,,PO-2026-16037
4290,1000,142000,1800004290,INV/2026/09/14290,2026-09-04,7951.89,EUR,2026-10-04,IC Sale - Logistics Services Sept 04,,PO-2026-22110
4291,1000,142000,1800004291,INV/2026/09/14291,2026-09-14,1000.85,EUR,2026-10-14,IC Sale - Logistics Services Sept 14,,PO-2026-40268
4292,1000,142000,1800004292,INV/2026/09/14292,2026-09-16,2251.37,EUR,2026-10-16,IC Sale - Logistics Services Sept 16,,PO-2026-67181
4293,1000,142000,1800004293,INV/2026/09/14293,2026-09-17,2792.89,EUR,2026-10-17,IC Sale - Logistics Services Sept 17,,PO-2026-27401
4294,1000,142000,1800004294,INV/2026/09/14294,2026-09-24,379.19,EUR,2026-10-24,IC Sale - Logistics Services Sept 24,,PO-2026-63717
4295,1000,142000,1800004295,INV/2026/09/14295,2026-09-07,2744.55,EUR,2026-10-07,IC Sale - Logistics Services Sept 07,,PO-2026-96493
4296,1000,142000,1800004296,INV/2026/09/14296,2026-09-15,333.72,EUR,2026-10-15,IC Sale - Logistics Services Sept 15,,PO-2026-27687
4297,1000,142000,1800004297,INV/2026/09/14297,2026-09-16,1777.38,EUR,2026-10-16,IC Sale - Logistics Services Sept 16,,PO-2026-58727
4298,1000,142000,1800004298,INV/2026/09/14298,2026-09-05,5763.41,EUR,2026-10-05,IC Sale - Logistics Services Sept 05,,PO-2026-96278
4299,1000,142000,1800004299,INV/2026/09/14299,2026-09-05,1320.54,EUR,2026-10-05,IC Sale - Logistics Services Sept 05,,PO-2026-87033
4300,1000,142000,1800004300,INV/2026/09/14300,2026-09-09,1780.81,EUR,2026-10-09,IC Sale - Logistics Services Sept 09,,PO-2026-66229
4301,1000,142000,1800004301,INV/2026/09/14301,2026-09-04,1240.76,EUR,2026-10-04,IC Sale - Logistics Services Sept 04,,PO-2026-10193
4302,1000,142000,1800004302,INV/2026/09/14302,2026-09-07,5151.44,EUR,2026-10-07,IC Sale - Logistics Services Sept 07,,PO-2026-95053
4303,1000,142000,1800004303,INV/2026/09/14303,2026-09-28,655.58,EUR,2026-10-28,IC Sale - Logistics Services Sept 28,,PO-2026-95215
4304,1000,142000,1800004304,INV/2026/09/14304,2026-09-02,5567.74,EUR,2026-10-02,IC Sale - Logistics Services Sept 02,,PO-2026-13234
4305,1000,142000,1800004305,INV/2026/09/14305,2026-09-27,3556.57,EUR,2026-10-27,IC Sale - Logistics Services Sept 27,,PO-2026-53328
4306,1000,142000,1800004306,INV/2026/09/14306,2026-09-29,1731.46,EUR,2026-10-29,IC Sale - Logistics Services Sept 29,,PO-2026-73005
4307,1000,142000,1800004307,INV/2026/09/14307,2026-09-14,2494.87,EUR,2026-10-14,IC Sale - Logistics Services Sept 14,,PO-2026-44085
4308,1000,142000,1800004308,INV/2026/09/14308,2026-09-14,8079.01,EUR,2026-10-14,IC Sale - Logistics Services Sept 14,,PO-2026-20616
4309,1000,142000,1800004309,INV/2026/09/14309,2026-09-29,7631.84,EUR,2026-10-29,IC Sale - Logistics Services Sept 29,,PO-2026-66549
4310,1000,142000,1800004310,INV/2026/09/14310,2026-09-15,2439.33,EUR,2026-10-15,IC Sale - Logistics Services Sept 15,,PO-2026-48075
4311,1000,142000,1800004311,INV/2026/09/14311,2026-09-09,1882.33,EUR,2026-10-09,IC Sale - Logistics Services Sept 09,,PO-2026-26632
4312,1000,142000,1800004312,INV/2026/09/14312,2026-09-04,5568.66,EUR,2026-10-04,IC Sale - Logistics Services Sept 04,,PO-2026-88804
4313,1000,142000,1800004313,INV/2026/09/14313,2026-09-16,533.35,EUR,2026-10-16,IC Sale - Logistics Services Sept 16,,PO-2026-43854
4314,1000,142000,1800004314,INV/2026/09/14314,2026-09-28,1937.28,EUR,2026-10-28,IC Sale - Logistics Services Sept 28,,PO-2026-75197
4315,1000,142000,1800004315,INV/2026/09/14315,2026-09-26,3818.7,EUR,2026-10-26,IC Sale - Logistics Services Sept 26,,PO-2026-32636
4316,1000,142000,1800004316,INV/2026/09/14316,2026-09-23,2588.19,EUR,2026-10-23,IC Sale - Logistics Services Sept 23,,PO-2026-44560
4317,1000,142000,1800004317,INV/2026/09/14317,2026-09-13,1980.28,EUR,2026-10-13,IC Sale - Logistics Services Sept 13,,PO-2026-33443
4318,1000,142000,1800004318,INV/2026/09/14318,2026-09-25,9090.88,EUR,2026-10-25,IC Sale - Logistics Services Sept 25,,PO-2026-62281
4319,1000,142000,1800004319,INV/2026/09/14319,2026-09-09,8624.8,EUR,2026-10-09,IC Sale - Logistics Services Sept 09,,PO-2026-87818
4320,1000,142000,1800004320,INV/2026/09/14320,2026-09-02,1084.73,EUR,2026-10-02,IC Sale - Logistics Services Sept 02,,PO-2026-29290
4322,1000,142000,1800004322,INV/2026/09/14322,2026-09-28,4444.08,EUR,2026-10-28,IC Sale - Logistics Services Sept 28,,PO-2026-98994
4323,1000,142000,1800004323,INV/2026/09/14323,2026-09-13,6831.22,EUR,2026-10-13,IC Sale - Logistics Services Sept 13,,PO-2026-40341
4324,1000,142000,1800004324,INV/2026/09/14324,2026-09-29,18319.04,EUR,2026-10-29,IC Sale - Logistics Services Sept 29,,PO-2026-70914
4325,1000,142000,1800004325,INV/2026/09/14325,2026-09-23,2723.28,EUR,2026-10-23,IC Sale - Logistics Services Sept 23,,PO-2026-26191
4326,1000,142000,1800004326,INV/2026/09/14326,2026-09-22,1832.69,EUR,2026-10-22,IC Sale - Logistics Services Sept 22,,PO-2026-92954
4327,1000,142000,1800004327,INV/2026/09/14327,2026-09-23,4618.9,EUR,2026-10-23,IC Sale - Logistics Services Sept 23,,PO-2026-11447
4328,1000,142000,1800004328,INV/2026/09/14328,2026-09-01,1508.08,EUR,2026-10-01,IC Sale - Logistics Services Sept 01,,PO-2026-16133
4329,1000,142000,1800004329,INV/2026/09/14329,2026-09-01,881.07,EUR,2026-10-01,IC Sale - Logistics Services Sept 01,,PO-2026-58138
4330,1000,142000,1800004330,INV/2026/09/14330,2026-09-25,3553.97,EUR,2026-10-25,IC Sale - Logistics Services Sept 25,,PO-2026-34626
4331,1000,142000,1800004331,INV/2026/09/14331,2026-09-04,900.19,EUR,2026-10-04,IC Sale - Logistics Services Sept 04,,PO-2026-65009
4332,1000,142000,1800004332,INV/2026/09/14332,2026-09-04,2230.46,EUR,2026-10-04,IC Sale - Logistics Services Sept 04,,PO-2026-70314
4333,1000,142000,1800004333,INV/2026/09/14333,2026-09-10,3534.18,EUR,2026-10-10,IC Sale - Logistics Services Sept 10,,PO-2026-27984
4334,1000,142000,1800004334,INV/2026/09/14334,2026-09-16,1399.79,EUR,2026-10-16,IC Sale - Logistics Services Sept 16,,PO-2026-82877
4336,1000,142000,1800004336,INV/2026/09/14336,2026-09-19,7189.86,EUR,2026-10-19,IC Sale - Logistics Services Sept 19,,PO-2026-67402
4337,1000,142000,1800004337,INV/2026/09/14337,2026-09-09,15512.49,EUR,2026-10-09,IC Sale - Logistics Services Sept 09,,PO-2026-84331
4338,1000,142000,1800004338,INV/2026/09/14338,2026-09-04,591.02,EUR,2026-10-04,IC Sale - Logistics Services Sept 04,,PO-2026-68578
4339,1000,142000,1800004339,INV/2026/09/14339,2026-09-10,16176.71,EUR,2026-10-10,IC Sale - Logistics Services Sept 10,,PO-2026-39326
4340,1000,142000,1800004340,INV/2026/09/14340,2026-09-15,3612.36,EUR,2026-10-15,IC Sale - Logistics Services Sept 15,,PO-2026-39069
4341,1000,142000,1800004341,INV/2026/09/14341,2026-09-15,9391.97,EUR,2026-10-15,IC Sale - Logistics Services Sept 15,,PO-2026-21144
4342,1000,142000,1800004342,INV/2026/09/14342,2026-09-17,285.37,EUR,2026-10-17,IC Sale - Logistics Services Sept 17,,PO-2026-63933
4343,1000,142000,1800004343,INV/2026/09/14343,2026-09-05,2044.7,EUR,2026-10-05,IC Sale - Logistics Services Sept 05,,PO-2026-86951
4344,1000,142000,1800004344,INV/2026/09/14344,2026-09-13,2358.54,EUR,2026-10-13,IC Sale - Logistics Services Sept 13,,PO-2026-35519
4345,1000,142000,1800004345,INV/2026/09/14345,2026-09-06,2417.54,EUR,2026-10-06,IC Sale - Logistics Services Sept 06,,PO-2026-97761
4346,1000,142000,1800004346,INV/2026/09/14346,2026-09-10,5486.56,EUR,2026-10-10,IC Sale - Logistics Services Sept 10,,PO-2026-50782
4347,1000,142000,1800004347,INV/2026/09/14347,2026-09-01,1403.0,EUR,2026-10-01,IC Sale - Logistics Services Sept 01,,PO-2026-18224
4348,1000,142000,1800004348,INV/2026/09/14348,2026-09-24,1096.67,EUR,2026-10-24,IC Sale - Logistics Services Sept 24,,PO-2026-49141
4349,1000,142000,1800004349,INV/2026/09/14349,2026-09-27,1298.6,EUR,2026-10-27,IC Sale - Logistics Services Sept 27,,PO-2026-33413
4350,1000,142000,1800004350,INV/2026/09/14350,2026-09-04,2952.15,EUR,2026-10-04,IC Sale - Logistics Services Sept 04,,PO-2026-56494
4351,1000,142000,1800004351,INV/2026/09/14351,2026-09-11,5320.43,EUR,2026-10-11,IC Sale - Logistics Services Sept 11,,PO-2026-42029
4352,1000,142000,1800004352,INV/2026/09/14352,2026-09-27,8695.82,EUR,2026-10-27,IC Sale - Logistics Services Sept 27,,PO-2026-87252
4353,1000,142000,1800004353,INV/2026/09/14353,2026-09-09,975.66,EUR,2026-10-09,IC Sale - Logistics Services Sept 09,,PO-2026-18774
4354,1000,142000,1800004354,INV/2026/09/14354,2026-09-19,3854.14,EUR,2026-10-19,IC Sale - Logistics Services Sept 19,,PO-2026-83047
4355,1000,142000,1800004355,INV/2026/09/14355,2026-09-09,6340.9,EUR,2026-10-09,IC Sale - Logistics Services Sept 09,,PO-2026-44808
4356,1000,142000,1800004356,INV/2026/09/14356,2026-09-12,1346.7,EUR,2026-10-12,IC Sale - Logistics Services Sept 12,,PO-2026-42832
4357,1000,142000,1800004357,INV/2026/09/14357,2026-09-22,3370.08,EUR,2026-10-22,IC Sale - Logistics Services Sept 22,,PO-2026-10733
4358,1000,142000,1800004358,INV/2026/09/14358,2026-09-02,819.86,EUR,2026-10-02,IC Sale - Logistics Services Sept 02,,PO-2026-94406
4359,1000,142000,1800004359,INV/2026/09/14359,2026-09-16,2189.04,EUR,2026-10-16,IC Sale - Logistics Services Sept 16,,PO-2026-45032
4360,1000,142000,1800004360,INV/2026/09/14360,2026-09-10,593.99,EUR,2026-10-10,IC Sale - Logistics Services Sept 10,,PO-2026-19751
4362,1000,142000,1800004362,INV/2026/09/14362,2026-09-13,3856.71,EUR,2026-10-13,IC Sale - Logistics Services Sept 13,,PO-2026-69936
4363,1000,142000,1800004363,INV/2026/09/14363,2026-09-12,13771.66,EUR,2026-10-12,IC Sale - Logistics Services Sept 12,,PO-2026-81653
4364,1000,142000,1800004364,INV/2026/09/14364,2026-09-12,657.54,EUR,2026-10-12,IC Sale - Logistics Services Sept 12,,PO-2026-36585
4365,1000,142000,1800004365,INV/2026/09/14365,2026-09-04,1821.9,EUR,2026-10-04,IC Sale - Logistics Services Sept 04,,PO-2026-28776
4366,1000,142000,1800004366,INV/2026/09/14366,2026-09-16,1498.04,EUR,2026-10-16,IC Sale - Logistics Services Sept 16,,PO-2026-45476
4367,1000,142000,1800004367,INV/2026/09/14367,2026-09-20,5678.5,EUR,2026-10-20,IC Sale - Logistics Services Sept 20,,PO-2026-84013
4368,1000,142000,1800004368,INV/2026/09/14368,2026-09-15,8036.81,EUR,2026-10-15,IC Sale - Logistics Services Sept 15,,PO-2026-75621
4369,1000,142000,1800004369,INV/2026/09/14369,2026-09-27,4108.41,EUR,2026-10-27,IC Sale - Logistics Services Sept 27,,PO-2026-58674
4370,1000,142000,1800004370,INV/2026/09/14370,2026-09-20,2690.29,EUR,2026-10-20,IC Sale - Logistics Services Sept 20,,PO-2026-55217
4371,1000,142000,1800004371,INV/2026/09/14371,2026-09-12,9183.91,EUR,2026-10-12,IC Sale - Logistics Services Sept 12,,PO-2026-86409
4372,1000,142000,1800004372,INV/2026/09/14372,2026-09-02,1410.79,EUR,2026-10-02,IC Sale - Logistics Services Sept 02,,PO-2026-65173
4373,1000,142000,1800004373,INV/2026/09/14373,2026-09-23,948.29,EUR,2026-10-23,IC Sale - Logistics Services Sept 23,,PO-2026-24178
4374,1000,142000,1800004374,INV/2026/09/14374,2026-09-23,11137.82,EUR,2026-10-23,IC Sale - Logistics Services Sept 23,,PO-2026-35099
4375,1000,142000,1800004375,INV/2026/09/14375,2026-09-28,6217.62,EUR,2026-10-28,IC Sale - Logistics Services Sept 28,,PO-2026-70891
4376,1000,142000,1800004376,INV/2026/09/14376,2026-09-07,3408.85,EUR,2026-10-07,IC Sale - Logistics Services Sept 07,,PO-2026-45791
4377,1000,142000,1800004377,INV/2026/09/14377,2026-09-10,8382.5,EUR,2026-10-10,IC Sale - Logistics Services Sept 10,,PO-2026-62674
4378,1000,142000,1800004378,INV/2026/09/14378,2026-09-03,2618.13,EUR,2026-10-03,IC Sale - Logistics Services Sept 03,,PO-2026-64750
4379,1000,142000,1800004379,INV/2026/09/14379,2026-09-09,844.14,EUR,2026-10-09,IC Sale - Logistics Services Sept 09,,PO-2026-41707
4380,1000,142000,1800004380,INV/2026/09/14380,2026-09-21,1229.39,EUR,2026-10-21,IC Sale - Logistics Services Sept 21,,PO-2026-27823
4381,1000,142000,1800004381,INV/2026/09/14381,2026-09-15,2410.84,EUR,2026-10-15,IC Sale - Logistics Services Sept 15,,PO-2026-94209
4382,1000,142000,1800004382,INV/2026/09/14382,2026-09-21,5376.18,EUR,2026-10-21,IC Sale - Logistics Services Sept 21,,PO-2026-25807
4383,1000,142000,1800004383,INV/2026/09/14383,2026-09-07,6793.68,EUR,2026-10-07,IC Sale - Logistics Services Sept 07,,PO-2026-73189
4384,1000,142000,1800004384,INV/2026/09/14384,2026-09-01,355.85,EUR,2026-10-01,IC Sale - Logistics Services Sept 01,,PO-2026-32124
4385,1000,142000,1800004385,INV/2026/09/14385,2026-09-29,380.9,EUR,2026-10-29,IC Sale - Logistics Services Sept 29,,PO-2026-63348
4386,1000,142000,1800004386,INV/2026/09/14386,2026-09-02,1862.49,EUR,2026-10-02,IC Sale - Logistics Services Sept 02,,PO-2026-36949
4387,1000,142000,1800004387,INV/2026/09/14387,2026-09-27,2686.83,EUR,2026-10-27,IC Sale - Logistics Services Sept 27,,PO-2026-92504
4388,1000,142000,1800004388,INV/2026/09/14388,2026-09-05,2683.29,EUR,2026-10-05,IC Sale - Logistics Services Sept 05,,PO-2026-66387
4389,1000,142000,1800004389,INV/2026/09/14389,2026-09-20,4128.13,EUR,2026-10-20,IC Sale - Logistics Services Sept 20,,PO-2026-97883
4390,1000,142000,1800004390,INV/2026/09/14390,2026-09-25,8378.11,EUR,2026-10-25,IC Sale - Logistics Services Sept 25,,PO-2026-69602
4391,1000,142000,1800004391,INV/2026/09/14391,2026-09-15,2984.36,EUR,2026-10-15,IC Sale - Logistics Services Sept 15,,PO-2026-77932
4392,1000,142000,1800004392,INV/2026/09/14392,2026-09-21,181.94,EUR,2026-10-21,IC Sale - Logistics Services Sept 21,,PO-2026-76687
4393,1000,142000,1800004393,INV/2026/09/14393,2026-09-29,6004.78,EUR,2026-10-29,IC Sale - Logistics Services Sept 29,,PO-2026-52341
4394,1000,142000,1800004394,INV/2026/09/14394,2026-09-10,3190.21,EUR,2026-10-10,IC Sale - Logistics Services Sept 10,,PO-2026-26796
4395,1000,142000,1800004395,INV/2026/09/14395,2026-09-27,4725.25,EUR,2026-10-27,IC Sale - Logistics Services Sept 27,,PO-2026-49541
4396,1000,142000,1800004396,INV/2026/09/14396,2026-09-27,8026.1,EUR,2026-10-27,IC Sale - Logistics Services Sept 27,,PO-2026-63912
4397,1000,142000,1800004397,INV/2026/09/14397,2026-09-05,3578.27,EUR,2026-10-05,IC Sale - Logistics Services Sept 05,,PO-2026-82425
4398,1000,142000,1800004398,INV/2026/09/14398,2026-09-10,6795.93,EUR,2026-10-10,IC Sale - Logistics Services Sept 10,,PO-2026-60935
4399,1000,142000,1800004399,INV/2026/09/14399,2026-09-10,403.65,EUR,2026-10-10,IC Sale - Logistics Services Sept 10,,PO-2026-67757
4400,1000,142000,1800004400,INV/2026/09/14400,2026-09-26,3601.16,EUR,2026-10-26,IC Sale - Logistics Services Sept 26,,PO-2026-57887
4401,1000,142000,1800004401,INV/2026/09/14401,2026-09-18,1935.37,EUR,2026-10-18,IC Sale - Logistics Services Sept 18,,PO-2026-35551
4402,1000,142000,1800004402,INV/2026/09/14402,2026-09-02,752.65,EUR,2026-10-02,IC Sale - Logistics Services Sept 02,,PO-2026-37220
4403,1000,142000,1800004403,INV/2026/09/14403,2026-09-06,1392.79,EUR,2026-10-06,IC Sale - Logistics Services Sept 06,,PO-2026-50883
4404,1000,142000,1800004404,INV/2026/09/14404,2026-09-03,6055.82,EUR,2026-10-03,IC Sale - Logistics Services Sept 03,,PO-2026-65549
4405,1000,142000,1800004405,INV/2026/09/14405,2026-09-22,7751.42,EUR,2026-10-22,IC Sale - Logistics Services Sept 22,,PO-2026-67846
4406,1000,142000,1800004406,INV/2026/09/14406,2026-09-20,765.67,EUR,2026-10-20,IC Sale - Logistics Services Sept 20,,PO-2026-96419
4407,1000,142000,1800004407,INV/2026/09/14407,2026-09-03,1905.28,EUR,2026-10-03,IC Sale - Logistics Services Sept 03,,PO-2026-84892
4408,1000,142000,1800004408,INV/2026/09/14408,2026-09-02,4809.48,EUR,2026-10-02,IC Sale - Logistics Services Sept 02,,PO-2026-12432
4409,1000,142000,1800004409,INV/2026/09/14409,2026-09-15,4365.5,EUR,2026-10-15,IC Sale - Logistics Services Sept 15,,PO-2026-19158
4410,1000,142000,1800004410,INV/2026/09/14410,2026-09-26,1580.88,EUR,2026-10-26,IC Sale - Logistics Services Sept 26,,PO-2026-44896
4411,1000,142000,1800004411,INV/2026/09/14411,2026-09-10,1714.14,EUR,2026-10-10,IC Sale - Logistics Services Sept 10,,PO-2026-64737
4412,1000,142000,1800004412,INV/2026/09/14412,2026-09-20,10726.97,EUR,2026-10-20,IC Sale - Logistics Services Sept 20,,PO-2026-36760
4413,1000,142000,1800004413,INV/2026/09/14413,2026-09-11,6834.8,EUR,2026-10-11,IC Sale - Logistics Services Sept 11,,PO-2026-63308
4414,1000,142000,1800004414,INV/2026/09/14414,2026-09-17,3906.76,EUR,2026-10-17,IC Sale - Logistics Services Sept 17,,PO-2026-89771
4415,1000,142000,1800004415,INV/2026/09/14415,2026-09-13,423.37,EUR,2026-10-13,IC Sale - Logistics Services Sept 13,,PO-2026-71755
4416,1000,142000,1800004416,INV/2026/09/14416,2026-09-04,2291.37,EUR,2026-10-04,IC Sale - Logistics Services Sept 04,,PO-2026-88087
4417,1000,142000,1800004417,INV/2026/09/14417,2026-09-04,1169.24,EUR,2026-10-04,IC Sale - Logistics Services Sept 04,,PO-2026-14309
4418,1000,142000,1800004418,INV/2026/09/14418,2026-09-16,6535.5,EUR,2026-10-16,IC Sale - Logistics Services Sept 16,,PO-2026-14500
4419,1000,142000,1800004419,INV/2026/09/14419,2026-09-07,2579.35,EUR,2026-10-07,IC Sale - Logistics Services Sept 07,,PO-2026-91696
4420,1000,142000,1800004420,INV/2026/09/14420,2026-09-21,6498.33,EUR,2026-10-21,IC Sale - Logistics Services Sept 21,,PO-2026-42533
4421,1000,142000,1800004421,INV/2026/09/14421,2026-09-18,1419.5,EUR,2026-10-18,IC Sale - Logistics Services Sept 18,,PO-2026-84365
4422,1000,142000,1800004422,INV/2026/09/14422,2026-09-21,921.27,EUR,2026-10-21,IC Sale - Logistics Services Sept 21,,PO-2026-55375
4423,1000,142000,1800004423,INV/2026/09/14423,2026-09-20,3756.72,EUR,2026-10-20,IC Sale - Logistics Services Sept 20,,PO-2026-93565
4424,1000,142000,1800004424,INV/2026/09/14424,2026-09-28,1750.95,EUR,2026-10-28,IC Sale - Logistics Services Sept 28,,PO-2026-77394
4425,1000,142000,1800004425,INV/2026/09/14425,2026-09-03,4131.68,EUR,2026-10-03,IC Sale - Logistics Services Sept 03,,PO-2026-25266
4426,1000,142000,1800004426,INV/2026/09/14426,2026-09-12,1074.36,EUR,2026-10-12,IC Sale - Logistics Services Sept 12,,PO-2026-69219
4427,1000,142000,1800004427,INV/2026/09/14427,2026-09-08,4477.89,EUR,2026-10-08,IC Sale - Logistics Services Sept 08,,PO-2026-57242
4428,1000,142000,1800004428,INV/2026/09/14428,2026-09-21,1362.43,EUR,2026-10-21,IC Sale - Logistics Services Sept 21,,PO-2026-89606
4429,1000,142000,1800004429,INV/2026/09/14429,2026-09-04,5311.51,EUR,2026-10-04,IC Sale - Logistics Services Sept 04,,PO-2026-45823
4430,1000,142000,1800004430,INV/2026/09/14430,2026-09-29,4698.1,EUR,2026-10-29,IC Sale - Logistics Services Sept 29,,PO-2026-28680
4431,1000,142000,1800004431,INV/2026/09/14431,2026-09-03,13341.45,EUR,2026-10-03,IC Sale - Logistics Services Sept 03,,PO-2026-66982
4432,1000,142000,1800004432,INV/2026/09/14432,2026-09-29,2534.75,EUR,2026-10-29,IC Sale - Logistics Services Sept 29,,PO-2026-51099
4433,1000,142000,1800004433,INV/2026/09/14433,2026-09-26,3285.5,EUR,2026-10-26,IC Sale - Logistics Services Sept 26,,PO-2026-92582
4434,1000,142000,1800004434,INV/2026/09/14434,2026-09-23,3737.4,EUR,2026-10-23,IC Sale - Logistics Services Sept 23,,PO-2026-96188
4435,1000,142000,1800004435,INV/2026/09/14435,2026-09-05,4359.07,EUR,2026-10-05,IC Sale - Logistics Services Sept 05,,PO-2026-93787
4436,1000,142000,1800004436,INV/2026/09/14436,2026-09-13,563.56,EUR,2026-10-13,IC Sale - Logistics Services Sept 13,,PO-2026-57927
4437,1000,142000,1800004437,INV/2026/09/14437,2026-09-15,544.14,EUR,2026-10-15,IC Sale - Logistics Services Sept 15,,PO-2026-41200
4438,1000,142000,1800004438,INV/2026/09/14438,2026-09-11,4038.15,EUR,2026-10-11,IC Sale - Logistics Services Sept 11,,PO-2026-89213
4439,1000,142000,1800004439,INV/2026/09/14439,2026-09-29,535.83,EUR,2026-10-29,IC Sale - Logistics Services Sept 29,,PO-2026-71450
4440,1000,142000,1800004440,INV/2026/09/14440,2026-09-04,3893.86,EUR,2026-10-04,IC Sale - Logistics Services Sept 04,,PO-2026-28311
4441,1000,142000,1800004441,INV/2026/09/14441,2026-09-08,4222.46,EUR,2026-10-08,IC Sale - Logistics Services Sept 08,,PO-2026-12216
4442,1000,142000,1800004442,INV/2026/09/14442,2026-09-27,2391.11,EUR,2026-10-27,IC Sale - Logistics Services Sept 27,,PO-2026-97350
4443,1000,142000,1800004443,INV/2026/09/14443,2026-09-13,1459.94,EUR,2026-10-13,IC Sale - Logistics Services Sept 13,,PO-2026-96829
4444,1000,142000,1800004444,INV/2026/09/14444,2026-09-09,3963.96,EUR,2026-10-09,IC Sale - Logistics Services Sept 09,,PO-2026-27474
4445,1000,142000,1800004445,INV/2026/09/14445,2026-09-08,6113.71,EUR,2026-10-08,IC Sale - Logistics Services Sept 08,,PO-2026-26088
4446,1000,142000,1800004446,INV/2026/09/14446,2026-09-03,4689.04,EUR,2026-10-03,IC Sale - Logistics Services Sept 03,,PO-2026-75529
4447,1000,142000,1800004447,INV/2026/09/14447,2026-09-28,411.7,EUR,2026-10-28,IC Sale - Logistics Services Sept 28,,PO-2026-40470
4448,1000,142000,1800004448,INV/2026/09/14448,2026-09-03,2091.54,EUR,2026-10-03,IC Sale - Logistics Services Sept 03,,PO-2026-71974
4449,1000,142000,1800004449,INV/2026/09/14449,2026-09-23,3582.36,EUR,2026-10-23,IC Sale - Logistics Services Sept 23,,PO-2026-61438
4450,1000,142000,1800004450,INV/2026/09/14450,2026-09-06,2633.17,EUR,2026-10-06,IC Sale - Logistics Services Sept 06,,PO-2026-70463
4451,1000,142000,1800004451,INV/2026/09/14451,2026-09-01,1630.05,EUR,2026-10-01,IC Sale - Logistics Services Sept 01,,PO-2026-35855
4452,1000,142000,1800004452,INV/2026/09/14452,2026-09-19,2933.66,EUR,2026-10-19,IC Sale - Logistics Services Sept 19,,PO-2026-90573
4453,1000,142000,1800004453,INV/2026/09/14453,2026-09-12,1220.82,EUR,2026-10-12,IC Sale - Logistics Services Sept 12,,PO-2026-96485
4454,1000,142000,1800004454,INV/2026/09/14454,2026-09-02,11848.51,EUR,2026-10-02,IC Sale - Logistics Services Sept 02,,PO-2026-61542
4455,1000,142000,1800004455,INV/2026/09/14455,2026-09-13,6579.88,EUR,2026-10-13,IC Sale - Logistics Services Sept 13,,PO-2026-82882
4456,1000,142000,1800004456,INV/2026/09/14456,2026-09-25,4384.01,EUR,2026-10-25,IC Sale - Logistics Services Sept 25,,PO-2026-44112
4457,1000,142000,1800004457,INV/2026/09/14457,2026-09-01,2566.24,EUR,2026-10-01,IC Sale - Logistics Services Sept 01,,PO-2026-66362
4458,1000,142000,1800004458,INV/2026/09/14458,2026-09-10,5358.79,EUR,2026-10-10,IC Sale - Logistics Services Sept 10,,PO-2026-21548
4459,1000,142000,1800004459,INV/2026/09/14459,2026-09-18,4581.11,EUR,2026-10-18,IC Sale - Logistics Services Sept 18,,PO-2026-11230
4460,1000,142000,1800004460,INV/2026/09/14460,2026-09-16,6071.06,EUR,2026-10-16,IC Sale - Logistics Services Sept 16,,PO-2026-45512
4461,1000,142000,1800004461,INV/2026/09/14461,2026-09-26,849.49,EUR,2026-10-26,IC Sale - Logistics Services Sept 26,,PO-2026-80489
4462,1000,142000,1800004462,INV/2026/09/14462,2026-09-03,1094.98,EUR,2026-10-03,IC Sale - Logistics Services Sept 03,,PO-2026-30125
4463,1000,142000,1800004463,INV/2026/09/14463,2026-09-10,4302.18,EUR,2026-10-10,IC Sale - Logistics Services Sept 10,,PO-2026-89512
4464,1000,142000,1800004464,INV/2026/09/14464,2026-09-23,1184.41,EUR,2026-10-23,IC Sale - Logistics Services Sept 23,,PO-2026-93992
4465,1000,142000,1800004465,INV/2026/09/14465,2026-09-21,609.52,EUR,2026-10-21,IC Sale - Logistics Services Sept 21,,PO-2026-77116
4466,1000,142000,1800004466,INV/2026/09/14466,2026-09-21,2366.66,EUR,2026-10-21,IC Sale - Logistics Services Sept 21,,PO-2026-81835
4467,1000,142000,1800004467,INV/2026/09/14467,2026-09-06,2452.16,EUR,2026-10-06,IC Sale - Logistics Services Sept 06,,PO-2026-24446
4468,1000,142000,1800004468,INV/2026/09/14468,2026-09-11,2719.32,EUR,2026-10-11,IC Sale - Logistics Services Sept 11,,PO-2026-40226
4469,1000,142000,1800004469,INV/2026/09/14469,2026-09-24,1364.99,EUR,2026-10-24,IC Sale - Logistics Services Sept 24,,PO-2026-30230
4471,1000,142000,1800004471,INV/2026/09/14471,2026-09-01,266.22,EUR,2026-10-01,IC Sale - Logistics Services Sept 01,,PO-2026-64000
4472,1000,142000,1800004472,INV/2026/09/14472,2026-09-01,801.02,EUR,2026-10-01,IC Sale - Logistics Services Sept 01,,PO-2026-34752
4473,1000,142000,1800004473,INV/2026/09/14473,2026-09-08,2441.2,EUR,2026-10-08,IC Sale - Logistics Services Sept 08,,PO-2026-61917
4474,1000,142000,1800004474,INV/2026/09/14474,2026-09-29,602.55,EUR,2026-10-29,IC Sale - Logistics Services Sept 29,,PO-2026-95689
4475,1000,142000,1800004475,INV/2026/09/14475,2026-09-28,4139.15,EUR,2026-10-28,IC Sale - Logistics Services Sept 28,,PO-2026-88178
4476,1000,142000,1800004476,INV/2026/09/14476,2026-09-09,3803.03,EUR,2026-10-09,IC Sale - Logistics Services Sept 09,,PO-2026-15211
4477,1000,142000,1800004477,INV/2026/09/14477,2026-09-11,1528.54,EUR,2026-10-11,IC Sale - Logistics Services Sept 11,,PO-2026-13541
4478,1000,142000,1800004478,INV/2026/09/14478,2026-09-17,925.18,EUR,2026-10-17,IC Sale - Logistics Services Sept 17,,PO-2026-97459
4479,1000,142000,1800004479,INV/2026/09/14479,2026-09-27,2283.92,EUR,2026-10-27,IC Sale - Logistics Services Sept 27,,PO-2026-98107
4480,1000,142000,1800004480,INV/2026/09/14480,2026-09-11,7224.93,EUR,2026-10-11,IC Sale - Logistics Services Sept 11,,PO-2026-85893
4481,1000,142000,1800004481,INV/2026/09/14481,2026-09-08,205.33,EUR,2026-10-08,IC Sale - Logistics Services Sept 08,,PO-2026-20426
4482,1000,142000,1800004482,INV/2026/09/14482,2026-09-23,152.17,EUR,2026-10-23,IC Sale - Logistics Services Sept 23,,PO-2026-62428
4483,1000,142000,1800004483,INV/2026/09/14483,2026-09-05,4260.17,EUR,2026-10-05,IC Sale - Logistics Services Sept 05,,PO-2026-81910
4484,1000,142000,1800004484,INV/2026/09/14484,2026-09-06,4237.72,EUR,2026-10-06,IC Sale - Logistics Services Sept 06,,PO-2026-21134
4485,1000,142000,1800004485,INV/2026/09/14485,2026-09-20,506.03,EUR,2026-10-20,IC Sale - Logistics Services Sept 20,,PO-2026-76321
4486,1000,142000,1800004486,INV/2026/09/14486,2026-09-25,4993.72,EUR,2026-10-25,IC Sale - Logistics Services Sept 25,,PO-2026-45728
4487,1000,142000,1800004487,INV/2026/09/14487,2026-09-14,2953.39,EUR,2026-10-14,IC Sale - Logistics Services Sept 14,,PO-2026-47999
4488,1000,142000,1800004488,INV/2026/09/14488,2026-09-06,3622.73,EUR,2026-10-06,IC Sale - Logistics Services Sept 06,,PO-2026-54287
4489,1000,142000,1800004489,INV/2026/09/14489,2026-09-08,8577.29,EUR,2026-10-08,IC Sale - Logistics Services Sept 08,,PO-2026-99171
4490,1000,142000,1800004490,INV/2026/09/14490,2026-09-20,6925.76,EUR,2026-10-20,IC Sale - Logistics Services Sept 20,,PO-2026-57532
4491,1000,142000,1800004491,INV/2026/09/14491,2026-09-29,1719.17,EUR,2026-10-29,IC Sale - Logistics Services Sept 29,,PO-2026-51972
4492,1000,142000,1800004492,INV/2026/09/14492,2026-09-10,3640.94,EUR,2026-10-10,IC Sale - Logistics Services Sept 10,,PO-2026-23687
4493,1000,142000,1800004493,INV/2026/09/14493,2026-09-20,648.11,EUR,2026-10-20,IC Sale - Logistics Services Sept 20,,PO-2026-10303
4494,1000,142000,1800004494,INV/2026/09/14494,2026-09-10,726.54,EUR,2026-10-10,IC Sale - Logistics Services Sept 10,,PO-2026-80302
4495,1000,142000,1800004495,INV/2026/09/14495,2026-09-05,4066.44,EUR,2026-10-05,IC Sale - Logistics Services Sept 05,,PO-2026-18007
4496,1000,142000,1800004496,INV/2026/09/14496,2026-09-25,2696.6,EUR,2026-10-25,IC Sale - Logistics Services Sept 25,,PO-2026-38221
4497,1000,142000,1800004497,INV/2026/09/14497,2026-09-10,292.97,EUR,2026-10-10,IC Sale - Logistics Services Sept 10,,PO-2026-38052
4498,1000,142000,1800004498,INV/2026/09/14498,2026-09-29,16458.71,EUR,2026-10-29,IC Sale - Logistics Services Sept 29,,PO-2026-49701
4499,1000,142000,1800004499,INV/2026/09/14499,2026-09-15,818.13,EUR,2026-10-15,IC Sale - Logistics Services Sept 15,,PO-2026-36246
4500,1000,142000,1800004500,INV/2026/09/14500,2026-09-27,3667.8,EUR,2026-10-27,IC Sale - Logistics Services Sept 27,,PO-2026-77121
4501,1000,142000,1800004501,INV/2026/09/14501,2026-09-27,3830.1,EUR,2026-10-27,IC Sale - Logistics Services Sept 27,,PO-2026-49581
4502,1000,142000,1800004502,INV/2026/09/14502,2026-09-16,4568.63,EUR,2026-10-16,IC Sale - Logistics Services Sept 16,,PO-2026-83109
4503,1000,142000,1800004503,INV/2026/09/14503,2026-09-13,3851.25,EUR,2026-10-13,IC Sale - Logistics Services Sept 13,,PO-2026-91125
4504,1000,142000,1800004504,INV/2026/09/14504,2026-09-25,461.35,EUR,2026-10-25,IC Sale - Logistics Services Sept 25,,PO-2026-10490
4505,1000,142000,1800004505,INV/2026/09/14505,2026-09-26,299.35,EUR,2026-10-26,IC Sale - Logistics Services Sept 26,,PO-2026-72491
4506,1000,142000,1800004506,INV/2026/09/14506,2026-09-11,3023.44,EUR,2026-10-11,IC Sale - Logistics Services Sept 11,,PO-2026-21664
4507,1000,142000,1800004507,INV/2026/09/14507,2026-09-06,1763.55,EUR,2026-10-06,IC Sale - Logistics Services Sept 06,,PO-2026-84136
4508,1000,142000,1800004508,INV/2026/09/14508,2026-09-25,2921.81,EUR,2026-10-25,IC Sale - Logistics Services Sept 25,,PO-2026-39249
4509,1000,142000,1800004509,INV/2026/09/14509,2026-09-01,1588.37,EUR,2026-10-01,IC Sale - Logistics Services Sept 01,,PO-2026-18807
4510,1000,142000,1800004510,INV/2026/09/14510,2026-09-06,1203.47,EUR,2026-10-06,IC Sale - Logistics Services Sept 06,,PO-2026-47057
4511,1000,142000,1800004511,INV/2026/09/14511,2026-09-26,2016.08,EUR,2026-10-26,IC Sale - Logistics Services Sept 26,,PO-2026-16918
4512,1000,142000,1800004512,INV/2026/09/14512,2026-09-14,5756.21,EUR,2026-10-14,IC Sale - Logistics Services Sept 14,,PO-2026-76650
4513,1000,142000,1800004513,INV/2026/09/14513,2026-09-08,8711.5,EUR,2026-10-08,IC Sale - Logistics Services Sept 08,,PO-2026-19929
4514,1000,142000,1800004514,INV/2026/09/14514,2026-09-01,3877.0,EUR,2026-10-01,IC Sale - Logistics Services Sept 01,,PO-2026-76529
4515,1000,142000,1800004515,INV/2026/09/14515,2026-09-23,918.41,EUR,2026-10-23,IC Sale - Logistics Services Sept 23,,PO-2026-42661
4516,1000,142000,1800004516,INV/2026/09/14516,2026-09-23,741.83,EUR,2026-10-23,IC Sale - Logistics Services Sept 23,,PO-2026-61289
4517,1000,142000,1800004517,INV/2026/09/14517,2026-09-06,1421.32,EUR,2026-10-06,IC Sale - Logistics Services Sept 06,,PO-2026-89580
4518,1000,142000,1800004518,INV/2026/09/14518,2026-09-03,2500.48,EUR,2026-10-03,IC Sale - Logistics Services Sept 03,,PO-2026-22277
4519,1000,142000,1800004519,INV/2026/09/14519,2026-09-05,3071.33,EUR,2026-10-05,IC Sale - Logistics Services Sept 05,,PO-2026-73087
4520,1000,142000,1800004520,INV/2026/09/14520,2026-09-21,1233.96,EUR,2026-10-21,IC Sale - Logistics Services Sept 21,,PO-2026-45950
4521,1000,142000,1800004521,INV/2026/09/14521,2026-09-22,784.63,EUR,2026-10-22,IC Sale - Logistics Services Sept 22,,PO-2026-16519
4522,1000,142000,1800004522,INV/2026/09/14522,2026-09-20,2016.33,EUR,2026-10-20,IC Sale - Logistics Services Sept 20,,PO-2026-38604
4523,1000,142000,1800004523,INV/2026/09/14523,2026-09-01,646.1,EUR,2026-10-01,IC Sale - Logistics Services Sept 01,,PO-2026-93883
4524,1000,142000,1800004524,INV/2026/09/14524,2026-09-21,7603.09,EUR,2026-10-21,IC Sale - Logistics Services Sept 21,,PO-2026-49734
4525,1000,142000,1800004525,INV/2026/09/14525,2026-09-15,3958.58,EUR,2026-10-15,IC Sale - Logistics Services Sept 15,,PO-2026-98873
4526,1000,142000,1800004526,INV/2026/09/14526,2026-09-05,4151.95,EUR,2026-10-05,IC Sale - Logistics Services Sept 05,,PO-2026-74240
4527,1000,142000,1800004527,INV/2026/09/14527,2026-09-13,7784.35,EUR,2026-10-13,IC Sale - Logistics Services Sept 13,,PO-2026-58949
4528,1000,142000,1800004528,INV/2026/09/14528,2026-09-18,10405.84,EUR,2026-10-18,IC Sale - Logistics Services Sept 18,,PO-2026-42289
4529,1000,142000,1800004529,INV/2026/09/14529,2026-09-19,4341.52,EUR,2026-10-19,IC Sale - Logistics Services Sept 19,,PO-2026-50425
4530,1000,142000,1800004530,INV/2026/09/14530,2026-09-09,18688.54,EUR,2026-10-09,IC Sale - Logistics Services Sept 09,,PO-2026-26028
4531,1000,142000,1800004531,INV/2026/09/14531,2026-09-22,4774.4,EUR,2026-10-22,IC Sale - Logistics Services Sept 22,,PO-2026-37175
4533,1000,142000,1800004533,INV/2026/09/14533,2026-09-26,13199.17,EUR,2026-10-26,IC Sale - Logistics Services Sept 26,,PO-2026-78394
4534,1000,142000,1800004534,INV/2026/09/14534,2026-09-05,1731.14,EUR,2026-10-05,IC Sale - Logistics Services Sept 05,,PO-2026-84807
4535,1000,142000,1800004535,INV/2026/09/14535,2026-09-20,6305.93,EUR,2026-10-20,IC Sale - Logistics Services Sept 20,,PO-2026-71986
4536,1000,142000,1800004536,INV/2026/09/14536,2026-09-10,3062.17,EUR,2026-10-10,IC Sale - Logistics Services Sept 10,,PO-2026-94162
4537,1000,142000,1800004537,INV/2026/09/14537,2026-09-28,2391.08,EUR,2026-10-28,IC Sale - Logistics Services Sept 28,,PO-2026-72005
4538,1000,142000,1800004538,INV/2026/09/14538,2026-09-23,254.61,EUR,2026-10-23,IC Sale - Logistics Services Sept 23,,PO-2026-95610
4539,1000,142000,1800004539,INV/2026/09/14539,2026-09-13,3549.7,EUR,2026-10-13,IC Sale - Logistics Services Sept 13,,PO-2026-48502
4541,1000,142000,1800004541,INV/2026/09/14541,2026-09-13,1411.82,EUR,2026-10-13,IC Sale - Logistics Services Sept 13,,PO-2026-44791
4542,1000,142000,1800004542,INV/2026/09/14542,2026-09-24,5622.43,EUR,2026-10-24,IC Sale - Logistics Services Sept 24,,PO-2026-31583
4543,1000,142000,1800004543,INV/2026/09/14543,2026-09-22,4203.91,EUR,2026-10-22,IC Sale - Logistics Services Sept 22,,PO-2026-61353
4544,1000,142000,1800004544,INV/2026/09/14544,2026-09-15,1080.21,EUR,2026-10-15,IC Sale - Logistics Services Sept 15,,PO-2026-30989
4545,1000,142000,1800004545,INV/2026/09/14545,2026-09-29,765.68,EUR,2026-10-29,IC Sale - Logistics Services Sept 29,,PO-2026-45468
4546,1000,142000,1800004546,INV/2026/09/14546,2026-09-20,26301.75,EUR,2026-10-20,IC Sale - Logistics Services Sept 20,,PO-2026-80685
4547,1000,142000,1800004547,INV/2026/09/14547,2026-09-15,2265.4,EUR,2026-10-15,IC Sale - Logistics Services Sept 15,,PO-2026-47539
4548,1000,142000,1800004548,INV/2026/09/14548,2026-09-11,801.18,EUR,2026-10-11,IC Sale - Logistics Services Sept 11,,PO-2026-72488
4549,1000,142000,1800004549,INV/2026/09/14549,2026-09-26,753.09,EUR,2026-10-26,IC Sale - Logistics Services Sept 26,,PO-2026-66081
4551,1000,142000,1800004551,INV/2026/09/14551,2026-09-07,10859.35,EUR,2026-10-07,IC Sale - Logistics Services Sept 07,,PO-2026-34032
4552,1000,142000,1800004552,INV/2026/09/14552,2026-09-12,1668.85,EUR,2026-10-12,IC Sale - Logistics Services Sept 12,,PO-2026-15893
4553,1000,142000,1800004553,INV/2026/09/14553,2026-09-02,672.53,EUR,2026-10-02,IC Sale - Logistics Services Sept 02,,PO-2026-34651
4554,1000,142000,1800004554,INV/2026/09/14554,2026-09-25,3423.45,EUR,2026-10-25,IC Sale - Logistics Services Sept 25,,PO-2026-29603
4555,1000,142000,1800004555,INV/2026/09/14555,2026-09-14,5998.04,EUR,2026-10-14,IC Sale - Logistics Services Sept 14,,PO-2026-36537
4556,1000,142000,1800004556,INV/2026/09/14556,2026-09-06,14507.87,EUR,2026-10-06,IC Sale - Logistics Services Sept 06,,PO-2026-49022
4557,1000,142000,1800004557,INV/2026/09/14557,2026-09-16,1411.62,EUR,2026-10-16,IC Sale - Logistics Services Sept 16,,PO-2026-55514
4558,1000,142000,1800004558,INV/2026/09/14558,2026-09-12,17165.73,EUR,2026-10-12,IC Sale - Logistics Services Sept 12,,PO-2026-49342
4559,1000,142000,1800004559,INV/2026/09/14559,2026-09-21,506.01,EUR,2026-10-21,IC Sale - Logistics Services Sept 21,,PO-2026-80995
4560,1000,142000,1800004560,INV/2026/09/14560,2026-09-29,14728.72,EUR,2026-10-29,IC Sale - Logistics Services Sept 29,,PO-2026-52402
4561,1000,142000,1800004561,INV/2026/09/14561,2026-09-03,4070.78,EUR,2026-10-03,IC Sale - Logistics Services Sept 03,,PO-2026-78672
4562,1000,142000,1800004562,INV/2026/09/14562,2026-09-25,5005.42,EUR,2026-10-25,IC Sale - Logistics Services Sept 25,,PO-2026-70345
4563,1000,142000,1800004563,INV/2026/09/14563,2026-09-18,1413.06,EUR,2026-10-18,IC Sale - Logistics Services Sept 18,,PO-2026-68705
4564,1000,142000,1800004564,INV/2026/09/14564,2026-09-01,299.04,EUR,2026-10-01,IC Sale - Logistics Services Sept 01,,PO-2026-95983
4565,1000,142000,1800004565,INV/2026/09/14565,2026-09-05,281.69,EUR,2026-10-05,IC Sale - Logistics Services Sept 05,,PO-2026-58166
4566,1000,142000,1800004566,INV/2026/09/14566,2026-09-23,311.0,EUR,2026-10-23,IC Sale - Logistics Services Sept 23,,PO-2026-29083
4567,1000,142000,1800004567,INV/2026/09/14567,2026-09-01,3013.32,EUR,2026-10-01,IC Sale - Logistics Services Sept 01,,PO-2026-47427
4568,1000,142000,1800004568,INV/2026/09/14568,2026-09-27,1050.99,EUR,2026-10-27,IC Sale - Logistics Services Sept 27,,PO-2026-66043
4569,1000,142000,1800004569,INV/2026/09/14569,2026-09-29,891.86,EUR,2026-10-29,IC Sale - Logistics Services Sept 29,,PO-2026-32573
4570,1000,142000,1800004570,INV/2026/09/14570,2026-09-26,4922.29,EUR,2026-10-26,IC Sale - Logistics Services Sept 26,,PO-2026-28369
4571,1000,142000,1800004571,INV/2026/09/14571,2026-09-06,559.31,EUR,2026-10-06,IC Sale - Logistics Services Sept 06,,PO-2026-22850
4572,1000,142000,1800004572,INV/2026/09/14572,2026-09-13,1247.48,EUR,2026-10-13,IC Sale - Logistics Services Sept 13,,PO-2026-76077
4573,1000,142000,1800004573,INV/2026/09/14573,2026-09-18,1327.07,EUR,2026-10-18,IC Sale - Logistics Services Sept 18,,PO-2026-53556
4574,1000,142000,1800004574,INV/2026/09/14574,2026-09-22,1777.25,EUR,2026-10-22,IC Sale - Logistics Services Sept 22,,PO-2026-56328
4575,1000,142000,1800004575,INV/2026/09/14575,2026-09-16,3467.99,EUR,2026-10-16,IC Sale - Logistics Services Sept 16,,PO-2026-94675
4577,1000,142000,1800004577,INV/2026/09/14577,2026-09-28,759.56,EUR,2026-10-28,IC Sale - Logistics Services Sept 28,,PO-2026-11063
4578,1000,142000,1800004578,INV/2026/09/14578,2026-09-06,2528.16,EUR,2026-10-06,IC Sale - Logistics Services Sept 06,,PO-2026-59928
4579,1000,142000,1800004579,INV/2026/09/14579,2026-09-08,824.11,EUR,2026-10-08,IC Sale - Logistics Services Sept 08,,PO-2026-45256
4580,1000,142000,1800004580,INV/2026/09/14580,2026-09-26,2428.34,EUR,2026-10-26,IC Sale - Logistics Services Sept 26,,PO-2026-90825
4581,1000,142000,1800004581,INV/2026/09/14581,2026-09-09,4100.8,EUR,2026-10-09,IC Sale - Logistics Services Sept 09,,PO-2026-56672
4582,1000,142000,1800004582,INV/2026/09/14582,2026-09-29,1329.24,EUR,2026-10-29,IC Sale - Logistics Services Sept 29,,PO-2026-36007
4583,1000,142000,1800004583,INV/2026/09/14583,2026-09-08,2133.87,EUR,2026-10-08,IC Sale - Logistics Services Sept 08,,PO-2026-25056
4584,1000,142000,1800004584,INV/2026/09/14584,2026-09-15,6750.12,EUR,2026-10-15,IC Sale - Logistics Services Sept 15,,PO-2026-43676
4585,1000,142000,1800004585,INV/2026/09/14585,2026-09-29,188.15,EUR,2026-10-29,IC Sale - Logistics Services Sept 29,,PO-2026-32491
4586,1000,142000,1800004586,INV/2026/09/14586,2026-09-26,4273.81,EUR,2026-10-26,IC Sale - Logistics Services Sept 26,,PO-2026-89429
4587,1000,142000,1800004587,INV/2026/09/14587,2026-09-04,7610.61,EUR,2026-10-04,IC Sale - Logistics Services Sept 04,,PO-2026-11875
4588,1000,142000,1800004588,INV/2026/09/14588,2026-09-01,1826.99,EUR,2026-10-01,IC Sale - Logistics Services Sept 01,,PO-2026-25927
4589,1000,142000,1800004589,INV/2026/09/14589,2026-09-22,7799.29,EUR,2026-10-22,IC Sale - Logistics Services Sept 22,,PO-2026-39223
4591,1000,142000,1800004591,INV/2026/09/14591,2026-09-01,1694.7,EUR,2026-10-01,IC Sale - Logistics Services Sept 01,,PO-2026-49206
4592,1000,142000,1800004592,INV/2026/09/14592,2026-09-09,1328.68,EUR,2026-10-09,IC Sale - Logistics Services Sept 09,,PO-2026-68753
4593,1000,142000,1800004593,INV/2026/09/14593,2026-09-01,1594.68,EUR,2026-10-01,IC Sale - Logistics Services Sept 01,,PO-2026-87613
4594,1000,142000,1800004594,INV/2026/09/14594,2026-09-28,5207.77,EUR,2026-10-28,IC Sale - Logistics Services Sept 28,,PO-2026-63854
4595,1000,142000,1800004595,INV/2026/09/14595,2026-09-19,2304.23,EUR,2026-10-19,IC Sale - Logistics Services Sept 19,,PO-2026-65851
4596,1000,142000,1800004596,INV/2026/09/14596,2026-09-26,2667.82,EUR,2026-10-26,IC Sale - Logistics Services Sept 26,,PO-2026-17959
4597,1000,142000,1800004597,INV/2026/09/14597,2026-09-11,2126.59,EUR,2026-10-11,IC Sale - Logistics Services Sept 11,,PO-2026-15542
4598,1000,142000,1800004598,INV/2026/09/14598,2026-09-02,6347.89,EUR,2026-10-02,IC Sale - Logistics Services Sept 02,,PO-2026-74657
4599,1000,142000,1800004599,INV/2026/09/14599,2026-09-21,663.76,EUR,2026-10-21,IC Sale - Logistics Services Sept 21,,PO-2026-36315
4600,1000,142000,1800004600,INV/2026/09/14600,2026-09-07,11156.43,EUR,2026-10-07,IC Sale - Logistics Services Sept 07,,PO-2026-94852
4601,1000,142000,1800004601,INV/2026/09/14601,2026-09-23,4151.55,EUR,2026-10-23,IC Sale - Logistics Services Sept 23,,PO-2026-37719
4602,1000,142000,1800004602,INV/2026/09/14602,2026-09-29,2515.81,EUR,2026-10-29,IC Sale - Logistics Services Sept 29,,PO-2026-45032
4603,1000,142000,1800004603,INV/2026/09/14603,2026-09-01,3460.22,EUR,2026-10-01,IC Sale - Logistics Services Sept 01,,PO-2026-51391
4604,1000,142000,1800004604,INV/2026/09/14604,2026-09-02,1582.45,EUR,2026-10-02,IC Sale - Logistics Services Sept 02,,PO-2026-28306
4605,1000,142000,1800004605,INV/2026/09/14605,2026-09-15,8260.65,EUR,2026-10-15,IC Sale - Logistics Services Sept 15,,PO-2026-75521
4606,1000,142000,1800004606,INV/2026/09/14606,2026-09-23,167.48,EUR,2026-10-23,IC Sale - Logistics Services Sept 23,,PO-2026-88661
4607,1000,142000,1800004607,INV/2026/09/14607,2026-09-15,2608.44,EUR,2026-10-15,IC Sale - Logistics Services Sept 15,,PO-2026-48684
4608,1000,142000,1800004608,INV/2026/09/14608,2026-09-13,3927.88,EUR,2026-10-13,IC Sale - Logistics Services Sept 13,,PO-2026-59284
4609,1000,142000,1800004609,INV/2026/09/14609,2026-09-04,1956.81,EUR,2026-10-04,IC Sale - Logistics Services Sept 04,,PO-2026-77089
4610,1000,142000,1800004610,INV/2026/09/14610,2026-09-11,7687.9,EUR,2026-10-11,IC Sale - Logistics Services Sept 11,,PO-2026-76711
4611,1000,142000,1800004611,INV/2026/09/14611,2026-09-07,1908.29,EUR,2026-10-07,IC Sale - Logistics Services Sept 07,,PO-2026-78670
4612,1000,142000,1800004612,INV/2026/09/14612,2026-09-12,2418.99,EUR,2026-10-12,IC Sale - Logistics Services Sept 12,,PO-2026-20313
4613,1000,142000,1800004613,INV/2026/09/14613,2026-09-27,1107.22,EUR,2026-10-27,IC Sale - Logistics Services Sept 27,,PO-2026-64946
4614,1000,142000,1800004614,INV/2026/09/14614,2026-09-10,6139.19,EUR,2026-10-10,IC Sale - Logistics Services Sept 10,,PO-2026-15614
4615,1000,142000,1800004615,INV/2026/09/14615,2026-09-25,304.06,EUR,2026-10-25,IC Sale - Logistics Services Sept 25,,PO-2026-50239
4616,1000,142000,1800004616,INV/2026/09/14616,2026-09-24,742.47,EUR,2026-10-24,IC Sale - Logistics Services Sept 24,,PO-2026-94678
4617,1000,142000,1800004617,INV/2026/09/14617,2026-09-08,384.16,EUR,2026-10-08,IC Sale - Logistics Services Sept 08,,PO-2026-25844
4618,1000,142000,1800004618,INV/2026/09/14618,2026-09-01,2666.77,EUR,2026-10-01,IC Sale - Logistics Services Sept 01,,PO-2026-69612
4619,1000,142000,1800004619,INV/2026/09/14619,2026-09-12,190.63,EUR,2026-10-12,IC Sale - Logistics Services Sept 12,,PO-2026-85922
4620,1000,142000,1800004620,INV/2026/09/14620,2026-09-09,184.29,EUR,2026-10-09,IC Sale - Logistics Services Sept 09,,PO-2026-23256
4621,1000,142000,1800004621,INV/2026/09/14621,2026-09-04,6028.39,EUR,2026-10-04,IC Sale - Logistics Services Sept 04,,PO-2026-17198
4622,1000,142000,1800004622,INV/2026/09/14622,2026-09-25,5310.61,EUR,2026-10-25,IC Sale - Logistics Services Sept 25,,PO-2026-40881
4623,1000,142000,1800004623,INV/2026/09/14623,2026-09-11,16298.52,EUR,2026-10-11,IC Sale - Logistics Services Sept 11,,PO-2026-64715
4624,1000,142000,1800004624,INV/2026/09/14624,2026-09-25,1150.08,EUR,2026-10-25,IC Sale - Logistics Services Sept 25,,PO-2026-35895
4625,1000,142000,1800004625,INV/2026/09/14625,2026-09-03,4601.53,EUR,2026-10-03,IC Sale - Logistics Services Sept 03,,PO-2026-75741
4626,1000,142000,1800004626,INV/2026/09/14626,2026-09-02,826.69,EUR,2026-10-02,IC Sale - Logistics Services Sept 02,,PO-2026-57830
4627,1000,142000,1800004627,INV/2026/09/14627,2026-09-05,4896.25,EUR,2026-10-05,IC Sale - Logistics Services Sept 05,,PO-2026-20770
4628,1000,142000,1800004628,INV/2026/09/14628,2026-09-12,5746.79,EUR,2026-10-12,IC Sale - Logistics Services Sept 12,,PO-2026-74906
4629,1000,142000,1800004629,INV/2026/09/14629,2026-09-26,2238.76,EUR,2026-10-26,IC Sale - Logistics Services Sept 26,,PO-2026-20938
4630,1000,142000,1800004630,INV/2026/09/14630,2026-09-13,2054.15,EUR,2026-10-13,IC Sale - Logistics Services Sept 13,,PO-2026-20446
4631,1000,142000,1800004631,INV/2026/09/14631,2026-09-16,1399.78,EUR,2026-10-16,IC Sale - Logistics Services Sept 16,,PO-2026-31993
4632,1000,142000,1800004632,INV/2026/09/14632,2026-09-17,2114.26,EUR,2026-10-17,IC Sale - Logistics Services Sept 17,,PO-2026-68291
4633,1000,142000,1800004633,INV/2026/09/14633,2026-09-20,2313.95,EUR,2026-10-20,IC Sale - Logistics Services Sept 20,,PO-2026-12495
4634,1000,142000,1800004634,INV/2026/09/14634,2026-09-27,1022.11,EUR,2026-10-27,IC Sale - Logistics Services Sept 27,,PO-2026-84266
4635,1000,142000,1800004635,INV/2026/09/14635,2026-09-05,1811.54,EUR,2026-10-05,IC Sale - Logistics Services Sept 05,,PO-2026-27472
4636,1000,142000,1800004636,INV/2026/09/14636,2026-09-27,1033.46,EUR,2026-10-27,IC Sale - Logistics Services Sept 27,,PO-2026-88012
4637,1000,142000,1800004637,INV/2026/09/14637,2026-09-24,3715.71,EUR,2026-10-24,IC Sale - Logistics Services Sept 24,,PO-2026-90582
4638,1000,142000,1800004638,INV/2026/09/14638,2026-09-26,438.33,EUR,2026-10-26,IC Sale - Logistics Services Sept 26,,PO-2026-60298
4639,1000,142000,1800004639,INV/2026/09/14639,2026-09-09,1583.19,EUR,2026-10-09,IC Sale - Logistics Services Sept 09,,PO-2026-29703
4640,1000,142000,1800004640,INV/2026/09/14640,2026-09-04,282.14,EUR,2026-10-04,IC Sale - Logistics Services Sept 04,,PO-2026-92534
4641,1000,142000,1800004641,INV/2026/09/14641,2026-09-10,843.82,EUR,2026-10-10,IC Sale - Logistics Services Sept 10,,PO-2026-72429
4642,1000,142000,1800004642,INV/2026/09/14642,2026-09-26,210.5,EUR,2026-10-26,IC Sale - Logistics Services Sept 26,,PO-2026-52221
4645,1000,142000,1800004645,INV/2026/09/14645,2026-09-06,1236.79,EUR,2026-10-06,IC Sale - Logistics Services Sept 06,,PO-2026-63583
4646,1000,142000,1800004646,INV/2026/09/14646,2026-09-28,2864.63,EUR,2026-10-28,IC Sale - Logistics Services Sept 28,,PO-2026-19894
4647,1000,142000,1800004647,INV/2026/09/14647,2026-09-12,5393.21,EUR,2026-10-12,IC Sale - Logistics Services Sept 12,,PO-2026-49351
4648,1000,142000,1800004648,INV/2026/09/14648,2026-09-15,230.83,EUR,2026-10-15,IC Sale - Logistics Services Sept 15,,PO-2026-75743
4649,1000,142000,1800004649,INV/2026/09/14649,2026-09-29,344.83,EUR,2026-10-29,IC Sale - Logistics Services Sept 29,,PO-2026-15594
4650,1000,142000,1800004650,INV/2026/09/14650,2026-09-23,4391.97,EUR,2026-10-23,IC Sale - Logistics Services Sept 23,,PO-2026-32143
4651,1000,142000,1800004651,INV/2026/09/14651,2026-09-19,1718.61,EUR,2026-10-19,IC Sale - Logistics Services Sept 19,,PO-2026-27899
4652,1000,142000,1800004652,INV/2026/09/14652,2026-09-01,8446.3,EUR,2026-10-01,IC Sale - Logistics Services Sept 01,,PO-2026-21065
4654,1000,142000,1800004654,INV/2026/09/14654,2026-09-11,5165.14,EUR,2026-10-11,IC Sale - Logistics Services Sept 11,,PO-2026-48775
4655,1000,142000,1800004655,INV/2026/09/14655,2026-09-23,1665.68,EUR,2026-10-23,IC Sale - Logistics Services Sept 23,,PO-2026-99444
4656,1000,142000,1800004656,INV/2026/09/14656,2026-09-01,1921.02,EUR,2026-10-01,IC Sale - Logistics Services Sept 01,,PO-2026-55765
4657,1000,142000,1800004657,INV/2026/09/14657,2026-09-14,5350.46,EUR,2026-10-14,IC Sale - Logistics Services Sept 14,,PO-2026-37138
4659,1000,142000,1800004659,INV/2026/09/14659,2026-09-16,175.87,EUR,2026-10-16,IC Sale - Logistics Services Sept 16,,PO-2026-82470
4660,1000,142000,1800004660,INV/2026/09/14660,2026-09-21,1929.03,EUR,2026-10-21,IC Sale - Logistics Services Sept 21,,PO-2026-94345
4661,1000,142000,1800004661,INV/2026/09/14661,2026-09-03,4240.91,EUR,2026-10-03,IC Sale - Logistics Services Sept 03,,PO-2026-43472
4662,1000,142000,1800004662,INV/2026/09/14662,2026-09-20,5718.62,EUR,2026-10-20,IC Sale - Logistics Services Sept 20,,PO-2026-33492
4663,1000,142000,1800004663,INV/2026/09/14663,2026-09-19,3192.17,EUR,2026-10-19,IC Sale - Logistics Services Sept 19,,PO-2026-97348
4664,1000,142000,1800004664,INV/2026/09/14664,2026-09-29,7232.73,EUR,2026-10-29,IC Sale - Logistics Services Sept 29,,PO-2026-27267
4665,1000,142000,1800004665,INV/2026/09/14665,2026-09-07,3996.71,EUR,2026-10-07,IC Sale - Logistics Services Sept 07,,PO-2026-21826
4666,1000,142000,1800004666,INV/2026/09/14666,2026-09-05,925.8,EUR,2026-10-05,IC Sale - Logistics Services Sept 05,,PO-2026-55753
4667,1000,142000,1800004667,INV/2026/09/14667,2026-09-22,11736.95,EUR,2026-10-22,IC Sale - Logistics Services Sept 22,,PO-2026-86134
4668,1000,142000,1800004668,INV/2026/09/14668,2026-09-20,6121.03,EUR,2026-10-20,IC Sale - Logistics Services Sept 20,,PO-2026-35220
4669,1000,142000,1800004669,INV/2026/09/14669,2026-09-02,2037.13,EUR,2026-10-02,IC Sale - Logistics Services Sept 02,,PO-2026-83861
4670,1000,142000,1800004670,INV/2026/09/14670,2026-09-19,2679.12,EUR,2026-10-19,IC Sale - Logistics Services Sept 19,,PO-2026-38293
4671,1000,142000,1800004671,INV/2026/09/14671,2026-09-15,560.9,EUR,2026-10-15,IC Sale - Logistics Services Sept 15,,PO-2026-52634
4672,1000,142000,1800004672,INV/2026/09/14672,2026-09-06,4117.15,EUR,2026-10-06,IC Sale - Logistics Services Sept 06,,PO-2026-19141
4673,1000,142000,1800004673,INV/2026/09/14673,2026-09-03,1275.15,EUR,2026-10-03,IC Sale - Logistics Services Sept 03,,PO-2026-54253
4674,1000,142000,1800004674,INV/2026/09/14674,2026-09-24,3900.75,EUR,2026-10-24,IC Sale - Logistics Services Sept 24,,PO-2026-61129
4675,1000,142000,1800004675,INV/2026/09/14675,2026-09-18,1638.95,EUR,2026-10-18,IC Sale - Logistics Services Sept 18,,PO-2026-25879
4676,1000,142000,1800004676,INV/2026/09/14676,2026-09-19,1417.5,EUR,2026-10-19,IC Sale - Logistics Services Sept 19,,PO-2026-26563
4677,1000,142000,1800004677,INV/2026/09/14677,2026-09-10,1065.75,EUR,2026-10-10,IC Sale - Logistics Services Sept 10,,PO-2026-13682
4679,1000,142000,1800004679,INV/2026/09/14679,2026-09-18,3772.22,EUR,2026-10-18,IC Sale - Logistics Services Sept 18,,PO-2026-11970
4680,1000,142000,1800004680,INV/2026/09/14680,2026-09-25,1495.02,EUR,2026-10-25,IC Sale - Logistics Services Sept 25,,PO-2026-20378
4681,1000,142000,1800004681,INV/2026/09/14681,2026-09-06,3095.24,EUR,2026-10-06,IC Sale - Logistics Services Sept 06,,PO-2026-34179
4682,1000,142000,1800004682,INV/2026/09/14682,2026-09-24,2550.62,EUR,2026-10-24,IC Sale - Logistics Services Sept 24,,PO-2026-44661
4683,1000,142000,1800004683,INV/2026/09/14683,2026-09-17,10384.81,EUR,2026-10-17,IC Sale - Logistics Services Sept 17,,PO-2026-48055
4684,1000,142000,1800004684,INV/2026/09/14684,2026-09-15,1139.43,EUR,2026-10-15,IC Sale - Logistics Services Sept 15,,PO-2026-98793
4685,1000,142000,1800004685,INV/2026/09/14685,2026-09-09,4098.12,EUR,2026-10-09,IC Sale - Logistics Services Sept 09,,PO-2026-19532
4686,1000,142000,1800004686,INV/2026/09/14686,2026-09-28,4469.16,EUR,2026-10-28,IC Sale - Logistics Services Sept 28,,PO-2026-71934
4687,1000,142000,1800004687,INV/2026/09/14687,2026-09-25,5901.34,EUR,2026-10-25,IC Sale - Logistics Services Sept 25,,PO-2026-49984
4688,1000,142000,1800004688,INV/2026/09/14688,2026-09-16,3608.29,EUR,2026-10-16,IC Sale - Logistics Services Sept 16,,PO-2026-29139
4689,1000,142000,1800004689,INV/2026/09/14689,2026-09-08,2641.58,EUR,2026-10-08,IC Sale - Logistics Services Sept 08,,PO-2026-16936
4690,1000,142000,1800004690,INV/2026/09/14690,2026-09-24,1868.6,EUR,2026-10-24,IC Sale - Logistics Services Sept 24,,PO-2026-81248
4691,1000,142000,1800004691,INV/2026/09/14691,2026-09-08,1012.37,EUR,2026-10-08,IC Sale - Logistics Services Sept 08,,PO-2026-63489
4692,1000,142000,1800004692,INV/2026/09/14692,2026-09-06,15677.28,EUR,2026-10-06,IC Sale - Logistics Services Sept 06,,PO-2026-98655
4693,1000,142000,1800004693,INV/2026/09/14693,2026-09-02,1496.31,EUR,2026-10-02,IC Sale - Logistics Services Sept 02,,PO-2026-18531
4694,1000,142000,1800004694,INV/2026/09/14694,2026-09-04,160.7,EUR,2026-10-04,IC Sale - Logistics Services Sept 04,,PO-2026-81940
4695,1000,142000,1800004695,INV/2026/09/14695,2026-09-07,7360.95,EUR,2026-10-07,IC Sale - Logistics Services Sept 07,,PO-2026-67047
4696,1000,142000,1800004696,INV/2026/09/14696,2026-09-19,435.29,EUR,2026-10-19,IC Sale - Logistics Services Sept 19,,PO-2026-40268
4697,1000,142000,1800004697,INV/2026/09/14697,2026-09-18,4277.48,EUR,2026-10-18,IC Sale - Logistics Services Sept 18,,PO-2026-97997
4698,1000,142000,1800004698,INV/2026/09/14698,2026-09-11,6081.56,EUR,2026-10-11,IC Sale - Logistics Services Sept 11,,PO-2026-46355
4699,1000,142000,1800004699,INV/2026/09/14699,2026-09-08,4600.67,EUR,2026-10-08,IC Sale - Logistics Services Sept 08,,PO-2026-98775
4700,1000,142000,1800004700,INV/2026/09/14700,2026-09-28,1820.96,EUR,2026-10-28,IC Sale - Logistics Services Sept 28,,PO-2026-49360
4701,1000,142000,1800004701,INV/2026/09/14701,2026-09-15,4245.62,EUR,2026-10-15,IC Sale - Logistics Services Sept 15,,PO-2026-99041
4702,1000,142000,1800004702,INV/2026/09/14702,2026-09-20,1694.57,EUR,2026-10-20,IC Sale - Logistics Services Sept 20,,PO-2026-77005
4703,1000,142000,1800004703,INV/2026/09/14703,2026-09-23,2889.48,EUR,2026-10-23,IC Sale - Logistics Services Sept 23,,PO-2026-92033
4704,1000,142000,1800004704,INV/2026/09/14704,2026-09-16,4326.19,EUR,2026-10-16,IC Sale - Logistics Services Sept 16,,PO-2026-54999
4705,1000,142000,1800004705,INV/2026/09/14705,2026-09-21,9086.6,EUR,2026-10-21,IC Sale - Logistics Services Sept 21,,PO-2026-48231
4706,1000,142000,1800004706,INV/2026/09/14706,2026-09-17,3483.09,EUR,2026-10-17,IC Sale - Logistics Services Sept 17,,PO-2026-10852
4707,1000,142000,1800004707,INV/2026/09/14707,2026-09-17,1057.23,EUR,2026-10-17,IC Sale - Logistics Services Sept 17,,PO-2026-64226
4708,1000,142000,1800004708,INV/2026/09/14708,2026-09-16,1644.48,EUR,2026-10-16,IC Sale - Logistics Services Sept 16,,PO-2026-82235
4709,1000,142000,1800004709,INV/2026/09/14709,2026-09-27,2012.5,EUR,2026-10-27,IC Sale - Logistics Services Sept 27,,PO-2026-76827
4710,1000,142000,1800004710,INV/2026/09/14710,2026-09-20,7893.15,EUR,2026-10-20,IC Sale - Logistics Services Sept 20,,PO-2026-78906
4711,1000,142000,1800004711,INV/2026/09/14711,2026-09-04,1362.32,EUR,2026-10-04,IC Sale - Logistics Services Sept 04,,PO-2026-33475
4712,1000,142000,1800004712,INV/2026/09/14712,2026-09-24,4879.86,EUR,2026-10-24,IC Sale - Logistics Services Sept 24,,PO-2026-13738
4713,1000,142000,1800004713,INV/2026/09/14713,2026-09-16,6582.41,EUR,2026-10-16,IC Sale - Logistics Services Sept 16,,PO-2026-29155
4714,1000,142000,1800004714,INV/2026/09/14714,2026-09-14,996.4,EUR,2026-10-14,IC Sale - Logistics Services Sept 14,,PO-2026-42573
4715,1000,142000,1800004715,INV/2026/09/14715,2026-09-28,9412.72,EUR,2026-10-28,IC Sale - Logistics Services Sept 28,,PO-2026-25411
4716,1000,142000,1800004716,INV/2026/09/14716,2026-09-08,8544.06,EUR,2026-10-08,IC Sale - Logistics Services Sept 08,,PO-2026-88709
4718,1000,142000,1800004718,INV/2026/09/14718,2026-09-15,3207.38,EUR,2026-10-15,IC Sale - Logistics Services Sept 15,,PO-2026-51695
4719,1000,142000,1800004719,INV/2026/09/14719,2026-09-18,3777.31,EUR,2026-10-18,IC Sale - Logistics Services Sept 18,,PO-2026-18457
4720,1000,142000,1800004720,INV/2026/09/14720,2026-09-12,5865.37,EUR,2026-10-12,IC Sale - Logistics Services Sept 12,,PO-2026-83170
4721,1000,142000,1800004721,INV/2026/09/14721,2026-09-18,1868.45,EUR,2026-10-18,IC Sale - Logistics Services Sept 18,,PO-2026-36724
4722,1000,142000,1800004722,INV/2026/09/14722,2026-09-01,669.87,EUR,2026-10-01,IC Sale - Logistics Services Sept 01,,PO-2026-28435
4723,1000,142000,1800004723,INV/2026/09/14723,2026-09-19,5588.13,EUR,2026-10-19,IC Sale - Logistics Services Sept 19,,PO-2026-97517
4725,1000,142000,1800004725,INV/2026/09/14725,2026-09-24,6178.21,EUR,2026-10-24,IC Sale - Logistics Services Sept 24,,PO-2026-76439
4726,1000,142000,1800004726,INV/2026/09/14726,2026-09-28,3987.62,EUR,2026-10-28,IC Sale - Logistics Services Sept 28,,PO-2026-77345
4727,1000,142000,1800004727,INV/2026/09/14727,2026-09-26,1383.6,EUR,2026-10-26,IC Sale - Logistics Services Sept 26,,PO-2026-67806
4728,1000,142000,1800004728,INV/2026/09/14728,2026-09-18,22487.44,EUR,2026-10-18,IC Sale - Logistics Services Sept 18,,PO-2026-22299
4729,1000,142000,1800004729,INV/2026/09/14729,2026-09-03,1242.73,EUR,2026-10-03,IC Sale - Logistics Services Sept 03,,PO-2026-11029
4730,1000,142000,1800004730,INV/2026/09/14730,2026-09-28,3372.09,EUR,2026-10-28,IC Sale - Logistics Services Sept 28,,PO-2026-26547
4731,1000,142000,1800004731,INV/2026/09/14731,2026-09-07,4840.02,EUR,2026-10-07,IC Sale - Logistics Services Sept 07,,PO-2026-52890
4732,1000,142000,1800004732,INV/2026/09/14732,2026-09-11,3567.26,EUR,2026-10-11,IC Sale - Logistics Services Sept 11,,PO-2026-94644
4733,1000,142000,1800004733,INV/2026/09/14733,2026-09-22,933.68,EUR,2026-10-22,IC Sale - Logistics Services Sept 22,,PO-2026-18632
4734,1000,142000,1800004734,INV/2026/09/14734,2026-09-18,2410.76,EUR,2026-10-18,IC Sale - Logistics Services Sept 18,,PO-2026-32331
4735,1000,142000,1800004735,INV/2026/09/14735,2026-09-18,504.99,EUR,2026-10-18,IC Sale - Logistics Services Sept 18,,PO-2026-91051
4736,1000,142000,1800004736,INV/2026/09/14736,2026-09-01,10709.77,EUR,2026-10-01,IC Sale - Logistics Services Sept 01,,PO-2026-92425
4737,1000,142000,1800004737,INV/2026/09/14737,2026-09-06,2752.69,EUR,2026-10-06,IC Sale - Logistics Services Sept 06,,PO-2026-45594
4738,1000,142000,1800004738,INV/2026/09/14738,2026-09-02,1793.59,EUR,2026-10-02,IC Sale - Logistics Services Sept 02,,PO-2026-88593
4739,1000,142000,1800004739,INV/2026/09/14739,2026-09-25,7858.53,EUR,2026-10-25,IC Sale - Logistics Services Sept 25,,PO-2026-71942
4740,1000,142000,1800004740,INV/2026/09/14740,2026-09-02,5274.33,EUR,2026-10-02,IC Sale - Logistics Services Sept 02,,PO-2026-17390
4741,1000,142000,1800004741,INV/2026/09/14741,2026-09-12,687.07,EUR,2026-10-12,IC Sale - Logistics Services Sept 12,,PO-2026-82199
4742,1000,142000,1800004742,INV/2026/09/14742,2026-09-09,2740.0,EUR,2026-10-09,IC Sale - Logistics Services Sept 09,,PO-2026-94093
4743,1000,142000,1800004743,INV/2026/09/14743,2026-09-12,6102.89,EUR,2026-10-12,IC Sale - Logistics Services Sept 12,,PO-2026-32566
4744,1000,142000,1800004744,INV/2026/09/14744,2026-09-18,847.82,EUR,2026-10-18,IC Sale - Logistics Services Sept 18,,PO-2026-12970
4746,1000,142000,1800004746,INV/2026/09/14746,2026-09-27,600.65,EUR,2026-10-27,IC Sale - Logistics Services Sept 27,,PO-2026-67969
4747,1000,142000,1800004747,INV/2026/09/14747,2026-09-04,1506.48,EUR,2026-10-04,IC Sale - Logistics Services Sept 04,,PO-2026-60401
4748,1000,142000,1800004748,INV/2026/09/14748,2026-09-10,204.52,EUR,2026-10-10,IC Sale - Logistics Services Sept 10,,PO-2026-28660
4749,1000,142000,1800004749,INV/2026/09/14749,2026-09-11,1293.86,EUR,2026-10-11,IC Sale - Logistics Services Sept 11,,PO-2026-87749
4750,1000,142000,1800004750,INV/2026/09/14750,2026-09-28,9611.47,EUR,2026-10-28,IC Sale - Logistics Services Sept 28,,PO-2026-80909
4751,1000,142000,1800004751,INV/2026/09/14751,2026-09-06,5177.32,EUR,2026-10-06,IC Sale - Logistics Services Sept 06,,PO-2026-34416
4752,1000,142000,1800004752,INV/2026/09/14752,2026-09-24,1806.96,EUR,2026-10-24,IC Sale - Logistics Services Sept 24,,PO-2026-96836
4753,1000,142000,1800004753,INV/2026/09/14753,2026-09-17,3085.87,EUR,2026-10-17,IC Sale - Logistics Services Sept 17,,PO-2026-56428
4754,1000,142000,1800004754,INV/2026/09/14754,2026-09-21,233.85,EUR,2026-10-21,IC Sale - Logistics Services Sept 21,,PO-2026-15714
4755,1000,142000,1800004755,INV/2026/09/14755,2026-09-24,2399.55,EUR,2026-10-24,IC Sale - Logistics Services Sept 24,,PO-2026-30018
4756,1000,142000,1800004756,INV/2026/09/14756,2026-09-10,555.46,EUR,2026-10-10,IC Sale - Logistics Services Sept 10,,PO-2026-70260
4757,1000,142000,1800004757,INV/2026/09/14757,2026-09-17,5925.46,EUR,2026-10-17,IC Sale - Logistics Services Sept 17,,PO-2026-55716
4758,1000,142000,1800004758,INV/2026/09/14758,2026-09-12,1784.16,EUR,2026-10-12,IC Sale - Logistics Services Sept 12,,PO-2026-30085
4759,1000,142000,1800004759,INV/2026/09/14759,2026-09-01,1147.06,EUR,2026-10-01,IC Sale - Logistics Services Sept 01,,PO-2026-70307
4761,1000,142000,1800004761,INV/2026/09/14761,2026-09-07,776.8,EUR,2026-10-07,IC Sale - Logistics Services Sept 07,,PO-2026-40686
4762,1000,142000,1800004762,INV/2026/09/14762,2026-09-07,438.49,EUR,2026-10-07,IC Sale - Logistics Services Sept 07,,PO-2026-86089
4763,1000,142000,1800004763,INV/2026/09/14763,2026-09-15,888.43,EUR,2026-10-15,IC Sale - Logistics Services Sept 15,,PO-2026-69471
4764,1000,142000,1800004764,INV/2026/09/14764,2026-09-28,1991.95,EUR,2026-10-28,IC Sale - Logistics Services Sept 28,,PO-2026-43692
4765,1000,142000,1800004765,INV/2026/09/14765,2026-09-11,7014.59,EUR,2026-10-11,IC Sale - Logistics Services Sept 11,,PO-2026-27944
4766,1000,142000,1800004766,INV/2026/09/14766,2026-09-14,342.86,EUR,2026-10-14,IC Sale - Logistics Services Sept 14,,PO-2026-19936
4767,1000,142000,1800004767,INV/2026/09/14767,2026-09-12,8323.69,EUR,2026-10-12,IC Sale - Logistics Services Sept 12,,PO-2026-26881
4768,1000,142000,1800004768,INV/2026/09/14768,2026-09-16,1298.56,EUR,2026-10-16,IC Sale - Logistics Services Sept 16,,PO-2026-85097
4769,1000,142000,1800004769,INV/2026/09/14769,2026-09-26,1854.56,EUR,2026-10-26,IC Sale - Logistics Services Sept 26,,PO-2026-45767
4770,1000,142000,1800004770,INV/2026/09/14770,2026-09-10,2808.22,EUR,2026-10-10,IC Sale - Logistics Services Sept 10,,PO-2026-32745
4771,1000,142000,1800004771,INV/2026/09/14771,2026-09-26,3520.98,EUR,2026-10-26,IC Sale - Logistics Services Sept 26,,PO-2026-68841
4772,1000,142000,1800004772,INV/2026/09/14772,2026-09-08,2999.33,EUR,2026-10-08,IC Sale - Logistics Services Sept 08,,PO-2026-40400
4773,1000,142000,1800004773,INV/2026/09/14773,2026-09-14,295.44,EUR,2026-10-14,IC Sale - Logistics Services Sept 14,,PO-2026-62508
4774,1000,142000,1800004774,INV/2026/09/14774,2026-09-28,1397.82,EUR,2026-10-28,IC Sale - Logistics Services Sept 28,,PO-2026-95228
4775,1000,142000,1800004775,INV/2026/09/14775,2026-09-02,4097.46,EUR,2026-10-02,IC Sale - Logistics Services Sept 02,,PO-2026-37977
4776,1000,142000,1800004776,INV/2026/09/14776,2026-09-20,8455.08,EUR,2026-10-20,IC Sale - Logistics Services Sept 20,,PO-2026-38779
4777,1000,142000,1800004777,INV/2026/09/14777,2026-09-23,1557.64,EUR,2026-10-23,IC Sale - Logistics Services Sept 23,,PO-2026-84405
4778,1000,142000,1800004778,INV/2026/09/14778,2026-09-06,417.92,EUR,2026-10-06,IC Sale - Logistics Services Sept 06,,PO-2026-85822
4779,1000,142000,1800004779,INV/2026/09/14779,2026-09-18,1829.43,EUR,2026-10-18,IC Sale - Logistics Services Sept 18,,PO-2026-51130
4780,1000,142000,1800004780,INV/2026/09/14780,2026-09-18,7588.89,EUR,2026-10-18,IC Sale - Logistics Services Sept 18,,PO-2026-10088
4781,1000,142000,1800004781,INV/2026/09/14781,2026-09-21,875.03,EUR,2026-10-21,IC Sale - Logistics Services Sept 21,,PO-2026-76981
4782,1000,142000,1800004782,INV/2026/09/14782,2026-09-20,2378.69,EUR,2026-10-20,IC Sale - Logistics Services Sept 20,,PO-2026-61542
4783,1000,142000,1800004783,INV/2026/09/14783,2026-09-17,579.05,EUR,2026-10-17,IC Sale - Logistics Services Sept 17,,PO-2026-58671
4784,1000,142000,1800004784,INV/2026/09/14784,2026-09-13,12428.13,EUR,2026-10-13,IC Sale - Logistics Services Sept 13,,PO-2026-42700
4785,1000,142000,1800004785,INV/2026/09/14785,2026-09-20,6365.59,EUR,2026-10-20,IC Sale - Logistics Services Sept 20,,PO-2026-16158
4786,1000,142000,1800004786,INV/2026/09/14786,2026-09-04,5916.99,EUR,2026-10-04,IC Sale - Logistics Services Sept 04,,PO-2026-26335
4787,1000,142000,1800004787,INV/2026/09/14787,2026-09-09,5584.01,EUR,2026-10-09,IC Sale - Logistics Services Sept 09,,PO-2026-84470
4788,1000,142000,1800004788,INV/2026/09/14788,2026-09-02,3706.49,EUR,2026-10-02,IC Sale - Logistics Services Sept 02,,PO-2026-39804
4789,1000,142000,1800004789,INV/2026/09/14789,2026-09-04,1509.84,EUR,2026-10-04,IC Sale - Logistics Services Sept 04,,PO-2026-71977
4790,1000,142000,1800004790,INV/2026/09/14790,2026-09-14,2703.47,EUR,2026-10-14,IC Sale - Logistics Services Sept 14,,PO-2026-57295
4792,1000,142000,1800004792,INV/2026/09/14792,2026-09-25,731.35,EUR,2026-10-25,IC Sale - Logistics Services Sept 25,,PO-2026-69062
4793,1000,142000,1800004793,INV/2026/09/14793,2026-09-27,2515.32,EUR,2026-10-27,IC Sale - Logistics Services Sept 27,,PO-2026-25798
4794,1000,142000,1800004794,INV/2026/09/14794,2026-09-20,3294.15,EUR,2026-10-20,IC Sale - Logistics Services Sept 20,,PO-2026-56430
4795,1000,142000,1800004795,INV/2026/09/14795,2026-09-10,1776.34,EUR,2026-10-10,IC Sale - Logistics Services Sept 10,,PO-2026-98262
4796,1000,142000,1800004796,INV/2026/09/14796,2026-09-27,1172.83,EUR,2026-10-27,IC Sale - Logistics Services Sept 27,,PO-2026-33559
4797,1000,142000,1800004797,INV/2026/09/14797,2026-09-02,1325.54,EUR,2026-10-02,IC Sale - Logistics Services Sept 02,,PO-2026-64676
4798,1000,142000,1800004798,INV/2026/09/14798,2026-09-16,927.12,EUR,2026-10-16,IC Sale - Logistics Services Sept 16,,PO-2026-42726
4799,1000,142000,1800004799,INV/2026/09/14799,2026-09-27,236.3,EUR,2026-10-27,IC Sale - Logistics Services Sept 27,,PO-2026-84912
4800,1000,142000,1800004800,INV/2026/09/14800,2026-09-14,1834.42,EUR,2026-10-14,IC Sale - Logistics Services Sept 14,,PO-2026-81257
4801,1000,142000,1800004801,INV/2026/09/14801,2026-09-08,2266.76,EUR,2026-10-08,IC Sale - Logistics Services Sept 08,,PO-2026-48325
4802,1000,142000,1800004802,INV/2026/09/14802,2026-09-10,2941.74,EUR,2026-10-10,IC Sale - Logistics Services Sept 10,,PO-2026-27939
4803,1000,142000,1800004803,INV/2026/09/14803,2026-09-21,364.84,EUR,2026-10-21,IC Sale - Logistics Services Sept 21,,PO-2026-92040
4804,1000,142000,1800004804,INV/2026/09/14804,2026-09-29,916.23,EUR,2026-10-29,IC Sale - Logistics Services Sept 29,,PO-2026-68747
4805,1000,142000,1800004805,INV/2026/09/14805,2026-09-07,2056.48,EUR,2026-10-07,IC Sale - Logistics Services Sept 07,,PO-2026-85021
4806,1000,142000,1800004806,INV/2026/09/14806,2026-09-04,343.55,EUR,2026-10-04,IC Sale - Logistics Services Sept 04,,PO-2026-89394
4807,1000,142000,1800004807,INV/2026/09/14807,2026-09-27,2212.8,EUR,2026-10-27,IC Sale - Logistics Services Sept 27,,PO-2026-87881
4808,1000,142000,1800004808,INV/2026/09/14808,2026-09-14,420.58,EUR,2026-10-14,IC Sale - Logistics Services Sept 14,,PO-2026-81010
4809,1000,142000,1800004809,INV/2026/09/14809,2026-09-05,2408.07,EUR,2026-10-05,IC Sale - Logistics Services Sept 05,,PO-2026-91312
4810,1000,142000,1800004810,INV/2026/09/14810,2026-09-25,5954.13,EUR,2026-10-25,IC Sale - Logistics Services Sept 25,,PO-2026-92216
4811,1000,142000,1800004811,INV/2026/09/14811,2026-09-12,2952.74,EUR,2026-10-12,IC Sale - Logistics Services Sept 12,,PO-2026-36460
4812,1000,142000,1800004812,INV/2026/09/14812,2026-09-27,406.42,EUR,2026-10-27,IC Sale - Logistics Services Sept 27,,PO-2026-43609
4814,1000,142000,1800004814,INV/2026/09/14814,2026-09-25,8256.22,EUR,2026-10-25,IC Sale - Logistics Services Sept 25,,PO-2026-15733
4815,1000,142000,1800004815,INV/2026/09/14815,2026-09-02,4016.67,EUR,2026-10-02,IC Sale - Logistics Services Sept 02,,PO-2026-89449
4816,1000,142000,1800004816,INV/2026/09/14816,2026-09-03,787.14,EUR,2026-10-03,IC Sale - Logistics Services Sept 03,,PO-2026-49968
4817,1000,142000,1800004817,INV/2026/09/14817,2026-09-15,1433.16,EUR,2026-10-15,IC Sale - Logistics Services Sept 15,,PO-2026-43054
4818,1000,142000,1800004818,INV/2026/09/14818,2026-09-05,5442.43,EUR,2026-10-05,IC Sale - Logistics Services Sept 05,,PO-2026-96180
4819,1000,142000,1800004819,INV/2026/09/14819,2026-09-24,8141.16,EUR,2026-10-24,IC Sale - Logistics Services Sept 24,,PO-2026-65110
4820,1000,142000,1800004820,INV/2026/09/14820,2026-09-27,2976.47,EUR,2026-10-27,IC Sale - Logistics Services Sept 27,,PO-2026-21551
4821,1000,142000,1800004821,INV/2026/09/14821,2026-09-07,1703.16,EUR,2026-10-07,IC Sale - Logistics Services Sept 07,,PO-2026-70409
4822,1000,142000,1800004822,INV/2026/09/14822,2026-09-07,662.52,EUR,2026-10-07,IC Sale - Logistics Services Sept 07,,PO-2026-99179
4823,1000,142000,1800004823,INV/2026/09/14823,2026-09-01,4560.15,EUR,2026-10-01,IC Sale - Logistics Services Sept 01,,PO-2026-71907
4824,1000,142000,1800004824,INV/2026/09/14824,2026-09-19,5000.74,EUR,2026-10-19,IC Sale - Logistics Services Sept 19,,PO-2026-81464
4825,1000,142000,1800004825,INV/2026/09/14825,2026-09-23,3357.31,EUR,2026-10-23,IC Sale - Logistics Services Sept 23,,PO-2026-19015
4826,1000,142000,1800004826,INV/2026/09/14826,2026-09-20,409.74,EUR,2026-10-20,IC Sale - Logistics Services Sept 20,,PO-2026-84348
4827,1000,142000,1800004827,INV/2026/09/14827,2026-09-05,4901.75,EUR,2026-10-05,IC Sale - Logistics Services Sept 05,,PO-2026-48553
4828,1000,142000,1800004828,INV/2026/09/14828,2026-09-22,2919.21,EUR,2026-10-22,IC Sale - Logistics Services Sept 22,,PO-2026-94921
4829,1000,142000,1800004829,INV/2026/09/14829,2026-09-22,4447.26,EUR,2026-10-22,IC Sale - Logistics Services Sept 22,,PO-2026-57165
4830,1000,142000,1800004830,INV/2026/09/14830,2026-09-19,2273.85,EUR,2026-10-19,IC Sale - Logistics Services Sept 19,,PO-2026-47806
4831,1000,142000,1800004831,INV/2026/09/14831,2026-09-03,1917.69,EUR,2026-10-03,IC Sale - Logistics Services Sept 03,,PO-2026-44599
4832,1000,142000,1800004832,INV/2026/09/14832,2026-09-26,5314.29,EUR,2026-10-26,IC Sale - Logistics Services Sept 26,,PO-2026-80657
4833,1000,142000,1800004833,INV/2026/09/14833,2026-09-17,12096.51,EUR,2026-10-17,IC Sale - Logistics Services Sept 17,,PO-2026-65094
4834,1000,142000,1800004834,INV/2026/09/14834,2026-09-18,1107.28,EUR,2026-10-18,IC Sale - Logistics Services Sept 18,,PO-2026-93246
4835,1000,142000,1800004835,INV/2026/09/14835,2026-09-06,8913.34,EUR,2026-10-06,IC Sale - Logistics Services Sept 06,,PO-2026-71669
4836,1000,142000,1800004836,INV/2026/09/14836,2026-09-07,904.29,EUR,2026-10-07,IC Sale - Logistics Services Sept 07,,PO-2026-36126
4837,1000,142000,1800004837,INV/2026/09/14837,2026-09-23,1731.3,EUR,2026-10-23,IC Sale - Logistics Services Sept 23,,PO-2026-36853
4838,1000,142000,1800004838,INV/2026/09/14838,2026-09-27,942.7,EUR,2026-10-27,IC Sale - Logistics Services Sept 27,,PO-2026-68779
4839,1000,142000,1800004839,INV/2026/09/14839,2026-09-01,517.0,EUR,2026-10-01,IC Sale - Logistics Services Sept 01,,PO-2026-85955
4840,1000,142000,1800004840,INV/2026/09/14840,2026-09-04,708.22,EUR,2026-10-04,IC Sale - Logistics Services Sept 04,,PO-2026-64507
4841,1000,142000,1800004841,INV/2026/09/14841,2026-09-18,6890.21,EUR,2026-10-18,IC Sale - Logistics Services Sept 18,,PO-2026-61239
4842,1000,142000,1800004842,INV/2026/09/14842,2026-09-06,462.72,EUR,2026-10-06,IC Sale - Logistics Services Sept 06,,PO-2026-22478
4843,1000,142000,1800004843,INV/2026/09/14843,2026-09-12,1150.06,EUR,2026-10-12,IC Sale - Logistics Services Sept 12,,PO-2026-77824
4845,1000,142000,1800004845,INV/2026/09/14845,2026-09-09,7549.75,EUR,2026-10-09,IC Sale - Logistics Services Sept 09,,PO-2026-46701
4846,1000,142000,1800004846,INV/2026/09/14846,2026-09-11,1836.55,EUR,2026-10-11,IC Sale - Logistics Services Sept 11,,PO-2026-34269
4847,1000,142000,1800004847,INV/2026/09/14847,2026-09-26,853.57,EUR,2026-10-26,IC Sale - Logistics Services Sept 26,,PO-2026-33093
4848,1000,142000,1800004848,INV/2026/09/14848,2026-09-28,9494.02,EUR,2026-10-28,IC Sale - Logistics Services Sept 28,,PO-2026-99797
4849,1000,142000,1800004849,INV/2026/09/14849,2026-09-18,7685.64,EUR,2026-10-18,IC Sale - Logistics Services Sept 18,,PO-2026-49001
4851,1000,142000,1800004851,INV/2026/09/14851,2026-09-22,1493.87,EUR,2026-10-22,IC Sale - Logistics Services Sept 22,,PO-2026-51820
4852,1000,142000,1800004852,INV/2026/09/14852,2026-09-09,4359.27,EUR,2026-10-09,IC Sale - Logistics Services Sept 09,,PO-2026-66698
4853,1000,142000,1800004853,INV/2026/09/14853,2026-09-17,4571.13,EUR,2026-10-17,IC Sale - Logistics Services Sept 17,,PO-2026-59868
4854,1000,142000,1800004854,INV/2026/09/14854,2026-09-24,3947.32,EUR,2026-10-24,IC Sale - Logistics Services Sept 24,,PO-2026-58388
4855,1000,142000,1800004855,INV/2026/09/14855,2026-09-13,4268.47,EUR,2026-10-13,IC Sale - Logistics Services Sept 13,,PO-2026-98692
4856,1000,142000,1800004856,INV/2026/09/14856,2026-09-21,636.41,EUR,2026-10-21,IC Sale - Logistics Services Sept 21,,PO-2026-18871
4857,1000,142000,1800004857,INV/2026/09/14857,2026-09-24,882.08,EUR,2026-10-24,IC Sale - Logistics Services Sept 24,,PO-2026-51185
4859,1000,142000,1800004859,INV/2026/09/14859,2026-09-18,5242.38,EUR,2026-10-18,IC Sale - Logistics Services Sept 18,,PO-2026-32532
4861,1000,142000,1800004861,INV/2026/09/14861,2026-09-07,1775.9,EUR,2026-10-07,IC Sale - Logistics Services Sept 07,,PO-2026-62832
4862,1000,142000,1800004862,INV/2026/09/14862,2026-09-18,1334.32,EUR,2026-10-18,IC Sale - Logistics Services Sept 18,,PO-2026-42530
4863,1000,142000,1800004863,INV/2026/09/14863,2026-09-21,1266.45,EUR,2026-10-21,IC Sale - Logistics Services Sept 21,,PO-2026-54585
4864,1000,142000,1800004864,INV/2026/09/14864,2026-09-19,750.72,EUR,2026-10-19,IC Sale - Logistics Services Sept 19,,PO-2026-42642
4865,1000,142000,1800004865,INV/2026/09/14865,2026-09-24,1394.08,EUR,2026-10-24,IC Sale - Logistics Services Sept 24,,PO-2026-85773
4866,1000,142000,1800004866,INV/2026/09/14866,2026-09-21,3569.64,EUR,2026-10-21,IC Sale - Logistics Services Sept 21,,PO-2026-86577
4867,1000,142000,1800004867,INV/2026/09/14867,2026-09-02,1750.72,EUR,2026-10-02,IC Sale - Logistics Services Sept 02,,PO-2026-80224
4868,1000,142000,1800004868,INV/2026/09/14868,2026-09-04,7353.48,EUR,2026-10-04,IC Sale - Logistics Services Sept 04,,PO-2026-20676
4869,1000,142000,1800004869,INV/2026/09/14869,2026-09-09,1817.62,EUR,2026-10-09,IC Sale - Logistics Services Sept 09,,PO-2026-92220
4870,1000,142000,1800004870,INV/2026/09/14870,2026-09-10,5143.61,EUR,2026-10-10,IC Sale - Logistics Services Sept 10,,PO-2026-36008
4871,1000,142000,1800004871,INV/2026/09/14871,2026-09-12,1647.32,EUR,2026-10-12,IC Sale - Logistics Services Sept 12,,PO-2026-54498
4872,1000,142000,1800004872,INV/2026/09/14872,2026-09-09,433.87,EUR,2026-10-09,IC Sale - Logistics Services Sept 09,,PO-2026-46720
4873,1000,142000,1800004873,INV/2026/09/14873,2026-09-08,4923.5,EUR,2026-10-08,IC Sale - Logistics Services Sept 08,,PO-2026-71728
4874,1000,142000,1800004874,INV/2026/09/14874,2026-09-07,315.54,EUR,2026-10-07,IC Sale - Logistics Services Sept 07,,PO-2026-78564
4875,1000,142000,1800004875,INV/2026/09/14875,2026-09-16,3808.66,EUR,2026-10-16,IC Sale - Logistics Services Sept 16,,PO-2026-78442
4876,1000,142000,1800004876,INV/2026/09/14876,2026-09-14,4320.31,EUR,2026-10-14,IC Sale - Logistics Services Sept 14,,PO-2026-62600
4877,1000,142000,1800004877,INV/2026/09/14877,2026-09-04,4147.98,EUR,2026-10-04,IC Sale - Logistics Services Sept 04,,PO-2026-42398
4878,1000,142000,1800004878,INV/2026/09/14878,2026-09-09,3245.28,EUR,2026-10-09,IC Sale - Logistics Services Sept 09,,PO-2026-56205
4879,1000,142000,1800004879,INV/2026/09/14879,2026-09-26,12143.6,EUR,2026-10-26,IC Sale - Logistics Services Sept 26,,PO-2026-61324
4880,1000,142000,1800004880,INV/2026/09/14880,2026-09-26,1414.68,EUR,2026-10-26,IC Sale - Logistics Services Sept 26,,PO-2026-53542
4881,1000,142000,1800004881,INV/2026/09/14881,2026-09-23,7945.03,EUR,2026-10-23,IC Sale - Logistics Services Sept 23,,PO-2026-70618
4882,1000,142000,1800004882,INV/2026/09/14882,2026-09-20,10041.7,EUR,2026-10-20,IC Sale - Logistics Services Sept 20,,PO-2026-72020
4883,1000,142000,1800004883,INV/2026/09/14883,2026-09-11,2912.75,EUR,2026-10-11,IC Sale - Logistics Services Sept 11,,PO-2026-65984
4884,1000,142000,1800004884,INV/2026/09/14884,2026-09-14,16411.45,EUR,2026-10-14,IC Sale - Logistics Services Sept 14,,PO-2026-43314
4885,1000,142000,1800004885,INV/2026/09/14885,2026-09-14,1420.14,EUR,2026-10-14,IC Sale - Logistics Services Sept 14,,PO-2026-53347
4886,1000,142000,1800004886,INV/2026/09/14886,2026-09-06,3482.86,EUR,2026-10-06,IC Sale - Logistics Services Sept 06,,PO-2026-15905
4887,1000,142000,1800004887,INV/2026/09/14887,2026-09-16,719.91,EUR,2026-10-16,IC Sale - Logistics Services Sept 16,,PO-2026-36286
4888,1000,142000,1800004888,INV/2026/09/14888,2026-09-21,6975.86,EUR,2026-10-21,IC Sale - Logistics Services Sept 21,,PO-2026-81395
4889,1000,142000,1800004889,INV/2026/09/14889,2026-09-03,5374.84,EUR,2026-10-03,IC Sale - Logistics Services Sept 03,,PO-2026-34506
4890,1000,142000,1800004890,INV/2026/09/14890,2026-09-15,5495.43,EUR,2026-10-15,IC Sale - Logistics Services Sept 15,,PO-2026-35786
4891,1000,142000,1800004891,INV/2026/09/14891,2026-09-25,7953.5,EUR,2026-10-25,IC Sale - Logistics Services Sept 25,,PO-2026-59638
4892,1000,142000,1800004892,INV/2026/09/14892,2026-09-29,3328.49,EUR,2026-10-29,IC Sale - Logistics Services Sept 29,,PO-2026-66331
4893,1000,142000,1800004893,INV/2026/09/14893,2026-09-04,1340.93,EUR,2026-10-04,IC Sale - Logistics Services Sept 04,,PO-2026-15661
4894,1000,142000,1800004894,INV/2026/09/14894,2026-09-17,1825.96,EUR,2026-10-17,IC Sale - Logistics Services Sept 17,,PO-2026-76578
4895,1000,142000,1800004895,INV/2026/09/14895,2026-09-05,4513.57,EUR,2026-10-05,IC Sale - Logistics Services Sept 05,,PO-2026-28628
4896,1000,142000,1800004896,INV/2026/09/14896,2026-09-19,4656.82,EUR,2026-10-19,IC Sale - Logistics Services Sept 19,,PO-2026-66930
4897,1000,142000,1800004897,INV/2026/09/14897,2026-09-24,932.69,EUR,2026-10-24,IC Sale - Logistics Services Sept 24,,PO-2026-96230
4898,1000,142000,1800004898,INV/2026/09/14898,2026-09-14,1199.25,EUR,2026-10-14,IC Sale - Logistics Services Sept 14,,PO-2026-83883
4899,1000,142000,1800004899,INV/2026/09/14899,2026-09-18,2276.35,EUR,2026-10-18,IC Sale - Logistics Services Sept 18,,PO-2026-64441
4900,1000,142000,1800004900,INV/2026/09/14900,2026-09-24,11403.23,EUR,2026-10-24,IC Sale - Logistics Services Sept 24,,PO-2026-35130
4901,1000,142000,1800004901,INV/2026/09/14901,2026-09-09,12159.49,EUR,2026-10-09,IC Sale - Logistics Services Sept 09,,PO-2026-74990
4902,1000,142000,1800004902,INV/2026/09/14902,2026-09-17,1219.8,EUR,2026-10-17,IC Sale - Logistics Services Sept 17,,PO-2026-49042
4903,1000,142000,1800004903,INV/2026/09/14903,2026-09-28,3241.42,EUR,2026-10-28,IC Sale - Logistics Services Sept 28,,PO-2026-19686
4904,1000,142000,1800004904,INV/2026/09/14904,2026-09-10,9539.79,EUR,2026-10-10,IC Sale - Logistics Services Sept 10,,PO-2026-54768
4905,1000,142000,1800004905,INV/2026/09/14905,2026-09-08,1401.87,EUR,2026-10-08,IC Sale - Logistics Services Sept 08,,PO-2026-57564
4906,1000,142000,1800004906,INV/2026/09/14906,2026-09-18,6516.52,EUR,2026-10-18,IC Sale - Logistics Services Sept 18,,PO-2026-39282
4907,1000,142000,1800004907,INV/2026/09/14907,2026-09-28,1772.83,EUR,2026-10-28,IC Sale - Logistics Services Sept 28,,PO-2026-54777
4908,1000,142000,1800004908,INV/2026/09/14908,2026-09-03,1207.61,EUR,2026-10-03,IC Sale - Logistics Services Sept 03,,PO-2026-60566
4909,1000,142000,1800004909,INV/2026/09/14909,2026-09-16,13672.26,EUR,2026-10-16,IC Sale - Logistics Services Sept 16,,PO-2026-52059
4910,1000,142000,1800004910,INV/2026/09/14910,2026-09-16,2585.04,EUR,2026-10-16,IC Sale - Logistics Services Sept 16,,PO-2026-31447
4911,1000,142000,1800004911,INV/2026/09/14911,2026-09-14,1448.67,EUR,2026-10-14,IC Sale - Logistics Services Sept 14,,PO-2026-93610
4912,1000,142000,1800004912,INV/2026/09/14912,2026-09-07,1319.91,EUR,2026-10-07,IC Sale - Logistics Services Sept 07,,PO-2026-54321
4913,1000,142000,1800004913,INV/2026/09/14913,2026-09-01,2517.07,EUR,2026-10-01,IC Sale - Logistics Services Sept 01,,PO-2026-57890
4915,1000,142000,1800004915,INV/2026/09/14915,2026-09-19,822.09,EUR,2026-10-19,IC Sale - Logistics Services Sept 19,,PO-2026-89389
4916,1000,142000,1800004916,INV/2026/09/14916,2026-09-29,768.44,EUR,2026-10-29,IC Sale - Logistics Services Sept 29,,PO-2026-50227
4917,1000,142000,1800004917,INV/2026/09/14917,2026-09-06,2364.51,EUR,2026-10-06,IC Sale - Logistics Services Sept 06,,PO-2026-65203
4918,1000,142000,1800004918,INV/2026/09/14918,2026-09-17,11738.01,EUR,2026-10-17,IC Sale - Logistics Services Sept 17,,PO-2026-91803
4919,1000,142000,1800004919,INV/2026/09/14919,2026-09-02,2981.18,EUR,2026-10-02,IC Sale - Logistics Services Sept 02,,PO-2026-58217
4920,1000,142000,1800004920,INV/2026/09/14920,2026-09-25,7936.52,EUR,2026-10-25,IC Sale - Logistics Services Sept 25,,PO-2026-75511
4921,1000,142000,1800004921,INV/2026/09/14921,2026-09-07,4834.78,EUR,2026-10-07,IC Sale - Logistics Services Sept 07,,PO-2026-87632
4922,1000,142000,1800004922,INV/2026/09/14922,2026-09-26,7248.04,EUR,2026-10-26,IC Sale - Logistics Services Sept 26,,PO-2026-69036
4923,1000,142000,1800004923,INV/2026/09/14923,2026-09-27,2833.71,EUR,2026-10-27,IC Sale - Logistics Services Sept 27,,PO-2026-18712
4924,1000,142000,1800004924,INV/2026/09/14924,2026-09-15,1578.89,EUR,2026-10-15,IC Sale - Logistics Services Sept 15,,PO-2026-75708
4925,1000,142000,1800004925,INV/2026/09/14925,2026-09-05,1412.72,EUR,2026-10-05,IC Sale - Logistics Services Sept 05,,PO-2026-34324
4926,1000,142000,1800004926,INV/2026/09/14926,2026-09-27,3199.11,EUR,2026-10-27,IC Sale - Logistics Services Sept 27,,PO-2026-88500
4927,1000,142000,1800004927,INV/2026/09/14927,2026-09-24,453.89,EUR,2026-10-24,IC Sale - Logistics Services Sept 24,,PO-2026-93140
4928,1000,142000,1800004928,INV/2026/09/14928,2026-09-22,1331.79,EUR,2026-10-22,IC Sale - Logistics Services Sept 22,,PO-2026-14215
4929,1000,142000,1800004929,INV/2026/09/14929,2026-09-26,5515.22,EUR,2026-10-26,IC Sale - Logistics Services Sept 26,,PO-2026-32260
4930,1000,142000,1800004930,INV/2026/09/14930,2026-09-23,5248.14,EUR,2026-10-23,IC Sale - Logistics Services Sept 23,,PO-2026-83095
4931,1000,142000,1800004931,INV/2026/09/14931,2026-09-27,5612.01,EUR,2026-10-27,IC Sale - Logistics Services Sept 27,,PO-2026-64910
4932,1000,142000,1800004932,INV/2026/09/14932,2026-09-24,282.76,EUR,2026-10-24,IC Sale - Logistics Services Sept 24,,PO-2026-18960
4933,1000,142000,1800004933,INV/2026/09/14933,2026-09-04,1602.39,EUR,2026-10-04,IC Sale - Logistics Services Sept 04,,PO-2026-22539
4934,1000,142000,1800004934,INV/2026/09/14934,2026-09-09,808.6,EUR,2026-10-09,IC Sale - Logistics Services Sept 09,,PO-2026-58689
4935,1000,142000,1800004935,INV/2026/09/14935,2026-09-07,267.32,EUR,2026-10-07,IC Sale - Logistics Services Sept 07,,PO-2026-89032
4936,1000,142000,1800004936,INV/2026/09/14936,2026-09-08,4790.32,EUR,2026-10-08,IC Sale - Logistics Services Sept 08,,PO-2026-38847
4937,1000,142000,1800004937,INV/2026/09/14937,2026-09-27,4222.83,EUR,2026-10-27,IC Sale - Logistics Services Sept 27,,PO-2026-53424
4938,1000,142000,1800004938,INV/2026/09/14938,2026-09-01,1041.09,EUR,2026-10-01,IC Sale - Logistics Services Sept 01,,PO-2026-16818
4939,1000,142000,1800004939,INV/2026/09/14939,2026-09-24,6394.02,EUR,2026-10-24,IC Sale - Logistics Services Sept 24,,PO-2026-42849
4940,1000,142000,1800004940,INV/2026/09/14940,2026-09-10,648.55,EUR,2026-10-10,IC Sale - Logistics Services Sept 10,,PO-2026-49485
4941,1000,142000,1800004941,INV/2026/09/14941,2026-09-16,287.03,EUR,2026-10-16,IC Sale - Logistics Services Sept 16,,PO-2026-58706
4942,1000,142000,1800004942,INV/2026/09/14942,2026-09-11,1879.81,EUR,2026-10-11,IC Sale - Logistics Services Sept 11,,PO-2026-22147
4943,1000,142000,1800004943,INV/2026/09/14943,2026-09-26,5390.42,EUR,2026-10-26,IC Sale - Logistics Services Sept 26,,PO-2026-30902
4944,1000,142000,1800004944,INV/2026/09/14944,2026-09-03,260.36,EUR,2026-10-03,IC Sale - Logistics Services Sept 03,,PO-2026-66907
4945,1000,142000,1800004945,INV/2026/09/14945,2026-09-17,3645.7,EUR,2026-10-17,IC Sale - Logistics Services Sept 17,,PO-2026-25919
4946,1000,142000,1800004946,INV/2026/09/14946,2026-09-12,1517.6,EUR,2026-10-12,IC Sale - Logistics Services Sept 12,,PO-2026-48427
4947,1000,142000,1800004947,INV/2026/09/14947,2026-09-08,5470.92,EUR,2026-10-08,IC Sale - Logistics Services Sept 08,,PO-2026-47713
4948,1000,142000,1800004948,INV/2026/09/14948,2026-09-15,2761.46,EUR,2026-10-15,IC Sale - Logistics Services Sept 15,,PO-2026-45145
4949,1000,142000,1800004949,INV/2026/09/14949,2026-09-03,2770.99,EUR,2026-10-03,IC Sale - Logistics Services Sept 03,,PO-2026-97029
4950,1000,142000,1800004950,INV/2026/09/14950,2026-09-17,5574.35,EUR,2026-10-17,IC Sale - Logistics Services Sept 17,,PO-2026-35881
4951,1000,142000,1800004951,INV/2026/09/14951,2026-09-15,7496.61,EUR,2026-10-15,IC Sale - Logistics Services Sept 15,,PO-2026-17275
4952,1000,142000,1800004952,INV/2026/09/14952,2026-09-01,2460.01,EUR,2026-10-01,IC Sale - Logistics Services Sept 01,,PO-2026-20073
4953,1000,142000,1800004953,INV/2026/09/14953,2026-09-11,4223.27,EUR,2026-10-11,IC Sale - Logistics Services Sept 11,,PO-2026-39288
4954,1000,142000,1800004954,INV/2026/09/14954,2026-09-15,953.58,EUR,2026-10-15,IC Sale - Logistics Services Sept 15,,PO-2026-61152
4955,1000,142000,1800004955,INV/2026/09/14955,2026-09-15,502.41,EUR,2026-10-15,IC Sale - Logistics Services Sept 15,,PO-2026-99570
4956,1000,142000,1800004956,INV/2026/09/14956,2026-09-19,190.34,EUR,2026-10-19,IC Sale - Logistics Services Sept 19,,PO-2026-21582
4957,1000,142000,1800004957,INV/2026/09/14957,2026-09-13,642.17,EUR,2026-10-13,IC Sale - Logistics Services Sept 13,,PO-2026-99565
4958,1000,142000,1800004958,INV/2026/09/14958,2026-09-07,675.72,EUR,2026-10-07,IC Sale - Logistics Services Sept 07,,PO-2026-40516
4959,1000,142000,1800004959,INV/2026/09/14959,2026-09-19,1024.54,EUR,2026-10-19,IC Sale - Logistics Services Sept 19,,PO-2026-29821
4960,1000,142000,1800004960,INV/2026/09/14960,2026-09-10,1878.39,EUR,2026-10-10,IC Sale - Logistics Services Sept 10,,PO-2026-44435
4961,1000,142000,1800004961,INV/2026/09/14961,2026-09-29,9008.75,EUR,2026-10-29,IC Sale - Logistics Services Sept 29,,PO-2026-24792
4962,1000,142000,1800004962,INV/2026/09/14962,2026-09-20,1185.81,EUR,2026-10-20,IC Sale - Logistics Services Sept 20,,PO-2026-94823
4963,1000,142000,1800004963,INV/2026/09/14963,2026-09-02,5403.48,EUR,2026-10-02,IC Sale - Logistics Services Sept 02,,PO-2026-23570
4964,1000,142000,1800004964,INV/2026/09/14964,2026-09-26,1533.65,EUR,2026-10-26,IC Sale - Logistics Services Sept 26,,PO-2026-66268
4965,1000,142000,1800004965,INV/2026/09/14965,2026-09-04,2190.64,EUR,2026-10-04,IC Sale - Logistics Services Sept 04,,PO-2026-49070
4966,1000,142000,1800004966,INV/2026/09/14966,2026-09-06,7412.6,EUR,2026-10-06,IC Sale - Logistics Services Sept 06,,PO-2026-25853
4967,1000,142000,1800004967,INV/2026/09/14967,2026-09-29,1296.07,EUR,2026-10-29,IC Sale - Logistics Services Sept 29,,PO-2026-96304
4968,1000,142000,1800004968,INV/2026/09/14968,2026-09-19,4930.07,EUR,2026-10-19,IC Sale - Logistics Services Sept 19,,PO-2026-67195
4969,1000,142000,1800004969,INV/2026/09/14969,2026-09-06,1270.01,EUR,2026-10-06,IC Sale - Logistics Services Sept 06,,PO-2026-16044
4971,1000,142000,1800004971,INV/2026/09/14971,2026-09-20,3789.63,EUR,2026-10-20,IC Sale - Logistics Services Sept 20,,PO-2026-52650
4972,1000,142000,1800004972,INV/2026/09/14972,2026-09-09,8820.4,EUR,2026-10-09,IC Sale - Logistics Services Sept 09,,PO-2026-42567
4973,1000,142000,1800004973,INV/2026/09/14973,2026-09-13,13234.11,EUR,2026-10-13,IC Sale - Logistics Services Sept 13,,PO-2026-71473
4974,1000,142000,1800004974,INV/2026/09/14974,2026-09-14,545.68,EUR,2026-10-14,IC Sale - Logistics Services Sept 14,,PO-2026-88569
4975,1000,142000,1800004975,INV/2026/09/14975,2026-09-05,308.53,EUR,2026-10-05,IC Sale - Logistics Services Sept 05,,PO-2026-99247
4976,1000,142000,1800004976,INV/2026/09/14976,2026-09-07,271.37,EUR,2026-10-07,IC Sale - Logistics Services Sept 07,,PO-2026-55869
4977,1000,142000,1800004977,INV/2026/09/14977,2026-09-06,1102.96,EUR,2026-10-06,IC Sale - Logistics Services Sept 06,,PO-2026-87565
4978,1000,142000,1800004978,INV/2026/09/14978,2026-09-17,8040.71,EUR,2026-10-17,IC Sale - Logistics Services Sept 17,,PO-2026-43349
4979,1000,142000,1800004979,INV/2026/09/14979,2026-09-22,1875.48,EUR,2026-10-22,IC Sale - Logistics Services Sept 22,,PO-2026-73455
4980,1000,142000,1800004980,INV/2026/09/14980,2026-09-12,3687.56,EUR,2026-10-12,IC Sale - Logistics Services Sept 12,,PO-2026-97256
4981,1000,142000,1800004981,INV/2026/09/14981,2026-09-18,340.0,EUR,2026-10-18,IC Sale - Logistics Services Sept 18,,PO-2026-78713
4982,1000,142000,1800004982,INV/2026/09/14982,2026-09-01,6508.97,EUR,2026-10-01,IC Sale - Logistics Services Sept 01,,PO-2026-73309
4983,1000,142000,1800004983,INV/2026/09/14983,2026-09-21,6118.94,EUR,2026-10-21,IC Sale - Logistics Services Sept 21,,PO-2026-58864
4984,1000,142000,1800004984,INV/2026/09/14984,2026-09-09,3405.21,EUR,2026-10-09,IC Sale - Logistics Services Sept 09,,PO-2026-54585
4985,1000,142000,1800004985,INV/2026/09/14985,2026-09-04,7881.0,EUR,2026-10-04,IC Sale - Logistics Services Sept 04,,PO-2026-75895
4986,1000,142000,1800004986,INV/2026/09/14986,2026-09-14,3437.75,EUR,2026-10-14,IC Sale - Logistics Services Sept 14,,PO-2026-94355
4987,1000,142000,1800004987,INV/2026/09/14987,2026-09-26,1224.95,EUR,2026-10-26,IC Sale - Logistics Services Sept 26,,PO-2026-53333
4988,1000,142000,1800004988,INV/2026/09/14988,2026-09-03,354.53,EUR,2026-10-03,IC Sale - Logistics Services Sept 03,,PO-2026-12926
4989,1000,142000,1800004989,INV/2026/09/14989,2026-09-14,658.94,EUR,2026-10-14,IC Sale - Logistics Services Sept 14,,PO-2026-50844
4991,1000,142000,1800004991,INV/2026/09/14991,2026-09-07,874.04,EUR,2026-10-07,IC Sale - Logistics Services Sept 07,,PO-2026-91149
4992,1000,142000,1800004992,INV/2026/09/14992,2026-09-14,2289.62,EUR,2026-10-14,IC Sale - Logistics Services Sept 14,,PO-2026-99408
4993,1000,142000,1800004993,INV/2026/09/14993,2026-09-16,6529.79,EUR,2026-10-16,IC Sale - Logistics Services Sept 16,,PO-2026-43888
4994,1000,142000,1800004994,INV/2026/09/14994,2026-09-18,5866.01,EUR,2026-10-18,IC Sale - Logistics Services Sept 18,,PO-2026-30744
4995,1000,142000,1800004995,INV/2026/09/14995,2026-09-17,702.22,EUR,2026-10-17,IC Sale - Logistics Services Sept 17,,PO-2026-69281
4996,1000,142000,1800004996,INV/2026/09/14996,2026-09-09,4871.59,EUR,2026-10-09,IC Sale - Logistics Services Sept 09,,PO-2026-17712
4997,1000,142000,1800004997,INV/2026/09/14997,2026-09-19,843.68,EUR,2026-10-19,IC Sale - Logistics Services Sept 19,,PO-2026-57231
4998,1000,142000,1800004998,INV/2026/09/14998,2026-09-15,1378.39,EUR,2026-10-15,IC Sale - Logistics Services Sept 15,,PO-2026-93172
4999,1000,142000,1800004999,INV/2026/09/14999,2026-09-27,457.3,EUR,2026-10-27,IC Sale - Logistics Services Sept 27,,PO-2026-66573
5001,1000,142000,1800005001,INV/2026/09/15001,2026-09-09,5680.64,EUR,2026-10-09,IC Sale - Logistics Services Sept 09,,PO-2026-90319
5002,1000,142000,1800005002,INV/2026/09/15002,2026-09-14,7733.87,EUR,2026-10-14,IC Sale - Logistics Services Sept 14,,PO-2026-51560
5003,1000,142000,1800005003,INV/2026/09/15003,2026-09-13,6685.27,EUR,2026-10-13,IC Sale - Logistics Services Sept 13,,PO-2026-40224
5004,1000,142000,1800005004,INV/2026/09/15004,2026-09-24,8529.44,EUR,2026-10-24,IC Sale - Logistics Services Sept 24,,PO-2026-85469
5005,1000,142000,1800005005,INV/2026/09/15005,2026-09-29,1260.07,EUR,2026-10-29,IC Sale - Logistics Services Sept 29,,PO-2026-22695
5006,1000,142000,1800005006,INV/2026/09/15006,2026-09-25,5958.86,EUR,2026-10-25,IC Sale - Logistics Services Sept 25,,PO-2026-81093
5007,1000,142000,1800005007,INV/2026/09/15007,2026-09-05,491.24,EUR,2026-10-05,IC Sale - Logistics Services Sept 05,,PO-2026-63831
5008,1000,142000,1800005008,INV/2026/09/15008,2026-09-07,4817.31,EUR,2026-10-07,IC Sale - Logistics Services Sept 07,,PO-2026-10923
5009,1000,142000,1800005009,INV/2026/09/15009,2026-09-10,630.96,EUR,2026-10-10,IC Sale - Logistics Services Sept 10,,PO-2026-94596
5010,1000,142000,1800005010,INV/2026/09/15010,2026-09-04,4337.33,EUR,2026-10-04,IC Sale - Logistics Services Sept 04,,PO-2026-39371
5011,1000,142000,1800005011,INV/2026/09/15011,2026-09-08,3819.14,EUR,2026-10-08,IC Sale - Logistics Services Sept 08,,PO-2026-38863
5012,1000,142000,1800005012,INV/2026/09/15012,2026-09-22,6523.73,EUR,2026-10-22,IC Sale - Logistics Services Sept 22,,PO-2026-92741
5013,1000,142000,1800005013,INV/2026/09/15013,2026-09-17,544.83,EUR,2026-10-17,IC Sale - Logistics Services Sept 17,,PO-2026-10831
5014,1000,142000,1800005014,INV/2026/09/15014,2026-09-21,6191.7,EUR,2026-10-21,IC Sale - Logistics Services Sept 21,,PO-2026-50034
5015,1000,142000,1800005015,INV/2026/09/15015,2026-09-08,4302.24,EUR,2026-10-08,IC Sale - Logistics Services Sept 08,,PO-2026-17603
5016,1000,142000,1800005016,INV/2026/09/15016,2026-09-29,5634.49,EUR,2026-10-29,IC Sale - Logistics Services Sept 29,,PO-2026-78331
5017,1000,142000,1800005017,INV/2026/09/15017,2026-09-09,6877.25,EUR,2026-10-09,IC Sale - Logistics Services Sept 09,,PO-2026-59555
5018,1000,142000,1800005018,INV/2026/09/15018,2026-09-01,893.68,EUR,2026-10-01,IC Sale - Logistics Services Sept 01,,PO-2026-48026
5019,1000,142000,1800005019,INV/2026/09/15019,2026-09-26,517.9,EUR,2026-10-26,IC Sale - Logistics Services Sept 26,,PO-2026-34929
5020,1000,142000,1800005020,INV/2026/09/15020,2026-09-18,7403.76,EUR,2026-10-18,IC Sale - Logistics Services Sept 18,,PO-2026-15005
5021,1000,142000,1800005021,INV/2026/09/15021,2026-09-03,853.96,EUR,2026-10-03,IC Sale - Logistics Services Sept 03,,PO-2026-36367
5022,1000,142000,1800005022,INV/2026/09/15022,2026-09-25,10226.64,EUR,2026-10-25,IC Sale - Logistics Services Sept 25,,PO-2026-78232
5023,1000,142000,1800005023,INV/2026/09/15023,2026-09-06,6295.19,EUR,2026-10-06,IC Sale - Logistics Services Sept 06,,PO-2026-73131
5024,1000,142000,1800005024,INV/2026/09/15024,2026-09-12,4452.77,EUR,2026-10-12,IC Sale - Logistics Services Sept 12,,PO-2026-88670
5025,1000,142000,1800005025,INV/2026/09/15025,2026-09-09,1729.05,EUR,2026-10-09,IC Sale - Logistics Services Sept 09,,PO-2026-15077
5027,1000,142000,1800005027,INV/2026/09/15027,2026-09-26,4018.76,EUR,2026-10-26,IC Sale - Logistics Services Sept 26,,PO-2026-36017
5028,1000,142000,1800005028,INV/2026/09/15028,2026-09-15,1076.06,EUR,2026-10-15,IC Sale - Logistics Services Sept 15,,PO-2026-79778
5029,1000,142000,1800005029,INV/2026/09/15029,2026-09-23,3296.6,EUR,2026-10-23,IC Sale - Logistics Services Sept 23,,PO-2026-41349
5030,1000,142000,1800005030,INV/2026/09/15030,2026-09-11,7859.08,EUR,2026-10-11,IC Sale - Logistics Services Sept 11,,PO-2026-49057
5032,1000,142000,1800005032,INV/2026/09/15032,2026-09-18,9841.83,EUR,2026-10-18,IC Sale - Logistics Services Sept 18,,PO-2026-77161
5033,1000,142000,1800005033,INV/2026/09/15033,2026-09-21,1463.2,EUR,2026-10-21,IC Sale - Logistics Services Sept 21,,PO-2026-84380
5034,1000,142000,1800005034,INV/2026/09/15034,2026-09-05,2964.33,EUR,2026-10-05,IC Sale - Logistics Services Sept 05,,PO-2026-91191
5035,1000,142000,1800005035,INV/2026/09/15035,2026-09-11,443.76,EUR,2026-10-11,IC Sale - Logistics Services Sept 11,,PO-2026-21037
5036,1000,142000,1800005036,INV/2026/09/15036,2026-09-26,3086.81,EUR,2026-10-26,IC Sale - Logistics Services Sept 26,,PO-2026-29468
5038,1000,142000,1800005038,INV/2026/09/15038,2026-09-14,1119.07,EUR,2026-10-14,IC Sale - Logistics Services Sept 14,,PO-2026-13806
5039,1000,142000,1800005039,INV/2026/09/15039,2026-09-22,401.8,EUR,2026-10-22,IC Sale - Logistics Services Sept 22,,PO-2026-57909
5040,1000,142000,1800005040,INV/2026/09/15040,2026-09-23,4344.7,EUR,2026-10-23,IC Sale - Logistics Services Sept 23,,PO-2026-10625
5041,1000,142000,1800005041,INV/2026/09/15041,2026-09-12,7158.03,EUR,2026-10-12,IC Sale - Logistics Services Sept 12,,PO-2026-39166
5042,1000,142000,1800005042,INV/2026/09/15042,2026-09-17,7287.88,EUR,2026-10-17,IC Sale - Logistics Services Sept 17,,PO-2026-63048
5043,1000,142000,1800005043,INV/2026/09/15043,2026-09-20,9091.95,EUR,2026-10-20,IC Sale - Logistics Services Sept 20,,PO-2026-30035
5044,1000,142000,1800005044,INV/2026/09/15044,2026-09-02,6943.47,EUR,2026-10-02,IC Sale - Logistics Services Sept 02,,PO-2026-77342
5045,1000,142000,1800005045,INV/2026/09/15045,2026-09-14,5179.09,EUR,2026-10-14,IC Sale - Logistics Services Sept 14,,PO-2026-22424
5046,1000,142000,1800005046,INV/2026/09/15046,2026-09-26,2446.32,EUR,2026-10-26,IC Sale - Logistics Services Sept 26,,PO-2026-28063
5047,1000,142000,1800005047,INV/2026/09/15047,2026-09-04,7083.6,EUR,2026-10-04,IC Sale - Logistics Services Sept 04,,PO-2026-98081
5048,1000,142000,1800005048,INV/2026/09/15048,2026-09-02,4172.55,EUR,2026-10-02,IC Sale - Logistics Services Sept 02,,PO-2026-24207
5049,1000,142000,1800005049,INV/2026/09/15049,2026-09-21,2293.85,EUR,2026-10-21,IC Sale - Logistics Services Sept 21,,PO-2026-59210
5051,1000,142000,1800005051,INV/2026/09/15051,2026-09-03,6604.71,EUR,2026-10-03,IC Sale - Logistics Services Sept 03,,PO-2026-22015
5052,1000,142000,1800005052,INV/2026/09/15052,2026-09-24,628.07,EUR,2026-10-24,IC Sale - Logistics Services Sept 24,,PO-2026-61108
5053,1000,142000,1800005053,INV/2026/09/15053,2026-09-23,3604.39,EUR,2026-10-23,IC Sale - Logistics Services Sept 23,,PO-2026-29874
5054,1000,142000,1800005054,INV/2026/09/15054,2026-09-29,2510.63,EUR,2026-10-29,IC Sale - Logistics Services Sept 29,,PO-2026-42741
5055,1000,142000,1800005055,INV/2026/09/15055,2026-09-10,3701.1,EUR,2026-10-10,IC Sale - Logistics Services Sept 10,,PO-2026-95098
5056,1000,142000,1800005056,INV/2026/09/15056,2026-09-07,296.22,EUR,2026-10-07,IC Sale - Logistics Services Sept 07,,PO-2026-63966
5058,1000,142000,1800005058,INV/2026/09/15058,2026-09-11,593.01,EUR,2026-10-11,IC Sale - Logistics Services Sept 11,,PO-2026-44808
5059,1000,142000,1800005059,INV/2026/09/15059,2026-09-16,1011.56,EUR,2026-10-16,IC Sale - Logistics Services Sept 16,,PO-2026-60052
5060,1000,142000,1800005060,INV/2026/09/15060,2026-09-21,17673.24,EUR,2026-10-21,IC Sale - Logistics Services Sept 21,,PO-2026-16283
5061,1000,142000,1800005061,INV/2026/09/15061,2026-09-13,4635.82,EUR,2026-10-13,IC Sale - Logistics Services Sept 13,,PO-2026-40119
5062,1000,142000,1800005062,INV/2026/09/15062,2026-09-13,684.77,EUR,2026-10-13,IC Sale - Logistics Services Sept 13,,PO-2026-87022
5063,1000,142000,1800005063,INV/2026/09/15063,2026-09-10,2390.57,EUR,2026-10-10,IC Sale - Logistics Services Sept 10,,PO-2026-65878
5064,1000,142000,1800005064,INV/2026/09/15064,2026-09-13,4112.86,EUR,2026-10-13,IC Sale - Logistics Services Sept 13,,PO-2026-14673
5065,1000,142000,1800005065,INV/2026/09/15065,2026-09-22,4092.22,EUR,2026-10-22,IC Sale - Logistics Services Sept 22,,PO-2026-42969
5066,1000,142000,1800005066,INV/2026/09/15066,2026-09-19,7758.21,EUR,2026-10-19,IC Sale - Logistics Services Sept 19,,PO-2026-43276
5067,1000,142000,1800005067,INV/2026/09/15067,2026-09-18,5327.38,EUR,2026-10-18,IC Sale - Logistics Services Sept 18,,PO-2026-37531
5068,1000,142000,1800005068,INV/2026/09/15068,2026-09-01,9800.05,EUR,2026-10-01,IC Sale - Logistics Services Sept 01,,PO-2026-35100
5069,1000,142000,1800005069,INV/2026/09/15069,2026-09-14,2496.57,EUR,2026-10-14,IC Sale - Logistics Services Sept 14,,PO-2026-96807
5070,1000,142000,1800005070,INV/2026/09/15070,2026-09-01,8007.06,EUR,2026-10-01,IC Sale - Logistics Services Sept 01,,PO-2026-75368
5071,1000,142000,1800005071,INV/2026/09/15071,2026-09-16,7739.85,EUR,2026-10-16,IC Sale - Logistics Services Sept 16,,PO-2026-59479
5072,1000,142000,1800005072,INV/2026/09/15072,2026-09-24,6166.99,EUR,2026-10-24,IC Sale - Logistics Services Sept 24,,PO-2026-67231
5074,1000,142000,1800005074,INV/2026/09/15074,2026-09-01,5295.66,EUR,2026-10-01,IC Sale - Logistics Services Sept 01,,PO-2026-73229
5075,1000,142000,1800005075,INV/2026/09/15075,2026-09-11,1670.06,EUR,2026-10-11,IC Sale - Logistics Services Sept 11,,PO-2026-55908
5076,1000,142000,1800005076,INV/2026/09/15076,2026-09-01,2867.45,EUR,2026-10-01,IC Sale - Logistics Services Sept 01,,PO-2026-98427
5077,1000,142000,1800005077,INV/2026/09/15077,2026-09-15,2430.27,EUR,2026-10-15,IC Sale - Logistics Services Sept 15,,PO-2026-53729
5078,1000,142000,1800005078,INV/2026/09/15078,2026-09-20,3783.09,EUR,2026-10-20,IC Sale - Logistics Services Sept 20,,PO-2026-42299
5079,1000,142000,1800005079,INV/2026/09/15079,2026-09-22,12551.87,EUR,2026-10-22,IC Sale - Logistics Services Sept 22,,PO-2026-29692
5080,1000,142000,1800005080,INV/2026/09/15080,2026-09-02,4812.66,EUR,2026-10-02,IC Sale - Logistics Services Sept 02,,PO-2026-28748
5081,1000,142000,1800005081,INV/2026/09/15081,2026-09-05,1540.31,EUR,2026-10-05,IC Sale - Logistics Services Sept 05,,PO-2026-65037
5082,1000,142000,1800005082,INV/2026/09/15082,2026-09-23,797.39,EUR,2026-10-23,IC Sale - Logistics Services Sept 23,,PO-2026-37564
5083,1000,142000,1800005083,INV/2026/09/15083,2026-09-13,2158.23,EUR,2026-10-13,IC Sale - Logistics Services Sept 13,,PO-2026-79722
5084,1000,142000,1800005084,INV/2026/09/15084,2026-09-07,815.56,EUR,2026-10-07,IC Sale - Logistics Services Sept 07,,PO-2026-55347
5085,1000,142000,1800005085,INV/2026/09/15085,2026-09-20,3242.06,EUR,2026-10-20,IC Sale - Logistics Services Sept 20,,PO-2026-68576
5086,1000,142000,1800005086,INV/2026/09/15086,2026-09-23,4311.18,EUR,2026-10-23,IC Sale - Logistics Services Sept 23,,PO-2026-74841
5087,1000,142000,1800005087,INV/2026/09/15087,2026-09-21,648.21,EUR,2026-10-21,IC Sale - Logistics Services Sept 21,,PO-2026-98218
5088,1000,142000,1800005088,INV/2026/09/15088,2026-09-11,169.09,EUR,2026-10-11,IC Sale - Logistics Services Sept 11,,PO-2026-30115
5090,1000,142000,1800005090,INV/2026/09/15090,2026-09-18,5809.16,EUR,2026-10-18,IC Sale - Logistics Services Sept 18,,PO-2026-54203
5091,1000,142000,1800005091,INV/2026/09/15091,2026-09-16,8467.96,EUR,2026-10-16,IC Sale - Logistics Services Sept 16,,PO-2026-23706
5092,1000,142000,1800005092,INV/2026/09/15092,2026-09-22,3253.89,EUR,2026-10-22,IC Sale - Logistics Services Sept 22,,PO-2026-25332
5093,1000,142000,1800005093,INV/2026/09/15093,2026-09-24,460.56,EUR,2026-10-24,IC Sale - Logistics Services Sept 24,,PO-2026-35771
5094,1000,142000,1800005094,INV/2026/09/15094,2026-09-19,18107.35,EUR,2026-10-19,IC Sale - Logistics Services Sept 19,,PO-2026-97110
5095,1000,142000,1800005095,INV/2026/09/15095,2026-09-11,2284.38,EUR,2026-10-11,IC Sale - Logistics Services Sept 11,,PO-2026-75795
5096,1000,142000,1800005096,INV/2026/09/15096,2026-09-16,3530.51,EUR,2026-10-16,IC Sale - Logistics Services Sept 16,,PO-2026-62659
5097,1000,142000,1800005097,INV/2026/09/15097,2026-09-02,776.22,EUR,2026-10-02,IC Sale - Logistics Services Sept 02,,PO-2026-78073
5098,1000,142000,1800005098,INV/2026/09/15098,2026-09-04,1341.94,EUR,2026-10-04,IC Sale - Logistics Services Sept 04,,PO-2026-36943
5099,1000,142000,1800005099,INV/2026/09/15099,2026-09-18,2345.86,EUR,2026-10-18,IC Sale - Logistics Services Sept 18,,PO-2026-21233
5100,1000,142000,1800005100,INV/2026/09/15100,2026-09-09,2665.95,EUR,2026-10-09,IC Sale - Logistics Services Sept 09,,PO-2026-35277
5101,1000,142000,1800005101,INV/2026/09/15101,2026-09-15,12649.51,EUR,2026-10-15,IC Sale - Logistics Services Sept 15,,PO-2026-27641
5102,1000,142000,1800005102,INV/2026/09/15102,2026-09-28,10201.63,EUR,2026-10-28,IC Sale - Logistics Services Sept 28,,PO-2026-46094
5103,1000,142000,1800005103,INV/2026/09/15103,2026-09-19,1704.18,EUR,2026-10-19,IC Sale - Logistics Services Sept 19,,PO-2026-65039
5104,1000,142000,1800005104,INV/2026/09/15104,2026-09-10,402.24,EUR,2026-10-10,IC Sale - Logistics Services Sept 10,,PO-2026-89166
5105,1000,142000,1800005105,INV/2026/09/15105,2026-09-15,1247.85,EUR,2026-10-15,IC Sale - Logistics Services Sept 15,,PO-2026-86323
5106,1000,142000,1800005106,INV/2026/09/15106,2026-09-12,2665.26,EUR,2026-10-12,IC Sale - Logistics Services Sept 12,,PO-2026-47458
5107,1000,142000,1800005107,INV/2026/09/15107,2026-09-10,8695.64,EUR,2026-10-10,IC Sale - Logistics Services Sept 10,,PO-2026-74402
5108,1000,142000,1800005108,INV/2026/09/15108,2026-09-21,4102.33,EUR,2026-10-21,IC Sale - Logistics Services Sept 21,,PO-2026-93855
5110,1000,142000,1800005110,INV/2026/09/15110,2026-09-21,3559.16,EUR,2026-10-21,IC Sale - Logistics Services Sept 21,,PO-2026-10891
5111,1000,142000,1800005111,INV/2026/09/15111,2026-09-14,3233.92,EUR,2026-10-14,IC Sale - Logistics Services Sept 14,,PO-2026-11613
5112,1000,142000,1800005112,INV/2026/09/15112,2026-09-26,4607.35,EUR,2026-10-26,IC Sale - Logistics Services Sept 26,,PO-2026-90524
5113,1000,142000,1800005113,INV/2026/09/15113,2026-09-06,1382.73,EUR,2026-10-06,IC Sale - Logistics Services Sept 06,,PO-2026-25235
5114,1000,142000,1800005114,INV/2026/09/15114,2026-09-07,379.3,EUR,2026-10-07,IC Sale - Logistics Services Sept 07,,PO-2026-44849
5115,1000,142000,1800005115,INV/2026/09/15115,2026-09-26,2171.69,EUR,2026-10-26,IC Sale - Logistics Services Sept 26,,PO-2026-71736
5116,1000,142000,1800005116,INV/2026/09/15116,2026-09-06,6317.61,EUR,2026-10-06,IC Sale - Logistics Services Sept 06,,PO-2026-18000
5117,1000,142000,1800005117,INV/2026/09/15117,2026-09-25,240.63,EUR,2026-10-25,IC Sale - Logistics Services Sept 25,,PO-2026-44742
5118,1000,142000,1800005118,INV/2026/09/15118,2026-09-02,4826.7,EUR,2026-10-02,IC Sale - Logistics Services Sept 02,,PO-2026-38163
5119,1000,142000,1800005119,INV/2026/09/15119,2026-09-02,4215.97,EUR,2026-10-02,IC Sale - Logistics Services Sept 02,,PO-2026-41444
5120,1000,142000,1800005120,INV/2026/09/15120,2026-09-13,1645.13,EUR,2026-10-13,IC Sale - Logistics Services Sept 13,,PO-2026-94640
5121,1000,142000,1800005121,INV/2026/09/15121,2026-09-22,1371.81,EUR,2026-10-22,IC Sale - Logistics Services Sept 22,,PO-2026-54389
5122,1000,142000,1800005122,INV/2026/09/15122,2026-09-03,2199.26,EUR,2026-10-03,IC Sale - Logistics Services Sept 03,,PO-2026-48721
5123,1000,142000,1800005123,INV/2026/09/15123,2026-09-28,500.79,EUR,2026-10-28,IC Sale - Logistics Services Sept 28,,PO-2026-51178
5124,1000,142000,1800005124,INV/2026/09/15124,2026-09-17,1965.61,EUR,2026-10-17,IC Sale - Logistics Services Sept 17,,PO-2026-43581
5125,1000,142000,1800005125,INV/2026/09/15125,2026-09-26,15205.8,EUR,2026-10-26,IC Sale - Logistics Services Sept 26,,PO-2026-55730
5126,1000,142000,1800005126,INV/2026/09/15126,2026-09-13,2562.84,EUR,2026-10-13,IC Sale - Logistics Services Sept 13,,PO-2026-75340
5127,1000,142000,1800005127,INV/2026/09/15127,2026-09-12,7206.99,EUR,2026-10-12,IC Sale - Logistics Services Sept 12,,PO-2026-50511
5128,1000,142000,1800005128,INV/2026/09/15128,2026-09-13,924.57,EUR,2026-10-13,IC Sale - Logistics Services Sept 13,,PO-2026-66980
5129,1000,142000,1800005129,INV/2026/09/15129,2026-09-25,943.18,EUR,2026-10-25,IC Sale - Logistics Services Sept 25,,PO-2026-87053
5130,1000,142000,1800005130,INV/2026/09/15130,2026-09-17,1301.13,EUR,2026-10-17,IC Sale - Logistics Services Sept 17,,PO-2026-67439
5131,1000,142000,1800005131,INV/2026/09/15131,2026-09-16,4796.21,EUR,2026-10-16,IC Sale - Logistics Services Sept 16,,PO-2026-57022
5132,1000,142000,1800005132,INV/2026/09/15132,2026-09-17,7613.18,EUR,2026-10-17,IC Sale - Logistics Services Sept 17,,PO-2026-81544
5133,1000,142000,1800005133,INV/2026/09/15133,2026-09-13,4883.16,EUR,2026-10-13,IC Sale - Logistics Services Sept 13,,PO-2026-47278
5134,1000,142000,1800005134,INV/2026/09/15134,2026-09-04,744.95,EUR,2026-10-04,IC Sale - Logistics Services Sept 04,,PO-2026-44124
5135,1000,142000,1800005135,INV/2026/09/15135,2026-09-21,1920.95,EUR,2026-10-21,IC Sale - Logistics Services Sept 21,,PO-2026-42339
5136,1000,142000,1800005136,INV/2026/09/15136,2026-09-03,696.95,EUR,2026-10-03,IC Sale - Logistics Services Sept 03,,PO-2026-44969
5138,1000,142000,1800005138,INV/2026/09/15138,2026-09-22,7374.57,EUR,2026-10-22,IC Sale - Logistics Services Sept 22,,PO-2026-85928
5139,1000,142000,1800005139,INV/2026/09/15139,2026-09-29,210.29,EUR,2026-10-29,IC Sale - Logistics Services Sept 29,,PO-2026-92205
5140,1000,142000,1800005140,INV/2026/09/15140,2026-09-25,973.1,EUR,2026-10-25,IC Sale - Logistics Services Sept 25,,PO-2026-61900
5141,1000,142000,1800005141,INV/2026/09/15141,2026-09-10,998.16,EUR,2026-10-10,IC Sale - Logistics Services Sept 10,,PO-2026-10087
5142,1000,142000,1800005142,INV/2026/09/15142,2026-09-07,5339.21,EUR,2026-10-07,IC Sale - Logistics Services Sept 07,,PO-2026-64189
5143,1000,142000,1800005143,INV/2026/09/15143,2026-09-28,6085.59,EUR,2026-10-28,IC Sale - Logistics Services Sept 28,,PO-2026-72498
5144,1000,142000,1800005144,INV/2026/09/15144,2026-09-04,3597.79,EUR,2026-10-04,IC Sale - Logistics Services Sept 04,,PO-2026-46027
5145,1000,142000,1800005145,INV/2026/09/15145,2026-09-03,5665.33,EUR,2026-10-03,IC Sale - Logistics Services Sept 03,,PO-2026-24856
5146,1000,142000,1800005146,INV/2026/09/15146,2026-09-25,3721.7,EUR,2026-10-25,IC Sale - Logistics Services Sept 25,,PO-2026-99003
5147,1000,142000,1800005147,INV/2026/09/15147,2026-09-03,754.33,EUR,2026-10-03,IC Sale - Logistics Services Sept 03,,PO-2026-63977
5148,1000,142000,1800005148,INV/2026/09/15148,2026-09-13,1199.92,EUR,2026-10-13,IC Sale - Logistics Services Sept 13,,PO-2026-75004
5149,1000,142000,1800005149,INV/2026/09/15149,2026-09-11,6488.18,EUR,2026-10-11,IC Sale - Logistics Services Sept 11,,PO-2026-45566
5150,1000,142000,1800005150,INV/2026/09/15150,2026-09-13,4369.72,EUR,2026-10-13,IC Sale - Logistics Services Sept 13,,PO-2026-62865
5151,1000,142000,1800005151,INV/2026/09/15151,2026-09-12,914.48,EUR,2026-10-12,IC Sale - Logistics Services Sept 12,,PO-2026-95633
5152,1000,142000,1800005152,INV/2026/09/15152,2026-09-22,1220.0,EUR,2026-10-22,IC Sale - Logistics Services Sept 22,,PO-2026-64269
5153,1000,142000,1800005153,INV/2026/09/15153,2026-09-15,5873.42,EUR,2026-10-15,IC Sale - Logistics Services Sept 15,,PO-2026-20827
5154,1000,142000,1800005154,INV/2026/09/15154,2026-09-15,1047.77,EUR,2026-10-15,IC Sale - Logistics Services Sept 15,,PO-2026-37028
5155,1000,142000,1800005155,INV/2026/09/15155,2026-09-07,1628.26,EUR,2026-10-07,IC Sale - Logistics Services Sept 07,,PO-2026-55813
5158,1000,142000,1800005158,INV/2026/09/15158,2026-09-26,3407.74,EUR,2026-10-26,IC Sale - Logistics Services Sept 26,,PO-2026-77589
5159,1000,142000,1800005159,INV/2026/09/15159,2026-09-07,1058.04,EUR,2026-10-07,IC Sale - Logistics Services Sept 07,,PO-2026-84566
5160,1000,142000,1800005160,INV/2026/09/15160,2026-09-28,2195.1,EUR,2026-10-28,IC Sale - Logistics Services Sept 28,,PO-2026-36120
5161,1000,142000,1800005161,INV/2026/09/15161,2026-09-09,1888.7,EUR,2026-10-09,IC Sale - Logistics Services Sept 09,,PO-2026-68943
5162,1000,142000,1800005162,INV/2026/09/15162,2026-09-25,2968.74,EUR,2026-10-25,IC Sale - Logistics Services Sept 25,,PO-2026-95335
5163,1000,142000,1800005163,INV/2026/09/15163,2026-09-14,2244.29,EUR,2026-10-14,IC Sale - Logistics Services Sept 14,,PO-2026-26750
5164,1000,142000,1800005164,INV/2026/09/15164,2026-09-19,1506.87,EUR,2026-10-19,IC Sale - Logistics Services Sept 19,,PO-2026-28860
5165,1000,142000,1800005165,INV/2026/09/15165,2026-09-17,890.63,EUR,2026-10-17,IC Sale - Logistics Services Sept 17,,PO-2026-13699
5166,1000,142000,1800005166,INV/2026/09/15166,2026-09-23,7590.0,EUR,2026-10-23,IC Sale - Logistics Services Sept 23,,PO-2026-75184
5167,1000,142000,1800005167,INV/2026/09/15167,2026-09-12,5666.84,EUR,2026-10-12,IC Sale - Logistics Services Sept 12,,PO-2026-30637
5168,1000,142000,1800005168,INV/2026/09/15168,2026-09-02,554.02,EUR,2026-10-02,IC Sale - Logistics Services Sept 02,,PO-2026-44380
5169,1000,142000,1800005169,INV/2026/09/15169,2026-09-10,503.48,EUR,2026-10-10,IC Sale - Logistics Services Sept 10,,PO-2026-43810
5170,1000,142000,1800005170,INV/2026/09/15170,2026-09-18,10057.66,EUR,2026-10-18,IC Sale - Logistics Services Sept 18,,PO-2026-36611
5171,1000,142000,1800005171,INV/2026/09/15171,2026-09-20,774.68,EUR,2026-10-20,IC Sale - Logistics Services Sept 20,,PO-2026-27403
5172,1000,142000,1800005172,INV/2026/09/15172,2026-09-25,1059.57,EUR,2026-10-25,IC Sale - Logistics Services Sept 25,,PO-2026-45810
5173,1000,142000,1800005173,INV/2026/09/15173,2026-09-21,1128.28,EUR,2026-10-21,IC Sale - Logistics Services Sept 21,,PO-2026-42695
5174,1000,142000,1800005174,INV/2026/09/15174,2026-09-04,4750.06,EUR,2026-10-04,IC Sale - Logistics Services Sept 04,,PO-2026-62927
5175,1000,142000,1800005175,INV/2026/09/15175,2026-09-16,839.94,EUR,2026-10-16,IC Sale - Logistics Services Sept 16,,PO-2026-60554
5176,1000,142000,1800005176,INV/2026/09/15176,2026-09-21,594.66,EUR,2026-10-21,IC Sale - Logistics Services Sept 21,,PO-2026-11432
5177,1000,142000,1800005177,INV/2026/09/15177,2026-09-11,3190.95,EUR,2026-10-11,IC Sale - Logistics Services Sept 11,,PO-2026-32424
5178,1000,142000,1800005178,INV/2026/09/15178,2026-09-02,5204.65,EUR,2026-10-02,IC Sale - Logistics Services Sept 02,,PO-2026-26673
5179,1000,142000,1800005179,INV/2026/09/15179,2026-09-11,3126.48,EUR,2026-10-11,IC Sale - Logistics Services Sept 11,,PO-2026-11018
5181,1000,142000,1800005181,INV/2026/09/15181,2026-09-15,12167.83,EUR,2026-10-15,IC Sale - Logistics Services Sept 15,,PO-2026-71784
5182,1000,142000,1800005182,INV/2026/09/15182,2026-09-15,5119.35,EUR,2026-10-15,IC Sale - Logistics Services Sept 15,,PO-2026-20033
5183,1000,142000,1800005183,INV/2026/09/15183,2026-09-25,924.83,EUR,2026-10-25,IC Sale - Logistics Services Sept 25,,PO-2026-23420
5184,1000,142000,1800005184,INV/2026/09/15184,2026-09-29,3541.83,EUR,2026-10-29,IC Sale - Logistics Services Sept 29,,PO-2026-60812
5185,1000,142000,1800005185,INV/2026/09/15185,2026-09-20,3870.75,EUR,2026-10-20,IC Sale - Logistics Services Sept 20,,PO-2026-17942
5186,1000,142000,1800005186,INV/2026/09/15186,2026-09-06,287.13,EUR,2026-10-06,IC Sale - Logistics Services Sept 06,,PO-2026-71486
5188,1000,142000,1800005188,INV/2026/09/15188,2026-09-26,2925.17,EUR,2026-10-26,IC Sale - Logistics Services Sept 26,,PO-2026-57681
5189,1000,142000,1800005189,INV/2026/09/15189,2026-09-13,3755.36,EUR,2026-10-13,IC Sale - Logistics Services Sept 13,,PO-2026-64551
5190,1000,142000,1800005190,INV/2026/09/15190,2026-09-05,5916.38,EUR,2026-10-05,IC Sale - Logistics Services Sept 05,,PO-2026-51188
5191,1000,142000,1800005191,INV/2026/09/15191,2026-09-11,4155.51,EUR,2026-10-11,IC Sale - Logistics Services Sept 11,,PO-2026-54353
5193,1000,142000,1800005193,INV/2026/09/15193,2026-09-17,261.02,EUR,2026-10-17,IC Sale - Logistics Services Sept 17,,PO-2026-28175
5194,1000,142000,1800005194,INV/2026/09/15194,2026-09-03,9018.27,EUR,2026-10-03,IC Sale - Logistics Services Sept 03,,PO-2026-61281
5195,1000,142000,1800005195,INV/2026/09/15195,2026-09-22,2699.68,EUR,2026-10-22,IC Sale - Logistics Services Sept 22,,PO-2026-50515
5196,1000,142000,1800005196,INV/2026/09/15196,2026-09-03,4352.89,EUR,2026-10-03,IC Sale - Logistics Services Sept 03,,PO-2026-24774
5197,1000,142000,1800005197,INV/2026/09/15197,2026-09-13,7408.13,EUR,2026-10-13,IC Sale - Logistics Services Sept 13,,PO-2026-52699
5198,1000,142000,1800005198,INV/2026/09/15198,2026-09-10,1297.43,EUR,2026-10-10,IC Sale - Logistics Services Sept 10,,PO-2026-54072
5199,1000,142000,1800005199,INV/2026/09/15199,2026-09-26,1887.48,EUR,2026-10-26,IC Sale - Logistics Services Sept 26,,PO-2026-72212
5200,1000,142000,1800005200,INV/2026/09/15200,2026-09-26,3900.23,EUR,2026-10-26,IC Sale - Logistics Services Sept 26,,PO-2026-96935
5201,1000,142000,1800005201,INV/2026/09/15201,2026-09-18,299.08,EUR,2026-10-18,IC Sale - Logistics Services Sept 18,,PO-2026-50307
5202,1000,142000,1800005202,INV/2026/09/15202,2026-09-03,3002.2,EUR,2026-10-03,IC Sale - Logistics Services Sept 03,,PO-2026-53567
5203,1000,142000,1800005203,INV/2026/09/15203,2026-09-24,320.11,EUR,2026-10-24,IC Sale - Logistics Services Sept 24,,PO-2026-50405
5204,1000,142000,1800005204,INV/2026/09/15204,2026-09-18,1979.95,EUR,2026-10-18,IC Sale - Logistics Services Sept 18,,PO-2026-72784
5205,1000,142000,1800005205,INV/2026/09/15205,2026-09-25,6347.26,EUR,2026-10-25,IC Sale - Logistics Services Sept 25,,PO-2026-73886
5206,1000,142000,1800005206,INV/2026/09/15206,2026-09-22,922.26,EUR,2026-10-22,IC Sale - Logistics Services Sept 22,,PO-2026-33122
5207,1000,142000,1800005207,INV/2026/09/15207,2026-09-18,2914.78,EUR,2026-10-18,IC Sale - Logistics Services Sept 18,,PO-2026-77434
5208,1000,142000,1800005208,INV/2026/09/15208,2026-09-18,1826.62,EUR,2026-10-18,IC Sale - Logistics Services Sept 18,,PO-2026-36044
5209,1000,142000,1800005209,INV/2026/09/15209,2026-09-10,5242.49,EUR,2026-10-10,IC Sale - Logistics Services Sept 10,,PO-2026-82358
5210,1000,142000,1800005210,INV/2026/09/15210,2026-09-24,3179.1,EUR,2026-10-24,IC Sale - Logistics Services Sept 24,,PO-2026-43412
5211,1000,142000,1800005211,INV/2026/09/15211,2026-09-08,358.76,EUR,2026-10-08,IC Sale - Logistics Services Sept 08,,PO-2026-97539
5212,1000,142000,1800005212,INV/2026/09/15212,2026-09-11,6785.51,EUR,2026-10-11,IC Sale - Logistics Services Sept 11,,PO-2026-33870
5213,1000,142000,1800005213,INV/2026/09/15213,2026-09-12,4573.08,EUR,2026-10-12,IC Sale - Logistics Services Sept 12,,PO-2026-40208
5214,1000,142000,1800005214,INV/2026/09/15214,2026-09-18,2707.88,EUR,2026-10-18,IC Sale - Logistics Services Sept 18,,PO-2026-38907
5216,1000,142000,1800005216,INV/2026/09/15216,2026-09-10,4808.96,EUR,2026-10-10,IC Sale - Logistics Services Sept 10,,PO-2026-10093
5217,1000,142000,1800005217,INV/2026/09/15217,2026-09-22,14014.2,EUR,2026-10-22,IC Sale - Logistics Services Sept 22,,PO-2026-83094
5218,1000,142000,1800005218,INV/2026/09/15218,2026-09-19,1253.5,EUR,2026-10-19,IC Sale - Logistics Services Sept 19,,PO-2026-45302
5219,1000,142000,1800005219,INV/2026/09/15219,2026-09-15,7177.68,EUR,2026-10-15,IC Sale - Logistics Services Sept 15,,PO-2026-40212
5220,1000,142000,1800005220,INV/2026/09/15220,2026-09-04,408.05,EUR,2026-10-04,IC Sale - Logistics Services Sept 04,,PO-2026-81161
5221,1000,142000,1800005221,INV/2026/09/15221,2026-09-25,8281.21,EUR,2026-10-25,IC Sale - Logistics Services Sept 25,,PO-2026-25755
5223,1000,142000,1800005223,INV/2026/09/15223,2026-09-05,2895.62,EUR,2026-10-05,IC Sale - Logistics Services Sept 05,,PO-2026-20542
5224,1000,142000,1800005224,INV/2026/09/15224,2026-09-14,945.77,EUR,2026-10-14,IC Sale - Logistics Services Sept 14,,PO-2026-56146
5225,1000,142000,1800005225,INV/2026/09/15225,2026-09-21,14372.5,EUR,2026-10-21,IC Sale - Logistics Services Sept 21,,PO-2026-32926
5226,1000,142000,1800005226,INV/2026/09/15226,2026-09-06,2575.88,EUR,2026-10-06,IC Sale - Logistics Services Sept 06,,PO-2026-54387
5227,1000,142000,1800005227,INV/2026/09/15227,2026-09-08,7371.43,EUR,2026-10-08,IC Sale - Logistics Services Sept 08,,PO-2026-92995
5228,1000,142000,1800005228,INV/2026/09/15228,2026-09-16,1601.36,EUR,2026-10-16,IC Sale - Logistics Services Sept 16,,PO-2026-47480
5229,1000,142000,1800005229,INV/2026/09/15229,2026-09-16,1259.21,EUR,2026-10-16,IC Sale - Logistics Services Sept 16,,PO-2026-88405
5230,1000,142000,1800005230,INV/2026/09/15230,2026-09-09,1045.29,EUR,2026-10-09,IC Sale - Logistics Services Sept 09,,PO-2026-97831
5231,1000,142000,1800005231,INV/2026/09/15231,2026-09-23,207.61,EUR,2026-10-23,IC Sale - Logistics Services Sept 23,,PO-2026-75640
5232,1000,142000,1800005232,INV/2026/09/15232,2026-09-23,457.2,EUR,2026-10-23,IC Sale - Logistics Services Sept 23,,PO-2026-75817
5233,1000,142000,1800005233,INV/2026/09/15233,2026-09-02,3704.29,EUR,2026-10-02,IC Sale - Logistics Services Sept 02,,PO-2026-21768
5234,1000,142000,1800005234,INV/2026/09/15234,2026-09-29,985.62,EUR,2026-10-29,IC Sale - Logistics Services Sept 29,,PO-2026-58417
5235,1000,142000,1800005235,INV/2026/09/15235,2026-09-02,9416.33,EUR,2026-10-02,IC Sale - Logistics Services Sept 02,,PO-2026-80458
5236,1000,142000,1800005236,INV/2026/09/15236,2026-09-24,3431.19,EUR,2026-10-24,IC Sale - Logistics Services Sept 24,,PO-2026-86043
5237,1000,142000,1800005237,INV/2026/09/15237,2026-09-01,5496.04,EUR,2026-10-01,IC Sale - Logistics Services Sept 01,,PO-2026-44268
5238,1000,142000,1800005238,INV/2026/09/15238,2026-09-03,3488.29,EUR,2026-10-03,IC Sale - Logistics Services Sept 03,,PO-2026-96503
5239,1000,142000,1800005239,INV/2026/09/15239,2026-09-25,4872.69,EUR,2026-10-25,IC Sale - Logistics Services Sept 25,,PO-2026-34937
5240,1000,142000,1800005240,INV/2026/09/15240,2026-09-07,2802.35,EUR,2026-10-07,IC Sale - Logistics Services Sept 07,,PO-2026-32620
5241,1000,142000,1800005241,INV/2026/09/15241,2026-09-18,3552.6,EUR,2026-10-18,IC Sale - Logistics Services Sept 18,,PO-2026-94302
5242,1000,142000,1800005242,INV/2026/09/15242,2026-09-24,1442.32,EUR,2026-10-24,IC Sale - Logistics Services Sept 24,,PO-2026-63654
5244,1000,142000,1800005244,INV/2026/09/15244,2026-09-08,386.46,EUR,2026-10-08,IC Sale - Logistics Services Sept 08,,PO-2026-47171
5245,1000,142000,1800005245,INV/2026/09/15245,2026-09-26,581.46,EUR,2026-10-26,IC Sale - Logistics Services Sept 26,,PO-2026-97776
5246,1000,142000,1800005246,INV/2026/09/15246,2026-09-27,669.29,EUR,2026-10-27,IC Sale - Logistics Services Sept 27,,PO-2026-44096
5247,1000,142000,1800005247,INV/2026/09/15247,2026-09-15,7789.8,EUR,2026-10-15,IC Sale - Logistics Services Sept 15,,PO-2026-57794
5248,1000,142000,1800005248,INV/2026/09/15248,2026-09-06,1289.42,EUR,2026-10-06,IC Sale - Logistics Services Sept 06,,PO-2026-12259
5249,1000,142000,1800005249,INV/2026/09/15249,2026-09-16,3506.15,EUR,2026-10-16,IC Sale - Logistics Services Sept 16,,PO-2026-93798
5250,1000,142000,1800005250,INV/2026/09/15250,2026-09-27,10153.72,EUR,2026-10-27,IC Sale - Logistics Services Sept 27,,PO-2026-39335
5251,1000,142000,1800005251,INV/2026/09/15251,2026-09-26,3408.18,EUR,2026-10-26,IC Sale - Logistics Services Sept 26,,PO-2026-34554
5252,1000,142000,1800005252,INV/2026/09/15252,2026-09-05,3642.35,EUR,2026-10-05,IC Sale - Logistics Services Sept 05,,PO-2026-85122
5253,1000,142000,1800005253,INV/2026/09/15253,2026-09-18,2336.21,EUR,2026-10-18,IC Sale - Logistics Services Sept 18,,PO-2026-65356
5254,1000,142000,1800005254,INV/2026/09/15254,2026-09-01,8577.26,EUR,2026-10-01,IC Sale - Logistics Services Sept 01,,PO-2026-40753
5255,1000,142000,1800005255,INV/2026/09/15255,2026-09-01,8258.71,EUR,2026-10-01,IC Sale - Logistics Services Sept 01,,PO-2026-86691
5257,1000,142000,1800005257,INV/2026/09/15257,2026-09-19,10387.11,EUR,2026-10-19,IC Sale - Logistics Services Sept 19,,PO-2026-98417
5258,1000,142000,1800005258,INV/2026/09/15258,2026-09-26,4136.8,EUR,2026-10-26,IC Sale - Logistics Services Sept 26,,PO-2026-98098
5259,1000,142000,1800005259,INV/2026/09/15259,2026-09-16,2006.59,EUR,2026-10-16,IC Sale - Logistics Services Sept 16,,PO-2026-29087
5260,1000,142000,1800005260,INV/2026/09/15260,2026-09-15,4706.14,EUR,2026-10-15,IC Sale - Logistics Services Sept 15,,PO-2026-43318
5261,1000,142000,1800005261,INV/2026/09/15261,2026-09-18,1982.88,EUR,2026-10-18,IC Sale - Logistics Services Sept 18,,PO-2026-87826
5263,1000,142000,1800005263,INV/2026/09/15263,2026-09-23,2365.74,EUR,2026-10-23,IC Sale - Logistics Services Sept 23,,PO-2026-59487
5264,1000,142000,1800005264,INV/2026/09/15264,2026-09-24,2777.13,EUR,2026-10-24,IC Sale - Logistics Services Sept 24,,PO-2026-41700
5265,1000,142000,1800005265,INV/2026/09/15265,2026-09-06,1234.55,EUR,2026-10-06,IC Sale - Logistics Services Sept 06,,PO-2026-93539
5266,1000,142000,1800005266,INV/2026/09/15266,2026-09-18,1211.2,EUR,2026-10-18,IC Sale - Logistics Services Sept 18,,PO-2026-40729
5267,1000,142000,1800005267,INV/2026/09/15267,2026-09-06,2049.47,EUR,2026-10-06,IC Sale - Logistics Services Sept 06,,PO-2026-91822
5268,1000,142000,1800005268,INV/2026/09/15268,2026-09-03,1529.09,EUR,2026-10-03,IC Sale - Logistics Services Sept 03,,PO-2026-20604
5269,1000,142000,1800005269,INV/2026/09/15269,2026-09-10,257.87,EUR,2026-10-10,IC Sale - Logistics Services Sept 10,,PO-2026-60668
5270,1000,142000,1800005270,INV/2026/09/15270,2026-09-21,1969.85,EUR,2026-10-21,IC Sale - Logistics Services Sept 21,,PO-2026-35665
5271,1000,142000,1800005271,INV/2026/09/15271,2026-09-15,4361.53,EUR,2026-10-15,IC Sale - Logistics Services Sept 15,,PO-2026-95600
5272,1000,142000,1800005272,INV/2026/09/15272,2026-09-03,1511.86,EUR,2026-10-03,IC Sale - Logistics Services Sept 03,,PO-2026-90856
5273,1000,142000,1800005273,INV/2026/09/15273,2026-09-07,720.57,EUR,2026-10-07,IC Sale - Logistics Services Sept 07,,PO-2026-98459
5274,1000,142000,1800005274,INV/2026/09/15274,2026-09-05,5744.04,EUR,2026-10-05,IC Sale - Logistics Services Sept 05,,PO-2026-86093
5275,1000,142000,1800005275,INV/2026/09/15275,2026-09-19,14292.3,EUR,2026-10-19,IC Sale - Logistics Services Sept 19,,PO-2026-49553
5276,1000,142000,1800005276,INV/2026/09/15276,2026-09-09,6082.42,EUR,2026-10-09,IC Sale - Logistics Services Sept 09,,PO-2026-38052
5277,1000,142000,1800005277,INV/2026/09/15277,2026-09-17,1083.37,EUR,2026-10-17,IC Sale - Logistics Services Sept 17,,PO-2026-39332
5278,1000,142000,1800005278,INV/2026/09/15278,2026-09-07,1120.25,EUR,2026-10-07,IC Sale - Logistics Services Sept 07,,PO-2026-39384
5279,1000,142000,1800005279,INV/2026/09/15279,2026-09-25,2248.48,EUR,2026-10-25,IC Sale - Logistics Services Sept 25,,PO-2026-38382
5280,1000,142000,1800005280,INV/2026/09/15280,2026-09-05,5126.88,EUR,2026-10-05,IC Sale - Logistics Services Sept 05,,PO-2026-42524
5281,1000,142000,1800005281,INV/2026/09/15281,2026-09-29,11051.72,EUR,2026-10-29,IC Sale - Logistics Services Sept 29,,PO-2026-51729
5282,1000,142000,1800005282,INV/2026/09/15282,2026-09-04,9424.92,EUR,2026-10-04,IC Sale - Logistics Services Sept 04,,PO-2026-67762
5283,1000,142000,1800005283,INV/2026/09/15283,2026-09-23,2274.64,EUR,2026-10-23,IC Sale - Logistics Services Sept 23,,PO-2026-73315
5284,1000,142000,1800005284,INV/2026/09/15284,2026-09-02,1598.18,EUR,2026-10-02,IC Sale - Logistics Services Sept 02,,PO-2026-20254
5285,1000,142000,1800005285,INV/2026/09/15285,2026-09-15,3113.88,EUR,2026-10-15,IC Sale - Logistics Services Sept 15,,PO-2026-30905
5286,1000,142000,1800005286,INV/2026/09/15286,2026-09-04,432.17,EUR,2026-10-04,IC Sale - Logistics Services Sept 04,,PO-2026-50238
5287,1000,142000,1800005287,INV/2026/09/15287,2026-09-14,749.29,EUR,2026-10-14,IC Sale - Logistics Services Sept 14,,PO-2026-93323
5288,1000,142000,1800005288,INV/2026/09/15288,2026-09-26,837.08,EUR,2026-10-26,IC Sale - Logistics Services Sept 26,,PO-2026-89300
5289,1000,142000,1800005289,INV/2026/09/15289,2026-09-05,3354.41,EUR,2026-10-05,IC Sale - Logistics Services Sept 05,,PO-2026-55743
5291,1000,142000,1800005291,INV/2026/09/15291,2026-09-23,1844.84,EUR,2026-10-23,IC Sale - Logistics Services Sept 23,,PO-2026-33856
5292,1000,142000,1800005292,INV/2026/09/15292,2026-09-23,200.17,EUR,2026-10-23,IC Sale - Logistics Services Sept 23,,PO-2026-23440
5293,1000,142000,1800005293,INV/2026/09/15293,2026-09-21,6235.99,EUR,2026-10-21,IC Sale - Logistics Services Sept 21,,PO-2026-76677
5294,1000,142000,1800005294,INV/2026/09/15294,2026-09-08,6870.12,EUR,2026-10-08,IC Sale - Logistics Services Sept 08,,PO-2026-26125
5295,1000,142000,1800005295,INV/2026/09/15295,2026-09-26,639.49,EUR,2026-10-26,IC Sale - Logistics Services Sept 26,,PO-2026-46678
5296,1000,142000,1800005296,INV/2026/09/15296,2026-09-01,11397.43,EUR,2026-10-01,IC Sale - Logistics Services Sept 01,,PO-2026-82665
5297,1000,142000,1800005297,INV/2026/09/15297,2026-09-28,4790.82,EUR,2026-10-28,IC Sale - Logistics Services Sept 28,,PO-2026-71196
5298,1000,142000,1800005298,INV/2026/09/15298,2026-09-01,7031.28,EUR,2026-10-01,IC Sale - Logistics Services Sept 01,,PO-2026-67696
5299,1000,142000,1800005299,INV/2026/09/15299,2026-09-19,11999.98,EUR,2026-10-19,IC Sale - Logistics Services Sept 19,,PO-2026-85500
5300,1000,142000,1800005300,INV/2026/09/15300,2026-09-15,4020.86,EUR,2026-10-15,IC Sale - Logistics Services Sept 15,,PO-2026-38740
5301,1000,142000,1800005301,INV/2026/09/15301,2026-09-28,6550.22,EUR,2026-10-28,IC Sale - Logistics Services Sept 28,,PO-2026-19195
5302,1000,142000,1800005302,INV/2026/09/15302,2026-09-03,3442.81,EUR,2026-10-03,IC Sale - Logistics Services Sept 03,,PO-2026-41274
5303,1000,142000,1800005303,INV/2026/09/15303,2026-09-28,5224.02,EUR,2026-10-28,IC Sale - Logistics Services Sept 28,,PO-2026-65022
5304,1000,142000,1800005304,INV/2026/09/15304,2026-09-19,2148.76,EUR,2026-10-19,IC Sale - Logistics Services Sept 19,,PO-2026-76254
5305,1000,142000,1800005305,INV/2026/09/15305,2026-09-29,857.16,EUR,2026-10-29,IC Sale - Logistics Services Sept 29,,PO-2026-86968
5306,1000,142000,1800005306,INV/2026/09/15306,2026-09-16,2193.95,EUR,2026-10-16,IC Sale - Logistics Services Sept 16,,PO-2026-99092
5307,1000,142000,1800005307,INV/2026/09/15307,2026-09-20,1640.67,EUR,2026-10-20,IC Sale - Logistics Services Sept 20,,PO-2026-58251
5308,1000,142000,1800005308,INV/2026/09/15308,2026-09-18,584.48,EUR,2026-10-18,IC Sale - Logistics Services Sept 18,,PO-2026-96923
5309,1000,142000,1800005309,INV/2026/09/15309,2026-09-24,3678.52,EUR,2026-10-24,IC Sale - Logistics Services Sept 24,,PO-2026-79732
5310,1000,142000,1800005310,INV/2026/09/15310,2026-09-22,1062.96,EUR,2026-10-22,IC Sale - Logistics Services Sept 22,,PO-2026-54476
5311,1000,142000,1800005311,INV/2026/09/15311,2026-09-27,1632.96,EUR,2026-10-27,IC Sale - Logistics Services Sept 27,,PO-2026-25707
5312,1000,142000,1800005312,INV/2026/09/15312,2026-09-12,150.53,EUR,2026-10-12,IC Sale - Logistics Services Sept 12,,PO-2026-23564
5313,1000,142000,1800005313,INV/2026/09/15313,2026-09-11,1127.75,EUR,2026-10-11,IC Sale - Logistics Services Sept 11,,PO-2026-15271
5314,1000,142000,1800005314,INV/2026/09/15314,2026-09-27,7779.92,EUR,2026-10-27,IC Sale - Logistics Services Sept 27,,PO-2026-62725
5315,1000,142000,1800005315,INV/2026/09/15315,2026-09-27,978.79,EUR,2026-10-27,IC Sale - Logistics Services Sept 27,,PO-2026-10370
5316,1000,142000,1800005316,INV/2026/09/15316,2026-09-23,4962.57,EUR,2026-10-23,IC Sale - Logistics Services Sept 23,,PO-2026-93208
5317,1000,142000,1800005317,INV/2026/09/15317,2026-09-02,552.0,EUR,2026-10-02,IC Sale - Logistics Services Sept 02,,PO-2026-70585
5318,1000,142000,1800005318,INV/2026/09/15318,2026-09-16,2378.8,EUR,2026-10-16,IC Sale - Logistics Services Sept 16,,PO-2026-95013
5319,1000,142000,1800005319,INV/2026/09/15319,2026-09-22,2016.84,EUR,2026-10-22,IC Sale - Logistics Services Sept 22,,PO-2026-99481
5320,1000,142000,1800005320,INV/2026/09/15320,2026-09-15,4371.9,EUR,2026-10-15,IC Sale - Logistics Services Sept 15,,PO-2026-36931
5321,1000,142000,1800005321,INV/2026/09/15321,2026-09-14,3413.82,EUR,2026-10-14,IC Sale - Logistics Services Sept 14,,PO-2026-19719
5322,1000,142000,1800005322,INV/2026/09/15322,2026-09-18,1402.69,EUR,2026-10-18,IC Sale - Logistics Services Sept 18,,PO-2026-50826
5323,1000,142000,1800005323,INV/2026/09/15323,2026-09-18,3620.18,EUR,2026-10-18,IC Sale - Logistics Services Sept 18,,PO-2026-73843
5324,1000,142000,1800005324,INV/2026/09/15324,2026-09-09,10193.54,EUR,2026-10-09,IC Sale - Logistics Services Sept 09,,PO-2026-77748
5325,1000,142000,1800005325,INV/2026/09/15325,2026-09-03,3202.02,EUR,2026-10-03,IC Sale - Logistics Services Sept 03,,PO-2026-45685
5326,1000,142000,1800005326,INV/2026/09/15326,2026-09-28,708.65,EUR,2026-10-28,IC Sale - Logistics Services Sept 28,,PO-2026-21500
5327,1000,142000,1800005327,INV/2026/09/15327,2026-09-23,3163.84,EUR,2026-10-23,IC Sale - Logistics Services Sept 23,,PO-2026-17090
5328,1000,142000,1800005328,INV/2026/09/15328,2026-09-26,7599.05,EUR,2026-10-26,IC Sale - Logistics Services Sept 26,,PO-2026-76981
5330,1000,142000,1800005330,INV/2026/09/15330,2026-09-15,1415.77,EUR,2026-10-15,IC Sale - Logistics Services Sept 15,,PO-2026-38752
5331,1000,142000,1800005331,INV/2026/09/15331,2026-09-23,1473.97,EUR,2026-10-23,IC Sale - Logistics Services Sept 23,,PO-2026-18595
5332,1000,142000,1800005332,INV/2026/09/15332,2026-09-19,190.41,EUR,2026-10-19,IC Sale - Logistics Services Sept 19,,PO-2026-11917
5333,1000,142000,1800005333,INV/2026/09/15333,2026-09-12,564.85,EUR,2026-10-12,IC Sale - Logistics Services Sept 12,,PO-2026-48282
5334,1000,142000,1800005334,INV/2026/09/15334,2026-09-07,6294.98,EUR,2026-10-07,IC Sale - Logistics Services Sept 07,,PO-2026-48731
5335,1000,142000,1800005335,INV/2026/09/15335,2026-09-11,3328.71,EUR,2026-10-11,IC Sale - Logistics Services Sept 11,,PO-2026-27500
5336,1000,142000,1800005336,INV/2026/09/15336,2026-09-24,8699.31,EUR,2026-10-24,IC Sale - Logistics Services Sept 24,,PO-2026-68286
5337,1000,142000,1800005337,INV/2026/09/15337,2026-09-25,1852.27,EUR,2026-10-25,IC Sale - Logistics Services Sept 25,,PO-2026-35522
5338,1000,142000,1800005338,INV/2026/09/15338,2026-09-17,22352.84,EUR,2026-10-17,IC Sale - Logistics Services Sept 17,,PO-2026-45522
5339,1000,142000,1800005339,INV/2026/09/15339,2026-09-14,6774.14,EUR,2026-10-14,IC Sale - Logistics Services Sept 14,,PO-2026-56645
5340,1000,142000,1800005340,INV/2026/09/15340,2026-09-15,423.33,EUR,2026-10-15,IC Sale - Logistics Services Sept 15,,PO-2026-42559
5341,1000,142000,1800005341,INV/2026/09/15341,2026-09-18,3073.25,EUR,2026-10-18,IC Sale - Logistics Services Sept 18,,PO-2026-96621
5342,1000,142000,1800005342,INV/2026/09/15342,2026-09-25,1380.0,EUR,2026-10-25,IC Sale - Logistics Services Sept 25,,PO-2026-33809
5343,1000,142000,1800005343,INV/2026/09/15343,2026-09-18,1803.68,EUR,2026-10-18,IC Sale - Logistics Services Sept 18,,PO-2026-67956
5344,1000,142000,1800005344,INV/2026/09/15344,2026-09-14,7132.77,EUR,2026-10-14,IC Sale - Logistics Services Sept 14,,PO-2026-86235
5345,1000,142000,1800005345,INV/2026/09/15345,2026-09-20,5525.73,EUR,2026-10-20,IC Sale - Logistics Services Sept 20,,PO-2026-45563
5346,1000,142000,1800005346,INV/2026/09/15346,2026-09-04,2707.59,EUR,2026-10-04,IC Sale - Logistics Services Sept 04,,PO-2026-50009
5347,1000,142000,1800005347,INV/2026/09/15347,2026-09-03,1360.17,EUR,2026-10-03,IC Sale - Logistics Services Sept 03,,PO-2026-11284
5349,1000,142000,1800005349,INV/2026/09/15349,2026-09-08,5626.99,EUR,2026-10-08,IC Sale - Logistics Services Sept 08,,PO-2026-20604
5350,1000,142000,1800005350,INV/2026/09/15350,2026-09-10,10049.25,EUR,2026-10-10,IC Sale - Logistics Services Sept 10,,PO-2026-94547
5351,1000,142000,1800005351,INV/2026/09/15351,2026-09-29,1231.58,EUR,2026-10-29,IC Sale - Logistics Services Sept 29,,PO-2026-99749
5352,1000,142000,1800005352,INV/2026/09/15352,2026-09-29,3214.3,EUR,2026-10-29,IC Sale - Logistics Services Sept 29,,PO-2026-97038
5353,1000,142000,1800005353,INV/2026/09/15353,2026-09-03,3923.49,EUR,2026-10-03,IC Sale - Logistics Services Sept 03,,PO-2026-93654
5354,1000,142000,1800005354,INV/2026/09/15354,2026-09-21,2548.08,EUR,2026-10-21,IC Sale - Logistics Services Sept 21,,PO-2026-29879
5355,1000,142000,1800005355,INV/2026/09/15355,2026-09-03,3312.08,EUR,2026-10-03,IC Sale - Logistics Services Sept 03,,PO-2026-19984
5356,1000,142000,1800005356,INV/2026/09/15356,2026-09-25,4877.05,EUR,2026-10-25,IC Sale - Logistics Services Sept 25,,PO-2026-87742
5357,1000,142000,1800005357,INV/2026/09/15357,2026-09-08,7799.88,EUR,2026-10-08,IC Sale - Logistics Services Sept 08,,PO-2026-56374
5358,1000,142000,1800005358,INV/2026/09/15358,2026-09-05,3576.14,EUR,2026-10-05,IC Sale - Logistics Services Sept 05,,PO-2026-51554
5359,1000,142000,1800005359,INV/2026/09/15359,2026-09-19,3753.94,EUR,2026-10-19,IC Sale - Logistics Services Sept 19,,PO-2026-82331
5360,1000,142000,1800005360,INV/2026/09/15360,2026-09-08,7313.25,EUR,2026-10-08,IC Sale - Logistics Services Sept 08,,PO-2026-53865
5361,1000,142000,1800005361,INV/2026/09/15361,2026-09-06,4313.05,EUR,2026-10-06,IC Sale - Logistics Services Sept 06,,PO-2026-92947
5362,1000,142000,1800005362,INV/2026/09/15362,2026-09-05,10683.05,EUR,2026-10-05,IC Sale - Logistics Services Sept 05,,PO-2026-51268
5363,1000,142000,1800005363,INV/2026/09/15363,2026-09-12,8247.36,EUR,2026-10-12,IC Sale - Logistics Services Sept 12,,PO-2026-52943
5364,1000,142000,1800005364,INV/2026/09/15364,2026-09-05,5526.61,EUR,2026-10-05,IC Sale - Logistics Services Sept 05,,PO-2026-73611
5365,1000,142000,1800005365,INV/2026/09/15365,2026-09-10,192.7,EUR,2026-10-10,IC Sale - Logistics Services Sept 10,,PO-2026-36652
5366,1000,142000,1800005366,INV/2026/09/15366,2026-09-22,4928.99,EUR,2026-10-22,IC Sale - Logistics Services Sept 22,,PO-2026-92848
5367,1000,142000,1800005367,INV/2026/09/15367,2026-09-24,6330.87,EUR,2026-10-24,IC Sale - Logistics Services Sept 24,,PO-2026-66163
5368,1000,142000,1800005368,INV/2026/09/15368,2026-09-01,3213.61,EUR,2026-10-01,IC Sale - Logistics Services Sept 01,,PO-2026-57397
5369,1000,142000,1800005369,INV/2026/09/15369,2026-09-09,923.42,EUR,2026-10-09,IC Sale - Logistics Services Sept 09,,PO-2026-90827
5370,1000,142000,1800005370,INV/2026/09/15370,2026-09-15,1321.54,EUR,2026-10-15,IC Sale - Logistics Services Sept 15,,PO-2026-33071
5371,1000,142000,1800005371,INV/2026/09/15371,2026-09-22,6314.69,EUR,2026-10-22,IC Sale - Logistics Services Sept 22,,PO-2026-63944
5372,1000,142000,1800005372,INV/2026/09/15372,2026-09-15,602.11,EUR,2026-10-15,IC Sale - Logistics Services Sept 15,,PO-2026-97442
5373,1000,142000,1800005373,INV/2026/09/15373,2026-09-26,4711.37,EUR,2026-10-26,IC Sale - Logistics Services Sept 26,,PO-2026-50470
5374,1000,142000,1800005374,INV/2026/09/15374,2026-09-23,222.74,EUR,2026-10-23,IC Sale - Logistics Services Sept 23,,PO-2026-78689
5375,1000,142000,1800005375,INV/2026/09/15375,2026-09-25,4648.5,EUR,2026-10-25,IC Sale - Logistics Services Sept 25,,PO-2026-45267
5376,1000,142000,1800005376,INV/2026/09/15376,2026-09-24,238.55,EUR,2026-10-24,IC Sale - Logistics Services Sept 24,,PO-2026-65737
5377,1000,142000,1800005377,INV/2026/09/15377,2026-09-12,1378.75,EUR,2026-10-12,IC Sale - Logistics Services Sept 12,,PO-2026-50560
5378,1000,142000,1800005378,INV/2026/09/15378,2026-09-10,7883.56,EUR,2026-10-10,IC Sale - Logistics Services Sept 10,,PO-2026-25541
5379,1000,142000,1800005379,INV/2026/09/15379,2026-09-05,1124.23,EUR,2026-10-05,IC Sale - Logistics Services Sept 05,,PO-2026-96984
5380,1000,142000,1800005380,INV/2026/09/15380,2026-09-13,4337.93,EUR,2026-10-13,IC Sale - Logistics Services Sept 13,,PO-2026-17559
5382,1000,142000,1800005382,INV/2026/09/15382,2026-09-03,5457.88,EUR,2026-10-03,IC Sale - Logistics Services Sept 03,,PO-2026-62385
5383,1000,142000,1800005383,INV/2026/09/15383,2026-09-02,3031.29,EUR,2026-10-02,IC Sale - Logistics Services Sept 02,,PO-2026-56032
5384,1000,142000,1800005384,INV/2026/09/15384,2026-09-14,1171.53,EUR,2026-10-14,IC Sale - Logistics Services Sept 14,,PO-2026-73003
5385,1000,142000,1800005385,INV/2026/09/15385,2026-09-20,1402.27,EUR,2026-10-20,IC Sale - Logistics Services Sept 20,,PO-2026-68857
5386,1000,142000,1800005386,INV/2026/09/15386,2026-09-12,2445.15,EUR,2026-10-12,IC Sale - Logistics Services Sept 12,,PO-2026-85217
5387,1000,142000,1800005387,INV/2026/09/15387,2026-09-19,4697.35,EUR,2026-10-19,IC Sale - Logistics Services Sept 19,,PO-2026-65259
5388,1000,142000,1800005388,INV/2026/09/15388,2026-09-28,6138.64,EUR,2026-10-28,IC Sale - Logistics Services Sept 28,,PO-2026-68300
5389,1000,142000,1800005389,INV/2026/09/15389,2026-09-18,962.08,EUR,2026-10-18,IC Sale - Logistics Services Sept 18,,PO-2026-62614
5390,1000,142000,1800005390,INV/2026/09/15390,2026-09-07,2549.09,EUR,2026-10-07,IC Sale - Logistics Services Sept 07,,PO-2026-41885
5391,1000,142000,1800005391,INV/2026/09/15391,2026-09-07,5245.24,EUR,2026-10-07,IC Sale - Logistics Services Sept 07,,PO-2026-33138
5392,1000,142000,1800005392,INV/2026/09/15392,2026-09-09,1258.74,EUR,2026-10-09,IC Sale - Logistics Services Sept 09,,PO-2026-22136
5393,1000,142000,1800005393,INV/2026/09/15393,2026-09-20,1380.55,EUR,2026-10-20,IC Sale - Logistics Services Sept 20,,PO-2026-23425
5394,1000,142000,1800005394,INV/2026/09/15394,2026-09-14,2046.95,EUR,2026-10-14,IC Sale - Logistics Services Sept 14,,PO-2026-47834
5395,1000,142000,1800005395,INV/2026/09/15395,2026-09-28,9896.93,EUR,2026-10-28,IC Sale - Logistics Services Sept 28,,PO-2026-52913
5396,1000,142000,1800005396,INV/2026/09/15396,2026-09-19,4312.06,EUR,2026-10-19,IC Sale - Logistics Services Sept 19,,PO-2026-28141
5397,1000,142000,1800005397,INV/2026/09/15397,2026-09-16,3478.94,EUR,2026-10-16,IC Sale - Logistics Services Sept 16,,PO-2026-60894
5398,1000,142000,1800005398,INV/2026/09/15398,2026-09-18,1437.19,EUR,2026-10-18,IC Sale - Logistics Services Sept 18,,PO-2026-78530
5399,1000,142000,1800005399,INV/2026/09/15399,2026-09-07,2899.18,EUR,2026-10-07,IC Sale - Logistics Services Sept 07,,PO-2026-31211
5400,1000,142000,1800005400,INV/2026/09/15400,2026-09-26,3909.38,EUR,2026-10-26,IC Sale - Logistics Services Sept 26,,PO-2026-92529
5401,1000,142000,1800005401,INV/2026/09/15401,2026-09-15,5588.17,EUR,2026-10-15,IC Sale - Logistics Services Sept 15,,PO-2026-10051
5402,1000,142000,1800005402,INV/2026/09/15402,2026-09-28,2127.18,EUR,2026-10-28,IC Sale - Logistics Services Sept 28,,PO-2026-90502
5403,1000,142000,1800005403,INV/2026/09/15403,2026-09-07,2195.0,EUR,2026-10-07,IC Sale - Logistics Services Sept 07,,PO-2026-27286
5404,1000,142000,1800005404,INV/2026/09/15404,2026-09-22,7946.27,EUR,2026-10-22,IC Sale - Logistics Services Sept 22,,PO-2026-29420
5405,1000,142000,1800005405,INV/2026/09/15405,2026-09-02,2229.52,EUR,2026-10-02,IC Sale - Logistics Services Sept 02,,PO-2026-44437
5406,1000,142000,1800005406,INV/2026/09/15406,2026-09-03,1458.25,EUR,2026-10-03,IC Sale - Logistics Services Sept 03,,PO-2026-82660
5407,1000,142000,1800005407,INV/2026/09/15407,2026-09-20,3459.44,EUR,2026-10-20,IC Sale - Logistics Services Sept 20,,PO-2026-23031
5408,1000,142000,1800005408,INV/2026/09/15408,2026-09-25,6493.95,EUR,2026-10-25,IC Sale - Logistics Services Sept 25,,PO-2026-77052
5409,1000,142000,1800005409,INV/2026/09/15409,2026-09-08,2166.33,EUR,2026-10-08,IC Sale - Logistics Services Sept 08,,PO-2026-51702
5410,1000,142000,1800005410,INV/2026/09/15410,2026-09-21,777.99,EUR,2026-10-21,IC Sale - Logistics Services Sept 21,,PO-2026-86810
5411,1000,142000,1800005411,INV/2026/09/15411,2026-09-25,2086.61,EUR,2026-10-25,IC Sale - Logistics Services Sept 25,,PO-2026-20919
5412,1000,142000,1800005412,INV/2026/09/15412,2026-09-23,1819.5,EUR,2026-10-23,IC Sale - Logistics Services Sept 23,,PO-2026-32667
5413,1000,142000,1800005413,INV/2026/09/15413,2026-09-24,2674.02,EUR,2026-10-24,IC Sale - Logistics Services Sept 24,,PO-2026-36499
5414,1000,142000,1800005414,INV/2026/09/15414,2026-09-18,2602.74,EUR,2026-10-18,IC Sale - Logistics Services Sept 18,,PO-2026-24474
5415,1000,142000,1800005415,INV/2026/09/15415,2026-09-09,2102.35,EUR,2026-10-09,IC Sale - Logistics Services Sept 09,,PO-2026-23133
5416,1000,142000,1800005416,INV/2026/09/15416,2026-09-06,3920.28,EUR,2026-10-06,IC Sale - Logistics Services Sept 06,,PO-2026-86494
5417,1000,142000,1800005417,INV/2026/09/15417,2026-09-16,2157.11,EUR,2026-10-16,IC Sale - Logistics Services Sept 16,,PO-2026-63070
5418,1000,142000,1800005418,INV/2026/09/15418,2026-09-15,5818.85,EUR,2026-10-15,IC Sale - Logistics Services Sept 15,,PO-2026-97488
5419,1000,142000,1800005419,INV/2026/09/15419,2026-09-15,3291.46,EUR,2026-10-15,IC Sale - Logistics Services Sept 15,,PO-2026-23864
5420,1000,142000,1800005420,INV/2026/09/15420,2026-09-22,14210.76,EUR,2026-10-22,IC Sale - Logistics Services Sept 22,,PO-2026-30184
5421,1000,142000,1800005421,INV/2026/09/15421,2026-09-11,4250.23,EUR,2026-10-11,IC Sale - Logistics Services Sept 11,,PO-2026-73310
5422,1000,142000,1800005422,INV/2026/09/15422,2026-09-24,3913.9,EUR,2026-10-24,IC Sale - Logistics Services Sept 24,,PO-2026-16955
5423,1000,142000,1800005423,INV/2026/09/15423,2026-09-02,8637.83,EUR,2026-10-02,IC Sale - Logistics Services Sept 02,,PO-2026-51371
5424,1000,142000,1800005424,INV/2026/09/15424,2026-09-22,4538.55,EUR,2026-10-22,IC Sale - Logistics Services Sept 22,,PO-2026-68952
5425,1000,142000,1800005425,INV/2026/09/15425,2026-09-01,6357.67,EUR,2026-10-01,IC Sale - Logistics Services Sept 01,,PO-2026-45570
5426,1000,142000,1800005426,INV/2026/09/15426,2026-09-23,4053.46,EUR,2026-10-23,IC Sale - Logistics Services Sept 23,,PO-2026-14263
5427,1000,142000,1800005427,INV/2026/09/15427,2026-09-16,1800.43,EUR,2026-10-16,IC Sale - Logistics Services Sept 16,,PO-2026-54567
5428,1000,142000,1800005428,INV/2026/09/15428,2026-09-07,19052.45,EUR,2026-10-07,IC Sale - Logistics Services Sept 07,,PO-2026-86377
5429,1000,142000,1800005429,INV/2026/09/15429,2026-09-05,3792.43,EUR,2026-10-05,IC Sale - Logistics Services Sept 05,,PO-2026-93408
5430,1000,142000,1800005430,INV/2026/09/15430,2026-09-20,6616.55,EUR,2026-10-20,IC Sale - Logistics Services Sept 20,,PO-2026-58868
5431,1000,142000,1800005431,INV/2026/09/15431,2026-09-13,1233.46,EUR,2026-10-13,IC Sale - Logistics Services Sept 13,,PO-2026-19959
5432,1000,142000,1800005432,INV/2026/09/15432,2026-09-02,3688.59,EUR,2026-10-02,IC Sale - Logistics Services Sept 02,,PO-2026-48788
5433,1000,142000,1800005433,INV/2026/09/15433,2026-09-01,646.09,EUR,2026-10-01,IC Sale - Logistics Services Sept 01,,PO-2026-95693
5434,1000,142000,1800005434,INV/2026/09/15434,2026-09-01,556.37,EUR,2026-10-01,IC Sale - Logistics Services Sept 01,,PO-2026-37419
5435,1000,142000,1800005435,INV/2026/09/15435,2026-09-12,3069.04,EUR,2026-10-12,IC Sale - Logistics Services Sept 12,,PO-2026-48218
5436,1000,142000,1800005436,INV/2026/09/15436,2026-09-11,1006.43,EUR,2026-10-11,IC Sale - Logistics Services Sept 11,,PO-2026-68834
5437,1000,142000,1800005437,INV/2026/09/15437,2026-09-06,495.47,EUR,2026-10-06,IC Sale - Logistics Services Sept 06,,PO-2026-91006
5438,1000,142000,1800005438,INV/2026/09/15438,2026-09-27,14629.74,EUR,2026-10-27,IC Sale - Logistics Services Sept 27,,PO-2026-62671
5439,1000,142000,1800005439,INV/2026/09/15439,2026-09-29,1639.52,EUR,2026-10-29,IC Sale - Logistics Services Sept 29,,PO-2026-32316
5440,1000,142000,1800005440,INV/2026/09/15440,2026-09-14,5492.84,EUR,2026-10-14,IC Sale - Logistics Services Sept 14,,PO-2026-73802
5441,1000,142000,1800005441,INV/2026/09/15441,2026-09-01,1910.87,EUR,2026-10-01,IC Sale - Logistics Services Sept 01,,PO-2026-87788
5443,1000,142000,1800005443,INV/2026/09/15443,2026-09-01,4668.46,EUR,2026-10-01,IC Sale - Logistics Services Sept 01,,PO-2026-73153
5444,1000,142000,1800005444,INV/2026/09/15444,2026-09-25,771.28,EUR,2026-10-25,IC Sale - Logistics Services Sept 25,,PO-2026-93329
5445,1000,142000,1800005445,INV/2026/09/15445,2026-09-04,871.5,EUR,2026-10-04,IC Sale - Logistics Services Sept 04,,PO-2026-33777
5446,1000,142000,1800005446,INV/2026/09/15446,2026-09-04,629.28,EUR,2026-10-04,IC Sale - Logistics Services Sept 04,,PO-2026-29160
5447,1000,142000,1800005447,INV/2026/09/15447,2026-09-26,6029.64,EUR,2026-10-26,IC Sale - Logistics Services Sept 26,,PO-2026-24315
5448,1000,142000,1800005448,INV/2026/09/15448,2026-09-04,700.71,EUR,2026-10-04,IC Sale - Logistics Services Sept 04,,PO-2026-54143
5449,1000,142000,1800005449,INV/2026/09/15449,2026-09-24,1770.47,EUR,2026-10-24,IC Sale - Logistics Services Sept 24,,PO-2026-83989
5450,1000,142000,1800005450,INV/2026/09/15450,2026-09-29,8576.96,EUR,2026-10-29,IC Sale - Logistics Services Sept 29,,PO-2026-46709
5451,1000,142000,1800005451,INV/2026/09/15451,2026-09-11,819.95,EUR,2026-10-11,IC Sale - Logistics Services Sept 11,,PO-2026-40535
5452,1000,142000,1800005452,INV/2026/09/15452,2026-09-17,2077.15,EUR,2026-10-17,IC Sale - Logistics Services Sept 17,,PO-2026-23870
5453,1000,142000,1800005453,INV/2026/09/15453,2026-09-11,5331.3,EUR,2026-10-11,IC Sale - Logistics Services Sept 11,,PO-2026-53280
5454,1000,142000,1800005454,INV/2026/09/15454,2026-09-24,9184.72,EUR,2026-10-24,IC Sale - Logistics Services Sept 24,,PO-2026-65557
5455,1000,142000,1800005455,INV/2026/09/15455,2026-09-07,8484.52,EUR,2026-10-07,IC Sale - Logistics Services Sept 07,,PO-2026-31034
5456,1000,142000,1800005456,INV/2026/09/15456,2026-09-08,5773.52,EUR,2026-10-08,IC Sale - Logistics Services Sept 08,,PO-2026-49619
5457,1000,142000,1800005457,INV/2026/09/15457,2026-09-20,3747.3,EUR,2026-10-20,IC Sale - Logistics Services Sept 20,,PO-2026-17107
5458,1000,142000,1800005458,INV/2026/09/15458,2026-09-11,3716.84,EUR,2026-10-11,IC Sale - Logistics Services Sept 11,,PO-2026-14576
5459,1000,142000,1800005459,INV/2026/09/15459,2026-09-05,11239.92,EUR,2026-10-05,IC Sale - Logistics Services Sept 05,,PO-2026-96412
5460,1000,142000,1800005460,INV/2026/09/15460,2026-09-22,5751.02,EUR,2026-10-22,IC Sale - Logistics Services Sept 22,,PO-2026-14929
5461,1000,142000,1800005461,INV/2026/09/15461,2026-09-04,9318.24,EUR,2026-10-04,IC Sale - Logistics Services Sept 04,,PO-2026-99746
5462,1000,142000,1800005462,INV/2026/09/15462,2026-09-25,1191.87,EUR,2026-10-25,IC Sale - Logistics Services Sept 25,,PO-2026-23282
5463,1000,142000,1800005463,INV/2026/09/15463,2026-09-05,2678.67,EUR,2026-10-05,IC Sale - Logistics Services Sept 05,,PO-2026-68672
5464,1000,142000,1800005464,INV/2026/09/15464,2026-09-13,1887.97,EUR,2026-10-13,IC Sale - Logistics Services Sept 13,,PO-2026-76638
5465,1000,142000,1800005465,INV/2026/09/15465,2026-09-21,1872.87,EUR,2026-10-21,IC Sale - Logistics Services Sept 21,,PO-2026-60307
5466,1000,142000,1800005466,INV/2026/09/15466,2026-09-27,3749.48,EUR,2026-10-27,IC Sale - Logistics Services Sept 27,,PO-2026-12051
5467,1000,142000,1800005467,INV/2026/09/15467,2026-09-25,2808.54,EUR,2026-10-25,IC Sale - Logistics Services Sept 25,,PO-2026-59628
5468,1000,142000,1800005468,INV/2026/09/15468,2026-09-02,193.48,EUR,2026-10-02,IC Sale - Logistics Services Sept 02,,PO-2026-38718
5469,1000,142000,1800005469,INV/2026/09/15469,2026-09-19,2642.49,EUR,2026-10-19,IC Sale - Logistics Services Sept 19,,PO-2026-78946
5470,1000,142000,1800005470,INV/2026/09/15470,2026-09-22,3002.05,EUR,2026-10-22,IC Sale - Logistics Services Sept 22,,PO-2026-31736
5471,1000,142000,1800005471,INV/2026/09/15471,2026-09-17,257.74,EUR,2026-10-17,IC Sale - Logistics Services Sept 17,,PO-2026-44867
5472,1000,142000,1800005472,INV/2026/09/15472,2026-09-18,8319.75,EUR,2026-10-18,IC Sale - Logistics Services Sept 18,,PO-2026-71160
5473,1000,142000,1800005473,INV/2026/09/15473,2026-09-02,1688.25,EUR,2026-10-02,IC Sale - Logistics Services Sept 02,,PO-2026-10783
5474,1000,142000,1800005474,INV/2026/09/15474,2026-09-15,1387.31,EUR,2026-10-15,IC Sale - Logistics Services Sept 15,,PO-2026-74965
5475,1000,142000,1800005475,INV/2026/09/15475,2026-09-15,1709.81,EUR,2026-10-15,IC Sale - Logistics Services Sept 15,,PO-2026-61306
5476,1000,142000,1800005476,INV/2026/09/15476,2026-09-14,4010.82,EUR,2026-10-14,IC Sale - Logistics Services Sept 14,,PO-2026-10495
5479,1000,142000,1800005479,INV/2026/09/15479,2026-09-25,1807.07,EUR,2026-10-25,IC Sale - Logistics Services Sept 25,,PO-2026-97303
5480,1000,142000,1800005480,INV/2026/09/15480,2026-09-09,443.8,EUR,2026-10-09,IC Sale - Logistics Services Sept 09,,PO-2026-12847
5481,1000,142000,1800005481,INV/2026/09/15481,2026-09-15,8870.3,EUR,2026-10-15,IC Sale - Logistics Services Sept 15,,PO-2026-30575
5482,1000,142000,1800005482,INV/2026/09/15482,2026-09-25,2291.33,EUR,2026-10-25,IC Sale - Logistics Services Sept 25,,PO-2026-63459
5483,1000,142000,1800005483,INV/2026/09/15483,2026-09-08,13526.67,EUR,2026-10-08,IC Sale - Logistics Services Sept 08,,PO-2026-24452
5484,1000,142000,1800005484,INV/2026/09/15484,2026-09-27,2075.61,EUR,2026-10-27,IC Sale - Logistics Services Sept 27,,PO-2026-39581
5485,1000,142000,1800005485,INV/2026/09/15485,2026-09-07,722.43,EUR,2026-10-07,IC Sale - Logistics Services Sept 07,,PO-2026-84955
5486,1000,142000,1800005486,INV/2026/09/15486,2026-09-19,924.7,EUR,2026-10-19,IC Sale - Logistics Services Sept 19,,PO-2026-86567
5487,1000,142000,1800005487,INV/2026/09/15487,2026-09-13,159.99,EUR,2026-10-13,IC Sale - Logistics Services Sept 13,,PO-2026-70056
5488,1000,142000,1800005488,INV/2026/09/15488,2026-09-04,968.41,EUR,2026-10-04,IC Sale - Logistics Services Sept 04,,PO-2026-57649
5489,1000,142000,1800005489,INV/2026/09/15489,2026-09-28,483.07,EUR,2026-10-28,IC Sale - Logistics Services Sept 28,,PO-2026-11072
5490,1000,142000,1800005490,INV/2026/09/15490,2026-09-22,2378.68,EUR,2026-10-22,IC Sale - Logistics Services Sept 22,,PO-2026-31537
5491,1000,142000,1800005491,INV/2026/09/15491,2026-09-17,4919.37,EUR,2026-10-17,IC Sale - Logistics Services Sept 17,,PO-2026-72605
5492,1000,142000,1800005492,INV/2026/09/15492,2026-09-28,192.01,EUR,2026-10-28,IC Sale - Logistics Services Sept 28,,PO-2026-91553
5493,1000,142000,1800005493,INV/2026/09/15493,2026-09-03,2271.28,EUR,2026-10-03,IC Sale - Logistics Services Sept 03,,PO-2026-28729
5494,1000,142000,1800005494,INV/2026/09/15494,2026-09-13,12246.42,EUR,2026-10-13,IC Sale - Logistics Services Sept 13,,PO-2026-26279
5495,1000,142000,1800005495,INV/2026/09/15495,2026-09-05,2374.95,EUR,2026-10-05,IC Sale - Logistics Services Sept 05,,PO-2026-60008
5496,1000,142000,1800005496,INV/2026/09/15496,2026-09-23,2750.01,EUR,2026-10-23,IC Sale - Logistics Services Sept 23,,PO-2026-60609
5497,1000,142000,1800005497,INV/2026/09/15497,2026-09-29,2916.13,EUR,2026-10-29,IC Sale - Logistics Services Sept 29,,PO-2026-43354
5498,1000,142000,1800005498,INV/2026/09/15498,2026-09-04,3136.9,EUR,2026-10-04,IC Sale - Logistics Services Sept 04,,PO-2026-27028
5499,1000,142000,1800005499,INV/2026/09/15499,2026-09-26,5755.17,EUR,2026-10-26,IC Sale - Logistics Services Sept 26,,PO-2026-89507
5500,1000,142000,1800005500,INV/2026/09/15500,2026-09-15,1253.02,EUR,2026-10-15,IC Sale - Logistics Services Sept 15,,PO-2026-73314
5501,1000,142000,1800005501,INV/2026/09/15501,2026-09-26,160.7,EUR,2026-10-26,IC Sale - Logistics Services Sept 26,,PO-2026-84802
5502,1000,142000,1800005502,INV/2026/09/15502,2026-09-09,957.03,EUR,2026-10-09,IC Sale - Logistics Services Sept 09,,PO-2026-43296
5504,1000,142000,1800005504,INV/2026/09/15504,2026-09-14,302.93,EUR,2026-10-14,IC Sale - Logistics Services Sept 14,,PO-2026-50694
5505,1000,142000,1800005505,INV/2026/09/15505,2026-09-22,9034.15,EUR,2026-10-22,IC Sale - Logistics Services Sept 22,,PO-2026-27976
5507,1000,142000,1800005507,INV/2026/09/15507,2026-09-16,5030.5,EUR,2026-10-16,IC Sale - Logistics Services Sept 16,,PO-2026-18724
5508,1000,142000,1800005508,INV/2026/09/15508,2026-09-25,7371.64,EUR,2026-10-25,IC Sale - Logistics Services Sept 25,,PO-2026-59583
5509,1000,142000,1800005509,INV/2026/09/15509,2026-09-18,8199.73,EUR,2026-10-18,IC Sale - Logistics Services Sept 18,,PO-2026-63266
5510,1000,142000,1800005510,INV/2026/09/15510,2026-09-24,4159.52,EUR,2026-10-24,IC Sale - Logistics Services Sept 24,,PO-2026-10346
5511,1000,142000,1800005511,INV/2026/09/15511,2026-09-25,1508.39,EUR,2026-10-25,IC Sale - Logistics Services Sept 25,,PO-2026-41245
5512,1000,142000,1800005512,INV/2026/09/15512,2026-09-24,338.68,EUR,2026-10-24,IC Sale - Logistics Services Sept 24,,PO-2026-58961
5513,1000,142000,1800005513,INV/2026/09/15513,2026-09-03,6948.05,EUR,2026-10-03,IC Sale - Logistics Services Sept 03,,PO-2026-55523
5514,1000,142000,1800005514,INV/2026/09/15514,2026-09-05,1268.27,EUR,2026-10-05,IC Sale - Logistics Services Sept 05,,PO-2026-34422
5515,1000,142000,1800005515,INV/2026/09/15515,2026-09-22,6292.09,EUR,2026-10-22,IC Sale - Logistics Services Sept 22,,PO-2026-12038
5516,1000,142000,1800005516,INV/2026/09/15516,2026-09-10,821.28,EUR,2026-10-10,IC Sale - Logistics Services Sept 10,,PO-2026-90790
5517,1000,142000,1800005517,INV/2026/09/15517,2026-09-15,281.01,EUR,2026-10-15,IC Sale - Logistics Services Sept 15,,PO-2026-73207
5518,1000,142000,1800005518,INV/2026/09/15518,2026-09-25,3614.23,EUR,2026-10-25,IC Sale - Logistics Services Sept 25,,PO-2026-95177
5519,1000,142000,1800005519,INV/2026/09/15519,2026-09-15,179.13,EUR,2026-10-15,IC Sale - Logistics Services Sept 15,,PO-2026-97780
5520,1000,142000,1800005520,INV/2026/09/15520,2026-09-08,6957.03,EUR,2026-10-08,IC Sale - Logistics Services Sept 08,,PO-2026-92437
5521,1000,142000,1800005521,INV/2026/09/15521,2026-09-15,324.87,EUR,2026-10-15,IC Sale - Logistics Services Sept 15,,PO-2026-28997
5522,1000,142000,1800005522,INV/2026/09/15522,2026-09-12,1744.27,EUR,2026-10-12,IC Sale - Logistics Services Sept 12,,PO-2026-57241
5523,1000,142000,1800005523,INV/2026/09/15523,2026-09-05,7526.93,EUR,2026-10-05,IC Sale - Logistics Services Sept 05,,PO-2026-24796
5524,1000,142000,1800005524,INV/2026/09/15524,2026-09-09,2610.62,EUR,2026-10-09,IC Sale - Logistics Services Sept 09,,PO-2026-94067
5525,1000,142000,1800005525,INV/2026/09/15525,2026-09-22,204.66,EUR,2026-10-22,IC Sale - Logistics Services Sept 22,,PO-2026-44597
5526,1000,142000,1800005526,INV/2026/09/15526,2026-09-01,255.6,EUR,2026-10-01,IC Sale - Logistics Services Sept 01,,PO-2026-81553
5527,1000,142000,1800005527,INV/2026/09/15527,2026-09-17,1678.08,EUR,2026-10-17,IC Sale - Logistics Services Sept 17,,PO-2026-38864
5528,1000,142000,1800005528,INV/2026/09/15528,2026-09-03,6666.92,EUR,2026-10-03,IC Sale - Logistics Services Sept 03,,PO-2026-87996
5529,1000,142000,1800005529,INV/2026/09/15529,2026-09-22,535.98,EUR,2026-10-22,IC Sale - Logistics Services Sept 22,,PO-2026-38634
5530,1000,142000,1800005530,INV/2026/09/15530,2026-09-28,2748.2,EUR,2026-10-28,IC Sale - Logistics Services Sept 28,,PO-2026-85015
5531,1000,142000,1800005531,INV/2026/09/15531,2026-09-17,8283.8,EUR,2026-10-17,IC Sale - Logistics Services Sept 17,,PO-2026-68459
5532,1000,142000,1800005532,INV/2026/09/15532,2026-09-20,10312.06,EUR,2026-10-20,IC Sale - Logistics Services Sept 20,,PO-2026-38640
5533,1000,142000,1800005533,INV/2026/09/15533,2026-09-10,10352.15,EUR,2026-10-10,IC Sale - Logistics Services Sept 10,,PO-2026-84001
5534,1000,142000,1800005534,INV/2026/09/15534,2026-09-20,3944.12,EUR,2026-10-20,IC Sale - Logistics Services Sept 20,,PO-2026-43887
5535,1000,142000,1800005535,INV/2026/09/15535,2026-09-06,1036.7,EUR,2026-10-06,IC Sale - Logistics Services Sept 06,,PO-2026-51936
5536,1000,142000,1800005536,INV/2026/09/15536,2026-09-06,1169.12,EUR,2026-10-06,IC Sale - Logistics Services Sept 06,,PO-2026-85965
5537,1000,142000,1800005537,INV/2026/09/15537,2026-09-10,2192.45,EUR,2026-10-10,IC Sale - Logistics Services Sept 10,,PO-2026-46869
5538,1000,142000,1800005538,INV/2026/09/15538,2026-09-12,3339.53,EUR,2026-10-12,IC Sale - Logistics Services Sept 12,,PO-2026-74089
5539,1000,142000,1800005539,INV/2026/09/15539,2026-09-17,670.13,EUR,2026-10-17,IC Sale - Logistics Services Sept 17,,PO-2026-20093
5540,1000,142000,1800005540,INV/2026/09/15540,2026-09-10,888.16,EUR,2026-10-10,IC Sale - Logistics Services Sept 10,,PO-2026-71667
5541,1000,142000,1800005541,INV/2026/09/15541,2026-09-12,8234.56,EUR,2026-10-12,IC Sale - Logistics Services Sept 12,,PO-2026-84086
5542,1000,142000,1800005542,INV/2026/09/15542,2026-09-07,1502.98,EUR,2026-10-07,IC Sale - Logistics Services Sept 07,,PO-2026-15240
5543,1000,142000,1800005543,INV/2026/09/15543,2026-09-27,3390.61,EUR,2026-10-27,IC Sale - Logistics Services Sept 27,,PO-2026-89698
5544,1000,142000,1800005544,INV/2026/09/15544,2026-09-17,611.05,EUR,2026-10-17,IC Sale - Logistics Services Sept 17,,PO-2026-70920
5545,1000,142000,1800005545,INV/2026/09/15545,2026-09-13,360.72,EUR,2026-10-13,IC Sale - Logistics Services Sept 13,,PO-2026-68997
5546,1000,142000,1800005546,INV/2026/09/15546,2026-09-11,2147.29,EUR,2026-10-11,IC Sale - Logistics Services Sept 11,,PO-2026-80360
5547,1000,142000,1800005547,INV/2026/09/15547,2026-09-22,4154.79,EUR,2026-10-22,IC Sale - Logistics Services Sept 22,,PO-2026-14254
5548,1000,142000,1800005548,INV/2026/09/15548,2026-09-27,3277.75,EUR,2026-10-27,IC Sale - Logistics Services Sept 27,,PO-2026-37591
5549,1000,142000,1800005549,INV/2026/09/15549,2026-09-29,2521.79,EUR,2026-10-29,IC Sale - Logistics Services Sept 29,,PO-2026-86591
5550,1000,142000,1800005550,INV/2026/09/15550,2026-09-08,493.34,EUR,2026-10-08,IC Sale - Logistics Services Sept 08,,PO-2026-45588
5551,1000,142000,1800005551,INV/2026/09/15551,2026-09-20,765.76,EUR,2026-10-20,IC Sale - Logistics Services Sept 20,,PO-2026-55580
5552,1000,142000,1800005552,INV/2026/09/15552,2026-09-23,6492.85,EUR,2026-10-23,IC Sale - Logistics Services Sept 23,,PO-2026-19676
5553,1000,142000,1800005553,INV/2026/09/15553,2026-09-02,4343.47,EUR,2026-10-02,IC Sale - Logistics Services Sept 02,,PO-2026-43831
5554,1000,142000,1800005554,INV/2026/09/15554,2026-09-01,2575.63,EUR,2026-10-01,IC Sale - Logistics Services Sept 01,,PO-2026-73243
5555,1000,142000,1800005555,INV/2026/09/15555,2026-09-12,4008.78,EUR,2026-10-12,IC Sale - Logistics Services Sept 12,,PO-2026-12915
5556,1000,142000,1800005556,INV/2026/09/15556,2026-09-21,1075.55,EUR,2026-10-21,IC Sale - Logistics Services Sept 21,,PO-2026-29993
5557,1000,142000,1800005557,INV/2026/09/15557,2026-09-07,2820.32,EUR,2026-10-07,IC Sale - Logistics Services Sept 07,,PO-2026-46315
5558,1000,142000,1800005558,INV/2026/09/15558,2026-09-19,3500.16,EUR,2026-10-19,IC Sale - Logistics Services Sept 19,,PO-2026-32911
5559,1000,142000,1800005559,INV/2026/09/15559,2026-09-10,1110.77,EUR,2026-10-10,IC Sale - Logistics Services Sept 10,,PO-2026-45521
5560,1000,142000,1800005560,INV/2026/09/15560,2026-09-18,3831.62,EUR,2026-10-18,IC Sale - Logistics Services Sept 18,,PO-2026-39808
5561,1000,142000,1800005561,INV/2026/09/15561,2026-09-17,781.9,EUR,2026-10-17,IC Sale - Logistics Services Sept 17,,PO-2026-72366
5562,1000,142000,1800005562,INV/2026/09/15562,2026-09-08,7217.53,EUR,2026-10-08,IC Sale - Logistics Services Sept 08,,PO-2026-74193
5563,1000,142000,1800005563,INV/2026/09/15563,2026-09-28,8154.25,EUR,2026-10-28,IC Sale - Logistics Services Sept 28,,PO-2026-68701
5564,1000,142000,1800005564,INV/2026/09/15564,2026-09-02,223.84,EUR,2026-10-02,IC Sale - Logistics Services Sept 02,,PO-2026-48110
5565,1000,142000,1800005565,INV/2026/09/15565,2026-09-01,6481.42,EUR,2026-10-01,IC Sale - Logistics Services Sept 01,,PO-2026-76627
5566,1000,142000,1800005566,INV/2026/09/15566,2026-09-05,1426.99,EUR,2026-10-05,IC Sale - Logistics Services Sept 05,,PO-2026-73636
5567,1000,142000,1800005567,INV/2026/09/15567,2026-09-28,495.17,EUR,2026-10-28,IC Sale - Logistics Services Sept 28,,PO-2026-25694
5568,1000,142000,1800005568,INV/2026/09/15568,2026-09-11,4657.07,EUR,2026-10-11,IC Sale - Logistics Services Sept 11,,PO-2026-96975
5569,1000,142000,1800005569,INV/2026/09/15569,2026-09-12,1408.59,EUR,2026-10-12,IC Sale - Logistics Services Sept 12,,PO-2026-54713
5570,1000,142000,1800005570,INV/2026/09/15570,2026-09-04,3790.94,EUR,2026-10-04,IC Sale - Logistics Services Sept 04,,PO-2026-55693
5571,1000,142000,1800005571,INV/2026/09/15571,2026-09-15,4534.22,EUR,2026-10-15,IC Sale - Logistics Services Sept 15,,PO-2026-34020
5572,1000,142000,1800005572,INV/2026/09/15572,2026-09-20,2252.52,EUR,2026-10-20,IC Sale - Logistics Services Sept 20,,PO-2026-13715
5573,1000,142000,1800005573,INV/2026/09/15573,2026-09-09,3256.01,EUR,2026-10-09,IC Sale - Logistics Services Sept 09,,PO-2026-47835
5574,1000,142000,1800005574,INV/2026/09/15574,2026-09-23,3157.62,EUR,2026-10-23,IC Sale - Logistics Services Sept 23,,PO-2026-89580
5575,1000,142000,1800005575,INV/2026/09/15575,2026-09-04,5775.83,EUR,2026-10-04,IC Sale - Logistics Services Sept 04,,PO-2026-57161
5576,1000,142000,1800005576,INV/2026/09/15576,2026-09-13,1760.25,EUR,2026-10-13,IC Sale - Logistics Services Sept 13,,PO-2026-23474
5577,1000,142000,1800005577,INV/2026/09/15577,2026-09-29,369.69,EUR,2026-10-29,IC Sale - Logistics Services Sept 29,,PO-2026-28156
5578,1000,142000,1800005578,INV/2026/09/15578,2026-09-11,599.36,EUR,2026-10-11,IC Sale - Logistics Services Sept 11,,PO-2026-53976
5579,1000,142000,1800005579,INV/2026/09/15579,2026-09-16,1070.24,EUR,2026-10-16,IC Sale - Logistics Services Sept 16,,PO-2026-82362
5580,1000,142000,1800005580,INV/2026/09/15580,2026-09-17,5481.16,EUR,2026-10-17,IC Sale - Logistics Services Sept 17,,PO-2026-23801
5581,1000,142000,1800005581,INV/2026/09/15581,2026-09-23,3627.95,EUR,2026-10-23,IC Sale - Logistics Services Sept 23,,PO-2026-71860
5582,1000,142000,1800005582,INV/2026/09/15582,2026-09-16,299.37,EUR,2026-10-16,IC Sale - Logistics Services Sept 16,,PO-2026-86713
5583,1000,142000,1800005583,INV/2026/09/15583,2026-09-08,597.84,EUR,2026-10-08,IC Sale - Logistics Services Sept 08,,PO-2026-24911
5584,1000,142000,1800005584,INV/2026/09/15584,2026-09-15,2111.72,EUR,2026-10-15,IC Sale - Logistics Services Sept 15,,PO-2026-77813
5585,1000,142000,1800005585,INV/2026/09/15585,2026-09-22,425.56,EUR,2026-10-22,IC Sale - Logistics Services Sept 22,,PO-2026-49977
5586,1000,142000,1800005586,INV/2026/09/15586,2026-09-16,2922.24,EUR,2026-10-16,IC Sale - Logistics Services Sept 16,,PO-2026-18015
5587,1000,142000,1800005587,INV/2026/09/15587,2026-09-03,5858.2,EUR,2026-10-03,IC Sale - Logistics Services Sept 03,,PO-2026-49968
5588,1000,142000,1800005588,INV/2026/09/15588,2026-09-19,3486.45,EUR,2026-10-19,IC Sale - Logistics Services Sept 19,,PO-2026-40429
5589,1000,142000,1800005589,INV/2026/09/15589,2026-09-13,1327.34,EUR,2026-10-13,IC Sale - Logistics Services Sept 13,,PO-2026-65875
5590,1000,142000,1800005590,INV/2026/09/15590,2026-09-02,8045.64,EUR,2026-10-02,IC Sale - Logistics Services Sept 02,,PO-2026-68031
5592,1000,142000,1800005592,INV/2026/09/15592,2026-09-29,13948.06,EUR,2026-10-29,IC Sale - Logistics Services Sept 29,,PO-2026-75631
5593,1000,142000,1800005593,INV/2026/09/15593,2026-09-16,2466.71,EUR,2026-10-16,IC Sale - Logistics Services Sept 16,,PO-2026-51509
5594,1000,142000,1800005594,INV/2026/09/15594,2026-09-01,407.87,EUR,2026-10-01,IC Sale - Logistics Services Sept 01,,PO-2026-97514
5596,1000,142000,1800005596,INV/2026/09/15596,2026-09-18,9017.69,EUR,2026-10-18,IC Sale - Logistics Services Sept 18,,PO-2026-83624
5597,1000,142000,1800005597,INV/2026/09/15597,2026-09-20,1057.94,EUR,2026-10-20,IC Sale - Logistics Services Sept 20,,PO-2026-95740
5598,1000,142000,1800005598,INV/2026/09/15598,2026-09-04,382.09,EUR,2026-10-04,IC Sale - Logistics Services Sept 04,,PO-2026-81297
5599,1000,142000,1800005599,INV/2026/09/15599,2026-09-26,4404.04,EUR,2026-10-26,IC Sale - Logistics Services Sept 26,,PO-2026-58530
5600,1000,142000,1800005600,INV/2026/09/15600,2026-09-12,4659.73,EUR,2026-10-12,IC Sale - Logistics Services Sept 12,,PO-2026-35823
5601,1000,142000,1800005601,INV/2026/09/15601,2026-09-24,3104.73,EUR,2026-10-24,IC Sale - Logistics Services Sept 24,,PO-2026-54915
5602,1000,142000,1800005602,INV/2026/09/15602,2026-09-24,1965.19,EUR,2026-10-24,IC Sale - Logistics Services Sept 24,,PO-2026-31394
5603,1000,142000,1800005603,INV/2026/09/15603,2026-09-17,1577.01,EUR,2026-10-17,IC Sale - Logistics Services Sept 17,,PO-2026-85839
5604,1000,142000,1800005604,INV/2026/09/15604,2026-09-08,4684.95,EUR,2026-10-08,IC Sale - Logistics Services Sept 08,,PO-2026-26123
5605,1000,142000,1800005605,INV/2026/09/15605,2026-09-02,2788.41,EUR,2026-10-02,IC Sale - Logistics Services Sept 02,,PO-2026-23764
5606,1000,142000,1800005606,INV/2026/09/15606,2026-09-23,2501.47,EUR,2026-10-23,IC Sale - Logistics Services Sept 23,,PO-2026-19236
5607,1000,142000,1800005607,INV/2026/09/15607,2026-09-15,11474.08,EUR,2026-10-15,IC Sale - Logistics Services Sept 15,,PO-2026-35325
5608,1000,142000,1800005608,INV/2026/09/15608,2026-09-19,627.55,EUR,2026-10-19,IC Sale - Logistics Services Sept 19,,PO-2026-24669
5609,1000,142000,1800005609,INV/2026/09/15609,2026-09-22,239.17,EUR,2026-10-22,IC Sale - Logistics Services Sept 22,,PO-2026-76364
5610,1000,142000,1800005610,INV/2026/09/15610,2026-09-24,1890.01,EUR,2026-10-24,IC Sale - Logistics Services Sept 24,,PO-2026-36855
5611,1000,142000,1800005611,INV/2026/09/15611,2026-09-01,3653.48,EUR,2026-10-01,IC Sale - Logistics Services Sept 01,,PO-2026-56196
5612,1000,142000,1800005612,INV/2026/09/15612,2026-09-07,2651.58,EUR,2026-10-07,IC Sale - Logistics Services Sept 07,,PO-2026-85795
5613,1000,142000,1800005613,INV/2026/09/15613,2026-09-19,277.69,EUR,2026-10-19,IC Sale - Logistics Services Sept 19,,PO-2026-59515
5614,1000,142000,1800005614,INV/2026/09/15614,2026-09-26,179.3,EUR,2026-10-26,IC Sale - Logistics Services Sept 26,,PO-2026-20025
5615,1000,142000,1800005615,INV/2026/09/15615,2026-09-03,1697.61,EUR,2026-10-03,IC Sale - Logistics Services Sept 03,,PO-2026-69455
5616,1000,142000,1800005616,INV/2026/09/15616,2026-09-28,1897.75,EUR,2026-10-28,IC Sale - Logistics Services Sept 28,,PO-2026-37441
5617,1000,142000,1800005617,INV/2026/09/15617,2026-09-10,5822.94,EUR,2026-10-10,IC Sale - Logistics Services Sept 10,,PO-2026-86583
5618,1000,142000,1800005618,INV/2026/09/15618,2026-09-03,11191.89,EUR,2026-10-03,IC Sale - Logistics Services Sept 03,,PO-2026-50220
5619,1000,142000,1800005619,INV/2026/09/15619,2026-09-20,3414.16,EUR,2026-10-20,IC Sale - Logistics Services Sept 20,,PO-2026-64413
5620,1000,142000,1800005620,INV/2026/09/15620,2026-09-07,566.06,EUR,2026-10-07,IC Sale - Logistics Services Sept 07,,PO-2026-94600
5621,1000,142000,1800005621,INV/2026/09/15621,2026-09-29,1224.23,EUR,2026-10-29,IC Sale - Logistics Services Sept 29,,PO-2026-96349
5622,1000,142000,1800005622,INV/2026/09/15622,2026-09-24,11077.62,EUR,2026-10-24,IC Sale - Logistics Services Sept 24,,PO-2026-73559
5623,1000,142000,1800005623,INV/2026/09/15623,2026-09-15,384.13,EUR,2026-10-15,IC Sale - Logistics Services Sept 15,,PO-2026-80349
5624,1000,142000,1800005624,INV/2026/09/15624,2026-09-07,694.86,EUR,2026-10-07,IC Sale - Logistics Services Sept 07,,PO-2026-57433
5625,1000,142000,1800005625,INV/2026/09/15625,2026-09-07,8998.7,EUR,2026-10-07,IC Sale - Logistics Services Sept 07,,PO-2026-23369
5626,1000,142000,1800005626,INV/2026/09/15626,2026-09-27,1116.5,EUR,2026-10-27,IC Sale - Logistics Services Sept 27,,PO-2026-74617
5627,1000,142000,1800005627,INV/2026/09/15627,2026-09-13,583.5,EUR,2026-10-13,IC Sale - Logistics Services Sept 13,,PO-2026-76873
5628,1000,142000,1800005628,INV/2026/09/15628,2026-09-17,823.85,EUR,2026-10-17,IC Sale - Logistics Services Sept 17,,PO-2026-72453
5629,1000,142000,1800005629,INV/2026/09/15629,2026-09-20,732.64,EUR,2026-10-20,IC Sale - Logistics Services Sept 20,,PO-2026-13070
5630,1000,142000,1800005630,INV/2026/09/15630,2026-09-25,2096.58,EUR,2026-10-25,IC Sale - Logistics Services Sept 25,,PO-2026-97788
5631,1000,142000,1800005631,INV/2026/09/15631,2026-09-04,1874.66,EUR,2026-10-04,IC Sale - Logistics Services Sept 04,,PO-2026-54169
5632,1000,142000,1800005632,INV/2026/09/15632,2026-09-15,3372.37,EUR,2026-10-15,IC Sale - Logistics Services Sept 15,,PO-2026-81065
5633,1000,142000,1800005633,INV/2026/09/15633,2026-09-18,309.46,EUR,2026-10-18,IC Sale - Logistics Services Sept 18,,PO-2026-91927
5634,1000,142000,1800005634,INV/2026/09/15634,2026-09-27,14884.29,EUR,2026-10-27,IC Sale - Logistics Services Sept 27,,PO-2026-74705
5635,1000,142000,1800005635,INV/2026/09/15635,2026-09-03,2184.53,EUR,2026-10-03,IC Sale - Logistics Services Sept 03,,PO-2026-11681
5636,1000,142000,1800005636,INV/2026/09/15636,2026-09-04,3739.99,EUR,2026-10-04,IC Sale - Logistics Services Sept 04,,PO-2026-31681
5637,1000,142000,1800005637,INV/2026/09/15637,2026-09-15,5814.71,EUR,2026-10-15,IC Sale - Logistics Services Sept 15,,PO-2026-28034
5638,1000,142000,1800005638,INV/2026/09/15638,2026-09-18,6978.19,EUR,2026-10-18,IC Sale - Logistics Services Sept 18,,PO-2026-93086
5639,1000,142000,1800005639,INV/2026/09/15639,2026-09-05,3202.58,EUR,2026-10-05,IC Sale - Logistics Services Sept 05,,PO-2026-20181
5640,1000,142000,1800005640,INV/2026/09/15640,2026-09-21,1834.63,EUR,2026-10-21,IC Sale - Logistics Services Sept 21,,PO-2026-61959
5641,1000,142000,1800005641,INV/2026/09/15641,2026-09-07,1242.39,EUR,2026-10-07,IC Sale - Logistics Services Sept 07,,PO-2026-61599
5642,1000,142000,1800005642,INV/2026/09/15642,2026-09-16,5863.14,EUR,2026-10-16,IC Sale - Logistics Services Sept 16,,PO-2026-28382
5643,1000,142000,1800005643,INV/2026/09/15643,2026-09-05,1222.1,EUR,2026-10-05,IC Sale - Logistics Services Sept 05,,PO-2026-18130
5644,1000,142000,1800005644,INV/2026/09/15644,2026-09-29,1143.88,EUR,2026-10-29,IC Sale - Logistics Services Sept 29,,PO-2026-40822
5645,1000,142000,1800005645,INV/2026/09/15645,2026-09-02,6566.43,EUR,2026-10-02,IC Sale - Logistics Services Sept 02,,PO-2026-31428
5646,1000,142000,1800005646,INV/2026/09/15646,2026-09-04,3844.81,EUR,2026-10-04,IC Sale - Logistics Services Sept 04,,PO-2026-74416
5647,1000,142000,1800005647,INV/2026/09/15647,2026-09-15,5085.45,EUR,2026-10-15,IC Sale - Logistics Services Sept 15,,PO-2026-42433
5648,1000,142000,1800005648,INV/2026/09/15648,2026-09-10,3135.16,EUR,2026-10-10,IC Sale - Logistics Services Sept 10,,PO-2026-56669
5649,1000,142000,1800005649,INV/2026/09/15649,2026-09-12,1193.19,EUR,2026-10-12,IC Sale - Logistics Services Sept 12,,PO-2026-51566
5650,1000,142000,1800005650,INV/2026/09/15650,2026-09-21,367.37,EUR,2026-10-21,IC Sale - Logistics Services Sept 21,,PO-2026-26451
5651,1000,142000,1800005651,INV/2026/09/15651,2026-09-01,1961.18,EUR,2026-10-01,IC Sale - Logistics Services Sept 01,,PO-2026-91941
5652,1000,142000,1800005652,INV/2026/09/15652,2026-09-12,2401.78,EUR,2026-10-12,IC Sale - Logistics Services Sept 12,,PO-2026-44138
5653,1000,142000,1800005653,INV/2026/09/15653,2026-09-22,3934.8,EUR,2026-10-22,IC Sale - Logistics Services Sept 22,,PO-2026-55703
5654,1000,142000,1800005654,INV/2026/09/15654,2026-09-18,392.46,EUR,2026-10-18,IC Sale - Logistics Services Sept 18,,PO-2026-94088
5655,1000,142000,1800005655,INV/2026/09/15655,2026-09-10,1787.09,EUR,2026-10-10,IC Sale - Logistics Services Sept 10,,PO-2026-10529
5656,1000,142000,1800005656,INV/2026/09/15656,2026-09-16,1241.49,EUR,2026-10-16,IC Sale - Logistics Services Sept 16,,PO-2026-26743
5657,1000,142000,1800005657,INV/2026/09/15657,2026-09-04,353.46,EUR,2026-10-04,IC Sale - Logistics Services Sept 04,,PO-2026-85286
5658,1000,142000,1800005658,INV/2026/09/15658,2026-09-21,9093.93,EUR,2026-10-21,IC Sale - Logistics Services Sept 21,,PO-2026-31549
5659,1000,142000,1800005659,INV/2026/09/15659,2026-09-18,1288.97,EUR,2026-10-18,IC Sale - Logistics Services Sept 18,,PO-2026-17986
5660,1000,142000,1800005660,INV/2026/09/15660,2026-09-15,7946.58,EUR,2026-10-15,IC Sale - Logistics Services Sept 15,,PO-2026-69051
5661,1000,142000,1800005661,INV/2026/09/15661,2026-09-22,3420.77,EUR,2026-10-22,IC Sale - Logistics Services Sept 22,,PO-2026-64012
5662,1000,142000,1800005662,INV/2026/09/15662,2026-09-22,1234.84,EUR,2026-10-22,IC Sale - Logistics Services Sept 22,,PO-2026-25413
5663,1000,142000,1800005663,INV/2026/09/15663,2026-09-18,1795.2,EUR,2026-10-18,IC Sale - Logistics Services Sept 18,,PO-2026-87518
5664,1000,142000,1800005664,INV/2026/09/15664,2026-09-17,1908.41,EUR,2026-10-17,IC Sale - Logistics Services Sept 17,,PO-2026-49303
5665,1000,142000,1800005665,INV/2026/09/15665,2026-09-10,3828.02,EUR,2026-10-10,IC Sale - Logistics Services Sept 10,,PO-2026-97294
5666,1000,142000,1800005666,INV/2026/09/15666,2026-09-16,2340.28,EUR,2026-10-16,IC Sale - Logistics Services Sept 16,,PO-2026-35499
5667,1000,142000,1800005667,INV/2026/09/15667,2026-09-22,1159.52,EUR,2026-10-22,IC Sale - Logistics Services Sept 22,,PO-2026-63904
5668,1000,142000,1800005668,INV/2026/09/15668,2026-09-28,11498.8,EUR,2026-10-28,IC Sale - Logistics Services Sept 28,,PO-2026-53790
5669,1000,142000,1800005669,INV/2026/09/15669,2026-09-06,761.09,EUR,2026-10-06,IC Sale - Logistics Services Sept 06,,PO-2026-12103
5670,1000,142000,1800005670,INV/2026/09/15670,2026-09-05,5297.83,EUR,2026-10-05,IC Sale - Logistics Services Sept 05,,PO-2026-66176
5671,1000,142000,1800005671,INV/2026/09/15671,2026-09-09,2216.3,EUR,2026-10-09,IC Sale - Logistics Services Sept 09,,PO-2026-58107
5672,1000,142000,1800005672,INV/2026/09/15672,2026-09-06,6272.73,EUR,2026-10-06,IC Sale - Logistics Services Sept 06,,PO-2026-28061
5673,1000,142000,1800005673,INV/2026/09/15673,2026-09-28,981.91,EUR,2026-10-28,IC Sale - Logistics Services Sept 28,,PO-2026-44661
5674,1000,142000,1800005674,INV/2026/09/15674,2026-09-02,600.86,EUR,2026-10-02,IC Sale - Logistics Services Sept 02,,PO-2026-41240
5675,1000,142000,1800005675,INV/2026/09/15675,2026-09-28,1693.76,EUR,2026-10-28,IC Sale - Logistics Services Sept 28,,PO-2026-24451
5676,1000,142000,1800005676,INV/2026/09/15676,2026-09-13,2555.79,EUR,2026-10-13,IC Sale - Logistics Services Sept 13,,PO-2026-48947
5677,1000,142000,1800005677,INV/2026/09/15677,2026-09-21,1945.84,EUR,2026-10-21,IC Sale - Logistics Services Sept 21,,PO-2026-35295
5678,1000,142000,1800005678,INV/2026/09/15678,2026-09-23,2868.89,EUR,2026-10-23,IC Sale - Logistics Services Sept 23,,PO-2026-67890
5679,1000,142000,1800005679,INV/2026/09/15679,2026-09-16,286.26,EUR,2026-10-16,IC Sale - Logistics Services Sept 16,,PO-2026-47600
5680,1000,142000,1800005680,INV/2026/09/15680,2026-09-16,3531.01,EUR,2026-10-16,IC Sale - Logistics Services Sept 16,,PO-2026-27445
5681,1000,142000,1800005681,INV/2026/09/15681,2026-09-04,802.2,EUR,2026-10-04,IC Sale - Logistics Services Sept 04,,PO-2026-17566
5682,1000,142000,1800005682,INV/2026/09/15682,2026-09-12,2854.27,EUR,2026-10-12,IC Sale - Logistics Services Sept 12,,PO-2026-63747
5683,1000,142000,1800005683,INV/2026/09/15683,2026-09-26,8300.49,EUR,2026-10-26,IC Sale - Logistics Services Sept 26,,PO-2026-97533
5684,1000,142000,1800005684,INV/2026/09/15684,2026-09-01,441.94,EUR,2026-10-01,IC Sale - Logistics Services Sept 01,,PO-2026-67617
5685,1000,142000,1800005685,INV/2026/09/15685,2026-09-04,3370.52,EUR,2026-10-04,IC Sale - Logistics Services Sept 04,,PO-2026-96325
5686,1000,142000,1800005686,INV/2026/09/15686,2026-09-03,1113.04,EUR,2026-10-03,IC Sale - Logistics Services Sept 03,,PO-2026-15128
5687,1000,142000,1800005687,INV/2026/09/15687,2026-09-22,421.58,EUR,2026-10-22,IC Sale - Logistics Services Sept 22,,PO-2026-97790
5688,1000,142000,1800005688,INV/2026/09/15688,2026-09-20,982.93,EUR,2026-10-20,IC Sale - Logistics Services Sept 20,,PO-2026-44659
5689,1000,142000,1800005689,INV/2026/09/15689,2026-09-16,6303.03,EUR,2026-10-16,IC Sale - Logistics Services Sept 16,,PO-2026-89552
5690,1000,142000,1800005690,INV/2026/09/15690,2026-09-13,5329.41,EUR,2026-10-13,IC Sale - Logistics Services Sept 13,,PO-2026-52807
5691,1000,142000,1800005691,INV/2026/09/15691,2026-09-05,1826.09,EUR,2026-10-05,IC Sale - Logistics Services Sept 05,,PO-2026-94060
5692,1000,142000,1800005692,INV/2026/09/15692,2026-09-10,1181.0,EUR,2026-10-10,IC Sale - Logistics Services Sept 10,,PO-2026-75171
5693,1000,142000,1800005693,INV/2026/09/15693,2026-09-28,1726.26,EUR,2026-10-28,IC Sale - Logistics Services Sept 28,,PO-2026-60677
5694,1000,142000,1800005694,INV/2026/09/15694,2026-09-21,903.71,EUR,2026-10-21,IC Sale - Logistics Services Sept 21,,PO-2026-69147
5695,1000,142000,1800005695,INV/2026/09/15695,2026-09-16,3536.06,EUR,2026-10-16,IC Sale - Logistics Services Sept 16,,PO-2026-48356
5696,1000,142000,1800005696,INV/2026/09/15696,2026-09-03,525.44,EUR,2026-10-03,IC Sale - Logistics Services Sept 03,,PO-2026-22326
5697,1000,142000,1800005697,INV/2026/09/15697,2026-09-24,2711.47,EUR,2026-10-24,IC Sale - Logistics Services Sept 24,,PO-2026-25502
5698,1000,142000,1800005698,INV/2026/09/15698,2026-09-24,816.18,EUR,2026-10-24,IC Sale - Logistics Services Sept 24,,PO-2026-23456
5699,1000,142000,1800005699,INV/2026/09/15699,2026-09-07,6761.7,EUR,2026-10-07,IC Sale - Logistics Services Sept 07,,PO-2026-92187
5700,1000,142000,1800005700,INV/2026/09/15700,2026-09-21,1494.94,EUR,2026-10-21,IC Sale - Logistics Services Sept 21,,PO-2026-26059
5701,1000,142000,1800005701,INV/2026/09/15701,2026-09-23,1998.43,EUR,2026-10-23,IC Sale - Logistics Services Sept 23,,PO-2026-49200
5702,1000,142000,1800005702,INV/2026/09/15702,2026-09-17,1249.97,EUR,2026-10-17,IC Sale - Logistics Services Sept 17,,PO-2026-56919
5703,1000,142000,1800005703,INV/2026/09/15703,2026-09-06,176.06,EUR,2026-10-06,IC Sale - Logistics Services Sept 06,,PO-2026-82008
5704,1000,142000,1800005704,INV/2026/09/15704,2026-09-14,12977.67,EUR,2026-10-14,IC Sale - Logistics Services Sept 14,,PO-2026-93115
5705,1000,142000,1800005705,INV/2026/09/15705,2026-09-07,523.94,EUR,2026-10-07,IC Sale - Logistics Services Sept 07,,PO-2026-91937
5706,1000,142000,1800005706,INV/2026/09/15706,2026-09-02,3263.37,EUR,2026-10-02,IC Sale - Logistics Services Sept 02,,PO-2026-11058
5707,1000,142000,1800005707,INV/2026/09/15707,2026-09-13,1367.65,EUR,2026-10-13,IC Sale - Logistics Services Sept 13,,PO-2026-90991
5708,1000,142000,1800005708,INV/2026/09/15708,2026-09-20,284.61,EUR,2026-10-20,IC Sale - Logistics Services Sept 20,,PO-2026-93660
5709,1000,142000,1800005709,INV/2026/09/15709,2026-09-13,10814.64,EUR,2026-10-13,IC Sale - Logistics Services Sept 13,,PO-2026-87652
5710,1000,142000,1800005710,INV/2026/09/15710,2026-09-12,6111.95,EUR,2026-10-12,IC Sale - Logistics Services Sept 12,,PO-2026-60705
5711,1000,142000,1800005711,INV/2026/09/15711,2026-09-01,1057.11,EUR,2026-10-01,IC Sale - Logistics Services Sept 01,,PO-2026-55081
5712,1000,142000,1800005712,INV/2026/09/15712,2026-09-18,1238.82,EUR,2026-10-18,IC Sale - Logistics Services Sept 18,,PO-2026-90072
5713,1000,142000,1800005713,INV/2026/09/15713,2026-09-21,4895.19,EUR,2026-10-21,IC Sale - Logistics Services Sept 21,,PO-2026-60323
5714,1000,142000,1800005714,INV/2026/09/15714,2026-09-07,7087.12,EUR,2026-10-07,IC Sale - Logistics Services Sept 07,,PO-2026-89925
5715,1000,142000,1800005715,INV/2026/09/15715,2026-09-08,14474.03,EUR,2026-10-08,IC Sale - Logistics Services Sept 08,,PO-2026-95181
5716,1000,142000,1800005716,INV/2026/09/15716,2026-09-16,2985.3,EUR,2026-10-16,IC Sale - Logistics Services Sept 16,,PO-2026-80966
5717,1000,142000,1800005717,INV/2026/09/15717,2026-09-28,3188.99,EUR,2026-10-28,IC Sale - Logistics Services Sept 28,,PO-2026-84684
5718,1000,142000,1800005718,INV/2026/09/15718,2026-09-16,476.68,EUR,2026-10-16,IC Sale - Logistics Services Sept 16,,PO-2026-79699
5719,1000,142000,1800005719,INV/2026/09/15719,2026-09-10,772.86,EUR,2026-10-10,IC Sale - Logistics Services Sept 10,,PO-2026-14602
5720,1000,142000,1800005720,INV/2026/09/15720,2026-09-22,1012.74,EUR,2026-10-22,IC Sale - Logistics Services Sept 22,,PO-2026-93171
5721,1000,142000,1800005721,INV/2026/09/15721,2026-09-16,2195.11,EUR,2026-10-16,IC Sale - Logistics Services Sept 16,,PO-2026-93537
5722,1000,142000,1800005722,INV/2026/09/15722,2026-09-20,5744.69,EUR,2026-10-20,IC Sale - Logistics Services Sept 20,,PO-2026-40812
5723,1000,142000,1800005723,INV/2026/09/15723,2026-09-05,195.79,EUR,2026-10-05,IC Sale - Logistics Services Sept 05,,PO-2026-30711
5724,1000,142000,1800005724,INV/2026/09/15724,2026-09-08,391.5,EUR,2026-10-08,IC Sale - Logistics Services Sept 08,,PO-2026-58250
5725,1000,142000,1800005725,INV/2026/09/15725,2026-09-15,6665.07,EUR,2026-10-15,IC Sale - Logistics Services Sept 15,,PO-2026-84226
5726,1000,142000,1800005726,INV/2026/09/15726,2026-09-08,1902.36,EUR,2026-10-08,IC Sale - Logistics Services Sept 08,,PO-2026-34042
5727,1000,142000,1800005727,INV/2026/09/15727,2026-09-05,542.65,EUR,2026-10-05,IC Sale - Logistics Services Sept 05,,PO-2026-20988
5728,1000,142000,1800005728,INV/2026/09/15728,2026-09-24,12731.9,EUR,2026-10-24,IC Sale - Logistics Services Sept 24,,PO-2026-58254
5729,1000,142000,1800005729,INV/2026/09/15729,2026-09-27,12466.51,EUR,2026-10-27,IC Sale - Logistics Services Sept 27,,PO-2026-29390
5730,1000,142000,1800005730,INV/2026/09/15730,2026-09-18,2223.47,EUR,2026-10-18,IC Sale - Logistics Services Sept 18,,PO-2026-44594
5731,1000,142000,1800005731,INV/2026/09/15731,2026-09-12,488.75,EUR,2026-10-12,IC Sale - Logistics Services Sept 12,,PO-2026-88870
5732,1000,142000,1800005732,INV/2026/09/15732,2026-09-16,342.48,EUR,2026-10-16,IC Sale - Logistics Services Sept 16,,PO-2026-81758
5733,1000,142000,1800005733,INV/2026/09/15733,2026-09-03,4375.58,EUR,2026-10-03,IC Sale - Logistics Services Sept 03,,PO-2026-87922
5734,1000,142000,1800005734,INV/2026/09/15734,2026-09-13,12017.06,EUR,2026-10-13,IC Sale - Logistics Services Sept 13,,PO-2026-54547
5735,1000,142000,1800005735,INV/2026/09/15735,2026-09-23,354.94,EUR,2026-10-23,IC Sale - Logistics Services Sept 23,,PO-2026-32721
5736,1000,142000,1800005736,INV/2026/09/15736,2026-09-07,1832.58,EUR,2026-10-07,IC Sale - Logistics Services Sept 07,,PO-2026-16084
5737,1000,142000,1800005737,INV/2026/09/15737,2026-09-25,10591.69,EUR,2026-10-25,IC Sale - Logistics Services Sept 25,,PO-2026-52200
5739,1000,142000,1800005739,INV/2026/09/15739,2026-09-09,1500.73,EUR,2026-10-09,IC Sale - Logistics Services Sept 09,,PO-2026-40581
5740,1000,142000,1800005740,INV/2026/09/15740,2026-09-04,722.4,EUR,2026-10-04,IC Sale - Logistics Services Sept 04,,PO-2026-10959
5741,1000,142000,1800005741,INV/2026/09/15741,2026-09-24,2425.49,EUR,2026-10-24,IC Sale - Logistics Services Sept 24,,PO-2026-67525
5742,1000,142000,1800005742,INV/2026/09/15742,2026-09-02,3378.5,EUR,2026-10-02,IC Sale - Logistics Services Sept 02,,PO-2026-26230
5743,1000,142000,1800005743,INV/2026/09/15743,2026-09-27,12095.77,EUR,2026-10-27,IC Sale - Logistics Services Sept 27,,PO-2026-97157
5744,1000,142000,1800005744,INV/2026/09/15744,2026-09-28,1605.41,EUR,2026-10-28,IC Sale - Logistics Services Sept 28,,PO-2026-80738
5745,1000,142000,1800005745,INV/2026/09/15745,2026-09-25,6903.36,EUR,2026-10-25,IC Sale - Logistics Services Sept 25,,PO-2026-43889
5746,1000,142000,1800005746,INV/2026/09/15746,2026-09-11,849.77,EUR,2026-10-11,IC Sale - Logistics Services Sept 11,,PO-2026-42283
5747,1000,142000,1800005747,INV/2026/09/15747,2026-09-19,1934.98,EUR,2026-10-19,IC Sale - Logistics Services Sept 19,,PO-2026-89536
5748,1000,142000,1800005748,INV/2026/09/15748,2026-09-19,2914.74,EUR,2026-10-19,IC Sale - Logistics Services Sept 19,,PO-2026-44854
5749,1000,142000,1800005749,INV/2026/09/15749,2026-09-28,4607.52,EUR,2026-10-28,IC Sale - Logistics Services Sept 28,,PO-2026-15969
5750,1000,142000,1800005750,INV/2026/09/15750,2026-09-27,6724.14,EUR,2026-10-27,IC Sale - Logistics Services Sept 27,,PO-2026-12346
5751,1000,142000,1800005751,INV/2026/09/15751,2026-09-21,8923.77,EUR,2026-10-21,IC Sale - Logistics Services Sept 21,,PO-2026-35162
5752,1000,142000,1800005752,INV/2026/09/15752,2026-09-10,2123.91,EUR,2026-10-10,IC Sale - Logistics Services Sept 10,,PO-2026-55099
5753,1000,142000,1800005753,INV/2026/09/15753,2026-09-05,256.78,EUR,2026-10-05,IC Sale - Logistics Services Sept 05,,PO-2026-39863
5754,1000,142000,1800005754,INV/2026/09/15754,2026-09-26,523.62,EUR,2026-10-26,IC Sale - Logistics Services Sept 26,,PO-2026-28158
5755,1000,142000,1800005755,INV/2026/09/15755,2026-09-02,1948.04,EUR,2026-10-02,IC Sale - Logistics Services Sept 02,,PO-2026-52757
5757,1000,142000,1800005757,INV/2026/09/15757,2026-09-25,1397.58,EUR,2026-10-25,IC Sale - Logistics Services Sept 25,,PO-2026-28301
5759,1000,142000,1800005759,INV/2026/09/15759,2026-09-29,3691.44,EUR,2026-10-29,IC Sale - Logistics Services Sept 29,,PO-2026-28255
5760,1000,142000,1800005760,INV/2026/09/15760,2026-09-11,7875.68,EUR,2026-10-11,IC Sale - Logistics Services Sept 11,,PO-2026-58989
5761,1000,142000,1800005761,INV/2026/09/15761,2026-09-18,8667.79,EUR,2026-10-18,IC Sale - Logistics Services Sept 18,,PO-2026-50916
5762,1000,142000,1800005762,INV/2026/09/15762,2026-09-17,3057.49,EUR,2026-10-17,IC Sale - Logistics Services Sept 17,,PO-2026-12351
5763,1000,142000,1800005763,INV/2026/09/15763,2026-09-17,2936.1,EUR,2026-10-17,IC Sale - Logistics Services Sept 17,,PO-2026-27442
5764,1000,142000,1800005764,INV/2026/09/15764,2026-09-03,1071.47,EUR,2026-10-03,IC Sale - Logistics Services Sept 03,,PO-2026-86246
5765,1000,142000,1800005765,INV/2026/09/15765,2026-09-01,2180.19,EUR,2026-10-01,IC Sale - Logistics Services Sept 01,,PO-2026-38555
5766,1000,142000,1800005766,INV/2026/09/15766,2026-09-09,1119.42,EUR,2026-10-09,IC Sale - Logistics Services Sept 09,,PO-2026-96586
5767,1000,142000,1800005767,INV/2026/09/15767,2026-09-26,3177.34,EUR,2026-10-26,IC Sale - Logistics Services Sept 26,,PO-2026-48669
5768,1000,142000,1800005768,INV/2026/09/15768,2026-09-25,496.67,EUR,2026-10-25,IC Sale - Logistics Services Sept 25,,PO-2026-87704
5769,1000,142000,1800005769,INV/2026/09/15769,2026-09-02,3071.38,EUR,2026-10-02,IC Sale - Logistics Services Sept 02,,PO-2026-80687
5770,1000,142000,1800005770,INV/2026/09/15770,2026-09-22,3012.44,EUR,2026-10-22,IC Sale - Logistics Services Sept 22,,PO-2026-95770
5771,1000,142000,1800005771,INV/2026/09/15771,2026-09-14,1443.71,EUR,2026-10-14,IC Sale - Logistics Services Sept 14,,PO-2026-56455
5772,1000,142000,1800005772,INV/2026/09/15772,2026-09-17,8719.6,EUR,2026-10-17,IC Sale - Logistics Services Sept 17,,PO-2026-32696
5773,1000,142000,1800005773,INV/2026/09/15773,2026-09-18,7638.54,EUR,2026-10-18,IC Sale - Logistics Services Sept 18,,PO-2026-36571
5774,1000,142000,1800005774,INV/2026/09/15774,2026-09-03,2832.28,EUR,2026-10-03,IC Sale - Logistics Services Sept 03,,PO-2026-72293
5775,1000,142000,1800005775,INV/2026/09/15775,2026-09-10,10692.63,EUR,2026-10-10,IC Sale - Logistics Services Sept 10,,PO-2026-54590
5776,1000,142000,1800005776,INV/2026/09/15776,2026-09-11,6566.97,EUR,2026-10-11,IC Sale - Logistics Services Sept 11,,PO-2026-12320
5777,1000,142000,1800005777,INV/2026/09/15777,2026-09-24,6042.4,EUR,2026-10-24,IC Sale - Logistics Services Sept 24,,PO-2026-63913
5778,1000,142000,1800005778,INV/2026/09/15778,2026-09-02,1414.81,EUR,2026-10-02,IC Sale - Logistics Services Sept 02,,PO-2026-93378
5779,1000,142000,1800005779,INV/2026/09/15779,2026-09-20,418.81,EUR,2026-10-20,IC Sale - Logistics Services Sept 20,,PO-2026-62726
5780,1000,142000,1800005780,INV/2026/09/15780,2026-09-22,565.45,EUR,2026-10-22,IC Sale - Logistics Services Sept 22,,PO-2026-77716
5781,1000,142000,1800005781,INV/2026/09/15781,2026-09-20,9692.28,EUR,2026-10-20,IC Sale - Logistics Services Sept 20,,PO-2026-60536
5782,1000,142000,1800005782,INV/2026/09/15782,2026-09-26,8392.36,EUR,2026-10-26,IC Sale - Logistics Services Sept 26,,PO-2026-68255
5783,1000,142000,1800005783,INV/2026/09/15783,2026-09-03,1900.48,EUR,2026-10-03,IC Sale - Logistics Services Sept 03,,PO-2026-97534
5784,1000,142000,1800005784,INV/2026/09/15784,2026-09-04,3910.32,EUR,2026-10-04,IC Sale - Logistics Services Sept 04,,PO-2026-48035
5785,1000,142000,1800005785,INV/2026/09/15785,2026-09-17,7150.66,EUR,2026-10-17,IC Sale - Logistics Services Sept 17,,PO-2026-23535
5786,1000,142000,1800005786,INV/2026/09/15786,2026-09-23,2948.35,EUR,2026-10-23,IC Sale - Logistics Services Sept 23,,PO-2026-62438
5787,1000,142000,1800005787,INV/2026/09/15787,2026-09-24,2947.99,EUR,2026-10-24,IC Sale - Logistics Services Sept 24,,PO-2026-70466
5788,1000,142000,1800005788,INV/2026/09/15788,2026-09-02,5971.5,EUR,2026-10-02,IC Sale - Logistics Services Sept 02,,PO-2026-43946
5789,1000,142000,1800005789,INV/2026/09/15789,2026-09-02,861.15,EUR,2026-10-02,IC Sale - Logistics Services Sept 02,,PO-2026-67365
5790,1000,142000,1800005790,INV/2026/09/15790,2026-09-08,3206.24,EUR,2026-10-08,IC Sale - Logistics Services Sept 08,,PO-2026-91596
5791,1000,142000,1800005791,INV/2026/09/15791,2026-09-21,263.75,EUR,2026-10-21,IC Sale - Logistics Services Sept 21,,PO-2026-37931
5792,1000,142000,1800005792,INV/2026/09/15792,2026-09-10,3176.0,EUR,2026-10-10,IC Sale - Logistics Services Sept 10,,PO-2026-50033
5793,1000,142000,1800005793,INV/2026/09/15793,2026-09-29,2182.5,EUR,2026-10-29,IC Sale - Logistics Services Sept 29,,PO-2026-89267
5794,1000,142000,1800005794,INV/2026/09/15794,2026-09-06,2632.3,EUR,2026-10-06,IC Sale - Logistics Services Sept 06,,PO-2026-49259
5795,1000,142000,1800005795,INV/2026/09/15795,2026-09-26,2546.59,EUR,2026-10-26,IC Sale - Logistics Services Sept 26,,PO-2026-32534
5797,1000,142000,1800005797,INV/2026/09/15797,2026-09-09,1549.38,EUR,2026-10-09,IC Sale - Logistics Services Sept 09,,PO-2026-21856
5798,1000,142000,1800005798,INV/2026/09/15798,2026-09-25,6254.39,EUR,2026-10-25,IC Sale - Logistics Services Sept 25,,PO-2026-86373
5799,1000,142000,1800005799,INV/2026/09/15799,2026-09-13,1359.5,EUR,2026-10-13,IC Sale - Logistics Services Sept 13,,PO-2026-88944
5800,1000,142000,1800005800,INV/2026/09/15800,2026-09-07,7957.93,EUR,2026-10-07,IC Sale - Logistics Services Sept 07,,PO-2026-18253
5801,1000,142000,1800005801,INV/2026/09/15801,2026-09-05,3912.41,EUR,2026-10-05,IC Sale - Logistics Services Sept 05,,PO-2026-53158
5802,1000,142000,1800005802,INV/2026/09/15802,2026-09-04,4834.04,EUR,2026-10-04,IC Sale - Logistics Services Sept 04,,PO-2026-14014
5803,1000,142000,1800005803,INV/2026/09/15803,2026-09-12,3102.21,EUR,2026-10-12,IC Sale - Logistics Services Sept 12,,PO-2026-40597
5805,1000,142000,1800005805,INV/2026/09/15805,2026-09-03,1577.84,EUR,2026-10-03,IC Sale - Logistics Services Sept 03,,PO-2026-26250
5806,1000,142000,1800005806,INV/2026/09/15806,2026-09-29,3228.77,EUR,2026-10-29,IC Sale - Logistics Services Sept 29,,PO-2026-30040
5807,1000,142000,1800005807,INV/2026/09/15807,2026-09-13,2483.83,EUR,2026-10-13,IC Sale - Logistics Services Sept 13,,PO-2026-68876
5808,1000,142000,1800005808,INV/2026/09/15808,2026-09-27,1675.67,EUR,2026-10-27,IC Sale - Logistics Services Sept 27,,PO-2026-28035
5809,1000,142000,1800005809,INV/2026/09/15809,2026-09-12,3224.31,EUR,2026-10-12,IC Sale - Logistics Services Sept 12,,PO-2026-65174
5810,1000,142000,1800005810,INV/2026/09/15810,2026-09-25,3782.09,EUR,2026-10-25,IC Sale - Logistics Services Sept 25,,PO-2026-40627
5811,1000,142000,1800005811,INV/2026/09/15811,2026-09-01,4711.9,EUR,2026-10-01,IC Sale - Logistics Services Sept 01,,PO-2026-80857
5812,1000,142000,1800005812,INV/2026/09/15812,2026-09-19,2433.37,EUR,2026-10-19,IC Sale - Logistics Services Sept 19,,PO-2026-78351
5813,1000,142000,1800005813,INV/2026/09/15813,2026-09-08,527.44,EUR,2026-10-08,IC Sale - Logistics Services Sept 08,,PO-2026-21984
5814,1000,142000,1800005814,INV/2026/09/15814,2026-09-09,7837.89,EUR,2026-10-09,IC Sale - Logistics Services Sept 09,,PO-2026-64944
5815,1000,142000,1800005815,INV/2026/09/15815,2026-09-14,2549.47,EUR,2026-10-14,IC Sale - Logistics Services Sept 14,,PO-2026-73874
5816,1000,142000,1800005816,INV/2026/09/15816,2026-09-29,411.79,EUR,2026-10-29,IC Sale - Logistics Services Sept 29,,PO-2026-98037
5817,1000,142000,1800005817,INV/2026/09/15817,2026-09-08,1506.29,EUR,2026-10-08,IC Sale - Logistics Services Sept 08,,PO-2026-20792
5818,1000,142000,1800005818,INV/2026/09/15818,2026-09-08,3952.36,EUR,2026-10-08,IC Sale - Logistics Services Sept 08,,PO-2026-70443
5819,1000,142000,1800005819,INV/2026/09/15819,2026-09-21,2096.39,EUR,2026-10-21,IC Sale - Logistics Services Sept 21,,PO-2026-41991
5820,1000,142000,1800005820,INV/2026/09/15820,2026-09-09,4367.34,EUR,2026-10-09,IC Sale - Logistics Services Sept 09,,PO-2026-88167
5821,1000,142000,1800005821,INV/2026/09/15821,2026-09-17,6636.36,EUR,2026-10-17,IC Sale - Logistics Services Sept 17,,PO-2026-21159
5822,1000,142000,1800005822,INV/2026/09/15822,2026-09-04,13527.57,EUR,2026-10-04,IC Sale - Logistics Services Sept 04,,PO-2026-47752
5823,1000,142000,1800005823,INV/2026/09/15823,2026-09-22,5545.37,EUR,2026-10-22,IC Sale - Logistics Services Sept 22,,PO-2026-66202
5824,1000,142000,1800005824,INV/2026/09/15824,2026-09-10,2297.87,EUR,2026-10-10,IC Sale - Logistics Services Sept 10,,PO-2026-17875
5825,1000,142000,1800005825,INV/2026/09/15825,2026-09-14,207.07,EUR,2026-10-14,IC Sale - Logistics Services Sept 14,,PO-2026-79243
5826,1000,142000,1800005826,INV/2026/09/15826,2026-09-19,2896.04,EUR,2026-10-19,IC Sale - Logistics Services Sept 19,,PO-2026-23651
5827,1000,142000,1800005827,INV/2026/09/15827,2026-09-03,6754.69,EUR,2026-10-03,IC Sale - Logistics Services Sept 03,,PO-2026-99273
5828,1000,142000,1800005828,INV/2026/09/15828,2026-09-01,2761.24,EUR,2026-10-01,IC Sale - Logistics Services Sept 01,,PO-2026-31084
5829,1000,142000,1800005829,INV/2026/09/15829,2026-09-21,909.04,EUR,2026-10-21,IC Sale - Logistics Services Sept 21,,PO-2026-20018
5830,1000,142000,1800005830,INV/2026/09/15830,2026-09-29,1315.56,EUR,2026-10-29,IC Sale - Logistics Services Sept 29,,PO-2026-48899
5831,1000,142000,1800005831,INV/2026/09/15831,2026-09-11,535.5,EUR,2026-10-11,IC Sale - Logistics Services Sept 11,,PO-2026-40379
5832,1000,142000,1800005832,INV/2026/09/15832,2026-09-21,3748.5,EUR,2026-10-21,IC Sale - Logistics Services Sept 21,,PO-2026-54203
5833,1000,142000,1800005833,INV/2026/09/15833,2026-09-23,1982.23,EUR,2026-10-23,IC Sale - Logistics Services Sept 23,,PO-2026-14281
5834,1000,142000,1800005834,INV/2026/09/15834,2026-09-20,958.05,EUR,2026-10-20,IC Sale - Logistics Services Sept 20,,PO-2026-37102
5835,1000,142000,1800005835,INV/2026/09/15835,2026-09-09,4536.19,EUR,2026-10-09,IC Sale - Logistics Services Sept 09,,PO-2026-34782
5838,1000,142000,1800005838,INV/2026/09/15838,2026-09-26,5499.55,EUR,2026-10-26,IC Sale - Logistics Services Sept 26,,PO-2026-89171
5839,1000,142000,1800005839,INV/2026/09/15839,2026-09-15,3022.46,EUR,2026-10-15,IC Sale - Logistics Services Sept 15,,PO-2026-92218
5840,1000,142000,1800005840,INV/2026/09/15840,2026-09-05,687.15,EUR,2026-10-05,IC Sale - Logistics Services Sept 05,,PO-2026-47826
5841,1000,142000,1800005841,INV/2026/09/15841,2026-09-11,1135.58,EUR,2026-10-11,IC Sale - Logistics Services Sept 11,,PO-2026-50435
5842,1000,142000,1800005842,INV/2026/09/15842,2026-09-16,7554.21,EUR,2026-10-16,IC Sale - Logistics Services Sept 16,,PO-2026-48529
5843,1000,142000,1800005843,INV/2026/09/15843,2026-09-15,7997.75,EUR,2026-10-15,IC Sale - Logistics Services Sept 15,,PO-2026-68025
5844,1000,142000,1800005844,INV/2026/09/15844,2026-09-14,349.89,EUR,2026-10-14,IC Sale - Logistics Services Sept 14,,PO-2026-51167
5845,1000,142000,1800005845,INV/2026/09/15845,2026-09-28,15741.18,EUR,2026-10-28,IC Sale - Logistics Services Sept 28,,PO-2026-53958
5846,1000,142000,1800005846,INV/2026/09/15846,2026-09-21,5519.8,EUR,2026-10-21,IC Sale - Logistics Services Sept 21,,PO-2026-97382
5847,1000,142000,1800005847,INV/2026/09/15847,2026-09-09,250.14,EUR,2026-10-09,IC Sale - Logistics Services Sept 09,,PO-2026-56951
5848,1000,142000,1800005848,INV/2026/09/15848,2026-09-04,1816.2,EUR,2026-10-04,IC Sale - Logistics Services Sept 04,,PO-2026-36057
5849,1000,142000,1800005849,INV/2026/09/15849,2026-09-10,621.79,EUR,2026-10-10,IC Sale - Logistics Services Sept 10,,PO-2026-95590
5850,1000,142000,1800005850,INV/2026/09/15850,2026-09-21,1712.35,EUR,2026-10-21,IC Sale - Logistics Services Sept 21,,PO-2026-53101
5851,1000,142000,1800005851,INV/2026/09/15851,2026-09-29,205.4,EUR,2026-10-29,IC Sale - Logistics Services Sept 29,,PO-2026-65471
5852,1000,142000,1800005852,INV/2026/09/15852,2026-09-17,2773.38,EUR,2026-10-17,IC Sale - Logistics Services Sept 17,,PO-2026-77201
5853,1000,142000,1800005853,INV/2026/09/15853,2026-09-15,3249.74,EUR,2026-10-15,IC Sale - Logistics Services Sept 15,,PO-2026-87645
5854,1000,142000,1800005854,INV/2026/09/15854,2026-09-04,5853.71,EUR,2026-10-04,IC Sale - Logistics Services Sept 04,,PO-2026-55170
5855,1000,142000,1800005855,INV/2026/09/15855,2026-09-08,6655.41,EUR,2026-10-08,IC Sale - Logistics Services Sept 08,,PO-2026-58707
5856,1000,142000,1800005856,INV/2026/09/15856,2026-09-08,2887.96,EUR,2026-10-08,IC Sale - Logistics Services Sept 08,,PO-2026-51005
5857,1000,142000,1800005857,INV/2026/09/15857,2026-09-22,1356.45,EUR,2026-10-22,IC Sale - Logistics Services Sept 22,,PO-2026-93911
5858,1000,142000,1800005858,INV/2026/09/15858,2026-09-25,1588.83,EUR,2026-10-25,IC Sale - Logistics Services Sept 25,,PO-2026-92063
5859,1000,142000,1800005859,INV/2026/09/15859,2026-09-17,10471.66,EUR,2026-10-17,IC Sale - Logistics Services Sept 17,,PO-2026-34583
5860,1000,142000,1800005860,INV/2026/09/15860,2026-09-16,1071.8,EUR,2026-10-16,IC Sale - Logistics Services Sept 16,,PO-2026-11301
5861,1000,142000,1800005861,INV/2026/09/15861,2026-09-21,4182.61,EUR,2026-10-21,IC Sale - Logistics Services Sept 21,,PO-2026-81657
5862,1000,142000,1800005862,INV/2026/09/15862,2026-09-08,5870.5,EUR,2026-10-08,IC Sale - Logistics Services Sept 08,,PO-2026-28294
5864,1000,142000,1800005864,INV/2026/09/15864,2026-09-27,2932.09,EUR,2026-10-27,IC Sale - Logistics Services Sept 27,,PO-2026-75280
5865,1000,142000,1800005865,INV/2026/09/15865,2026-09-20,285.73,EUR,2026-10-20,IC Sale - Logistics Services Sept 20,,PO-2026-53670
5866,1000,142000,1800005866,INV/2026/09/15866,2026-09-09,5594.33,EUR,2026-10-09,IC Sale - Logistics Services Sept 09,,PO-2026-87660
5867,1000,142000,1800005867,INV/2026/09/15867,2026-09-05,694.42,EUR,2026-10-05,IC Sale - Logistics Services Sept 05,,PO-2026-20888
5868,1000,142000,1800005868,INV/2026/09/15868,2026-09-06,4940.77,EUR,2026-10-06,IC Sale - Logistics Services Sept 06,,PO-2026-11915
5869,1000,142000,1800005869,INV/2026/09/15869,2026-09-19,598.51,EUR,2026-10-19,IC Sale - Logistics Services Sept 19,,PO-2026-82220
5870,1000,142000,1800005870,INV/2026/09/15870,2026-09-11,2495.56,EUR,2026-10-11,IC Sale - Logistics Services Sept 11,,PO-2026-74001
5871,1000,142000,1800005871,INV/2026/09/15871,2026-09-28,3128.48,EUR,2026-10-28,IC Sale - Logistics Services Sept 28,,PO-2026-30323
5872,1000,142000,1800005872,INV/2026/09/15872,2026-09-22,5256.9,EUR,2026-10-22,IC Sale - Logistics Services Sept 22,,PO-2026-67137
5873,1000,142000,1800005873,INV/2026/09/15873,2026-09-25,1065.77,EUR,2026-10-25,IC Sale - Logistics Services Sept 25,,PO-2026-36397
5874,1000,142000,1800005874,INV/2026/09/15874,2026-09-01,3139.61,EUR,2026-10-01,IC Sale - Logistics Services Sept 01,,PO-2026-63149
5875,1000,142000,1800005875,INV/2026/09/15875,2026-09-24,1162.65,EUR,2026-10-24,IC Sale - Logistics Services Sept 24,,PO-2026-57597
5876,1000,142000,1800005876,INV/2026/09/15876,2026-09-09,857.3,EUR,2026-10-09,IC Sale - Logistics Services Sept 09,,PO-2026-87859
5877,1000,142000,1800005877,INV/2026/09/15877,2026-09-18,5792.86,EUR,2026-10-18,IC Sale - Logistics Services Sept 18,,PO-2026-66756
5878,1000,142000,1800005878,INV/2026/09/15878,2026-09-21,3978.8,EUR,2026-10-21,IC Sale - Logistics Services Sept 21,,PO-2026-15011
5879,1000,142000,1800005879,INV/2026/09/15879,2026-09-18,5003.82,EUR,2026-10-18,IC Sale - Logistics Services Sept 18,,PO-2026-87261
5880,1000,142000,1800005880,INV/2026/09/15880,2026-09-03,1335.83,EUR,2026-10-03,IC Sale - Logistics Services Sept 03,,PO-2026-72191
5881,1000,142000,1800005881,INV/2026/09/15881,2026-09-17,887.04,EUR,2026-10-17,IC Sale - Logistics Services Sept 17,,PO-2026-87069
5882,1000,142000,1800005882,INV/2026/09/15882,2026-09-12,193.32,EUR,2026-10-12,IC Sale - Logistics Services Sept 12,,PO-2026-89831
5883,1000,142000,1800005883,INV/2026/09/15883,2026-09-21,1700.14,EUR,2026-10-21,IC Sale - Logistics Services Sept 21,,PO-2026-54733
5884,1000,142000,1800005884,INV/2026/09/15884,2026-09-01,3553.34,EUR,2026-10-01,IC Sale - Logistics Services Sept 01,,PO-2026-95458
5885,1000,142000,1800005885,INV/2026/09/15885,2026-09-16,1432.3,EUR,2026-10-16,IC Sale - Logistics Services Sept 16,,PO-2026-10834
5886,1000,142000,1800005886,INV/2026/09/15886,2026-09-14,3232.35,EUR,2026-10-14,IC Sale - Logistics Services Sept 14,,PO-2026-53064
5887,1000,142000,1800005887,INV/2026/09/15887,2026-09-07,2216.75,EUR,2026-10-07,IC Sale - Logistics Services Sept 07,,PO-2026-97155
5888,1000,142000,1800005888,INV/2026/09/15888,2026-09-01,3616.34,EUR,2026-10-01,IC Sale - Logistics Services Sept 01,,PO-2026-21901
5889,1000,142000,1800005889,INV/2026/09/15889,2026-09-02,3784.11,EUR,2026-10-02,IC Sale - Logistics Services Sept 02,,PO-2026-60414
5890,1000,142000,1800005890,INV/2026/09/15890,2026-09-23,5176.15,EUR,2026-10-23,IC Sale - Logistics Services Sept 23,,PO-2026-26554
5891,1000,142000,1800005891,INV/2026/09/15891,2026-09-09,511.97,EUR,2026-10-09,IC Sale - Logistics Services Sept 09,,PO-2026-62581
5892,1000,142000,1800005892,INV/2026/09/15892,2026-09-16,4529.03,EUR,2026-10-16,IC Sale - Logistics Services Sept 16,,PO-2026-97684
5893,1000,142000,1800005893,INV/2026/09/15893,2026-09-25,321.37,EUR,2026-10-25,IC Sale - Logistics Services Sept 25,,PO-2026-50281
5894,1000,142000,1800005894,INV/2026/09/15894,2026-09-01,1743.53,EUR,2026-10-01,IC Sale - Logistics Services Sept 01,,PO-2026-32018
5895,1000,142000,1800005895,INV/2026/09/15895,2026-09-17,914.0,EUR,2026-10-17,IC Sale - Logistics Services Sept 17,,PO-2026-31125
5896,1000,142000,1800005896,INV/2026/09/15896,2026-09-05,2471.05,EUR,2026-10-05,IC Sale - Logistics Services Sept 05,,PO-2026-37173
5897,1000,142000,1800005897,INV/2026/09/15897,2026-09-24,1110.84,EUR,2026-10-24,IC Sale - Logistics Services Sept 24,,PO-2026-15605
5898,1000,142000,1800005898,INV/2026/09/15898,2026-09-15,1927.96,EUR,2026-10-15,IC Sale - Logistics Services Sept 15,,PO-2026-66208
5899,1000,142000,1800005899,INV/2026/09/15899,2026-09-14,6372.29,EUR,2026-10-14,IC Sale - Logistics Services Sept 14,,PO-2026-69737
5900,1000,142000,1800005900,INV/2026/09/15900,2026-09-18,665.82,EUR,2026-10-18,IC Sale - Logistics Services Sept 18,,PO-2026-16450
5901,1000,142000,1800005901,INV/2026/09/15901,2026-09-23,9445.55,EUR,2026-10-23,IC Sale - Logistics Services Sept 23,,PO-2026-61925
5902,1000,142000,1800005902,INV/2026/09/15902,2026-09-17,157.42,EUR,2026-10-17,IC Sale - Logistics Services Sept 17,,PO-2026-56787
5904,1000,142000,1800005904,INV/2026/09/15904,2026-09-14,3736.79,EUR,2026-10-14,IC Sale - Logistics Services Sept 14,,PO-2026-21003
5905,1000,142000,1800005905,INV/2026/09/15905,2026-09-18,968.91,EUR,2026-10-18,IC Sale - Logistics Services Sept 18,,PO-2026-71074
5906,1000,142000,1800005906,INV/2026/09/15906,2026-09-02,2600.43,EUR,2026-10-02,IC Sale - Logistics Services Sept 02,,PO-2026-56847
5907,1000,142000,1800005907,INV/2026/09/15907,2026-09-28,7174.12,EUR,2026-10-28,IC Sale - Logistics Services Sept 28,,PO-2026-64826
5908,1000,142000,1800005908,INV/2026/09/15908,2026-09-26,311.12,EUR,2026-10-26,IC Sale - Logistics Services Sept 26,,PO-2026-27941
5909,1000,142000,1800005909,INV/2026/09/15909,2026-09-08,2018.38,EUR,2026-10-08,IC Sale - Logistics Services Sept 08,,PO-2026-87464
5911,1000,142000,1800005911,INV/2026/09/15911,2026-09-02,4198.56,EUR,2026-10-02,IC Sale - Logistics Services Sept 02,,PO-2026-22139
5912,1000,142000,1800005912,INV/2026/09/15912,2026-09-26,4128.57,EUR,2026-10-26,IC Sale - Logistics Services Sept 26,,PO-2026-51841
5913,1000,142000,1800005913,INV/2026/09/15913,2026-09-08,3731.64,EUR,2026-10-08,IC Sale - Logistics Services Sept 08,,PO-2026-85760
5914,1000,142000,1800005914,INV/2026/09/15914,2026-09-26,4506.12,EUR,2026-10-26,IC Sale - Logistics Services Sept 26,,PO-2026-24355
5915,1000,142000,1800005915,INV/2026/09/15915,2026-09-09,2245.27,EUR,2026-10-09,IC Sale - Logistics Services Sept 09,,PO-2026-18861
5917,1000,142000,1800005917,INV/2026/09/15917,2026-09-03,1696.48,EUR,2026-10-03,IC Sale - Logistics Services Sept 03,,PO-2026-19851
5918,1000,142000,1800005918,INV/2026/09/15918,2026-09-18,561.46,EUR,2026-10-18,IC Sale - Logistics Services Sept 18,,PO-2026-62798
5919,1000,142000,1800005919,INV/2026/09/15919,2026-09-23,18028.47,EUR,2026-10-23,IC Sale - Logistics Services Sept 23,,PO-2026-82346
5920,1000,142000,1800005920,INV/2026/09/15920,2026-09-01,3463.24,EUR,2026-10-01,IC Sale - Logistics Services Sept 01,,PO-2026-28447
5921,1000,142000,1800005921,INV/2026/09/15921,2026-09-29,3166.01,EUR,2026-10-29,IC Sale - Logistics Services Sept 29,,PO-2026-37939
5922,1000,142000,1800005922,INV/2026/09/15922,2026-09-12,865.02,EUR,2026-10-12,IC Sale - Logistics Services Sept 12,,PO-2026-16163
5923,1000,142000,1800005923,INV/2026/09/15923,2026-09-01,1012.37,EUR,2026-10-01,IC Sale - Logistics Services Sept 01,,PO-2026-60751
5924,1000,142000,1800005924,INV/2026/09/15924,2026-09-24,4196.38,EUR,2026-10-24,IC Sale - Logistics Services Sept 24,,PO-2026-76967
5926,1000,142000,1800005926,INV/2026/09/15926,2026-09-25,10641.19,EUR,2026-10-25,IC Sale - Logistics Services Sept 25,,PO-2026-35310
5927,1000,142000,1800005927,INV/2026/09/15927,2026-09-21,4944.28,EUR,2026-10-21,IC Sale - Logistics Services Sept 21,,PO-2026-39647
5928,1000,142000,1800005928,INV/2026/09/15928,2026-09-17,5601.5,EUR,2026-10-17,IC Sale - Logistics Services Sept 17,,PO-2026-33168
5929,1000,142000,1800005929,INV/2026/09/15929,2026-09-20,812.84,EUR,2026-10-20,IC Sale - Logistics Services Sept 20,,PO-2026-42567
5930,1000,142000,1800005930,INV/2026/09/15930,2026-09-03,399.74,EUR,2026-10-03,IC Sale - Logistics Services Sept 03,,PO-2026-81577
5931,1000,142000,1800005931,INV/2026/09/15931,2026-09-28,4075.21,EUR,2026-10-28,IC Sale - Logistics Services Sept 28,,PO-2026-69848
5932,1000,142000,1800005932,INV/2026/09/15932,2026-09-23,3840.68,EUR,2026-10-23,IC Sale - Logistics Services Sept 23,,PO-2026-74383
5933,1000,142000,1800005933,INV/2026/09/15933,2026-09-02,13111.64,EUR,2026-10-02,IC Sale - Logistics Services Sept 02,,PO-2026-23343
5934,1000,142000,1800005934,INV/2026/09/15934,2026-09-27,1402.02,EUR,2026-10-27,IC Sale - Logistics Services Sept 27,,PO-2026-62724
5935,1000,142000,1800005935,INV/2026/09/15935,2026-09-12,8284.87,EUR,2026-10-12,IC Sale - Logistics Services Sept 12,,PO-2026-59832
5936,1000,142000,1800005936,INV/2026/09/15936,2026-09-26,1171.67,EUR,2026-10-26,IC Sale - Logistics Services Sept 26,,PO-2026-51560
5937,1000,142000,1800005937,INV/2026/09/15937,2026-09-19,6674.01,EUR,2026-10-19,IC Sale - Logistics Services Sept 19,,PO-2026-79586
5938,1000,142000,1800005938,INV/2026/09/15938,2026-09-18,5291.98,EUR,2026-10-18,IC Sale - Logistics Services Sept 18,,PO-2026-14416
5939,1000,142000,1800005939,INV/2026/09/15939,2026-09-03,2506.76,EUR,2026-10-03,IC Sale - Logistics Services Sept 03,,PO-2026-18831
5940,1000,142000,1800005940,INV/2026/09/15940,2026-09-28,1285.97,EUR,2026-10-28,IC Sale - Logistics Services Sept 28,,PO-2026-55593
5941,1000,142000,1800005941,INV/2026/09/15941,2026-09-18,2001.42,EUR,2026-10-18,IC Sale - Logistics Services Sept 18,,PO-2026-82594
5942,1000,142000,1800005942,INV/2026/09/15942,2026-09-16,15336.32,EUR,2026-10-16,IC Sale - Logistics Services Sept 16,,PO-2026-35497
5943,1000,142000,1800005943,INV/2026/09/15943,2026-09-03,756.39,EUR,2026-10-03,IC Sale - Logistics Services Sept 03,,PO-2026-61208
5944,1000,142000,1800005944,INV/2026/09/15944,2026-09-13,1594.54,EUR,2026-10-13,IC Sale - Logistics Services Sept 13,,PO-2026-41798
5945,1000,142000,1800005945,INV/2026/09/15945,2026-09-21,5937.54,EUR,2026-10-21,IC Sale - Logistics Services Sept 21,,PO-2026-54677
5947,1000,142000,1800005947,INV/2026/09/15947,2026-09-16,1092.12,EUR,2026-10-16,IC Sale - Logistics Services Sept 16,,PO-2026-74110
5948,1000,142000,1800005948,INV/2026/09/15948,2026-09-08,2799.57,EUR,2026-10-08,IC Sale - Logistics Services Sept 08,,PO-2026-86847
5949,1000,142000,1800005949,INV/2026/09/15949,2026-09-28,7401.21,EUR,2026-10-28,IC Sale - Logistics Services Sept 28,,PO-2026-48656
5950,1000,142000,1800005950,INV/2026/09/15950,2026-09-03,4312.74,EUR,2026-10-03,IC Sale - Logistics Services Sept 03,,PO-2026-85693
5951,1000,142000,1800005951,INV/2026/09/15951,2026-09-24,2808.55,EUR,2026-10-24,IC Sale - Logistics Services Sept 24,,PO-2026-65808
5952,1000,142000,1800005952,INV/2026/09/15952,2026-09-17,1866.59,EUR,2026-10-17,IC Sale - Logistics Services Sept 17,,PO-2026-87096
5953,1000,142000,1800005953,INV/2026/09/15953,2026-09-12,2462.54,EUR,2026-10-12,IC Sale - Logistics Services Sept 12,,PO-2026-22968
5954,1000,142000,1800005954,INV/2026/09/15954,2026-09-09,761.49,EUR,2026-10-09,IC Sale - Logistics Services Sept 09,,PO-2026-55093
5955,1000,142000,1800005955,INV/2026/09/15955,2026-09-10,3766.03,EUR,2026-10-10,IC Sale - Logistics Services Sept 10,,PO-2026-63633
5956,1000,142000,1800005956,INV/2026/09/15956,2026-09-13,1516.15,EUR,2026-10-13,IC Sale - Logistics Services Sept 13,,PO-2026-45463
5957,1000,142000,1800005957,INV/2026/09/15957,2026-09-17,1129.35,EUR,2026-10-17,IC Sale - Logistics Services Sept 17,,PO-2026-53256
5958,1000,142000,1800005958,INV/2026/09/15958,2026-09-24,2593.11,EUR,2026-10-24,IC Sale - Logistics Services Sept 24,,PO-2026-37112
5959,1000,142000,1800005959,INV/2026/09/15959,2026-09-19,6887.12,EUR,2026-10-19,IC Sale - Logistics Services Sept 19,,PO-2026-58675
5960,1000,142000,1800005960,INV/2026/09/15960,2026-09-03,2063.58,EUR,2026-10-03,IC Sale - Logistics Services Sept 03,,PO-2026-99865
5961,1000,142000,1800005961,INV/2026/09/15961,2026-09-20,9676.24,EUR,2026-10-20,IC Sale - Logistics Services Sept 20,,PO-2026-30511
5962,1000,142000,1800005962,INV/2026/09/15962,2026-09-02,2687.13,EUR,2026-10-02,IC Sale - Logistics Services Sept 02,,PO-2026-91184
5963,1000,142000,1800005963,INV/2026/09/15963,2026-09-12,1927.52,EUR,2026-10-12,IC Sale - Logistics Services Sept 12,,PO-2026-68072
5964,1000,142000,1800005964,INV/2026/09/15964,2026-09-10,4228.12,EUR,2026-10-10,IC Sale - Logistics Services Sept 10,,PO-2026-84181
5965,1000,142000,1800005965,INV/2026/09/15965,2026-09-21,4872.39,EUR,2026-10-21,IC Sale - Logistics Services Sept 21,,PO-2026-47215
5966,1000,142000,1800005966,INV/2026/09/15966,2026-09-27,2437.06,EUR,2026-10-27,IC Sale - Logistics Services Sept 27,,PO-2026-36123
5967,1000,142000,1800005967,INV/2026/09/15967,2026-09-11,2722.59,EUR,2026-10-11,IC Sale - Logistics Services Sept 11,,PO-2026-86444
5968,1000,142000,1800005968,INV/2026/09/15968,2026-09-26,2200.16,EUR,2026-10-26,IC Sale - Logistics Services Sept 26,,PO-2026-20645
5969,1000,142000,1800005969,INV/2026/09/15969,2026-09-04,1617.0,EUR,2026-10-04,IC Sale - Logistics Services Sept 04,,PO-2026-65320
5971,1000,142000,1800005971,INV/2026/09/15971,2026-09-14,17695.8,EUR,2026-10-14,IC Sale - Logistics Services Sept 14,,PO-2026-97102
5973,1000,142000,1800005973,INV/2026/09/15973,2026-09-12,1875.95,EUR,2026-10-12,IC Sale - Logistics Services Sept 12,,PO-2026-62759
5974,1000,142000,1800005974,INV/2026/09/15974,2026-09-18,1375.34,EUR,2026-10-18,IC Sale - Logistics Services Sept 18,,PO-2026-89856
5975,1000,142000,1800005975,INV/2026/09/15975,2026-09-19,937.54,EUR,2026-10-19,IC Sale - Logistics Services Sept 19,,PO-2026-25176
5976,1000,142000,1800005976,INV/2026/09/15976,2026-09-25,3645.56,EUR,2026-10-25,IC Sale - Logistics Services Sept 25,,PO-2026-74253
5977,1000,142000,1800005977,INV/2026/09/15977,2026-09-06,3953.88,EUR,2026-10-06,IC Sale - Logistics Services Sept 06,,PO-2026-36749
5978,1000,142000,1800005978,INV/2026/09/15978,2026-09-28,4671.39,EUR,2026-10-28,IC Sale - Logistics Services Sept 28,,PO-2026-80268
5979,1000,142000,1800005979,INV/2026/09/15979,2026-09-09,2359.11,EUR,2026-10-09,IC Sale - Logistics Services Sept 09,,PO-2026-39447
5980,1000,142000,1800005980,INV/2026/09/15980,2026-09-11,1825.31,EUR,2026-10-11,IC Sale - Logistics Services Sept 11,,PO-2026-59598
5981,1000,142000,1800005981,INV/2026/09/15981,2026-09-05,345.09,EUR,2026-10-05,IC Sale - Logistics Services Sept 05,,PO-2026-86706
5982,1000,142000,1800005982,INV/2026/09/15982,2026-09-25,3027.62,EUR,2026-10-25,IC Sale - Logistics Services Sept 25,,PO-2026-11771
5983,1000,142000,1800005983,INV/2026/09/15983,2026-09-12,7609.26,EUR,2026-10-12,IC Sale - Logistics Services Sept 12,,PO-2026-42503
5984,1000,142000,1800005984,INV/2026/09/15984,2026-09-25,5024.84,EUR,2026-10-25,IC Sale - Logistics Services Sept 25,,PO-2026-76399
5985,1000,142000,1800005985,INV/2026/09/15985,2026-09-12,2894.36,EUR,2026-10-12,IC Sale - Logistics Services Sept 12,,PO-2026-12233
5986,1000,142000,1800005986,INV/2026/09/15986,2026-09-16,2407.14,EUR,2026-10-16,IC Sale - Logistics Services Sept 16,,PO-2026-32835
5987,1000,142000,1800005987,INV/2026/09/15987,2026-09-13,2787.23,EUR,2026-10-13,IC Sale - Logistics Services Sept 13,,PO-2026-57783
5988,1000,142000,1800005988,INV/2026/09/15988,2026-09-04,2416.39,EUR,2026-10-04,IC Sale - Logistics Services Sept 04,,PO-2026-36025
5989,1000,142000,1800005989,INV/2026/09/15989,2026-09-16,4277.33,EUR,2026-10-16,IC Sale - Logistics Services Sept 16,,PO-2026-18213
5990,1000,142000,1800005990,INV/2026/09/15990,2026-09-09,1650.46,EUR,2026-10-09,IC Sale - Logistics Services Sept 09,,PO-2026-58305
5991,1000,142000,1800005991,INV/2026/09/15991,2026-09-01,1123.8,EUR,2026-10-01,IC Sale - Logistics Services Sept 01,,PO-2026-31214
5992,1000,142000,1800005992,INV/2026/09/15992,2026-09-10,825.22,EUR,2026-10-10,IC Sale - Logistics Services Sept 10,,PO-2026-24497
5993,1000,142000,1800005993,INV/2026/09/15993,2026-09-01,7247.6,EUR,2026-10-01,IC Sale - Logistics Services Sept 01,,PO-2026-61186
5994,1000,142000,1800005994,INV/2026/09/15994,2026-09-15,1300.02,EUR,2026-10-15,IC Sale - Logistics Services Sept 15,,PO-2026-42937
5995,1000,142000,1800005995,INV/2026/09/15995,2026-09-16,854.45,EUR,2026-10-16,IC Sale - Logistics Services Sept 16,,PO-2026-43682
5997,1000,142000,1800005997,INV/2026/09/15997,2026-09-14,7677.51,EUR,2026-10-14,IC Sale - Logistics Services Sept 14,,PO-2026-86448
5998,1000,142000,1800005998,INV/2026/09/15998,2026-09-02,1201.62,EUR,2026-10-02,IC Sale - Logistics Services Sept 02,,PO-2026-13766
5999,1000,142000,1800005999,INV/2026/09/15999,2026-09-15,2867.76,EUR,2026-10-15,IC Sale - Logistics Services Sept 15,,PO-2026-32845
6000,1000,142000,1800006000,INV/2026/09/16000,2026-09-25,2070.92,EUR,2026-10-25,IC Sale - Logistics Services Sept 25,,PO-2026-36821
6001,1000,142000,1800006001,INV/2026/09/16001,2026-09-04,3387.45,EUR,2026-10-04,IC Sale - Logistics Services Sept 04,,PO-2026-62855
6002,1000,142000,1800006002,INV/2026/09/16002,2026-09-26,2349.94,EUR,2026-10-26,IC Sale - Logistics Services Sept 26,,PO-2026-61219
6003,1000,142000,1800006003,INV/2026/09/16003,2026-09-02,3518.3,EUR,2026-10-02,IC Sale - Logistics Services Sept 02,,PO-2026-36323
6004,1000,142000,1800006004,INV/2026/09/16004,2026-09-15,334.76,EUR,2026-10-15,IC Sale - Logistics Services Sept 15,,PO-2026-40388
6005,1000,142000,1800006005,INV/2026/09/16005,2026-09-27,1587.34,EUR,2026-10-27,IC Sale - Logistics Services Sept 27,,PO-2026-71664
6006,1000,142000,1800006006,INV/2026/09/16006,2026-09-05,4476.66,EUR,2026-10-05,IC Sale - Logistics Services Sept 05,,PO-2026-66396
6007,1000,142000,1800006007,INV/2026/09/16007,2026-09-26,1359.33,EUR,2026-10-26,IC Sale - Logistics Services Sept 26,,PO-2026-82283
6008,1000,142000,1800006008,INV/2026/09/16008,2026-09-26,9974.74,EUR,2026-10-26,IC Sale - Logistics Services Sept 26,,PO-2026-83112
6009,1000,142000,1800006009,INV/2026/09/16009,2026-09-07,1272.9,EUR,2026-10-07,IC Sale - Logistics Services Sept 07,,PO-2026-40726
6010,1000,142000,1800006010,INV/2026/09/16010,2026-09-08,4461.51,EUR,2026-10-08,IC Sale - Logistics Services Sept 08,,PO-2026-32538
6011,1000,142000,1800006011,INV/2026/09/16011,2026-09-09,2126.53,EUR,2026-10-09,IC Sale - Logistics Services Sept 09,,PO-2026-39134
6012,1000,142000,1800006012,INV/2026/09/16012,2026-09-16,4417.86,EUR,2026-10-16,IC Sale - Logistics Services Sept 16,,PO-2026-86263
6013,1000,142000,1800006013,INV/2026/09/16013,2026-09-16,2503.78,EUR,2026-10-16,IC Sale - Logistics Services Sept 16,,PO-2026-69623
6014,1000,142000,1800006014,INV/2026/09/16014,2026-09-13,288.11,EUR,2026-10-13,IC Sale - Logistics Services Sept 13,,PO-2026-70669
6015,1000,142000,1800006015,INV/2026/09/16015,2026-09-04,400.42,EUR,2026-10-04,IC Sale - Logistics Services Sept 04,,PO-2026-71348
6016,1000,142000,1800006016,INV/2026/09/16016,2026-09-15,13818.96,EUR,2026-10-15,IC Sale - Logistics Services Sept 15,,PO-2026-69806
6017,1000,142000,1800006017,INV/2026/09/16017,2026-09-22,2734.2,EUR,2026-10-22,IC Sale - Logistics Services Sept 22,,PO-2026-84203
6018,1000,142000,1800006018,INV/2026/09/16018,2026-09-03,4947.36,EUR,2026-10-03,IC Sale - Logistics Services Sept 03,,PO-2026-41560
6019,1000,142000,1800006019,INV/2026/09/16019,2026-09-13,3731.46,EUR,2026-10-13,IC Sale - Logistics Services Sept 13,,PO-2026-55054
6020,1000,142000,1800006020,INV/2026/09/16020,2026-09-02,2418.68,EUR,2026-10-02,IC Sale - Logistics Services Sept 02,,PO-2026-36825
6022,1000,142000,1800006022,INV/2026/09/16022,2026-09-02,6980.93,EUR,2026-10-02,IC Sale - Logistics Services Sept 02,,PO-2026-82903
6023,1000,142000,1800006023,INV/2026/09/16023,2026-09-28,5031.01,EUR,2026-10-28,IC Sale - Logistics Services Sept 28,,PO-2026-14466
6024,1000,142000,1800006024,INV/2026/09/16024,2026-09-05,1422.17,EUR,2026-10-05,IC Sale - Logistics Services Sept 05,,PO-2026-41687
6025,1000,142000,1800006025,INV/2026/09/16025,2026-09-25,12456.98,EUR,2026-10-25,IC Sale - Logistics Services Sept 25,,PO-2026-39911
6027,1000,142000,1800006027,INV/2026/09/16027,2026-09-28,2192.49,EUR,2026-10-28,IC Sale - Logistics Services Sept 28,,PO-2026-58987
6028,1000,142000,1800006028,INV/2026/09/16028,2026-09-10,1694.38,EUR,2026-10-10,IC Sale - Logistics Services Sept 10,,PO-2026-90038
6029,1000,142000,1800006029,INV/2026/09/16029,2026-09-10,6336.19,EUR,2026-10-10,IC Sale - Logistics Services Sept 10,,PO-2026-16748
6031,1000,142000,1800006031,INV/2026/09/16031,2026-09-12,4051.48,EUR,2026-10-12,IC Sale - Logistics Services Sept 12,,PO-2026-60246
6033,1000,142000,1800006033,INV/2026/09/16033,2026-09-08,159.47,EUR,2026-10-08,IC Sale - Logistics Services Sept 08,,PO-2026-49685
6034,1000,142000,1800006034,INV/2026/09/16034,2026-09-24,8591.55,EUR,2026-10-24,IC Sale - Logistics Services Sept 24,,PO-2026-32535
6035,1000,142000,1800006035,INV/2026/09/16035,2026-09-29,4798.59,EUR,2026-10-29,IC Sale - Logistics Services Sept 29,,PO-2026-26784
6036,1000,142000,1800006036,INV/2026/09/16036,2026-09-11,2927.54,EUR,2026-10-11,IC Sale - Logistics Services Sept 11,,PO-2026-55172
6037,1000,142000,1800006037,INV/2026/09/16037,2026-09-28,792.94,EUR,2026-10-28,IC Sale - Logistics Services Sept 28,,PO-2026-14731
6039,1000,142000,1800006039,INV/2026/09/16039,2026-09-12,13812.1,EUR,2026-10-12,IC Sale - Logistics Services Sept 12,,PO-2026-79111
6040,1000,142000,1800006040,INV/2026/09/16040,2026-09-29,5016.67,EUR,2026-10-29,IC Sale - Logistics Services Sept 29,,PO-2026-91257
6041,1000,142000,1800006041,INV/2026/09/16041,2026-09-27,2408.48,EUR,2026-10-27,IC Sale - Logistics Services Sept 27,,PO-2026-74568
6042,1000,142000,1800006042,INV/2026/09/16042,2026-09-16,3141.7,EUR,2026-10-16,IC Sale - Logistics Services Sept 16,,PO-2026-67639
6043,1000,142000,1800006043,INV/2026/09/16043,2026-09-27,3455.47,EUR,2026-10-27,IC Sale - Logistics Services Sept 27,,PO-2026-31273
6044,1000,142000,1800006044,INV/2026/09/16044,2026-09-12,1370.29,EUR,2026-10-12,IC Sale - Logistics Services Sept 12,,PO-2026-70679
6045,1000,142000,1800006045,INV/2026/09/16045,2026-09-25,537.06,EUR,2026-10-25,IC Sale - Logistics Services Sept 25,,PO-2026-78320
6046,1000,142000,1800006046,INV/2026/09/16046,2026-09-21,232.8,EUR,2026-10-21,IC Sale - Logistics Services Sept 21,,PO-2026-19736
6047,1000,142000,1800006047,INV/2026/09/16047,2026-09-12,5191.35,EUR,2026-10-12,IC Sale - Logistics Services Sept 12,,PO-2026-48016
6048,1000,142000,1800006048,INV/2026/09/16048,2026-09-03,6533.21,EUR,2026-10-03,IC Sale - Logistics Services Sept 03,,PO-2026-11345
6049,1000,142000,1800006049,INV/2026/09/16049,2026-09-12,2772.96,EUR,2026-10-12,IC Sale - Logistics Services Sept 12,,PO-2026-89919
6050,1000,142000,1800006050,INV/2026/09/16050,2026-09-20,458.86,EUR,2026-10-20,IC Sale - Logistics Services Sept 20,,PO-2026-11490
6051,1000,142000,1800006051,INV/2026/09/16051,2026-09-05,1653.96,EUR,2026-10-05,IC Sale - Logistics Services Sept 05,,PO-2026-90285
6052,1000,142000,1800006052,INV/2026/09/16052,2026-09-23,4098.71,EUR,2026-10-23,IC Sale - Logistics Services Sept 23,,PO-2026-66235
6053,1000,142000,1800006053,INV/2026/09/16053,2026-09-26,7518.74,EUR,2026-10-26,IC Sale - Logistics Services Sept 26,,PO-2026-45150
6054,1000,142000,1800006054,INV/2026/09/16054,2026-09-20,3310.03,EUR,2026-10-20,IC Sale - Logistics Services Sept 20,,PO-2026-53336
6055,1000,142000,1800006055,INV/2026/09/16055,2026-09-08,1767.76,EUR,2026-10-08,IC Sale - Logistics Services Sept 08,,PO-2026-75742
6056,1000,142000,1800006056,INV/2026/09/16056,2026-09-11,2944.83,EUR,2026-10-11,IC Sale - Logistics Services Sept 11,,PO-2026-15627
6057,1000,142000,1800006057,INV/2026/09/16057,2026-09-04,981.08,EUR,2026-10-04,IC Sale - Logistics Services Sept 04,,PO-2026-67724
6058,1000,142000,1800006058,INV/2026/09/16058,2026-09-17,740.81,EUR,2026-10-17,IC Sale - Logistics Services Sept 17,,PO-2026-45953
6059,1000,142000,1800006059,INV/2026/09/16059,2026-09-11,3739.9,EUR,2026-10-11,IC Sale - Logistics Services Sept 11,,PO-2026-90064
6060,1000,142000,1800006060,INV/2026/09/16060,2026-09-02,2862.78,EUR,2026-10-02,IC Sale - Logistics Services Sept 02,,PO-2026-59495
6061,1000,142000,1800006061,INV/2026/09/16061,2026-09-27,5947.6,EUR,2026-10-27,IC Sale - Logistics Services Sept 27,,PO-2026-29241
6062,1000,142000,1800006062,INV/2026/09/16062,2026-09-19,11470.64,EUR,2026-10-19,IC Sale - Logistics Services Sept 19,,PO-2026-20284
6063,1000,142000,1800006063,INV/2026/09/16063,2026-09-29,9130.8,EUR,2026-10-29,IC Sale - Logistics Services Sept 29,,PO-2026-95432
6065,1000,142000,1800006065,INV/2026/09/16065,2026-09-24,8322.13,EUR,2026-10-24,IC Sale - Logistics Services Sept 24,,PO-2026-94207
6066,1000,142000,1800006066,INV/2026/09/16066,2026-09-04,216.65,EUR,2026-10-04,IC Sale - Logistics Services Sept 04,,PO-2026-89870
6067,1000,142000,1800006067,INV/2026/09/16067,2026-09-24,2305.07,EUR,2026-10-24,IC Sale - Logistics Services Sept 24,,PO-2026-38213
6068,1000,142000,1800006068,INV/2026/09/16068,2026-09-03,1643.06,EUR,2026-10-03,IC Sale - Logistics Services Sept 03,,PO-2026-86793
6069,1000,142000,1800006069,INV/2026/09/16069,2026-09-18,218.26,EUR,2026-10-18,IC Sale - Logistics Services Sept 18,,PO-2026-82467
6070,1000,142000,1800006070,INV/2026/09/16070,2026-09-13,1828.27,EUR,2026-10-13,IC Sale - Logistics Services Sept 13,,PO-2026-36240
6071,1000,142000,1800006071,INV/2026/09/16071,2026-09-19,2689.47,EUR,2026-10-19,IC Sale - Logistics Services Sept 19,,PO-2026-56784
6073,1000,142000,1800006073,INV/2026/09/16073,2026-09-21,6630.14,EUR,2026-10-21,IC Sale - Logistics Services Sept 21,,PO-2026-50222
6074,1000,142000,1800006074,INV/2026/09/16074,2026-09-08,8403.84,EUR,2026-10-08,IC Sale - Logistics Services Sept 08,,PO-2026-98133
6075,1000,142000,1800006075,INV/2026/09/16075,2026-09-26,292.72,EUR,2026-10-26,IC Sale - Logistics Services Sept 26,,PO-2026-68558
6076,1000,142000,1800006076,INV/2026/09/16076,2026-09-19,3924.97,EUR,2026-10-19,IC Sale - Logistics Services Sept 19,,PO-2026-15389
6077,1000,142000,1800006077,INV/2026/09/16077,2026-09-18,3727.67,EUR,2026-10-18,IC Sale - Logistics Services Sept 18,,PO-2026-58967
6078,1000,142000,1800006078,INV/2026/09/16078,2026-09-28,2488.46,EUR,2026-10-28,IC Sale - Logistics Services Sept 28,,PO-2026-40327
6079,1000,142000,1800006079,INV/2026/09/16079,2026-09-22,5644.37,EUR,2026-10-22,IC Sale - Logistics Services Sept 22,,PO-2026-35899
6080,1000,142000,1800006080,INV/2026/09/16080,2026-09-17,2781.97,EUR,2026-10-17,IC Sale - Logistics Services Sept 17,,PO-2026-23347
6081,1000,142000,1800006081,INV/2026/09/16081,2026-09-02,2042.48,EUR,2026-10-02,IC Sale - Logistics Services Sept 02,,PO-2026-54240
6082,1000,142000,1800006082,INV/2026/09/16082,2026-09-19,343.26,EUR,2026-10-19,IC Sale - Logistics Services Sept 19,,PO-2026-97958
6083,1000,142000,1800006083,INV/2026/09/16083,2026-09-20,1259.95,EUR,2026-10-20,IC Sale - Logistics Services Sept 20,,PO-2026-93894
6084,1000,142000,1800006084,INV/2026/09/16084,2026-09-01,6365.22,EUR,2026-10-01,IC Sale - Logistics Services Sept 01,,PO-2026-55953
6085,1000,142000,1800006085,INV/2026/09/16085,2026-09-10,1654.65,EUR,2026-10-10,IC Sale - Logistics Services Sept 10,,PO-2026-65968
6086,1000,142000,1800006086,INV/2026/09/16086,2026-09-18,1206.87,EUR,2026-10-18,IC Sale - Logistics Services Sept 18,,PO-2026-94515
6087,1000,142000,1800006087,INV/2026/09/16087,2026-09-24,5059.24,EUR,2026-10-24,IC Sale - Logistics Services Sept 24,,PO-2026-18492
6088,1000,142000,1800006088,INV/2026/09/16088,2026-09-03,336.02,EUR,2026-10-03,IC Sale - Logistics Services Sept 03,,PO-2026-68043
6089,1000,142000,1800006089,INV/2026/09/16089,2026-09-25,7841.41,EUR,2026-10-25,IC Sale - Logistics Services Sept 25,,PO-2026-72506
6090,1000,142000,1800006090,INV/2026/09/16090,2026-09-05,1332.47,EUR,2026-10-05,IC Sale - Logistics Services Sept 05,,PO-2026-61027
6091,1000,142000,1800006091,INV/2026/09/16091,2026-09-02,1006.5,EUR,2026-10-02,IC Sale - Logistics Services Sept 02,,PO-2026-43289
6092,1000,142000,1800006092,INV/2026/09/16092,2026-09-07,17493.37,EUR,2026-10-07,IC Sale - Logistics Services Sept 07,,PO-2026-39299
6093,1000,142000,1800006093,INV/2026/09/16093,2026-09-29,3743.54,EUR,2026-10-29,IC Sale - Logistics Services Sept 29,,PO-2026-28681
6094,1000,142000,1800006094,INV/2026/09/16094,2026-09-21,873.82,EUR,2026-10-21,IC Sale - Logistics Services Sept 21,,PO-2026-28314
6095,1000,142000,1800006095,INV/2026/09/16095,2026-09-17,3105.72,EUR,2026-10-17,IC Sale - Logistics Services Sept 17,,PO-2026-33517
6096,1000,142000,1800006096,INV/2026/09/16096,2026-09-16,2039.01,EUR,2026-10-16,IC Sale - Logistics Services Sept 16,,PO-2026-61368
6097,1000,142000,1800006097,INV/2026/09/16097,2026-09-24,9009.12,EUR,2026-10-24,IC Sale - Logistics Services Sept 24,,PO-2026-35661
6098,1000,142000,1800006098,INV/2026/09/16098,2026-09-06,5625.13,EUR,2026-10-06,IC Sale - Logistics Services Sept 06,,PO-2026-28485
6099,1000,142000,1800006099,INV/2026/09/16099,2026-09-13,4789.73,EUR,2026-10-13,IC Sale - Logistics Services Sept 13,,PO-2026-89344
6100,1000,142000,1800006100,INV/2026/09/16100,2026-09-04,2019.18,EUR,2026-10-04,IC Sale - Logistics Services Sept 04,,PO-2026-70299
6101,1000,142000,1800006101,INV/2026/09/16101,2026-09-17,241.21,EUR,2026-10-17,IC Sale - Logistics Services Sept 17,,PO-2026-23278
6102,1000,142000,1800006102,INV/2026/09/16102,2026-09-17,635.31,EUR,2026-10-17,IC Sale - Logistics Services Sept 17,,PO-2026-94954
6103,1000,142000,1800006103,INV/2026/09/16103,2026-09-29,1416.0,EUR,2026-10-29,IC Sale - Logistics Services Sept 29,,PO-2026-62192
6104,1000,142000,1800006104,INV/2026/09/16104,2026-09-12,2146.33,EUR,2026-10-12,IC Sale - Logistics Services Sept 12,,PO-2026-53455
6105,1000,142000,1800006105,INV/2026/09/16105,2026-09-03,847.16,EUR,2026-10-03,IC Sale - Logistics Services Sept 03,,PO-2026-46560
6106,1000,142000,1800006106,INV/2026/09/16106,2026-09-13,3880.3,EUR,2026-10-13,IC Sale - Logistics Services Sept 13,,PO-2026-37204
6107,1000,142000,1800006107,INV/2026/09/16107,2026-09-17,3886.91,EUR,2026-10-17,IC Sale - Logistics Services Sept 17,,PO-2026-46740
6108,1000,142000,1800006108,INV/2026/09/16108,2026-09-14,1106.16,EUR,2026-10-14,IC Sale - Logistics Services Sept 14,,PO-2026-75016
6109,1000,142000,1800006109,INV/2026/09/16109,2026-09-15,381.0,EUR,2026-10-15,IC Sale - Logistics Services Sept 15,,PO-2026-53511
6110,1000,142000,1800006110,INV/2026/09/16110,2026-09-20,252.93,EUR,2026-10-20,IC Sale - Logistics Services Sept 20,,PO-2026-48483
6111,1000,142000,1800006111,INV/2026/09/16111,2026-09-24,2045.8,EUR,2026-10-24,IC Sale - Logistics Services Sept 24,,PO-2026-32933
6112,1000,142000,1800006112,INV/2026/09/16112,2026-09-29,2196.92,EUR,2026-10-29,IC Sale - Logistics Services Sept 29,,PO-2026-35925
6113,1000,142000,1800006113,INV/2026/09/16113,2026-09-04,2371.19,EUR,2026-10-04,IC Sale - Logistics Services Sept 04,,PO-2026-36577
6114,1000,142000,1800006114,INV/2026/09/16114,2026-09-28,491.85,EUR,2026-10-28,IC Sale - Logistics Services Sept 28,,PO-2026-65019
6116,1000,142000,1800006116,INV/2026/09/16116,2026-09-23,541.48,EUR,2026-10-23,IC Sale - Logistics Services Sept 23,,PO-2026-80365
6117,1000,142000,1800006117,INV/2026/09/16117,2026-09-13,1783.08,EUR,2026-10-13,IC Sale - Logistics Services Sept 13,,PO-2026-65510
6118,1000,142000,1800006118,INV/2026/09/16118,2026-09-03,5977.38,EUR,2026-10-03,IC Sale - Logistics Services Sept 03,,PO-2026-69030
6119,1000,142000,1800006119,INV/2026/09/16119,2026-09-15,5375.01,EUR,2026-10-15,IC Sale - Logistics Services Sept 15,,PO-2026-11900
6120,1000,142000,1800006120,INV/2026/09/16120,2026-09-25,2646.76,EUR,2026-10-25,IC Sale - Logistics Services Sept 25,,PO-2026-67881
6121,1000,142000,1800006121,INV/2026/09/16121,2026-09-01,1598.25,EUR,2026-10-01,IC Sale - Logistics Services Sept 01,,PO-2026-76717
6122,1000,142000,1800006122,INV/2026/09/16122,2026-09-04,2810.05,EUR,2026-10-04,IC Sale - Logistics Services Sept 04,,PO-2026-61874
6123,1000,142000,1800006123,INV/2026/09/16123,2026-09-02,1294.35,EUR,2026-10-02,IC Sale - Logistics Services Sept 02,,PO-2026-69918
6124,1000,142000,1800006124,INV/2026/09/16124,2026-09-04,1415.94,EUR,2026-10-04,IC Sale - Logistics Services Sept 04,,PO-2026-36543
6125,1000,142000,1800006125,INV/2026/09/16125,2026-09-04,605.3,EUR,2026-10-04,IC Sale - Logistics Services Sept 04,,PO-2026-73253
6126,1000,142000,1800006126,INV/2026/09/16126,2026-09-18,531.89,EUR,2026-10-18,IC Sale - Logistics Services Sept 18,,PO-2026-76995
6127,1000,142000,1800006127,INV/2026/09/16127,2026-09-04,5293.87,EUR,2026-10-04,IC Sale - Logistics Services Sept 04,,PO-2026-94464
6128,1000,142000,1800006128,INV/2026/09/16128,2026-09-02,2467.54,EUR,2026-10-02,IC Sale - Logistics Services Sept 02,,PO-2026-27175
6129,1000,142000,1800006129,INV/2026/09/16129,2026-09-20,5851.55,EUR,2026-10-20,IC Sale - Logistics Services Sept 20,,PO-2026-87698
6130,1000,142000,1800006130,INV/2026/09/16130,2026-09-13,2257.85,EUR,2026-10-13,IC Sale - Logistics Services Sept 13,,PO-2026-78933
6131,1000,142000,1800006131,INV/2026/09/16131,2026-09-21,3612.08,EUR,2026-10-21,IC Sale - Logistics Services Sept 21,,PO-2026-44948
6132,1000,142000,1800006132,INV/2026/09/16132,2026-09-26,11708.05,EUR,2026-10-26,IC Sale - Logistics Services Sept 26,,PO-2026-64240
6133,1000,142000,1800006133,INV/2026/09/16133,2026-09-29,1807.79,EUR,2026-10-29,IC Sale - Logistics Services Sept 29,,PO-2026-14887
6134,1000,142000,1800006134,INV/2026/09/16134,2026-09-17,597.5,EUR,2026-10-17,IC Sale - Logistics Services Sept 17,,PO-2026-76521
6135,1000,142000,1800006135,INV/2026/09/16135,2026-09-17,8809.67,EUR,2026-10-17,IC Sale - Logistics Services Sept 17,,PO-2026-44415
6136,1000,142000,1800006136,INV/2026/09/16136,2026-09-07,10107.28,EUR,2026-10-07,IC Sale - Logistics Services Sept 07,,PO-2026-95607
6137,1000,142000,1800006137,INV/2026/09/16137,2026-09-20,2383.55,EUR,2026-10-20,IC Sale - Logistics Services Sept 20,,PO-2026-56004
6138,1000,142000,1800006138,INV/2026/09/16138,2026-09-08,6791.14,EUR,2026-10-08,IC Sale - Logistics Services Sept 08,,PO-2026-47474
6139,1000,142000,1800006139,INV/2026/09/16139,2026-09-06,3560.57,EUR,2026-10-06,IC Sale - Logistics Services Sept 06,,PO-2026-37367
6140,1000,142000,1800006140,INV/2026/09/16140,2026-09-21,618.8,EUR,2026-10-21,IC Sale - Logistics Services Sept 21,,PO-2026-74392
6141,1000,142000,1800006141,INV/2026/09/16141,2026-09-05,2821.77,EUR,2026-10-05,IC Sale - Logistics Services Sept 05,,PO-2026-82326
6142,1000,142000,1800006142,INV/2026/09/16142,2026-09-17,3367.68,EUR,2026-10-17,IC Sale - Logistics Services Sept 17,,PO-2026-33177
6144,1000,142000,1800006144,INV/2026/09/16144,2026-09-06,936.09,EUR,2026-10-06,IC Sale - Logistics Services Sept 06,,PO-2026-56242
6145,1000,142000,1800006145,INV/2026/09/16145,2026-09-09,2262.0,EUR,2026-10-09,IC Sale - Logistics Services Sept 09,,PO-2026-69760
6146,1000,142000,1800006146,INV/2026/09/16146,2026-09-02,2363.31,EUR,2026-10-02,IC Sale - Logistics Services Sept 02,,PO-2026-88540
6148,1000,142000,1800006148,INV/2026/09/16148,2026-09-06,1337.57,EUR,2026-10-06,IC Sale - Logistics Services Sept 06,,PO-2026-44707
6149,1000,142000,1800006149,INV/2026/09/16149,2026-09-22,1298.64,EUR,2026-10-22,IC Sale - Logistics Services Sept 22,,PO-2026-32827
6150,1000,142000,1800006150,INV/2026/09/16150,2026-09-01,1871.0,EUR,2026-10-01,IC Sale - Logistics Services Sept 01,,PO-2026-21558
6151,1000,142000,1800006151,INV/2026/09/16151,2026-09-20,8063.77,EUR,2026-10-20,IC Sale - Logistics Services Sept 20,,PO-2026-66345
6153,1000,142000,1800006153,INV/2026/09/16153,2026-09-24,3645.01,EUR,2026-10-24,IC Sale - Logistics Services Sept 24,,PO-2026-20832
6154,1000,142000,1800006154,INV/2026/09/16154,2026-09-28,14784.97,EUR,2026-10-28,IC Sale - Logistics Services Sept 28,,PO-2026-24196
6155,1000,142000,1800006155,INV/2026/09/16155,2026-09-18,3511.19,EUR,2026-10-18,IC Sale - Logistics Services Sept 18,,PO-2026-49895
6156,1000,142000,1800006156,INV/2026/09/16156,2026-09-23,8141.44,EUR,2026-10-23,IC Sale - Logistics Services Sept 23,,PO-2026-61636
6157,1000,142000,1800006157,INV/2026/09/16157,2026-09-13,3743.88,EUR,2026-10-13,IC Sale - Logistics Services Sept 13,,PO-2026-20923
6158,1000,142000,1800006158,INV/2026/09/16158,2026-09-10,1728.08,EUR,2026-10-10,IC Sale - Logistics Services Sept 10,,PO-2026-36087
6159,1000,142000,1800006159,INV/2026/09/16159,2026-09-01,556.05,EUR,2026-10-01,IC Sale - Logistics Services Sept 01,,PO-2026-83302
6160,1000,142000,1800006160,INV/2026/09/16160,2026-09-23,5183.42,EUR,2026-10-23,IC Sale - Logistics Services Sept 23,,PO-2026-89935
6161,1000,142000,1800006161,INV/2026/09/16161,2026-09-14,11216.71,EUR,2026-10-14,IC Sale - Logistics Services Sept 14,,PO-2026-43419
6162,1000,142000,1800006162,INV/2026/09/16162,2026-09-26,322.76,EUR,2026-10-26,IC Sale - Logistics Services Sept 26,,PO-2026-52611
6163,1000,142000,1800006163,INV/2026/09/16163,2026-09-05,432.27,EUR,2026-10-05,IC Sale - Logistics Services Sept 05,,PO-2026-55991
6164,1000,142000,1800006164,INV/2026/09/16164,2026-09-29,4249.12,EUR,2026-10-29,IC Sale - Logistics Services Sept 29,,PO-2026-10596
6165,1000,142000,1800006165,INV/2026/09/16165,2026-09-13,3903.94,EUR,2026-10-13,IC Sale - Logistics Services Sept 13,,PO-2026-81955
6166,1000,142000,1800006166,INV/2026/09/16166,2026-09-28,12197.05,EUR,2026-10-28,IC Sale - Logistics Services Sept 28,,PO-2026-34582
6167,1000,142000,1800006167,INV/2026/09/16167,2026-09-20,3553.21,EUR,2026-10-20,IC Sale - Logistics Services Sept 20,,PO-2026-76472
6168,1000,142000,1800006168,INV/2026/09/16168,2026-09-25,1838.64,EUR,2026-10-25,IC Sale - Logistics Services Sept 25,,PO-2026-49370
6169,1000,142000,1800006169,INV/2026/09/16169,2026-09-25,4919.75,EUR,2026-10-25,IC Sale - Logistics Services Sept 25,,PO-2026-59375
6170,1000,142000,1800006170,INV/2026/09/16170,2026-09-28,17137.21,EUR,2026-10-28,IC Sale - Logistics Services Sept 28,,PO-2026-78974
6171,1000,142000,1800006171,INV/2026/09/16171,2026-09-22,3641.53,EUR,2026-10-22,IC Sale - Logistics Services Sept 22,,PO-2026-34462
6172,1000,142000,1800006172,INV/2026/09/16172,2026-09-01,605.02,EUR,2026-10-01,IC Sale - Logistics Services Sept 01,,PO-2026-67526
6173,1000,142000,1800006173,INV/2026/09/16173,2026-09-28,4179.82,EUR,2026-10-28,IC Sale - Logistics Services Sept 28,,PO-2026-85209
6174,1000,142000,1800006174,INV/2026/09/16174,2026-09-05,1617.09,EUR,2026-10-05,IC Sale - Logistics Services Sept 05,,PO-2026-18099
6176,1000,142000,1800006176,INV/2026/09/16176,2026-09-25,3067.8,EUR,2026-10-25,IC Sale - Logistics Services Sept 25,,PO-2026-73418
6177,1000,142000,1800006177,INV/2026/09/16177,2026-09-12,1282.58,EUR,2026-10-12,IC Sale - Logistics Services Sept 12,,PO-2026-48442
6179,1000,142000,1800006179,INV/2026/09/16179,2026-09-04,2317.48,EUR,2026-10-04,IC Sale - Logistics Services Sept 04,,PO-2026-30693
6180,1000,142000,1800006180,INV/2026/09/16180,2026-09-25,8252.02,EUR,2026-10-25,IC Sale - Logistics Services Sept 25,,PO-2026-74069
6181,1000,142000,1800006181,INV/2026/09/16181,2026-09-15,4955.16,EUR,2026-10-15,IC Sale - Logistics Services Sept 15,,PO-2026-14460
6182,1000,142000,1800006182,INV/2026/09/16182,2026-09-01,561.54,EUR,2026-10-01,IC Sale - Logistics Services Sept 01,,PO-2026-90147
6183,1000,142000,1800006183,INV/2026/09/16183,2026-09-02,3026.7,EUR,2026-10-02,IC Sale - Logistics Services Sept 02,,PO-2026-30231
6184,1000,142000,1800006184,INV/2026/09/16184,2026-09-04,3758.27,EUR,2026-10-04,IC Sale - Logistics Services Sept 04,,PO-2026-18078
6185,1000,142000,1800006185,INV/2026/09/16185,2026-09-21,3919.55,EUR,2026-10-21,IC Sale - Logistics Services Sept 21,,PO-2026-37663
6186,1000,142000,1800006186,INV/2026/09/16186,2026-09-15,1003.93,EUR,2026-10-15,IC Sale - Logistics Services Sept 15,,PO-2026-34009
6187,1000,142000,1800006187,INV/2026/09/16187,2026-09-20,905.08,EUR,2026-10-20,IC Sale - Logistics Services Sept 20,,PO-2026-78073
6188,1000,142000,1800006188,INV/2026/09/16188,2026-09-22,831.27,EUR,2026-10-22,IC Sale - Logistics Services Sept 22,,PO-2026-86659
6190,1000,142000,1800006190,INV/2026/09/16190,2026-09-29,1089.41,EUR,2026-10-29,IC Sale - Logistics Services Sept 29,,PO-2026-36502
6191,1000,142000,1800006191,INV/2026/09/16191,2026-09-06,2006.66,EUR,2026-10-06,IC Sale - Logistics Services Sept 06,,PO-2026-74813
6192,1000,142000,1800006192,INV/2026/09/16192,2026-09-10,4137.86,EUR,2026-10-10,IC Sale - Logistics Services Sept 10,,PO-2026-58378
6193,1000,142000,1800006193,INV/2026/09/16193,2026-09-04,1293.79,EUR,2026-10-04,IC Sale - Logistics Services Sept 04,,PO-2026-13974
6194,1000,142000,1800006194,INV/2026/09/16194,2026-09-20,3770.43,EUR,2026-10-20,IC Sale - Logistics Services Sept 20,,PO-2026-59554
6195,1000,142000,1800006195,INV/2026/09/16195,2026-09-02,7484.86,EUR,2026-10-02,IC Sale - Logistics Services Sept 02,,PO-2026-65298
6196,1000,142000,1800006196,INV/2026/09/16196,2026-09-15,7974.75,EUR,2026-10-15,IC Sale - Logistics Services Sept 15,,PO-2026-29995
6197,1000,142000,1800006197,INV/2026/09/16197,2026-09-21,1625.04,EUR,2026-10-21,IC Sale - Logistics Services Sept 21,,PO-2026-78095
6198,1000,142000,1800006198,INV/2026/09/16198,2026-09-17,6261.42,EUR,2026-10-17,IC Sale - Logistics Services Sept 17,,PO-2026-61756
6199,1000,142000,1800006199,INV/2026/09/16199,2026-09-02,2443.77,EUR,2026-10-02,IC Sale - Logistics Services Sept 02,,PO-2026-64619
